id_author_1,id_author_2,CommonNeighbor,AdamicAdar,JaccardCoefficient,PreferentialAttachment,ResourceAllocation,ShortestPath,CommonCountry,Label
1827525,1830458,1,0.4170323914242463,0.16666666666666666,10,0.09090909090909091,0.5,2,-1
1827525,1893135,1,0.4170323914242463,0.2,8,0.09090909090909091,0.5,0,-1
1827525,1894770,1,0.4170323914242463,0.25,6,0.09090909090909091,0.5,0,-1
1827525,1895194,1,0.4170323914242463,0.16666666666666666,10,0.09090909090909091,0.5,0,-1
1827525,1903083,1,0.4170323914242463,0.3333333333333333,4,0.09090909090909091,1.0,0,-1
1827525,1914883,1,1.4426950408889634,0.08333333333333333,22,0.5,1.0,0,-1
1827525,1921589,1,0.4170323914242463,0.14285714285714285,12,0.09090909090909091,0.5,2,-1
1827525,1952610,1,0.4170323914242463,0.14285714285714285,12,0.09090909090909091,0.5,0,-1
1827525,1955162,1,0.4170323914242463,0.25,6,0.09090909090909091,0.5,0,-1
1827525,1966215,1,0.4170323914242463,0.3333333333333333,4,0.09090909090909091,0.5,0,-1
1827778,1839759,2,1.8204784532536746,0.5,9,0.6666666666666666,1.0,3,1
1827778,1851292,2,1.8204784532536746,0.5,9,0.6666666666666666,1.0,3,1
1827778,1895537,2,1.8204784532536746,0.5,9,0.6666666666666666,1.0,4,1
1828016,1845557,3,2.164042561333445,0.6,16,0.75,1.0,3,-1
1828016,1954166,3,2.164042561333445,0.6,16,0.75,1.0,3,-1
1828016,1955384,3,2.164042561333445,0.6,16,0.75,1.0,0,-1
1828016,1955403,3,2.164042561333445,0.6,16,0.75,1.0,3,-1
1830005,1954963,1,1.4426950408889634,0.3333333333333333,4,0.5,1.0,0,-1
1830005,1956467,1,1.4426950408889634,0.3333333333333333,4,0.5,1.0,1,-1
1830458,1893135,3,1.5964779525351054,0.5,20,0.4575757575757575,1.0,0,-1
1830458,1894770,2,0.9751430179754935,0.3333333333333333,15,0.25757575757575757,0.5,0,-1
1830458,1895194,4,2.6067297650468126,0.6666666666666666,25,0.8409090909090908,1.0,0,1
1830458,1903083,1,0.4170323914242463,0.16666666666666666,10,0.09090909090909091,0.5,0,-1
1830458,1914883,4,2.8110323081821784,0.3333333333333333,55,0.95,1.0,0,1
1830458,1921589,3,1.7597148464283399,0.375,30,0.5409090909090909,1.0,2,-1
1830458,1952610,1,0.4170323914242463,0.1,30,0.09090909090909091,0.5,0,-1
1830458,1955162,2,0.9751430179754935,0.3333333333333333,15,0.25757575757575757,0.5,0,-1
1830458,1966215,1,0.4170323914242463,0.16666666666666666,10,0.09090909090909091,0.5,0,-1
1830924,1831621,2,1.8204784532536746,0.5,9,0.6666666666666666,1.0,2,-1
1830924,1918593,2,1.8204784532536746,0.5,9,0.6666666666666666,1.0,0,-1
1830924,1956666,2,1.8204784532536746,0.5,9,0.6666666666666666,1.0,3,-1
1831035,1853907,1,1.4426950408889634,0.3333333333333333,4,0.5,1.0,2,-1
1831035,1955971,1,1.4426950408889634,0.3333333333333333,4,0.5,1.0,0,-1
1831621,1918593,2,1.8204784532536746,0.5,9,0.6666666666666666,1.0,0,-1
1831621,1956666,2,1.8204784532536746,0.5,9,0.6666666666666666,1.0,2,-1
1831652,1954597,0,0.0,0.0,1,0.0,1.0,0,-1
1832773,2030350,0,0.0,0.0,1,0.0,1.0,1,-1
1834446,1851190,2,1.8204784532536746,0.4,12,0.6666666666666666,1.0,0,-1
1834446,1884110,2,1.8204784532536746,0.4,12,0.6666666666666666,1.0,4,1
1834446,1884428,2,1.8204784532536746,0.4,12,0.6666666666666666,1.0,4,1
1834446,1901156,0,0.0,0.0,4,0.0,1.0,0,1
1834521,1914495,1,1.4426950408889634,0.3333333333333333,4,0.5,1.0,1,-1
1834521,1916368,1,1.4426950408889634,0.3333333333333333,4,0.5,1.0,0,-1
1835049,1837873,10,4.170323914242463,0.8333333333333334,121,0.9090909090909093,1.0,8,-1
1835049,1842225,10,4.170323914242463,0.8333333333333334,121,0.9090909090909093,1.0,8,-1
1835049,1843621,10,4.170323914242463,0.8333333333333334,121,0.9090909090909093,1.0,0,-1
1835049,1848024,10,4.170323914242463,0.8333333333333334,121,0.9090909090909093,1.0,0,-1
1835049,1913120,10,4.170323914242463,0.8333333333333334,121,0.9090909090909093,1.0,8,-1
1835049,1917766,10,4.170323914242463,0.8333333333333334,121,0.9090909090909093,1.0,0,-1
1835049,1932851,10,4.170323914242463,0.8333333333333334,121,0.9090909090909093,1.0,0,-1
1835049,1974967,10,4.170323914242463,0.8333333333333334,121,0.9090909090909093,1.0,0,-1
1835049,2000040,10,4.170323914242463,0.8333333333333334,121,0.9090909090909093,1.0,8,-1
1835049,2034160,10,4.170323914242463,0.8333333333333334,121,0.9090909090909093,1.0,0,-1
1835049,2034167,10,4.170323914242463,0.8333333333333334,121,0.9090909090909093,1.0,0,-1
1835217,1835616,0,0.0,0.0,1,0.0,1.0,1,-1
1835629,1921732,4,2.4853397382384474,0.6666666666666666,25,0.8,1.0,5,-1
1835629,1921736,4,2.4853397382384474,0.6666666666666666,25,0.8,1.0,5,-1
1835629,1931510,4,2.4853397382384474,0.6666666666666666,25,0.8,1.0,5,-1
1835629,1971074,4,2.4853397382384474,0.6666666666666666,25,0.8,1.0,5,-1
1835629,1971753,4,2.4853397382384474,0.6666666666666666,25,0.8,1.0,5,-1
1836085,1883033,2,1.631586747071319,0.16666666666666666,49,0.5833333333333333,1.0,0,-1
1836085,1883922,2,1.424137568996588,0.2222222222222222,28,0.47619047619047616,1.0,0,-1
1836085,1978727,2,1.2352458628142324,0.25,21,0.39285714285714285,1.0,2,-1
1836322,1897728,3,1.9565933832587141,0.375,28,0.6428571428571428,1.0,3,-1
1836322,1956738,3,1.9565933832587141,0.375,28,0.6428571428571428,1.0,3,-1
1836322,1974365,3,1.7491442051839832,0.6,16,0.5357142857142857,1.0,0,-1
1836322,2035287,3,1.7491442051839832,0.6,16,0.5357142857142857,1.0,3,-1
1836726,1979110,1,1.4426950408889634,0.3333333333333333,4,0.5,1.0,2,-1
1836726,2035031,1,1.4426950408889634,0.3333333333333333,4,0.5,1.0,2,-1
1837194,1917440,2,1.8204784532536746,0.5,9,0.6666666666666666,1.0,0,-1
1837194,1957920,2,1.8204784532536746,0.5,9,0.6666666666666666,1.0,0,-1
1837194,2025552,2,1.8204784532536746,0.5,9,0.6666666666666666,1.0,0,-1
1837551,1993213,0,0.0,0.0,1,0.0,1.0,2,-1
1837873,1842225,10,4.170323914242463,0.8333333333333334,121,0.9090909090909093,1.0,8,-1
1837873,1843621,10,4.170323914242463,0.8333333333333334,121,0.9090909090909093,1.0,0,-1
1837873,1848024,10,4.170323914242463,0.8333333333333334,121,0.9090909090909093,1.0,0,-1
1837873,1913120,10,4.170323914242463,0.8333333333333334,121,0.9090909090909093,1.0,8,-1
1837873,1917766,10,4.170323914242463,0.8333333333333334,121,0.9090909090909093,1.0,0,-1
1837873,1932851,10,4.170323914242463,0.8333333333333334,121,0.9090909090909093,1.0,0,-1
1837873,1974967,10,4.170323914242463,0.8333333333333334,121,0.9090909090909093,1.0,0,-1
1837873,2000040,10,4.170323914242463,0.8333333333333334,121,0.9090909090909093,1.0,8,-1
1837873,2034160,10,4.170323914242463,0.8333333333333334,121,0.9090909090909093,1.0,0,-1
1837873,2034167,10,4.170323914242463,0.8333333333333334,121,0.9090909090909093,1.0,0,-1
1837935,1927413,7,3.366288428740915,0.7777777777777778,64,0.875,1.0,8,-1
1837935,1928520,7,3.366288428740915,0.7777777777777778,64,0.875,1.0,8,-1
1837935,1942302,7,3.366288428740915,0.7777777777777778,64,0.875,1.0,8,-1
1837935,1973638,7,3.366288428740915,0.7777777777777778,64,0.875,1.0,8,-1
1837935,1992765,7,3.366288428740915,0.7777777777777778,64,0.875,1.0,8,-1
1837935,1998835,7,3.366288428740915,0.7777777777777778,64,0.875,1.0,8,-1
1837935,2027491,7,3.366288428740915,0.7777777777777778,64,0.875,1.0,8,-1
1837935,2027495,7,3.366288428740915,0.7777777777777778,64,0.875,1.0,8,-1
1839054,1899922,3,2.164042561333445,0.6,16,0.75,1.0,0,-1
1839054,1902120,3,2.164042561333445,0.6,16,0.75,1.0,6,-1
1839054,1954105,3,2.164042561333445,0.6,16,0.75,1.0,6,-1
1839054,1954454,3,2.164042561333445,0.6,16,0.75,1.0,6,-1
1839759,1851292,2,1.8204784532536746,0.5,9,0.6666666666666666,1.0,3,1
1839759,1895537,2,1.8204784532536746,0.5,9,0.6666666666666666,1.0,3,1
1841341,1902842,2,1.531574161186449,0.3333333333333333,15,0.5333333333333333,1.0,3,-1
1841341,1903046,2,1.531574161186449,0.3333333333333333,15,0.5333333333333333,1.0,3,-1
1841341,1955264,2,1.2426698691192237,0.5,9,0.4,0.5,3,-1
1841341,1956407,2,1.2426698691192237,0.5,9,0.4,0.5,3,-1
1841341,1978810,2,1.2426698691192237,0.5,9,0.4,1.0,3,-1
1841790,1897516,5,2.7905531327562363,0.7142857142857143,36,0.8333333333333333,1.0,6,-1
1841790,1904364,5,2.7905531327562363,0.7142857142857143,36,0.8333333333333333,1.0,6,-1
1841790,1969872,5,2.7905531327562363,0.7142857142857143,36,0.8333333333333333,1.0,6,-1
1841790,1979805,5,2.7905531327562363,0.7142857142857143,36,0.8333333333333333,1.0,6,-1
1841790,1991179,5,2.7905531327562363,0.7142857142857143,36,0.8333333333333333,1.0,6,-1
1841790,2025286,5,2.7905531327562363,0.7142857142857143,36,0.8333333333333333,1.0,6,-1
1841891,1845138,1,1.4426950408889634,0.3333333333333333,4,0.5,1.0,3,1
1841891,1962881,1,1.4426950408889634,0.3333333333333333,4,0.5,1.0,2,-1
1842211,1842236,2,2.8853900817779268,0.5,9,1.0,1.0,6,1
1842211,1994931,1,0.9102392266268373,0.25,6,0.3333333333333333,1.0,4,-1
1842225,1843621,10,4.170323914242463,0.8333333333333334,121,0.9090909090909093,1.0,0,-1
1842225,1848024,10,4.170323914242463,0.8333333333333334,121,0.9090909090909093,1.0,0,-1
1842225,1913120,10,4.170323914242463,0.8333333333333334,121,0.9090909090909093,1.0,8,-1
1842225,1917766,10,4.170323914242463,0.8333333333333334,121,0.9090909090909093,1.0,0,-1
1842225,1932851,10,4.170323914242463,0.8333333333333334,121,0.9090909090909093,1.0,0,-1
1842225,1974967,10,4.170323914242463,0.8333333333333334,121,0.9090909090909093,1.0,0,-1
1842225,2000040,10,4.170323914242463,0.8333333333333334,121,0.9090909090909093,1.0,8,-1
1842225,2034160,10,4.170323914242463,0.8333333333333334,121,0.9090909090909093,1.0,0,-1
1842225,2034167,10,4.170323914242463,0.8333333333333334,121,0.9090909090909093,1.0,0,-1
1842236,1994931,1,0.9102392266268373,0.25,6,0.3333333333333333,1.0,4,-1
1843621,1848024,10,4.170323914242463,0.8333333333333334,121,0.9090909090909093,1.0,0,-1
1843621,1913120,10,4.170323914242463,0.8333333333333334,121,0.9090909090909093,1.0,0,-1
1843621,1917766,10,4.170323914242463,0.8333333333333334,121,0.9090909090909093,1.0,0,-1
1843621,1932851,10,4.170323914242463,0.8333333333333334,121,0.9090909090909093,1.0,0,-1
1843621,1974967,10,4.170323914242463,0.8333333333333334,121,0.9090909090909093,1.0,0,-1
1843621,2000040,10,4.170323914242463,0.8333333333333334,121,0.9090909090909093,1.0,0,-1
1843621,2034160,10,4.170323914242463,0.8333333333333334,121,0.9090909090909093,1.0,0,-1
1843621,2034167,10,4.170323914242463,0.8333333333333334,121,0.9090909090909093,1.0,0,-1
1843893,1911918,0,0.0,0.0,1,0.0,1.0,0,-1
1844875,1886062,3,2.164042561333445,0.6,16,0.75,1.0,4,1
1844875,1895228,3,2.164042561333445,0.6,16,0.75,1.0,4,1
1844875,1903325,3,2.164042561333445,0.6,16,0.75,1.0,4,1
1844875,1915163,3,2.164042561333445,0.6,16,0.75,1.0,4,1
1845138,1962881,1,1.4426950408889634,0.3333333333333333,4,0.5,1.0,2,-1
1845557,1954166,3,2.164042561333445,0.6,16,0.75,1.0,3,-1
1845557,1955384,3,2.164042561333445,0.6,16,0.75,1.0,0,-1
1845557,1955403,3,2.164042561333445,0.6,16,0.75,1.0,3,-1
1846662,1877579,3,2.164042561333445,0.6,16,0.75,1.0,4,-1
1846662,1896260,3,2.164042561333445,0.6,16,0.75,1.0,4,1
1846662,1935703,3,2.164042561333445,0.6,16,0.75,1.0,4,1
1846662,2028543,3,2.164042561333445,0.6,16,0.75,1.0,4,-1
1847364,1903065,3,1.6743318796537416,0.42857142857142855,24,0.5,1.0,0,-1
1847364,1961505,3,1.6743318796537416,0.42857142857142855,24,0.5,1.0,2,-1
1847364,1962291,3,1.6743318796537416,0.42857142857142855,24,0.5,1.0,2,-1
1847364,1963767,3,1.6743318796537416,0.42857142857142855,24,0.5,1.0,0,-1
1847409,1886910,1,0.9102392266268373,0.16666666666666666,10,0.3333333333333333,1.0,0,-1
1847409,1917634,1,0.6213349345596119,0.25,6,0.2,1.0,0,-1
1848024,1913120,10,4.170323914242463,0.8333333333333334,121,0.9090909090909093,1.0,0,-1
1848024,1917766,10,4.170323914242463,0.8333333333333334,121,0.9090909090909093,1.0,0,-1
1848024,1932851,10,4.170323914242463,0.8333333333333334,121,0.9090909090909093,1.0,0,-1
1848024,1974967,10,4.170323914242463,0.8333333333333334,121,0.9090909090909093,1.0,0,-1
1848024,2000040,10,4.170323914242463,0.8333333333333334,121,0.9090909090909093,1.0,0,-1
1848024,2034160,10,4.170323914242463,0.8333333333333334,121,0.9090909090909093,1.0,0,-1
1848024,2034167,10,4.170323914242463,0.8333333333333334,121,0.9090909090909093,1.0,0,-1
1848120,1954990,4,2.4853397382384474,0.3076923076923077,60,0.8,1.0,9,-1
1848120,1955349,4,2.4853397382384474,0.3076923076923077,60,0.8,1.0,9,-1
1848120,1955544,4,2.4853397382384474,0.3076923076923077,60,0.8,1.0,9,-1
1848120,1956158,4,2.4853397382384474,0.3076923076923077,60,0.8,1.0,5,-1
1848120,1956501,4,2.4853397382384474,0.3076923076923077,60,0.8,1.0,9,-1
1848472,1894241,1,1.4426950408889634,0.3333333333333333,4,0.5,1.0,0,-1
1848472,1903566,1,1.4426950408889634,0.3333333333333333,4,0.5,1.0,0,1
1849277,1884092,2,1.8204784532536746,0.5,9,0.6666666666666666,1.0,3,-1
1849277,1884977,2,1.8204784532536746,0.5,9,0.6666666666666666,1.0,3,-1
1849277,1900546,2,1.8204784532536746,0.5,9,0.6666666666666666,1.0,3,-1
1849320,1906383,2,1.8204784532536746,0.5,9,0.6666666666666666,1.0,3,-1
1849320,1993936,2,1.8204784532536746,0.5,9,0.6666666666666666,1.0,3,-1
1849320,1993954,2,1.8204784532536746,0.5,9,0.6666666666666666,1.0,3,-1
1849531,1915486,1,1.4426950408889634,0.3333333333333333,4,0.5,1.0,0,1
1849531,1915877,1,1.4426950408889634,0.3333333333333333,4,0.5,1.0,1,-1
1851098,1987197,1,1.4426950408889634,0.3333333333333333,4,0.5,1.0,1,-1
1851098,2033104,1,1.4426950408889634,0.3333333333333333,4,0.5,1.0,0,-1
1851190,1884110,2,1.631586747071319,0.5,9,0.5833333333333333,1.0,0,-1
1851190,1884428,2,1.631586747071319,0.5,9,0.5833333333333333,1.0,0,-1
1851190,1901156,1,0.7213475204444817,0.3333333333333333,3,0.25,0.5,0,-1
1851292,1895537,2,1.8204784532536746,0.5,9,0.6666666666666666,1.0,3,1
1851534,1913742,0,0.0,0.0,5,0.0,1.0,2,-1
1852206,1892338,1,1.4426950408889634,0.3333333333333333,4,0.5,1.0,4,-1
1852206,1970671,1,1.4426950408889634,0.3333333333333333,4,0.5,1.0,4,-1
1853907,1955971,1,1.4426950408889634,0.3333333333333333,4,0.5,1.0,0,-1
1854682,1884219,8,3.640956906507349,0.8,81,0.8888888888888891,1.0,0,-1
1854682,1886793,8,3.640956906507349,0.8,81,0.8888888888888891,1.0,4,1
1854682,1887039,8,3.640956906507349,0.8,81,0.8888888888888891,1.0,0,-1
1854682,1903273,8,3.640956906507349,0.8,81,0.8888888888888891,1.0,0,-1
1854682,1903278,8,3.640956906507349,0.8,81,0.8888888888888891,1.0,0,-1
1854682,1959416,8,3.640956906507349,0.8,81,0.8888888888888891,1.0,0,-1
1854682,1962047,8,3.640956906507349,0.8,81,0.8888888888888891,1.0,6,-1
1854682,1962649,8,3.640956906507349,0.8,81,0.8888888888888891,1.0,6,1
1854682,1962875,8,3.640956906507349,0.8,81,0.8888888888888891,1.0,4,1
1858088,1908037,4,2.4853397382384474,0.3333333333333333,55,0.8,1.0,4,-1
1858088,1913838,4,2.281037195103082,0.6666666666666666,25,0.6909090909090909,1.0,4,-1
1858088,1978785,4,2.281037195103082,0.6666666666666666,25,0.6909090909090909,1.0,0,-1
1858088,1992813,4,2.281037195103082,0.6666666666666666,25,0.6909090909090909,1.0,4,-1
1858088,1994764,4,2.281037195103082,0.6666666666666666,25,0.6909090909090909,1.0,4,-1
1858950,1890454,7,3.2373947604930686,0.7,72,0.8055555555555556,1.0,7,-1
1858950,1908068,7,3.2116160268434997,0.7777777777777778,64,0.7916666666666667,1.0,7,-1
1858950,1930843,7,3.2373947604930686,0.7,72,0.8055555555555556,1.0,0,-1
1858950,1935106,7,3.2373947604930686,0.7,72,0.8055555555555556,1.0,7,-1
1858950,1935408,7,3.2373947604930686,0.7,72,0.8055555555555556,1.0,7,-1
1858950,1935417,7,3.2373947604930686,0.7,72,0.8055555555555556,1.0,7,-1
1858950,1935423,7,3.2116160268434992,0.7777777777777778,64,0.7916666666666667,1.0,7,-1
1858950,1942876,7,3.2373947604930686,0.7,72,0.8055555555555556,1.0,7,-1
1860629,1954377,2,1.8204784532536746,0.5,9,0.6666666666666666,1.0,3,-1
1860629,1955951,2,1.8204784532536746,0.5,9,0.6666666666666666,1.0,3,-1
1860629,1955953,2,1.8204784532536746,0.5,9,0.6666666666666666,1.0,3,-1
1862045,1890274,3,2.164042561333445,0.6,16,0.75,1.0,0,-1
1862045,1898080,3,2.164042561333445,0.6,16,0.75,1.0,0,-1
1862045,1910040,3,2.164042561333445,0.6,16,0.75,1.0,1,-1
1862045,1955039,3,2.164042561333445,0.6,16,0.75,1.0,0,-1
1866101,1884008,4,2.190651740921751,0.2857142857142857,65,0.6435897435897436,1.0,4,1
1866101,1885259,4,2.022412359621784,0.5714285714285714,30,0.5538461538461539,1.0,4,1
1866101,1885411,4,2.190651740921751,0.2857142857142857,65,0.6435897435897435,1.0,4,1
1866101,1956205,4,1.959188051613419,0.6666666666666666,25,0.5205128205128204,1.0,0,1
1866101,1992704,2,0.7797424905025602,0.3333333333333333,15,0.15384615384615385,0.5,3,-1
1866101,2026867,4,1.959188051613419,0.6666666666666666,25,0.5205128205128204,1.0,4,1
1866101,2029036,2,0.7797424905025602,0.3333333333333333,15,0.15384615384615385,0.5,3,-1
1867354,1890875,1,1.4426950408889634,0.2,8,0.5,1.0,2,-1
1867354,1956761,1,1.4426950408889634,0.2,8,0.5,1.0,2,-1
1867684,1955324,1,1.4426950408889634,0.3333333333333333,4,0.5,1.0,0,-1
1867684,1956102,1,1.4426950408889634,0.3333333333333333,4,0.5,1.0,0,-1
1870725,1889409,8,3.640956906507349,0.8,81,0.8888888888888891,1.0,9,-1
1870725,1896914,8,3.640956906507349,0.8,81,0.8888888888888891,1.0,9,-1
1870725,1897755,8,3.640956906507349,0.8,81,0.8888888888888891,1.0,9,-1
1870725,1898881,8,3.640956906507349,0.8,81,0.8888888888888891,1.0,9,-1
1870725,1899408,8,3.640956906507349,0.8,81,0.8888888888888891,1.0,9,-1
1870725,1916557,8,3.640956906507349,0.8,81,0.8888888888888891,1.0,9,-1
1870725,1957181,8,3.640956906507349,0.8,81,0.8888888888888891,1.0,9,-1
1870725,1979318,8,3.640956906507349,0.8,81,0.8888888888888891,1.0,9,-1
1870725,2035597,8,3.640956906507349,0.8,81,0.8888888888888891,1.0,9,-1
1872994,1890636,1,1.4426950408889634,0.3333333333333333,4,0.5,1.0,2,-1
1872994,1897620,1,1.4426950408889634,0.3333333333333333,4,0.5,1.0,2,-1
1873259,1885098,1,1.4426950408889634,0.3333333333333333,4,0.5,1.0,4,1
1873259,1954672,1,1.4426950408889634,0.3333333333333333,4,0.5,1.0,4,1
1877579,1896260,3,2.164042561333445,0.6,16,0.75,1.0,4,-1
1877579,1935703,3,2.164042561333445,0.6,16,0.75,1.0,4,-1
1877579,2028543,3,2.164042561333445,0.6,16,0.75,1.0,4,-1
1877733,1979123,4,2.4853397382384474,0.6666666666666666,25,0.8,1.0,0,-1
1877733,1979141,4,2.4853397382384474,0.6666666666666666,25,0.8,1.0,4,-1
1877733,1993178,4,2.4853397382384474,0.6666666666666666,25,0.8,1.0,4,-1
1877733,1999299,4,2.4853397382384474,0.6666666666666666,25,0.8,1.0,4,-1
1877733,1999331,4,2.4853397382384474,0.6666666666666666,25,0.8,1.0,4,-1
1878390,1886971,3,2.164042561333445,0.23076923076923078,63,0.75,1.0,2,-1
1878390,1941841,3,1.9565933832587141,0.3,36,0.6428571428571428,1.0,2,-1
1878390,1955617,3,1.9565933832587141,0.3,36,0.6428571428571428,1.0,0,-1
1878390,1956284,3,1.9565933832587141,0.3,36,0.6428571428571428,1.0,0,-1
1881375,1883861,0,0.0,0.0,1,0.0,1.0,0,-1
1881378,1886445,4,2.163029961668864,0.36363636363636365,56,0.6285714285714286,1.0,0,-1
1881378,1889938,6,3.372699835381325,0.75,49,1.0107142857142857,1.0,0,-1
1881378,1890664,4,2.163029961668864,0.5,35,0.6285714285714286,1.0,3,-1
1881378,1897676,6,3.372699835381325,0.75,49,1.0107142857142857,1.0,0,-1
1881378,1953383,4,2.163029961668864,0.5,35,0.6285714285714286,1.0,3,-1
1881378,1954967,6,3.372699835381325,0.75,49,1.0107142857142857,1.0,3,-1
1881378,1991292,4,2.0225933740722404,0.5,35,0.5535714285714286,1.0,0,-1
1881436,1907462,4,2.3449031506418234,0.4444444444444444,40,0.7250000000000001,1.0,5,-1
1881436,1933157,4,2.3449031506418234,0.4444444444444444,40,0.7250000000000001,1.0,5,-1
1881436,1954711,4,2.2044665630451994,0.6666666666666666,25,0.65,1.0,5,-1
1881436,1954761,4,2.2044665630451994,0.6666666666666666,25,0.65,1.0,5,-1
1881436,1955069,4,2.2044665630451994,0.6666666666666666,25,0.65,1.0,5,-1
1881612,1882242,2,0.9102392266268373,0.25,24,0.2222222222222222,0.5,3,-1
1881612,1886214,3,1.8978146542023822,0.3,36,0.6111111111111112,1.0,4,-1
1881612,1893828,3,1.631586747071319,0.6,16,0.4722222222222222,1.0,4,-1
1881612,1901718,2,0.9102392266268373,0.25,24,0.2222222222222222,0.5,5,-1
1881612,1908849,3,1.897814654202382,0.3,36,0.6111111111111112,1.0,5,-1
1881612,1916162,3,1.631586747071319,0.6,16,0.4722222222222222,1.0,4,-1
1881612,1974884,2,0.9102392266268373,0.25,24,0.2222222222222222,0.5,3,-1
1881612,2028505,2,0.9102392266268373,0.25,24,0.2222222222222222,0.5,3,-1
1881612,2033837,2,0.9102392266268373,0.25,24,0.2222222222222222,0.5,3,-1
1881925,1904337,5,2.7905531327562363,0.7142857142857143,36,0.8333333333333333,1.0,6,-1
1881925,1915089,5,2.7905531327562363,0.7142857142857143,36,0.8333333333333333,1.0,6,-1
1881925,1973576,5,2.7905531327562363,0.7142857142857143,36,0.8333333333333333,1.0,6,-1
1881925,1987060,5,2.7905531327562363,0.7142857142857143,36,0.8333333333333333,1.0,8,-1
1881925,1987104,5,2.7905531327562363,0.7142857142857143,36,0.8333333333333333,1.0,8,-1
1881925,1993432,5,2.7905531327562363,0.7142857142857143,36,0.8333333333333333,1.0,6,-1
1882058,1883031,1,1.4426950408889634,0.3333333333333333,4,0.5,1.0,2,-1
1882058,1912266,1,1.4426950408889634,0.3333333333333333,4,0.5,1.0,0,-1
1882171,1883180,2,1.8204784532536746,0.5,9,0.6666666666666666,1.0,0,-1
1882171,1884417,2,1.8204784532536746,0.5,9,0.6666666666666666,1.0,0,-1
1882171,1955873,2,1.8204784532536746,0.5,9,0.6666666666666666,1.0,0,-1
1882235,1882281,5,2.936013772599834,0.7142857142857143,36,0.9095238095238094,1.0,0,1
1882235,1882775,4,2.358891122221718,0.5714285714285714,30,0.7333333333333334,1.0,6,-1
1882235,1887146,4,2.3588911222217184,0.5714285714285714,30,0.7333333333333334,1.0,6,-1
1882235,1935455,4,2.358891122221718,0.5714285714285714,30,0.7333333333333334,1.0,4,-1
1882235,1953866,5,2.936013772599834,0.7142857142857143,36,0.9095238095238094,1.0,4,1
1882242,1886214,5,2.6875621195184074,0.5,54,0.7777777777777777,1.0,6,-1
1882242,1893828,2,0.9102392266268373,0.25,24,0.2222222222222222,0.5,3,-1
1882242,1901718,5,2.5845711062805794,0.7142857142857143,36,0.7222222222222222,1.0,6,-1
1882242,1908849,5,2.6875621195184074,0.5,54,0.7777777777777777,1.0,6,-1
1882242,1916162,2,0.9102392266268373,0.25,24,0.2222222222222222,0.5,3,-1
1882242,1974884,5,2.5845711062805794,0.7142857142857143,36,0.7222222222222222,1.0,6,-1
1882242,2028505,5,2.5845711062805794,0.7142857142857143,36,0.7222222222222222,1.0,6,-1
1882242,2033837,5,2.5845711062805794,0.7142857142857143,36,0.7222222222222222,1.0,6,-1
1882281,1882775,4,2.358891122221718,0.5714285714285714,30,0.7333333333333334,1.0,0,-1
1882281,1887146,4,2.3588911222217184,0.5714285714285714,30,0.7333333333333334,1.0,0,-1
1882281,1935455,4,2.358891122221718,0.5714285714285714,30,0.7333333333333334,1.0,0,-1
1882281,1953866,5,2.936013772599834,0.7142857142857143,36,0.9095238095238096,1.0,0,1
1882331,1882974,2,1.8204784532536746,0.5,9,0.6666666666666666,1.0,3,1
1882331,1935485,2,1.8204784532536746,0.5,9,0.6666666666666666,1.0,2,1
1882331,1954765,2,1.8204784532536746,0.5,9,0.6666666666666666,1.0,0,1
1882337,1892864,3,2.164042561333445,0.1875,60,0.75,1.0,0,-1
1882337,1917247,3,2.164042561333445,0.1875,60,0.75,1.0,0,-1
1882337,1953400,3,2.164042561333445,0.1875,60,0.75,1.0,0,-1
1882337,1953698,3,2.164042561333445,0.1875,60,0.75,1.0,2,-1
1882356,1929932,0,0.0,0.0,1,0.0,1.0,2,-1
1882431,1882459,3,2.164042561333445,0.6,16,0.75,1.0,4,-1
1882431,1882840,3,2.164042561333445,0.6,16,0.75,1.0,6,-1
1882431,1883442,3,2.164042561333445,0.6,16,0.75,1.0,4,-1
1882431,1884185,3,2.164042561333445,0.6,16,0.75,1.0,6,-1
1882459,1882840,3,2.164042561333445,0.6,16,0.75,1.0,4,-1
1882459,1883442,3,2.164042561333445,0.6,16,0.75,1.0,4,-1
1882459,1884185,3,2.164042561333445,0.6,16,0.75,1.0,4,-1
1882597,1882888,1,0.40242960438184466,0.09090909090909091,36,0.08333333333333333,0.5,3,-1
1882597,1883044,5,2.7905531327562363,0.38461538461538464,72,0.8333333333333333,1.0,5,1
1882597,1888504,5,2.6348721105868336,0.7142857142857143,36,0.7499999999999999,1.0,5,-1
1882597,1896999,5,2.6348721105868336,0.7142857142857143,36,0.7499999999999999,1.0,0,-1
1882597,1905448,5,2.6348721105868336,0.7142857142857143,36,0.7499999999999999,1.0,5,-1
1882597,1953443,1,0.40242960438184466,0.09090909090909091,36,0.08333333333333333,0.5,3,-1
1882597,1955222,1,0.40242960438184466,0.1111111111111111,24,0.08333333333333333,0.5,2,-1
1882597,1955802,1,0.40242960438184466,0.1111111111111111,24,0.08333333333333333,0.5,2,-1
1882597,1984915,5,2.6348721105868336,0.7142857142857143,36,0.7499999999999999,1.0,5,-1
1882597,2025349,5,2.6348721105868336,0.7142857142857143,36,0.7499999999999999,1.0,5,-1
1882761,1933311,0,0.0,0.0,1,0.0,1.0,2,1
1882775,1887146,4,2.2956668142133534,0.6666666666666666,25,0.7,1.0,6,-1
1882775,1935455,4,2.2956668142133534,0.6666666666666666,25,0.7,1.0,4,-1
1882775,1953866,4,2.358891122221718,0.5714285714285714,30,0.7333333333333334,1.0,4,-1
1882840,1883442,3,2.164042561333445,0.6,16,0.75,1.0,4,-1
1882840,1884185,3,2.164042561333445,0.6,16,0.75,1.0,6,-1
1882888,1883044,5,3.443500708329174,0.38461538461538464,72,1.1666666666666665,1.0,6,1
1882888,1888504,1,0.40242960438184466,0.09090909090909091,36,0.08333333333333333,0.5,2,-1
1882888,1896999,1,0.40242960438184466,0.09090909090909091,36,0.08333333333333333,0.5,0,-1
1882888,1905448,1,0.40242960438184466,0.09090909090909091,36,0.08333333333333333,0.5,2,-1
1882888,1953443,5,3.2878196861597715,0.7142857142857143,36,1.0833333333333333,1.0,7,1
1882888,1955222,3,1.6818877513775736,0.42857142857142855,24,0.49999999999999994,1.0,4,-1
1882888,1955802,3,1.6818877513775736,0.42857142857142855,24,0.5,1.0,4,-1
1882888,1984915,1,0.40242960438184466,0.09090909090909091,36,0.08333333333333333,0.5,2,-1
1882888,2025349,1,0.40242960438184466,0.09090909090909091,36,0.08333333333333333,0.5,2,-1
1882974,1935485,2,1.8204784532536746,0.5,9,0.6666666666666666,1.0,2,1
1882974,1954765,2,1.8204784532536746,0.5,9,0.6666666666666666,1.0,0,1
1883004,1955055,1,1.4426950408889634,0.3333333333333333,4,0.5,1.0,2,-1
1883004,1956222,1,1.4426950408889634,0.3333333333333333,4,0.5,1.0,3,-1
1883031,1912266,1,1.4426950408889634,0.3333333333333333,4,0.5,1.0,0,-1
1883033,1883922,3,2.8668326098855514,0.375,28,0.9761904761904762,1.0,2,1
1883033,1978727,2,1.2352458628142324,0.25,21,0.39285714285714285,1.0,0,-1
1883044,1888504,5,2.7905531327562363,0.38461538461538464,72,0.8333333333333333,1.0,6,-1
1883044,1896999,5,2.7905531327562363,0.38461538461538464,72,0.8333333333333333,1.0,0,-1
1883044,1905448,5,2.7905531327562363,0.38461538461538464,72,0.8333333333333333,1.0,5,-1
1883044,1953443,5,3.443500708329174,0.38461538461538464,72,1.1666666666666665,1.0,6,1
1883044,1955222,3,1.8375687735469761,0.23076923076923078,48,0.5833333333333333,1.0,4,-1
1883044,1955802,3,1.8375687735469761,0.23076923076923078,48,0.5833333333333333,1.0,4,-1
1883044,1984915,5,2.7905531327562363,0.38461538461538464,72,0.8333333333333333,1.0,5,-1
1883044,2025349,5,2.7905531327562363,0.38461538461538464,72,0.8333333333333333,1.0,5,-1
1883053,1890772,1,1.4426950408889634,0.3333333333333333,4,0.5,1.0,2,-1
1883053,1973703,1,1.4426950408889634,0.3333333333333333,4,0.5,1.0,2,-1
1883180,1884417,2,1.8204784532536746,0.5,9,0.6666666666666666,1.0,2,-1
1883180,1955873,2,1.8204784532536746,0.5,9,0.6666666666666666,1.0,2,-1
1883220,1932008,1,1.4426950408889634,0.3333333333333333,4,0.5,1.0,3,-1
1883220,1955500,1,1.4426950408889634,0.3333333333333333,4,0.5,1.0,2,-1
1883234,1884286,3,1.876989522792215,0.6,16,0.6,1.0,3,1
1883234,1896722,1,0.43429448190325176,0.1111111111111111,24,0.1,0.5,2,-1
1883234,1903593,3,2.164042561333445,0.2727272727272727,40,0.75,1.0,3,1
1883234,1905089,1,0.43429448190325176,0.1111111111111111,24,0.1,0.5,2,-1
1883234,1957447,1,0.43429448190325176,0.1111111111111111,24,0.1,0.5,2,-1
1883234,1959368,3,1.876989522792215,0.6,16,0.6,1.0,0,1
1883234,1961078,3,1.876989522792215,0.6,16,0.6,1.0,4,1
1883234,1975681,1,0.43429448190325176,0.1111111111111111,24,0.1,0.5,0,-1
1883234,1993495,1,0.43429448190325176,0.1111111111111111,24,0.1,0.5,0,-1
1883234,2027542,1,0.43429448190325176,0.1111111111111111,24,0.1,0.5,0,-1
1883280,1883874,0,0.0,0.0,2,0.0,1.0,1,1
1883330,1883880,1,1.4426950408889634,0.3333333333333333,4,0.5,1.0,2,-1
1883330,1954826,1,1.4426950408889634,0.3333333333333333,4,0.5,1.0,2,-1
1883376,1884427,13,5.410117673257346,0.8666666666666667,196,1.1823593073593073,1.0,0,1
1883376,1894828,13,5.460582116194247,0.5909090909090909,294,1.2061688311688312,1.0,10,1
1883376,1898632,13,5.410117673257347,0.8666666666666667,196,1.1823593073593075,1.0,10,1
1883376,1906209,13,5.410117673257347,0.8666666666666667,196,1.1823593073593075,1.0,10,1
1883376,1943248,13,5.410117673257346,0.8666666666666667,196,1.1823593073593075,1.0,10,1
1883376,1956988,7,2.805948159438832,0.4666666666666667,112,0.5833333333333333,1.0,9,1
1883376,1993957,7,2.805948159438832,0.4666666666666667,112,0.5833333333333334,1.0,7,-1
1883376,1996266,7,2.805948159438832,0.4666666666666667,112,0.5833333333333334,1.0,9,1
1883378,1931191,3,3.263173494142638,0.6,16,1.1666666666666665,1.0,4,1
1883378,1955664,1,0.7213475204444817,0.2,8,0.25,1.0,3,-1
1883385,1944997,2,1.8204784532536746,0.5,9,0.6666666666666666,1.0,0,-1
1883385,1954301,2,1.8204784532536746,0.5,9,0.6666666666666666,1.0,2,-1
1883385,1955229,2,1.8204784532536746,0.5,9,0.6666666666666666,1.0,3,-1
1883442,1884185,3,2.164042561333445,0.6,16,0.75,1.0,4,-1
1883444,1954946,0,0.0,0.0,5,0.0,1.0,0,1
1883554,1900471,2,1.8204784532536746,0.5,9,0.6666666666666666,1.0,0,-1
1883554,1953677,2,1.8204784532536746,0.5,9,0.6666666666666666,1.0,2,-1
1883554,1973562,2,1.8204784532536746,0.5,9,0.6666666666666666,1.0,2,-1
1883620,1885698,5,3.928034779127411,0.45454545454545453,60,1.3,1.0,4,1
1883620,1934940,1,0.5581106265512472,0.09090909090909091,20,0.16666666666666666,1.0,2,-1
1883722,1884361,2,1.631586747071319,0.4,12,0.5833333333333333,1.0,0,1
1883759,1892219,3,2.164042561333445,0.6,16,0.75,1.0,8,1
1883759,1909248,3,2.164042561333445,0.6,16,0.75,1.0,8,1
1883759,1918006,3,2.164042561333445,0.6,16,0.75,1.0,8,1
1883759,1934702,3,2.164042561333445,0.6,16,0.75,1.0,8,1
1883815,1894620,2,1.8204784532536746,0.25,21,0.6666666666666666,1.0,3,-1
1883815,1931424,2,1.8204784532536746,0.25,21,0.6666666666666666,1.0,3,-1
1883815,1955352,2,1.8204784532536746,0.25,21,0.6666666666666666,1.0,3,-1
1883880,1954826,1,1.4426950408889634,0.3333333333333333,4,0.5,1.0,2,-1
1883922,1978727,2,1.0277966847395015,0.4,12,0.2857142857142857,1.0,0,-1
1884008,1885259,5,2.734774395893104,0.35714285714285715,78,0.801923076923077,1.0,6,1
1884008,1885411,12,7.514045363202983,0.8571428571428571,169,2.3916666666666666,1.0,11,1
1884008,1956205,4,2.190651740921751,0.2857142857142857,65,0.6435897435897436,1.0,0,1
1884008,1992704,2,1.3001104718781173,0.14285714285714285,39,0.41025641025641024,1.0,5,-1
1884008,2026867,4,2.190651740921751,0.2857142857142857,65,0.6435897435897436,1.0,6,1
1884008,2029036,2,1.3001104718781173,0.14285714285714285,39,0.41025641025641024,1.0,5,-1
1884092,1884977,2,1.8204784532536746,0.5,9,0.6666666666666666,1.0,4,-1
1884092,1900546,2,1.8204784532536746,0.5,9,0.6666666666666666,1.0,3,-1
1884110,1884428,2,1.631586747071319,0.5,9,0.5833333333333333,1.0,4,1
1884110,1901156,1,0.7213475204444817,0.3333333333333333,3,0.25,0.5,0,-1
1884113,1985407,0,0.0,0.0,1,0.0,1.0,0,-1
1884115,1884720,3,2.164042561333445,0.6,16,0.75,1.0,3,-1
1884115,1887924,3,2.164042561333445,0.6,16,0.75,1.0,0,-1
1884115,1959393,3,2.164042561333445,0.6,16,0.75,1.0,3,-1
1884115,1962032,3,2.164042561333445,0.6,16,0.75,1.0,4,-1
1884143,1887141,5,2.7905531327562363,0.38461538461538464,72,0.8333333333333333,1.0,5,1
1884143,1908259,5,2.7905531327562363,0.38461538461538464,72,0.8333333333333333,1.0,5,-1
1884143,1911167,5,2.7905531327562363,0.38461538461538464,72,0.8333333333333333,1.0,5,-1
1884143,1912921,5,2.7905531327562363,0.38461538461538464,72,0.8333333333333333,1.0,5,-1
1884143,1931385,5,2.7905531327562363,0.38461538461538464,72,0.8333333333333333,1.0,5,-1
1884143,1976079,5,2.7905531327562363,0.38461538461538464,72,0.8333333333333333,1.0,0,-1
1884144,1887489,1,1.4426950408889634,0.25,6,0.5,1.0,0,-1
1884144,1887508,1,1.4426950408889634,0.25,6,0.5,1.0,2,-1
1884168,1884754,1,1.4426950408889634,0.3333333333333333,4,0.5,1.0,4,-1
1884168,1885258,1,1.4426950408889634,0.3333333333333333,4,0.5,1.0,4,1
1884219,1886793,8,3.640956906507349,0.8,81,0.8888888888888891,1.0,0,-1
1884219,1887039,8,3.640956906507349,0.8,81,0.8888888888888891,1.0,4,-1
1884219,1903273,8,3.640956906507349,0.8,81,0.8888888888888891,1.0,4,-1
1884219,1903278,8,3.640956906507349,0.8,81,0.8888888888888891,1.0,4,-1
1884219,1959416,8,3.640956906507349,0.8,81,0.8888888888888891,1.0,4,-1
1884219,1962047,8,3.640956906507349,0.8,81,0.8888888888888891,1.0,0,-1
1884219,1962649,8,3.640956906507349,0.8,81,0.8888888888888891,1.0,0,-1
1884219,1962875,8,3.640956906507349,0.8,81,0.8888888888888891,1.0,0,-1
1884225,1885319,7,5.027165711936604,0.7777777777777778,64,1.7166666666666666,1.0,8,1
1884225,1886153,4,2.3449031506418234,0.4444444444444444,40,0.7250000000000001,1.0,0,1
1884225,1985404,4,2.3449031506418234,0.4444444444444444,40,0.7250000000000001,1.0,6,-1
1884225,1985444,4,2.3449031506418234,0.4444444444444444,40,0.7250000000000001,1.0,6,-1
1884225,2027089,4,2.3449031506418234,0.4444444444444444,40,0.7250000000000001,1.0,0,-1
1884286,1896722,1,0.43429448190325176,0.1111111111111111,24,0.1,0.5,2,-1
1884286,1903593,3,2.164042561333445,0.2727272727272727,40,0.75,1.0,3,1
1884286,1905089,1,0.43429448190325176,0.1111111111111111,24,0.1,0.5,2,-1
1884286,1957447,1,0.43429448190325176,0.1111111111111111,24,0.1,0.5,2,-1
1884286,1959368,3,1.876989522792215,0.6,16,0.6,1.0,0,1
1884286,1961078,3,1.876989522792215,0.6,16,0.6,1.0,3,1
1884286,1975681,1,0.43429448190325176,0.1111111111111111,24,0.1,0.5,0,-1
1884286,1993495,1,0.43429448190325176,0.1111111111111111,24,0.1,0.5,0,-1
1884286,2027542,1,0.43429448190325176,0.1111111111111111,24,0.1,0.5,0,-1
1884314,1932128,1,1.4426950408889634,0.3333333333333333,4,0.5,1.0,4,-1
1884314,1992788,1,1.4426950408889634,0.3333333333333333,4,0.5,1.0,4,-1
1884339,1952988,3,2.164042561333445,0.6,16,0.75,1.0,0,1
1884339,1955912,3,2.164042561333445,0.6,16,0.75,1.0,0,1
1884339,2029180,3,2.164042561333445,0.6,16,0.75,1.0,4,-1
1884339,2033085,3,2.164042561333445,0.6,16,0.75,1.0,4,-1
1884366,1888359,0,0.0,0.0,3,0.0,1.0,1,-1
1884417,1955873,2,1.8204784532536746,0.5,9,0.6666666666666666,1.0,3,-1
1884427,1894828,13,5.460582116194247,0.5909090909090909,294,1.2061688311688312,1.0,0,1
1884427,1898632,13,5.410117673257347,0.8666666666666667,196,1.1823593073593073,1.0,0,1
1884427,1906209,13,5.410117673257347,0.8666666666666667,196,1.1823593073593073,1.0,0,1
1884427,1943248,13,5.410117673257346,0.8666666666666667,196,1.1823593073593073,1.0,0,1
1884427,1956988,7,2.805948159438832,0.4666666666666667,112,0.5833333333333333,1.0,0,-1
1884427,1993957,7,2.805948159438832,0.4666666666666667,112,0.5833333333333333,1.0,0,-1
1884427,1996266,7,2.805948159438832,0.4666666666666667,112,0.5833333333333333,1.0,0,1
1884428,1901156,1,0.7213475204444817,0.3333333333333333,3,0.25,0.5,0,-1
1884457,1993506,3,2.164042561333445,0.6,16,0.75,1.0,0,-1
1884457,1993510,3,2.164042561333445,0.6,16,0.75,1.0,0,-1
1884457,1999339,3,2.164042561333445,0.6,16,0.75,1.0,0,-1
1884457,1999353,3,2.164042561333445,0.6,16,0.75,1.0,0,-1
1884459,1955809,0,0.0,0.0,1,0.0,1.0,1,-1
1884471,1904813,0,0.0,0.0,7,0.0,1.0,2,-1
1884482,1912365,1,1.4426950408889634,0.3333333333333333,4,0.5,1.0,2,-1
1884482,1955024,1,1.4426950408889634,0.3333333333333333,4,0.5,1.0,3,-1
1884545,1886869,1,0.6213349345596119,0.3333333333333333,4,0.2,1.0,1,-1
1884545,1897931,1,1.4426950408889634,0.16666666666666666,10,0.5,1.0,0,-1
1884555,1884904,0,0.0,0.0,1,0.0,1.0,2,-1
1884684,1905680,7,3.140729539892118,0.3333333333333333,160,0.7583333333333333,1.0,0,-1
1884684,1905685,7,3.1407295398921184,0.3333333333333333,160,0.7583333333333333,1.0,0,-1
1884684,1920629,7,2.9936393936244645,0.7777777777777778,64,0.6833333333333333,1.0,0,-1
1884684,1924623,7,3.0721081362056077,0.5384615384615384,96,0.725,1.0,0,-1
1884684,1925625,7,2.9936393936244645,0.7777777777777778,64,0.6833333333333333,1.0,0,-1
1884684,1931477,7,2.9936393936244645,0.7777777777777778,64,0.6833333333333333,1.0,0,-1
1884684,1974111,7,2.9936393936244645,0.7777777777777778,64,0.6833333333333333,1.0,0,-1
1884684,2027869,7,2.9936393936244645,0.7777777777777778,64,0.6833333333333333,1.0,0,-1
1884720,1887924,3,2.164042561333445,0.6,16,0.75,1.0,0,-1
1884720,1959393,3,2.164042561333445,0.6,16,0.75,1.0,3,-1
1884720,1962032,3,2.164042561333445,0.6,16,0.75,1.0,3,-1
1884754,1885258,1,1.4426950408889634,0.3333333333333333,4,0.5,1.0,4,-1
1884816,1954461,2,2.8853900817779268,0.4,12,1.0,1.0,3,1
1884816,1956090,1,0.7213475204444817,0.25,6,0.25,1.0,2,-1
1884910,1901558,0,0.0,0.0,1,0.0,1.0,1,1
1884977,1900546,2,1.8204784532536746,0.5,9,0.6666666666666666,1.0,3,-1
1884996,1885731,3,3.263173494142638,0.6,16,1.1666666666666665,1.0,4,1
1884996,1954357,2,1.631586747071319,0.4,12,0.5833333333333333,1.0,3,-1
1884996,1954722,2,1.631586747071319,0.4,12,0.5833333333333333,1.0,3,-1
1885000,1894430,0,0.0,0.0,1,0.0,1.0,1,-1
1885001,1885437,4,2.4853397382384474,0.6666666666666666,25,0.8,1.0,5,-1
1885001,1886254,4,2.4853397382384474,0.6666666666666666,25,0.8,1.0,5,-1
1885001,1887536,4,2.4853397382384474,0.6666666666666666,25,0.8,1.0,5,-1
1885001,1895344,4,2.4853397382384474,0.6666666666666666,25,0.8,1.0,5,-1
1885001,1911527,4,2.4853397382384474,0.6666666666666666,25,0.8,1.0,5,-1
1885010,1915284,2,1.8204784532536746,0.5,9,0.6666666666666666,1.0,0,-1
1885010,1955109,2,1.8204784532536746,0.5,9,0.6666666666666666,1.0,0,-1
1885010,1955644,2,1.8204784532536746,0.5,9,0.6666666666666666,1.0,0,-1
1885022,1887401,0,0.0,0.0,15,0.0,1.0,0,-1
1885098,1954672,1,1.4426950408889634,0.3333333333333333,4,0.5,1.0,4,1
1885132,1890133,2,1.8204784532536746,0.2,27,0.6666666666666666,1.0,2,1
1885132,1955060,2,1.8204784532536746,0.2,27,0.6666666666666666,1.0,2,-1
1885132,1955556,2,1.8204784532536746,0.2,27,0.6666666666666666,1.0,0,-1
1885207,1901524,1,1.4426950408889634,0.3333333333333333,4,0.5,1.0,2,1
1885207,1954975,1,1.4426950408889634,0.3333333333333333,4,0.5,1.0,3,-1
1885259,1885411,5,2.734774395893104,0.35714285714285715,78,0.801923076923077,1.0,4,1
1885259,1956205,4,2.022412359621784,0.5714285714285714,30,0.5538461538461539,1.0,0,1
1885259,1992704,2,0.7797424905025602,0.2857142857142857,18,0.15384615384615385,0.5,5,-1
1885259,2026867,4,2.022412359621784,0.5714285714285714,30,0.5538461538461539,1.0,6,1
1885259,2029036,2,0.7797424905025602,0.2857142857142857,18,0.15384615384615385,0.5,5,-1
1885319,1886153,4,2.3449031506418234,0.4444444444444444,40,0.7250000000000001,1.0,0,1
1885319,1985404,4,2.3449031506418234,0.4444444444444444,40,0.7250000000000001,1.0,6,-1
1885319,1985444,4,2.3449031506418234,0.4444444444444444,40,0.7250000000000001,1.0,6,-1
1885319,2027089,4,2.3449031506418234,0.4444444444444444,40,0.7250000000000001,1.0,0,-1
1885350,1896476,8,3.640956906507349,0.36363636363636365,189,0.8888888888888891,1.0,9,-1
1885350,1898479,8,3.640956906507349,0.36363636363636365,189,0.8888888888888891,1.0,9,-1
1885350,1905188,8,3.640956906507349,0.36363636363636365,189,0.8888888888888891,1.0,9,-1
1885350,1915418,8,3.640956906507349,0.36363636363636365,189,0.8888888888888891,1.0,9,-1
1885350,1955096,8,3.640956906507349,0.36363636363636365,189,0.8888888888888891,1.0,9,-1
1885350,1997739,8,3.640956906507349,0.36363636363636365,189,0.8888888888888891,1.0,9,-1
1885350,2000237,8,3.640956906507349,0.36363636363636365,189,0.8888888888888891,1.0,9,-1
1885350,2000245,8,3.640956906507349,0.36363636363636365,189,0.8888888888888891,1.0,9,-1
1885350,2034371,8,3.640956906507349,0.36363636363636365,189,0.8888888888888891,1.0,9,-1
1885402,1903351,3,2.164042561333445,0.6,16,0.75,1.0,4,-1
1885402,1930364,3,2.164042561333445,0.6,16,0.75,1.0,4,-1
1885402,1955693,3,2.164042561333445,0.6,16,0.75,1.0,4,-1
1885402,1956315,3,2.164042561333445,0.6,16,0.75,1.0,4,-1
1885411,1956205,4,2.190651740921751,0.2857142857142857,65,0.6435897435897435,1.0,0,1
1885411,1992704,2,1.3001104718781173,0.14285714285714285,39,0.41025641025641024,1.0,3,-1
1885411,2026867,4,2.190651740921751,0.2857142857142857,65,0.6435897435897435,1.0,4,1
1885411,2029036,2,1.3001104718781173,0.14285714285714285,39,0.41025641025641024,1.0,3,-1
1885437,1886254,4,2.4853397382384474,0.6666666666666666,25,0.8,1.0,5,1
1885437,1887536,4,2.4853397382384474,0.6666666666666666,25,0.8,1.0,5,1
1885437,1895344,4,2.4853397382384474,0.6666666666666666,25,0.8,1.0,5,-1
1885437,1911527,4,2.4853397382384474,0.6666666666666666,25,0.8,1.0,6,-1
1885588,1885611,2,1.8204784532536746,0.5,9,0.6666666666666666,1.0,3,1
1885588,1901575,2,1.8204784532536746,0.5,9,0.6666666666666666,1.0,3,-1
1885588,1990358,2,1.8204784532536746,0.5,9,0.6666666666666666,1.0,3,1
1885611,1901575,2,1.8204784532536746,0.5,9,0.6666666666666666,1.0,3,-1
1885611,1990358,2,1.8204784532536746,0.5,9,0.6666666666666666,1.0,3,1
1885698,1934940,1,0.43429448190325176,0.14285714285714285,12,0.1,1.0,2,-1
1885715,1889933,2,1.8204784532536746,0.2,27,0.6666666666666666,1.0,4,-1
1885715,1954605,2,1.8204784532536746,0.2,27,0.6666666666666666,1.0,3,-1
1885715,1955774,2,1.8204784532536746,0.2,27,0.6666666666666666,1.0,3,-1
1885731,1954357,2,1.631586747071319,0.4,12,0.5833333333333333,1.0,4,-1
1885731,1954722,2,1.631586747071319,0.4,12,0.5833333333333333,1.0,3,-1
1885761,1901627,3,1.923593387851951,0.6,16,0.625,1.0,4,-1
1885761,1912936,3,2.164042561333445,0.3333333333333333,32,0.75,1.0,4,-1
1885761,1928140,3,1.923593387851951,0.6,16,0.625,1.0,4,-1
1885761,1976308,3,1.923593387851951,0.6,16,0.625,1.0,4,-1
1885772,1885950,10,4.515397988731041,0.5882352941176471,176,1.0966991341991341,1.0,0,1
1885772,1885954,10,4.515397988731041,0.5882352941176471,176,1.0966991341991341,1.0,0,1
1885772,1885964,15,7.362309752689285,0.8823529411764706,256,1.9584415584415584,1.0,3,1
1885772,1886304,10,4.563161007086433,0.47619047619047616,240,1.1209415584415585,1.0,0,1
1885772,1908523,7,3.006702957028552,0.4117647058823529,128,0.6859848484848485,1.0,0,-1
1885772,1955677,7,3.006702957028552,0.4117647058823529,128,0.6859848484848485,1.0,0,-1
1885772,1955885,7,3.006702957028552,0.4117647058823529,128,0.6859848484848485,1.0,0,-1
1885772,1955902,7,3.006702957028552,0.4117647058823529,128,0.6859848484848485,1.0,0,-1
1885950,1885954,10,4.4590393575290355,0.8333333333333334,121,1.0682900432900433,1.0,0,1
1885950,1885964,10,4.515397988731041,0.5882352941176471,176,1.0966991341991341,1.0,0,1
1885950,1886304,10,4.506802375884427,0.625,165,1.0925324675324677,1.0,2,1
1885950,1908523,7,2.950344325826547,0.5833333333333334,88,0.6575757575757576,1.0,0,-1
1885950,1955677,7,2.950344325826547,0.5833333333333334,88,0.6575757575757576,1.0,0,-1
1885950,1955885,7,2.950344325826547,0.5833333333333334,88,0.6575757575757576,1.0,0,-1
1885950,1955902,7,2.950344325826547,0.5833333333333334,88,0.6575757575757576,1.0,0,-1
1885954,1885964,10,4.515397988731041,0.5882352941176471,176,1.0966991341991341,1.0,0,1
1885954,1886304,10,4.506802375884427,0.625,165,1.0925324675324675,1.0,0,1
1885954,1908523,7,2.950344325826547,0.5833333333333334,88,0.6575757575757576,1.0,0,-1
1885954,1955677,7,2.950344325826547,0.5833333333333334,88,0.6575757575757576,1.0,0,-1
1885954,1955885,7,2.950344325826547,0.5833333333333334,88,0.6575757575757576,1.0,0,-1
1885954,1955902,7,2.950344325826547,0.5833333333333334,88,0.6575757575757576,1.0,0,-1
1885964,1886304,10,4.563161007086433,0.47619047619047616,240,1.1209415584415585,1.0,0,1
1885964,1908523,7,3.006702957028552,0.4117647058823529,128,0.6859848484848485,1.0,0,-1
1885964,1955677,7,3.006702957028552,0.4117647058823529,128,0.6859848484848485,1.0,0,-1
1885964,1955885,7,3.006702957028552,0.4117647058823529,128,0.6859848484848485,1.0,0,-1
1885964,1955902,7,3.006702957028552,0.4117647058823529,128,0.6859848484848485,1.0,0,-1
1886054,1905050,3,1.7491442051839832,0.6,16,0.5357142857142857,1.0,3,-1
1886054,1906440,3,1.9565933832587141,0.375,28,0.6428571428571428,1.0,4,-1
1886054,1954607,3,1.9565933832587141,0.375,28,0.6428571428571428,1.0,3,-1
1886054,2034644,3,1.7491442051839832,0.6,16,0.5357142857142857,1.0,0,-1
1886062,1895228,3,2.164042561333445,0.6,16,0.75,1.0,5,1
1886062,1903325,3,2.164042561333445,0.6,16,0.75,1.0,4,1
1886062,1915163,3,2.164042561333445,0.6,16,0.75,1.0,4,1
1886141,1907233,1,1.4426950408889634,0.3333333333333333,4,0.5,1.0,2,-1
1886141,1987236,1,1.4426950408889634,0.3333333333333333,4,0.5,1.0,2,-1
1886153,1985404,4,2.2044665630451994,0.6666666666666666,25,0.65,1.0,0,-1
1886153,1985444,4,2.2044665630451994,0.6666666666666666,25,0.65,1.0,0,-1
1886153,2027089,4,2.2044665630451994,0.6666666666666666,25,0.65,1.0,1,-1
1886182,1911642,3,1.9640173895637054,0.5,20,0.65,1.0,7,-1
1886182,1953037,4,2.974269202075413,0.6666666666666666,25,1.0333333333333332,1.0,5,1
1886182,1953253,4,2.974269202075413,0.6666666666666666,25,1.0333333333333332,1.0,9,1
1886182,1956344,3,1.9640173895637054,0.5,20,0.65,1.0,7,-1
1886214,1893828,3,1.8978146542023822,0.3,36,0.6111111111111112,1.0,4,-1
1886214,1901718,5,2.6875621195184074,0.5,54,0.7777777777777778,1.0,6,-1
1886214,1908849,8,4.954595694089682,0.8,81,1.5833333333333335,1.0,9,-1
1886214,1916162,3,1.8978146542023822,0.3,36,0.6111111111111112,1.0,4,-1
1886214,1974884,5,2.6875621195184074,0.5,54,0.7777777777777777,1.0,6,-1
1886214,2028505,5,2.6875621195184074,0.5,54,0.7777777777777778,1.0,7,-1
1886214,2033837,5,2.6875621195184074,0.5,54,0.7777777777777777,1.0,6,-1
1886236,1889917,1,1.4426950408889634,0.3333333333333333,4,0.5,1.0,2,-1
1886236,1955103,1,1.4426950408889634,0.3333333333333333,4,0.5,1.0,2,-1
1886254,1887536,4,2.4853397382384474,0.6666666666666666,25,0.8,1.0,5,1
1886254,1895344,4,2.4853397382384474,0.6666666666666666,25,0.8,1.0,5,-1
1886254,1911527,4,2.4853397382384474,0.6666666666666666,25,0.8,1.0,5,-1
1886286,1974442,1,1.4426950408889634,0.3333333333333333,4,0.5,1.0,3,-1
1886286,1976170,1,1.4426950408889634,0.3333333333333333,4,0.5,1.0,2,1
1886304,1908523,7,2.998107344181938,0.4375,120,0.6818181818181819,1.0,0,-1
1886304,1955677,7,2.998107344181938,0.4375,120,0.6818181818181819,1.0,0,-1
1886304,1955885,7,2.998107344181938,0.4375,120,0.6818181818181819,1.0,0,-1
1886304,1955902,7,2.998107344181938,0.4375,120,0.6818181818181819,1.0,0,-1
1886358,1992866,0,0.0,0.0,1,0.0,1.0,1,-1
1886443,1901902,1,1.4426950408889634,0.06666666666666667,64,0.5,1.0,2,-1
1886443,1912613,1,0.48089834696298783,0.1111111111111111,16,0.125,1.0,0,1
1886445,1889938,4,2.163029961668864,0.36363636363636365,56,0.6285714285714286,1.0,0,-1
1886445,1890664,4,2.055593369479003,0.4444444444444444,40,0.5714285714285714,0.5,0,-1
1886445,1897676,4,2.1630299616688644,0.36363636363636365,56,0.6285714285714286,1.0,0,-1
1886445,1953383,4,2.055593369479003,0.4444444444444444,40,0.5714285714285714,0.5,0,-1
1886445,1954967,4,2.163029961668864,0.36363636363636365,56,0.6285714285714286,1.0,0,-1
1886445,1991292,4,2.055593369479003,0.4444444444444444,40,0.5714285714285714,1.0,2,-1
1886473,1953392,1,1.4426950408889634,0.25,6,0.5,1.0,1,-1
1886473,1954539,1,1.4426950408889634,0.25,6,0.5,1.0,0,-1
1886550,1905826,1,1.4426950408889634,0.3333333333333333,4,0.5,1.0,2,-1
1886550,1955408,1,1.4426950408889634,0.3333333333333333,4,0.5,1.0,0,-1
1886554,1889670,5,2.7905531327562363,0.7142857142857143,36,0.8333333333333333,1.0,6,-1
1886554,1911110,5,2.7905531327562363,0.7142857142857143,36,0.8333333333333333,1.0,6,-1
1886554,1953833,5,2.7905531327562363,0.7142857142857143,36,0.8333333333333333,1.0,6,-1
1886554,1954538,5,2.7905531327562363,0.7142857142857143,36,0.8333333333333333,1.0,6,-1
1886554,1955690,5,2.7905531327562363,0.7142857142857143,36,0.8333333333333333,1.0,6,-1
1886554,1955707,5,2.7905531327562363,0.7142857142857143,36,0.8333333333333333,1.0,6,-1
1886574,1919524,1,1.4426950408889634,0.16666666666666666,10,0.5,1.0,2,-1
1886574,1955720,1,1.4426950408889634,0.16666666666666666,10,0.5,1.0,2,-1
1886588,1954698,4,2.4853397382384474,0.6666666666666666,25,0.8,1.0,7,1
1886590,1886745,8,3.564782462729004,0.6666666666666666,99,0.8484848484848484,1.0,8,-1
1886590,1886919,8,3.564782462729004,0.6666666666666666,99,0.8484848484848484,1.0,8,-1
1886590,1894239,8,3.5266952408398318,0.8,81,0.8282828282828282,1.0,8,-1
1886590,1902535,8,3.5266952408398318,0.8,81,0.8282828282828283,1.0,8,-1
1886590,1954320,8,3.5266952408398318,0.8,81,0.8282828282828283,1.0,0,-1
1886590,1954669,8,3.564782462729004,0.6666666666666666,99,0.8484848484848484,1.0,8,-1
1886590,1954978,8,3.5266952408398318,0.8,81,0.8282828282828283,1.0,8,-1
1886590,1955524,8,3.5266952408398318,0.8,81,0.8282828282828283,1.0,8,-1
1886590,1955729,3,1.251097174272739,0.3,36,0.2727272727272727,0.5,4,-1
1886590,1955906,8,3.5266952408398318,0.8,81,0.8282828282828283,1.0,8,-1
1886590,1956699,3,1.251097174272739,0.3,36,0.2727272727272727,0.5,4,-1
1886726,1887110,2,1.8204784532536746,0.5,9,0.6666666666666666,1.0,1,1
1886726,1953691,2,1.8204784532536746,0.5,9,0.6666666666666666,1.0,0,-1
1886726,1954020,2,1.8204784532536746,0.5,9,0.6666666666666666,1.0,0,-1
1886745,1886919,10,5.04556472550714,0.8333333333333334,121,1.3686868686868687,1.0,11,1
1886745,1894239,8,3.564782462729004,0.6666666666666666,99,0.8484848484848484,1.0,8,-1
1886745,1902535,8,3.564782462729004,0.6666666666666666,99,0.8484848484848486,1.0,8,-1
1886745,1954320,8,3.564782462729004,0.6666666666666666,99,0.8484848484848484,1.0,0,-1
1886745,1954669,10,5.04556472550714,0.8333333333333334,121,1.3686868686868687,1.0,10,1
1886745,1954978,8,3.564782462729004,0.6666666666666666,99,0.8484848484848486,1.0,8,-1
1886745,1955524,8,3.564782462729004,0.6666666666666666,99,0.8484848484848486,1.0,8,1
1886745,1955729,3,1.5554123032929743,0.25,44,0.4318181818181819,1.0,4,-1
1886745,1955906,8,3.564782462729004,0.6666666666666666,99,0.8484848484848486,1.0,8,-1
1886745,1956699,3,1.5554123032929743,0.25,44,0.4318181818181819,1.0,4,-1
1886760,1954987,2,1.8204784532536746,0.5,9,0.6666666666666666,1.0,3,-1
1886760,1955019,2,1.8204784532536746,0.5,9,0.6666666666666666,1.0,2,-1
1886760,1955779,2,1.8204784532536746,0.5,9,0.6666666666666666,1.0,0,-1
1886793,1887039,8,3.640956906507349,0.8,81,0.8888888888888891,1.0,0,-1
1886793,1903273,8,3.640956906507349,0.8,81,0.8888888888888891,1.0,0,-1
1886793,1903278,8,3.640956906507349,0.8,81,0.8888888888888891,1.0,0,-1
1886793,1959416,8,3.640956906507349,0.8,81,0.8888888888888891,1.0,0,-1
1886793,1962047,8,3.640956906507349,0.8,81,0.8888888888888891,1.0,4,-1
1886793,1962649,8,3.640956906507349,0.8,81,0.8888888888888891,1.0,4,1
1886793,1962875,8,3.640956906507349,0.8,81,0.8888888888888891,1.0,4,1
1886846,1917815,2,1.8204784532536746,0.5,9,0.6666666666666666,1.0,4,-1
1886846,1953949,2,1.8204784532536746,0.5,9,0.6666666666666666,1.0,0,-1
1886846,1956714,2,1.8204784532536746,0.5,9,0.6666666666666666,1.0,4,-1
1886869,1897931,1,1.4426950408889634,0.16666666666666666,10,0.5,1.0,0,-1
1886910,1917634,1,1.4426950408889634,0.14285714285714285,15,0.5,1.0,0,-1
1886919,1894239,8,3.564782462729004,0.6666666666666666,99,0.8484848484848484,1.0,8,-1
1886919,1902535,8,3.564782462729004,0.6666666666666666,99,0.8484848484848484,1.0,8,-1
1886919,1954320,8,3.564782462729004,0.6666666666666666,99,0.8484848484848486,1.0,0,-1
1886919,1954669,10,5.045564725507139,0.8333333333333334,121,1.368686868686869,1.0,10,1
1886919,1954978,8,3.564782462729004,0.6666666666666666,99,0.8484848484848484,1.0,8,-1
1886919,1955524,8,3.564782462729004,0.6666666666666666,99,0.8484848484848484,1.0,8,1
1886919,1955729,3,1.5554123032929743,0.25,44,0.4318181818181819,1.0,4,-1
1886919,1955906,8,3.564782462729004,0.6666666666666666,99,0.8484848484848484,1.0,8,-1
1886919,1956699,3,1.5554123032929743,0.25,44,0.4318181818181819,1.0,4,-1
1886927,1912352,2,1.531574161186449,0.18181818181818182,30,0.5333333333333333,1.0,6,-1
1886927,1926776,2,1.344533708530089,0.3333333333333333,15,0.43333333333333335,1.0,6,-1
1886927,1996126,2,1.0556294164628637,0.5,9,0.30000000000000004,1.0,6,-1
1886969,1955775,3,2.164042561333445,0.3333333333333333,32,0.75,1.0,4,-1
1886969,1956720,3,2.164042561333445,0.3333333333333333,32,0.75,1.0,4,-1
1886969,1956736,3,2.164042561333445,0.3333333333333333,32,0.75,1.0,5,-1
1886969,1956739,3,2.164042561333445,0.3333333333333333,32,0.75,1.0,4,-1
1886971,1941841,3,1.897814654202382,0.375,28,0.6111111111111112,1.0,2,-1
1886971,1955617,3,1.897814654202382,0.375,28,0.6111111111111112,1.0,0,-1
1886971,1956284,3,1.8978146542023822,0.375,28,0.6111111111111112,1.0,0,-1
1887039,1903273,8,3.640956906507349,0.8,81,0.8888888888888891,1.0,4,-1
1887039,1903278,8,3.640956906507349,0.8,81,0.8888888888888891,1.0,4,-1
1887039,1959416,8,3.640956906507349,0.8,81,0.8888888888888891,1.0,4,-1
1887039,1962047,8,3.640956906507349,0.8,81,0.8888888888888891,1.0,0,-1
1887039,1962649,8,3.640956906507349,0.8,81,0.8888888888888891,1.0,0,-1
1887039,1962875,8,3.640956906507349,0.8,81,0.8888888888888891,1.0,0,-1
1887087,1895504,3,2.164042561333445,0.6,16,0.75,1.0,4,1
1887087,1896473,3,2.164042561333445,0.6,16,0.75,1.0,4,-1
1887087,1904891,3,2.164042561333445,0.6,16,0.75,1.0,4,-1
1887087,1915065,3,2.164042561333445,0.6,16,0.75,1.0,4,-1
1887110,1953691,2,1.8204784532536746,0.5,9,0.6666666666666666,1.0,0,-1
1887110,1954020,2,1.8204784532536746,0.5,9,0.6666666666666666,1.0,0,-1
1887141,1908259,5,2.6348721105868336,0.7142857142857143,36,0.7499999999999999,1.0,5,-1
1887141,1911167,5,2.6348721105868336,0.7142857142857143,36,0.75,1.0,5,-1
1887141,1912921,5,2.6348721105868336,0.7142857142857143,36,0.7499999999999999,1.0,5,-1
1887141,1931385,5,2.6348721105868336,0.7142857142857143,36,0.7499999999999999,1.0,5,-1
1887141,1976079,5,2.6348721105868336,0.7142857142857143,36,0.7499999999999999,1.0,0,-1
1887146,1935455,4,2.2956668142133534,0.6666666666666666,25,0.7,1.0,4,-1
1887146,1953866,4,2.3588911222217184,0.5714285714285714,30,0.7333333333333334,1.0,4,-1
1887299,1895113,1,1.4426950408889634,0.3333333333333333,4,0.5,1.0,0,-1
1887299,1954646,1,1.4426950408889634,0.3333333333333333,4,0.5,1.0,2,-1
1887345,1888975,8,4.1169727912562,0.6666666666666666,99,1.1477124183006535,1.0,9,1
1887345,1888985,5,2.238338368467092,0.5,54,0.5386215092097445,1.0,6,-1
1887345,1902745,8,4.181049058815685,0.4444444444444444,153,1.1797979797979796,1.0,9,1
1887345,1907514,1,0.4170323914242463,0.1,18,0.09090909090909091,0.5,2,-1
1887345,1954324,8,4.078885569367027,0.8,81,1.1275103980986334,1.0,9,1
1887345,1954351,8,4.078885569367027,0.8,81,1.1275103980986332,1.0,9,1
1887345,1954897,5,2.238338368467092,0.5,54,0.5386215092097445,1.0,6,-1
1887345,1955033,5,2.238338368467092,0.5,54,0.5386215092097445,1.0,6,-1
1887345,1955688,5,2.238338368467092,0.5,54,0.5386215092097445,1.0,6,-1
1887345,1956095,1,0.4170323914242463,0.1,18,0.09090909090909091,0.5,0,-1
1887452,1895896,4,2.4853397382384474,0.6666666666666666,25,0.8,1.0,0,-1
1887452,1985191,4,2.4853397382384474,0.6666666666666666,25,0.8,1.0,0,-1
1887452,1996957,4,2.4853397382384474,0.6666666666666666,25,0.8,1.0,2,-1
1887452,2025675,4,2.4853397382384474,0.6666666666666666,25,0.8,1.0,0,-1
1887452,2032641,4,2.4853397382384474,0.6666666666666666,25,0.8,1.0,0,-1
1887489,1887508,1,0.9102392266268373,0.3333333333333333,4,0.3333333333333333,1.0,0,-1
1887536,1895344,4,2.4853397382384474,0.6666666666666666,25,0.8,1.0,5,-1
1887536,1911527,4,2.4853397382384474,0.6666666666666666,25,0.8,1.0,5,-1
1887786,1919335,3,2.164042561333445,0.6,16,0.75,1.0,7,-1
1887786,1969497,3,2.164042561333445,0.6,16,0.75,1.0,4,-1
1887786,1996780,3,2.164042561333445,0.6,16,0.75,1.0,7,-1
1887786,2032509,3,2.164042561333445,0.6,16,0.75,1.0,7,-1
1887903,1979209,0,0.0,0.0,1,0.0,1.0,2,-1
1887916,1903377,3,2.541825973698156,0.6,16,0.9166666666666666,1.0,4,1
1887916,1904541,2,1.4426950408889634,0.4,12,0.5,1.0,3,-1
1887916,1905239,3,2.541825973698156,0.6,16,0.9166666666666665,1.0,4,1
1887924,1959393,3,2.164042561333445,0.6,16,0.75,1.0,0,-1
1887924,1962032,3,2.164042561333445,0.6,16,0.75,1.0,0,-1
1888159,1897110,1,1.4426950408889634,0.3333333333333333,4,0.5,1.0,2,-1
1888159,1935189,1,1.4426950408889634,0.3333333333333333,4,0.5,1.0,0,-1
1888181,1992756,1,1.4426950408889634,0.2,8,0.5,1.0,2,-1
1888181,2033042,1,1.4426950408889634,0.2,8,0.5,1.0,2,-1
1888193,1955278,0,0.0,0.0,5,0.0,1.0,0,-1
1888269,1896047,3,2.164042561333445,0.6,16,0.75,1.0,5,-1
1888269,1904011,3,2.164042561333445,0.6,16,0.75,1.0,3,-1
1888269,1955995,3,2.164042561333445,0.6,16,0.75,1.0,5,-1
1888269,1956016,3,2.164042561333445,0.6,16,0.75,1.0,0,-1
1888362,1889360,6,3.083390054218504,0.5,77,0.857142857142857,1.0,9,-1
1888362,1898134,6,3.083390054218504,0.5,77,0.857142857142857,1.0,9,-1
1888362,1900563,6,3.083390054218504,0.5,77,0.857142857142857,1.0,6,-1
1888362,1910582,6,3.083390054218504,0.5,77,0.857142857142857,1.0,0,-1
1888362,1911952,6,3.083390054218504,0.5,77,0.857142857142857,1.0,9,-1
1888362,1991316,6,3.083390054218504,0.5,77,0.857142857142857,1.0,6,-1
1888362,2025406,6,3.083390054218504,0.5,77,0.857142857142857,1.0,6,-1
1888379,1896885,5,2.9728020504763384,0.5555555555555556,48,0.9261904761904761,1.0,5,1
1888379,1907218,5,2.9728020504763384,0.5555555555555556,48,0.9261904761904761,1.0,0,1
1888379,1916524,5,2.9728020504763384,0.5555555555555556,48,0.9261904761904761,1.0,5,1
1888379,1934408,3,1.6743318796537416,0.3333333333333333,32,0.5,1.0,3,1
1888413,1903537,2,1.8204784532536746,0.2,27,0.6666666666666666,1.0,0,-1
1888413,1936173,2,1.365358839940256,0.5,9,0.4444444444444444,1.0,0,-1
1888413,1956426,2,1.365358839940256,0.5,9,0.4444444444444444,1.0,0,-1
1888504,1896999,5,2.6348721105868336,0.7142857142857143,36,0.7499999999999999,1.0,0,-1
1888504,1905448,5,2.6348721105868336,0.7142857142857143,36,0.7499999999999999,1.0,5,-1
1888504,1953443,1,0.40242960438184466,0.09090909090909091,36,0.08333333333333333,0.5,2,-1
1888504,1955222,1,0.40242960438184466,0.1111111111111111,24,0.08333333333333333,0.5,2,-1
1888504,1955802,1,0.40242960438184466,0.1111111111111111,24,0.08333333333333333,0.5,2,-1
1888504,1984915,5,2.6348721105868336,0.7142857142857143,36,0.7499999999999999,1.0,5,-1
1888504,2025349,5,2.6348721105868336,0.7142857142857143,36,0.7499999999999999,1.0,5,-1
1888632,1938703,5,2.7905531327562363,0.7142857142857143,36,0.8333333333333333,1.0,6,1
1888632,1953287,5,2.7905531327562363,0.7142857142857143,36,0.8333333333333333,1.0,4,1
1888632,1955715,5,2.7905531327562363,0.7142857142857143,36,0.8333333333333333,1.0,0,-1
1888632,1956339,5,2.7905531327562363,0.7142857142857143,36,0.8333333333333333,1.0,6,-1
1888632,1956347,5,2.7905531327562363,0.7142857142857143,36,0.8333333333333333,1.0,4,-1
1888632,1956678,5,2.7905531327562363,0.7142857142857143,36,0.8333333333333333,1.0,0,-1
1888692,1954947,2,1.8204784532536746,0.16666666666666666,33,0.6666666666666666,1.0,0,-1
1888692,1954962,2,1.8204784532536746,0.16666666666666666,33,0.6666666666666666,1.0,0,-1
1888692,2030449,2,1.8204784532536746,0.16666666666666666,33,0.6666666666666666,1.0,2,-1
1888726,1955371,0,0.0,0.0,1,0.0,1.0,1,1
1888975,1888985,5,2.276425590356264,0.4166666666666667,66,0.5588235294117647,1.0,11,-1
1888975,1902745,8,4.219136280704857,0.4,187,1.2,1.0,15,1
1888975,1907514,1,1.4426950408889634,0.08333333333333333,22,0.5,1.0,1,-1
1888975,1954324,8,4.1169727912562,0.6666666666666666,99,1.1477124183006535,1.0,15,1
1888975,1954351,8,4.1169727912562,0.6666666666666666,99,1.1477124183006535,1.0,15,1
1888975,1954897,5,2.276425590356264,0.4166666666666667,66,0.5588235294117647,1.0,6,-1
1888975,1955033,5,2.276425590356264,0.4166666666666667,66,0.5588235294117646,1.0,11,-1
1888975,1955688,5,2.276425590356264,0.4166666666666667,66,0.5588235294117647,1.0,10,-1
1888975,1956095,1,1.4426950408889634,0.08333333333333333,22,0.5,1.0,0,-1
1888985,1902745,5,2.3405018579157497,0.2777777777777778,102,0.5909090909090909,1.0,11,-1
1888985,1907514,1,0.4170323914242463,0.14285714285714285,12,0.09090909090909091,0.5,2,-1
1888985,1954324,5,2.238338368467092,0.5,54,0.5386215092097445,1.0,11,-1
1888985,1954351,5,2.238338368467092,0.5,54,0.5386215092097445,1.0,11,-1
1888985,1954897,5,2.135347355229263,0.7142857142857143,36,0.483065953654189,0.5,6,-1
1888985,1955033,5,2.135347355229263,0.7142857142857143,36,0.483065953654189,1.0,11,-1
1888985,1955688,5,2.135347355229263,0.7142857142857143,36,0.483065953654189,0.5,11,-1
1888985,1956095,1,0.4170323914242463,0.14285714285714285,12,0.09090909090909091,0.5,0,-1
1889086,1889090,0,0.0,0.0,1,0.0,1.0,0,-1
1889270,1890626,1,1.4426950408889634,0.3333333333333333,4,0.5,1.0,2,-1
1889270,1956282,1,1.4426950408889634,0.3333333333333333,4,0.5,1.0,3,-1
1889360,1898134,6,2.986524103273,0.75,49,0.805194805194805,1.0,9,-1
1889360,1900563,6,2.986524103273,0.75,49,0.805194805194805,1.0,6,-1
1889360,1910582,6,2.986524103273,0.75,49,0.805194805194805,1.0,0,-1
1889360,1911952,6,2.986524103273,0.75,49,0.805194805194805,1.0,9,-1
1889360,1991316,6,2.986524103273,0.75,49,0.805194805194805,1.0,6,-1
1889360,2025406,6,2.986524103273,0.75,49,0.805194805194805,1.0,6,-1
1889361,1976408,1,1.4426950408889634,0.3333333333333333,4,0.5,1.0,2,-1
1889361,1996121,1,1.4426950408889634,0.3333333333333333,4,0.5,1.0,2,-1
1889409,1896914,8,3.640956906507349,0.8,81,0.8888888888888891,1.0,9,-1
1889409,1897755,8,3.640956906507349,0.8,81,0.8888888888888891,1.0,13,-1
1889409,1898881,8,3.640956906507349,0.8,81,0.8888888888888891,1.0,13,-1
1889409,1899408,8,3.640956906507349,0.8,81,0.8888888888888891,1.0,13,-1
1889409,1916557,8,3.640956906507349,0.8,81,0.8888888888888891,1.0,9,-1
1889409,1957181,8,3.640956906507349,0.8,81,0.8888888888888891,1.0,9,-1
1889409,1979318,8,3.640956906507349,0.8,81,0.8888888888888891,1.0,9,-1
1889409,2035597,8,3.640956906507349,0.8,81,0.8888888888888891,1.0,13,-1
1889440,1954566,1,1.4426950408889634,0.3333333333333333,4,0.5,1.0,0,-1
1889440,1954858,1,1.4426950408889634,0.3333333333333333,4,0.5,1.0,2,-1
1889448,1994226,1,1.4426950408889634,0.3333333333333333,4,0.5,1.0,2,-1
1889448,2028107,1,1.4426950408889634,0.3333333333333333,4,0.5,1.0,3,-1
1889452,1945479,0,0.0,0.0,1,0.0,1.0,1,-1
1889559,1902362,7,3.3405096950913458,0.7,72,0.8611111111111112,1.0,6,-1
1889559,1905220,7,3.3405096950913458,0.7,72,0.8611111111111112,1.0,6,-1
1889559,1918113,7,3.3405096950913458,0.7,72,0.8611111111111112,1.0,0,-1
1889559,1918784,7,3.3405096950913458,0.7,72,0.8611111111111112,1.0,6,-1
1889559,1928473,8,4.8089834696298785,0.8,81,1.375,1.0,0,-1
1889559,1956218,7,3.3405096950913458,0.7,72,0.8611111111111112,1.0,6,-1
1889559,1975802,7,3.3405096950913458,0.7,72,0.8611111111111112,1.0,6,-1
1889559,1976683,1,0.45511961331341866,0.1,18,0.1111111111111111,1.0,2,-1
1889559,2033011,7,3.3405096950913458,0.7,72,0.8611111111111112,1.0,6,-1
1889657,1985105,0,0.0,0.0,1,0.0,1.0,2,-1
1889670,1911110,5,2.7905531327562363,0.7142857142857143,36,0.8333333333333333,1.0,6,-1
1889670,1953833,5,2.7905531327562363,0.7142857142857143,36,0.8333333333333333,1.0,6,-1
1889670,1954538,5,2.7905531327562363,0.7142857142857143,36,0.8333333333333333,1.0,6,-1
1889670,1955690,5,2.7905531327562363,0.7142857142857143,36,0.8333333333333333,1.0,6,-1
1889670,1955707,5,2.7905531327562363,0.7142857142857143,36,0.8333333333333333,1.0,6,-1
1889783,1898227,2,1.8204784532536746,0.5,9,0.6666666666666666,1.0,3,-1
1889783,1899025,2,1.8204784532536746,0.5,9,0.6666666666666666,1.0,2,-1
1889783,1992872,2,1.8204784532536746,0.5,9,0.6666666666666666,1.0,0,-1
1889917,1955103,1,1.4426950408889634,0.3333333333333333,4,0.5,1.0,2,-1
1889933,1954605,2,1.365358839940256,0.5,9,0.4444444444444444,1.0,3,-1
1889933,1955774,2,1.365358839940256,0.5,9,0.4444444444444444,1.0,3,-1
1889935,1889952,3,2.164042561333445,0.6,16,0.75,1.0,4,-1
1889935,1898430,3,2.164042561333445,0.6,16,0.75,1.0,4,-1
1889935,1917792,3,2.164042561333445,0.6,16,0.75,1.0,4,-1
1889935,1955128,3,2.164042561333445,0.6,16,0.75,1.0,4,-1
1889938,1890664,4,2.163029961668864,0.5,35,0.6285714285714286,1.0,0,-1
1889938,1897676,6,3.372699835381325,0.75,49,1.0107142857142857,1.0,1,-1
1889938,1953383,4,2.163029961668864,0.5,35,0.6285714285714286,1.0,0,-1
1889938,1954967,6,3.372699835381325,0.75,49,1.0107142857142857,1.0,0,-1
1889938,1991292,4,2.0225933740722404,0.5,35,0.5535714285714286,1.0,0,-1
1889952,1898430,3,2.164042561333445,0.6,16,0.75,1.0,4,-1
1889952,1917792,3,2.164042561333445,0.6,16,0.75,1.0,4,-1
1889952,1955128,3,2.164042561333445,0.6,16,0.75,1.0,4,-1
1889967,1907648,5,2.7905531327562363,0.7142857142857143,36,0.8333333333333333,1.0,5,-1
1889967,1924382,5,2.7905531327562363,0.7142857142857143,36,0.8333333333333333,1.0,5,-1
1889967,1980052,5,2.7905531327562363,0.7142857142857143,36,0.8333333333333333,1.0,5,-1
1889967,1994247,5,2.7905531327562363,0.7142857142857143,36,0.8333333333333333,1.0,5,-1
1889967,1994944,5,2.7905531327562363,0.7142857142857143,36,0.8333333333333333,1.0,5,-1
1889967,2036034,5,2.7905531327562363,0.7142857142857143,36,0.8333333333333333,1.0,0,-1
1890007,1906595,5,2.7905531327562363,0.7142857142857143,36,0.8333333333333333,1.0,4,-1
1890007,1914395,5,2.7905531327562363,0.7142857142857143,36,0.8333333333333333,1.0,4,-1
1890007,1921906,5,2.7905531327562363,0.7142857142857143,36,0.8333333333333333,1.0,0,-1
1890007,1935709,5,2.7905531327562363,0.7142857142857143,36,0.8333333333333333,1.0,5,-1
1890007,1976380,5,2.7905531327562363,0.7142857142857143,36,0.8333333333333333,1.0,4,-1
1890007,1976384,5,2.7905531327562363,0.7142857142857143,36,0.8333333333333333,1.0,0,-1
1890133,1955060,2,1.365358839940256,0.5,9,0.4444444444444444,1.0,2,-1
1890133,1955556,2,1.365358839940256,0.5,9,0.4444444444444444,1.0,0,-1
1890146,1891481,0,0.0,0.0,1,0.0,1.0,2,-1
1890233,1955289,0,0.0,0.0,2,0.0,1.0,1,-1
1890274,1898080,3,2.164042561333445,0.6,16,0.75,1.0,1,-1
1890274,1910040,3,2.164042561333445,0.6,16,0.75,1.0,0,-1
1890274,1955039,3,2.164042561333445,0.6,16,0.75,1.0,0,-1
1890399,1918406,3,2.064029975448575,0.375,30,0.7,1.0,0,-1
1890399,1959246,3,1.9640173895637054,0.42857142857142855,24,0.65,1.0,0,-1
1890399,1960155,3,1.9640173895637054,0.42857142857142855,24,0.65,1.0,0,-1
1890399,1962113,3,2.0640299754485754,0.375,30,0.7,1.0,0,-1
1890454,1908068,7,3.2373947604930686,0.7,72,0.8055555555555556,1.0,7,-1
1890454,1930843,8,3.8212841206938855,0.8,81,0.9861111111111112,1.0,0,1
1890454,1935106,8,3.821284120693885,0.8,81,0.9861111111111112,1.0,10,1
1890454,1935408,8,3.8212841206938855,0.8,81,0.9861111111111112,1.0,8,1
1890454,1935417,8,3.8212841206938855,0.8,81,0.9861111111111112,1.0,8,1
1890454,1935423,7,3.2373947604930686,0.7,72,0.8055555555555556,1.0,9,-1
1890454,1942876,8,3.8212841206938855,0.8,81,0.9861111111111112,1.0,8,1
1890469,1891199,3,1.9565933832587141,0.375,28,0.6428571428571428,1.0,4,-1
1890469,1891241,3,1.9565933832587141,0.375,28,0.6428571428571428,1.0,4,-1
1890469,1906818,3,1.7491442051839832,0.6,16,0.5357142857142857,1.0,4,-1
1890469,1907127,3,1.7491442051839832,0.6,16,0.5357142857142857,1.0,4,-1
1890626,1956282,1,1.4426950408889634,0.3333333333333333,4,0.5,1.0,2,-1
1890636,1897620,1,1.4426950408889634,0.3333333333333333,4,0.5,1.0,3,-1
1890664,1897676,4,2.163029961668864,0.5,35,0.6285714285714286,1.0,0,-1
1890664,1953383,4,2.055593369479003,0.6666666666666666,25,0.5714285714285714,1.0,3,-1
1890664,1954967,4,2.163029961668864,0.5,35,0.6285714285714286,1.0,3,-1
1890664,1991292,4,2.055593369479003,0.6666666666666666,25,0.5714285714285714,0.5,0,-1
1890712,1923655,3,2.541825973698156,0.6,16,0.9166666666666665,1.0,0,1
1890712,1925009,2,1.4426950408889634,0.4,12,0.5,1.0,2,-1
1890712,1954617,3,2.541825973698156,0.6,16,0.9166666666666666,1.0,4,1
1890772,1973703,1,1.4426950408889634,0.3333333333333333,4,0.5,1.0,2,-1
1890875,1956761,1,0.7213475204444817,0.3333333333333333,4,0.25,1.0,2,-1
1891090,1955009,2,1.8204784532536746,0.5,9,0.6666666666666666,1.0,6,-1
1891090,1955361,2,1.8204784532536746,0.5,9,0.6666666666666666,1.0,6,-1
1891090,1956511,2,1.8204784532536746,0.5,9,0.6666666666666666,1.0,6,-1
1891199,1891241,6,4.328085122666891,0.75,49,1.5,1.0,7,1
1891199,1906818,3,1.9565933832587141,0.375,28,0.6428571428571428,1.0,4,-1
1891199,1907127,3,1.9565933832587141,0.375,28,0.6428571428571428,1.0,4,-1
1891241,1906818,3,1.9565933832587141,0.375,28,0.6428571428571428,1.0,4,-1
1891241,1907127,3,1.9565933832587141,0.375,28,0.6428571428571428,1.0,4,-1
1891391,1891870,0,0.0,0.0,4,0.0,1.0,2,1
1891618,1955350,0,0.0,0.0,1,0.0,1.0,2,-1
1891837,1953591,1,1.4426950408889634,0.14285714285714285,12,0.5,1.0,3,-1
1891837,1955509,1,0.5581106265512472,0.3333333333333333,4,0.16666666666666666,1.0,2,-1
1891921,1904910,0,0.0,0.0,1,0.0,1.0,1,1
1892219,1909248,3,2.164042561333445,0.6,16,0.75,1.0,8,1
1892219,1918006,3,2.164042561333445,0.6,16,0.75,1.0,8,1
1892219,1934702,3,2.164042561333445,0.6,16,0.75,1.0,8,1
1892338,1970671,1,1.4426950408889634,0.3333333333333333,4,0.5,1.0,4,-1
1892561,1939737,0,0.0,0.0,1,0.0,1.0,1,-1
1892636,1895143,4,2.3449031506418234,0.3333333333333333,55,0.7250000000000001,1.0,8,-1
1892636,1903523,4,2.281037195103082,0.4444444444444444,40,0.6909090909090909,1.0,8,-1
1892636,1955394,4,2.140600607506458,0.6666666666666666,25,0.615909090909091,1.0,8,-1
1892636,1955751,4,2.1406006075064576,0.6666666666666666,25,0.615909090909091,1.0,5,-1
1892636,1955754,4,2.140600607506458,0.6666666666666666,25,0.615909090909091,1.0,5,-1
1892649,1895679,4,2.3191244169922545,0.6666666666666666,25,0.711111111111111,1.0,5,1
1892649,1911871,4,2.3191244169922545,0.6666666666666666,25,0.711111111111111,1.0,5,1
1892649,1928954,4,2.3191244169922545,0.6666666666666666,25,0.711111111111111,1.0,5,1
1892671,1892698,6,2.6375151022668804,0.46153846153846156,84,0.6190476190476191,1.0,0,-1
1892671,1892708,6,2.526046364278974,0.75,49,0.5595238095238095,1.0,2,-1
1892671,1900131,6,2.6375151022668804,0.46153846153846156,84,0.6190476190476191,1.0,0,-1
1892671,1907962,6,2.6375151022668804,0.46153846153846156,84,0.6190476190476191,1.0,0,-1
1892671,1910991,6,2.6375151022668804,0.46153846153846156,84,0.6190476190476191,1.0,0,-1
1892671,1911006,6,2.6375151022668804,0.46153846153846156,84,0.6190476190476191,1.0,0,-1
1892671,1956398,6,2.526046364278974,0.75,49,0.5595238095238094,1.0,0,-1
1892671,1988405,5,2.012148021909223,0.45454545454545453,63,0.41666666666666663,0.5,0,-1
1892671,1999932,5,2.012148021909223,0.45454545454545453,63,0.41666666666666663,0.5,0,-1
1892671,2028479,5,2.012148021909223,0.45454545454545453,63,0.41666666666666663,0.5,0,-1
1892671,2035711,5,2.012148021909223,0.45454545454545453,63,0.41666666666666663,0.5,0,-1
1892671,2035721,5,2.012148021909223,0.45454545454545453,63,0.41666666666666663,0.5,0,-1
1892687,1904635,6,3.083390054218504,0.75,49,0.857142857142857,1.0,7,-1
1892687,1907676,6,3.083390054218504,0.75,49,0.857142857142857,1.0,11,-1
1892687,1955272,6,3.083390054218504,0.75,49,0.857142857142857,1.0,7,-1
1892687,1955640,6,3.083390054218504,0.75,49,0.857142857142857,1.0,7,-1
1892687,1955853,6,3.083390054218504,0.75,49,0.857142857142857,1.0,11,-1
1892687,1955870,6,3.083390054218504,0.75,49,0.857142857142857,1.0,11,-1
1892687,1956829,6,3.083390054218504,0.75,49,0.857142857142857,1.0,11,-1
1892698,1892708,6,2.63751510226688,0.46153846153846156,84,0.619047619047619,1.0,0,-1
1892698,1900131,11,5.024581906821879,0.8461538461538461,144,1.2341269841269842,1.0,16,-1
1892698,1907962,11,5.024581906821879,0.8461538461538461,144,1.2341269841269842,1.0,16,-1
1892698,1910991,11,5.024581906821879,0.8461538461538461,144,1.2341269841269842,1.0,16,-1
1892698,1911006,11,5.024581906821879,0.8461538461538461,144,1.2341269841269842,1.0,16,-1
1892698,1956398,6,2.63751510226688,0.46153846153846156,84,0.619047619047619,1.0,10,-1
1892698,1988405,8,3.430196870781053,0.6153846153846154,108,0.7777777777777777,1.0,14,-1
1892698,1999932,8,3.430196870781053,0.6153846153846154,108,0.7777777777777777,1.0,14,-1
1892698,2028479,8,3.430196870781053,0.6153846153846154,108,0.7777777777777777,1.0,8,-1
1892698,2035711,8,3.430196870781053,0.6153846153846154,108,0.7777777777777777,1.0,0,-1
1892698,2035721,8,3.430196870781053,0.6153846153846154,108,0.7777777777777777,1.0,8,-1
1892708,1900131,6,2.63751510226688,0.46153846153846156,84,0.619047619047619,1.0,0,-1
1892708,1907962,6,2.63751510226688,0.46153846153846156,84,0.619047619047619,1.0,0,-1
1892708,1910991,6,2.63751510226688,0.46153846153846156,84,0.6190476190476191,1.0,0,-1
1892708,1911006,6,2.63751510226688,0.46153846153846156,84,0.6190476190476191,1.0,0,-1
1892708,1956398,6,2.526046364278974,0.75,49,0.5595238095238095,1.0,0,-1
1892708,1988405,5,2.012148021909223,0.45454545454545453,63,0.41666666666666663,0.5,0,-1
1892708,1999932,5,2.012148021909223,0.45454545454545453,63,0.41666666666666663,0.5,0,-1
1892708,2028479,5,2.012148021909223,0.45454545454545453,63,0.41666666666666663,0.5,0,-1
1892708,2035711,5,2.012148021909223,0.45454545454545453,63,0.41666666666666663,0.5,0,-1
1892708,2035721,5,2.012148021909223,0.45454545454545453,63,0.41666666666666663,0.5,0,-1
1892744,1908118,0,0.0,0.0,1,0.0,1.0,1,-1
1892782,1927892,2,1.8204784532536746,0.5,9,0.6666666666666666,1.0,2,-1
1892782,1932224,2,1.8204784532536746,0.5,9,0.6666666666666666,1.0,3,-1
1892782,1955174,2,1.8204784532536746,0.5,9,0.6666666666666666,1.0,0,-1
1892864,1917247,3,1.8119644139578184,0.6,16,0.5666666666666667,1.0,2,-1
1892864,1953400,3,1.8119644139578184,0.6,16,0.5666666666666667,1.0,2,-1
1892864,1953698,3,1.8119644139578184,0.6,16,0.5666666666666667,1.0,0,-1
1892976,1898847,1,1.4426950408889634,0.3333333333333333,4,0.5,1.0,2,-1
1892976,1954060,1,1.4426950408889634,0.3333333333333333,4,0.5,1.0,2,-1
1893116,1895955,2,1.8204784532536746,0.2857142857142857,18,0.6666666666666666,1.0,2,-1
1893116,1930094,2,1.4683498531780845,0.5,9,0.5,1.0,2,-1
1893116,1931655,2,1.4683498531780845,0.5,9,0.5,1.0,0,-1
1893135,1894770,2,0.9751430179754935,0.4,12,0.25757575757575757,0.5,0,-1
1893135,1895194,3,1.5964779525351054,0.5,20,0.4575757575757575,1.0,0,-1
1893135,1903083,1,0.4170323914242463,0.2,8,0.09090909090909091,0.5,1,-1
1893135,1914883,3,1.800780495670471,0.25,44,0.5666666666666667,1.0,0,-1
1893135,1921589,3,1.6597022605434701,0.42857142857142855,24,0.4909090909090909,1.0,0,-1
1893135,1952610,1,0.4170323914242463,0.1111111111111111,24,0.09090909090909091,0.5,0,-1
1893135,1955162,2,0.9751430179754935,0.4,12,0.25757575757575757,0.5,0,-1
1893135,1966215,1,0.4170323914242463,0.2,8,0.09090909090909091,0.5,0,-1
1893339,1955027,1,1.4426950408889634,0.3333333333333333,4,0.5,1.0,4,-1
1893339,1955047,1,1.4426950408889634,0.3333333333333333,4,0.5,1.0,4,-1
1893384,1924157,1,1.4426950408889634,0.3333333333333333,4,0.5,1.0,0,-1
1893384,1929305,1,1.4426950408889634,0.3333333333333333,4,0.5,1.0,0,-1
1893645,1900714,0,0.0,0.0,1,0.0,1.0,1,-1
1893828,1901718,2,0.9102392266268373,0.25,24,0.2222222222222222,0.5,3,-1
1893828,1908849,3,1.897814654202382,0.3,36,0.6111111111111112,1.0,4,-1
1893828,1916162,3,1.631586747071319,0.6,16,0.4722222222222222,1.0,4,-1
1893828,1974884,2,0.9102392266268373,0.25,24,0.2222222222222222,0.5,3,-1
1893828,2028505,2,0.9102392266268373,0.25,24,0.2222222222222222,0.5,3,-1
1893828,2033837,2,0.9102392266268373,0.25,24,0.2222222222222222,0.5,3,-1
1894017,1899306,3,1.8597274323132098,0.6,16,0.5909090909090909,1.0,3,-1
1894017,1901968,3,2.164042561333445,0.25,44,0.75,1.0,0,-1
1894017,1922081,3,1.8597274323132098,0.6,16,0.5909090909090909,1.0,4,1
1894017,1954367,3,1.8597274323132098,0.6,16,0.5909090909090909,1.0,3,1
1894109,1894560,4,2.4853397382384474,0.6666666666666666,25,0.8,1.0,5,1
1894109,1901074,4,2.4853397382384474,0.6666666666666666,25,0.8,1.0,9,-1
1894109,1901900,4,2.4853397382384474,0.6666666666666666,25,0.8,1.0,9,-1
1894109,1931220,4,2.4853397382384474,0.6666666666666666,25,0.8,1.0,9,-1
1894109,2035698,4,2.4853397382384474,0.6666666666666666,25,0.8,1.0,9,-1
1894215,1902240,2,1.8204784532536746,0.5,9,0.6666666666666666,1.0,2,-1
1894215,1921901,2,1.8204784532536746,0.5,9,0.6666666666666666,1.0,2,-1
1894215,1933191,2,1.8204784532536746,0.5,9,0.6666666666666666,1.0,0,-1
1894239,1902535,8,3.5266952408398318,0.8,81,0.8282828282828283,1.0,8,-1
1894239,1954320,8,3.5266952408398318,0.8,81,0.8282828282828283,1.0,0,-1
1894239,1954669,8,3.564782462729004,0.6666666666666666,99,0.8484848484848484,1.0,9,-1
1894239,1954978,8,3.5266952408398318,0.8,81,0.8282828282828283,1.0,8,-1
1894239,1955524,8,3.5266952408398318,0.8,81,0.8282828282828283,1.0,8,-1
1894239,1955729,3,1.251097174272739,0.3,36,0.2727272727272727,0.5,4,-1
1894239,1955906,8,3.5266952408398318,0.8,81,0.8282828282828283,1.0,8,-1
1894239,1956699,3,1.251097174272739,0.3,36,0.2727272727272727,0.5,4,-1
1894241,1903566,1,1.4426950408889634,0.3333333333333333,4,0.5,1.0,0,-1
1894304,1979885,2,1.8204784532536746,0.5,9,0.6666666666666666,1.0,0,-1
1894304,1994011,2,1.8204784532536746,0.5,9,0.6666666666666666,1.0,0,-1
1894304,2034261,2,1.8204784532536746,0.5,9,0.6666666666666666,1.0,0,-1
1894439,1913370,1,1.4426950408889634,0.3333333333333333,4,0.5,1.0,1,-1
1894439,1916869,1,1.4426950408889634,0.3333333333333333,4,0.5,1.0,0,-1
1894560,1901074,4,2.4853397382384474,0.6666666666666666,25,0.8,1.0,5,-1
1894560,1901900,4,2.4853397382384474,0.6666666666666666,25,0.8,1.0,5,-1
1894560,1931220,4,2.4853397382384474,0.6666666666666666,25,0.8,1.0,5,-1
1894560,2035698,4,2.4853397382384474,0.6666666666666666,25,0.8,1.0,5,-1
1894592,1897844,2,1.8204784532536746,0.5,9,0.6666666666666666,1.0,0,1
1894592,1902359,2,1.8204784532536746,0.5,9,0.6666666666666666,1.0,2,-1
1894592,1959651,2,1.8204784532536746,0.5,9,0.6666666666666666,1.0,2,1
1894620,1931424,2,1.424137568996588,0.5,9,0.47619047619047616,1.0,3,-1
1894620,1955352,2,1.424137568996588,0.5,9,0.47619047619047616,1.0,3,-1
1894770,1895194,2,0.9751430179754935,0.3333333333333333,15,0.25757575757575757,0.5,0,-1
1894770,1903083,1,0.4170323914242463,0.25,6,0.09090909090909091,0.5,0,-1
1894770,1914883,2,1.4683498531780845,0.16666666666666666,33,0.5,1.0,2,1
1894770,1921589,2,1.3272716180510837,0.2857142857142857,18,0.4242424242424242,1.0,0,-1
1894770,1952610,1,0.4170323914242463,0.125,18,0.09090909090909091,0.5,0,-1
1894770,1955162,2,0.9751430179754935,0.5,9,0.25757575757575757,1.0,3,1
1894770,1966215,1,0.4170323914242463,0.25,6,0.09090909090909091,0.5,0,-1
1894823,1895655,4,2.4853397382384474,0.6666666666666666,25,0.8,1.0,4,1
1894823,1956352,4,2.4853397382384474,0.6666666666666666,25,0.8,1.0,5,1
1894828,1898632,13,5.460582116194248,0.5909090909090909,294,1.2061688311688312,1.0,10,1
1894828,1906209,13,5.460582116194248,0.5909090909090909,294,1.2061688311688312,1.0,10,1
1894828,1943248,13,5.460582116194247,0.5909090909090909,294,1.2061688311688312,1.0,10,1
1894828,1956988,7,2.856412602375732,0.3181818181818182,168,0.6071428571428571,1.0,7,1
1894828,1993957,7,2.856412602375732,0.3181818181818182,168,0.6071428571428571,1.0,7,-1
1894828,1996266,7,2.856412602375732,0.3181818181818182,168,0.6071428571428571,1.0,7,1
1894990,1895312,2,1.365358839940256,0.4,12,0.4444444444444444,1.0,0,-1
1894990,1903194,2,1.631586747071319,0.2,27,0.5833333333333333,1.0,0,-1
1894990,1908441,1,0.7213475204444817,0.16666666666666666,12,0.25,0.5,0,-1
1894990,1932447,2,1.1764671337579005,0.5,9,0.3611111111111111,1.0,0,-1
1895113,1954646,1,1.4426950408889634,0.3333333333333333,4,0.5,1.0,0,-1
1895141,1955105,1,1.4426950408889634,0.1,18,0.5,1.0,0,-1
1895141,1956576,1,1.4426950408889634,0.1,18,0.5,1.0,0,-1
1895143,1903523,7,4.649382299571893,0.5833333333333334,88,1.55,1.0,11,1
1895143,1955394,4,2.3449031506418234,0.3333333333333333,55,0.7250000000000001,1.0,8,-1
1895143,1955751,4,2.3449031506418234,0.3333333333333333,55,0.7250000000000001,1.0,5,-1
1895143,1955754,4,2.3449031506418234,0.3333333333333333,55,0.7250000000000001,1.0,5,-1
1895178,1955463,0,0.0,0.0,1,0.0,1.0,1,-1
1895194,1903083,1,0.4170323914242463,0.16666666666666666,10,0.09090909090909091,0.5,0,-1
1895194,1914883,4,2.8110323081821784,0.3333333333333333,55,0.95,1.0,0,1
1895194,1921589,3,1.7597148464283399,0.375,30,0.5409090909090909,1.0,0,-1
1895194,1952610,1,0.4170323914242463,0.1,30,0.09090909090909091,0.5,0,-1
1895194,1955162,2,0.9751430179754935,0.3333333333333333,15,0.25757575757575757,0.5,0,-1
1895194,1966215,1,0.4170323914242463,0.16666666666666666,10,0.09090909090909091,0.5,0,-1
1895228,1903325,3,2.164042561333445,0.6,16,0.75,1.0,4,1
1895228,1915163,3,2.164042561333445,0.6,16,0.75,1.0,4,1
1895312,1903194,2,1.8204784532536746,0.18181818181818182,36,0.6666666666666666,1.0,2,-1
1895312,1908441,0,0.0,0.0,16,0.0,1.0,0,-1
1895312,1932447,2,1.365358839940256,0.4,12,0.4444444444444444,1.0,2,-1
1895344,1911527,4,2.4853397382384474,0.6666666666666666,25,0.8,1.0,5,-1
1895458,1904263,7,4.649382299571893,0.7777777777777778,64,1.5499999999999998,1.0,0,-1
1895458,1925350,3,1.9235933878519513,0.3333333333333333,32,0.625,1.0,0,-1
1895458,1974404,4,2.3449031506418234,0.4444444444444444,40,0.7250000000000001,1.0,0,-1
1895458,1987756,3,1.9235933878519513,0.3333333333333333,32,0.625,1.0,0,-1
1895458,1993962,3,1.9235933878519513,0.3333333333333333,32,0.625,1.0,0,-1
1895458,1994206,4,2.3449031506418234,0.4444444444444444,40,0.7250000000000001,1.0,0,-1
1895458,2028090,4,2.3449031506418234,0.4444444444444444,40,0.7250000000000001,1.0,0,-1
1895458,2035324,4,2.3449031506418234,0.4444444444444444,40,0.7250000000000001,1.0,0,-1
1895503,1955221,1,1.4426950408889634,0.2,8,0.5,1.0,4,-1
1895503,1955238,1,1.4426950408889634,0.2,8,0.5,1.0,4,-1
1895504,1896473,3,2.164042561333445,0.6,16,0.75,1.0,7,-1
1895504,1904891,3,2.164042561333445,0.6,16,0.75,1.0,7,-1
1895504,1915065,3,2.164042561333445,0.6,16,0.75,1.0,7,-1
1895518,1924318,2,1.8204784532536746,0.5,9,0.6666666666666666,1.0,3,-1
1895518,1929022,2,1.8204784532536746,0.5,9,0.6666666666666666,1.0,3,-1
1895518,1929608,2,1.8204784532536746,0.5,9,0.6666666666666666,1.0,4,-1
1895612,1903967,1,0.7213475204444817,0.3333333333333333,4,0.25,1.0,0,1
1895612,1916547,1,1.4426950408889634,0.2,8,0.5,1.0,2,1
1895655,1956352,4,2.4853397382384474,0.6666666666666666,25,0.8,1.0,4,1
1895679,1911871,4,2.3191244169922545,0.6666666666666666,25,0.711111111111111,1.0,5,1
1895679,1928954,4,2.3191244169922545,0.6666666666666666,25,0.711111111111111,1.0,5,1
1895697,1955110,0,0.0,0.0,7,0.0,1.0,0,1
1895766,1915495,3,2.164042561333445,0.6,16,0.75,1.0,3,-1
1895766,1954894,3,2.164042561333445,0.6,16,0.75,1.0,0,-1
1895766,1954903,3,2.164042561333445,0.6,16,0.75,1.0,0,-1
1895766,1955483,3,2.164042561333445,0.6,16,0.75,1.0,2,-1
1895896,1985191,4,2.4853397382384474,0.6666666666666666,25,0.8,1.0,2,-1
1895896,1996957,4,2.4853397382384474,0.6666666666666666,25,0.8,1.0,0,-1
1895896,2025675,4,2.4853397382384474,0.6666666666666666,25,0.8,1.0,0,-1
1895896,2032641,4,2.4853397382384474,0.6666666666666666,25,0.8,1.0,2,-1
1895930,1904615,1,1.4426950408889634,0.3333333333333333,4,0.5,1.0,2,-1
1895930,1955468,1,1.4426950408889634,0.3333333333333333,4,0.5,1.0,2,-1
1895955,1930094,2,1.8204784532536746,0.2857142857142857,18,0.6666666666666666,1.0,2,-1
1895955,1931655,2,1.8204784532536746,0.2857142857142857,18,0.6666666666666666,1.0,0,-1
1896047,1904011,3,2.164042561333445,0.6,16,0.75,1.0,3,-1
1896047,1955995,3,2.164042561333445,0.6,16,0.75,1.0,5,-1
1896047,1956016,3,2.164042561333445,0.6,16,0.75,1.0,0,-1
1896052,1904689,5,2.7905531327562363,0.7142857142857143,36,0.8333333333333333,1.0,0,1
1896052,1943998,5,2.7905531327562363,0.7142857142857143,36,0.8333333333333333,1.0,0,1
1896052,1993370,5,2.7905531327562363,0.7142857142857143,36,0.8333333333333333,1.0,0,-1
1896052,1993383,5,2.7905531327562363,0.7142857142857143,36,0.8333333333333333,1.0,0,-1
1896052,2033759,5,2.7905531327562363,0.7142857142857143,36,0.8333333333333333,1.0,0,-1
1896052,2035320,5,2.7905531327562363,0.7142857142857143,36,0.8333333333333333,1.0,0,-1
1896082,1963625,0,0.0,0.0,1,0.0,1.0,1,-1
1896119,1903612,1,1.4426950408889634,0.3333333333333333,4,0.5,1.0,2,-1
1896119,2031195,1,1.4426950408889634,0.3333333333333333,4,0.5,1.0,3,-1
1896260,1935703,3,2.164042561333445,0.6,16,0.75,1.0,5,1
1896260,2028543,3,2.164042561333445,0.6,16,0.75,1.0,4,-1
1896390,1905884,3,2.164042561333445,0.6,16,0.75,1.0,4,-1
1896390,1954271,3,2.164042561333445,0.6,16,0.75,1.0,0,-1
1896390,1954642,3,2.164042561333445,0.6,16,0.75,1.0,4,-1
1896390,1954912,3,2.164042561333445,0.6,16,0.75,1.0,0,-1
1896473,1904891,3,2.164042561333445,0.6,16,0.75,1.0,7,-1
1896473,1915065,3,2.164042561333445,0.6,16,0.75,1.0,7,-1
1896476,1898479,8,3.5142960319469814,0.8,81,0.8253968253968254,1.0,9,-1
1896476,1905188,8,3.5142960319469814,0.8,81,0.8253968253968254,1.0,9,-1
1896476,1915418,8,3.5142960319469814,0.8,81,0.8253968253968254,1.0,9,-1
1896476,1955096,8,3.5142960319469814,0.8,81,0.8253968253968254,1.0,9,-1
1896476,1997739,8,3.5142960319469814,0.8,81,0.8253968253968254,1.0,9,-1
1896476,2000237,8,3.5142960319469814,0.8,81,0.8253968253968254,1.0,9,-1
1896476,2000245,8,3.5142960319469814,0.8,81,0.8253968253968254,1.0,9,-1
1896476,2034371,8,3.5142960319469814,0.8,81,0.8253968253968254,1.0,9,-1
1896488,1897238,4,2.974269202075413,0.6666666666666666,25,1.0333333333333332,1.0,7,1
1896488,1937103,4,2.974269202075413,0.6666666666666666,25,1.0333333333333332,1.0,7,1
1896488,1952923,3,1.9640173895637054,0.5,20,0.65,1.0,3,-1
1896488,1955866,3,1.9640173895637054,0.5,20,0.65,1.0,0,-1
1896560,1904820,2,1.8204784532536746,0.5,9,0.6666666666666666,1.0,0,-1
1896560,1970384,2,1.8204784532536746,0.5,9,0.6666666666666666,1.0,0,-1
1896560,2026894,2,1.8204784532536746,0.5,9,0.6666666666666666,1.0,0,-1
1896616,1954985,2,1.8204784532536746,0.5,9,0.6666666666666666,1.0,5,-1
1896616,1954992,2,1.8204784532536746,0.5,9,0.6666666666666666,1.0,5,-1
1896616,1956137,2,1.8204784532536746,0.5,9,0.6666666666666666,1.0,3,-1
1896722,1903593,5,2.7905531327562363,0.45454545454545453,60,0.8333333333333333,1.0,3,-1
1896722,1905089,5,2.666736988108241,0.7142857142857143,36,0.7666666666666666,1.0,3,-1
1896722,1957447,5,2.666736988108241,0.7142857142857143,36,0.7666666666666666,1.0,4,-1
1896722,1959368,1,0.43429448190325176,0.1111111111111111,24,0.1,0.5,0,-1
1896722,1961078,1,0.43429448190325176,0.1111111111111111,24,0.1,0.5,2,-1
1896722,1975681,5,2.666736988108241,0.7142857142857143,36,0.7666666666666666,1.0,0,-1
1896722,1993495,5,2.666736988108241,0.7142857142857143,36,0.7666666666666666,1.0,0,-1
1896722,2027542,5,2.666736988108241,0.7142857142857143,36,0.7666666666666666,1.0,0,-1
1896790,1897256,1,1.4426950408889634,0.3333333333333333,4,0.5,1.0,2,-1
1896790,1993367,1,1.4426950408889634,0.3333333333333333,4,0.5,1.0,0,-1
1896845,1916836,0,0.0,0.0,1,0.0,1.0,1,-1
1896885,1907218,5,2.8955897708880793,0.7142857142857143,36,0.8845238095238095,1.0,0,1
1896885,1916524,5,2.8955897708880793,0.7142857142857143,36,0.8845238095238095,1.0,5,1
1896885,1934408,3,1.5971196000654821,0.42857142857142855,24,0.45833333333333326,1.0,3,1
1896892,1897875,3,2.164042561333445,0.3,36,0.75,1.0,0,-1
1896892,1897884,3,2.164042561333445,0.3,36,0.75,1.0,0,-1
1896892,1898344,3,2.164042561333445,0.3,36,0.75,1.0,0,-1
1896892,1906850,3,2.164042561333445,0.3,36,0.75,1.0,1,-1
1896914,1897755,8,3.640956906507349,0.8,81,0.8888888888888891,1.0,9,-1
1896914,1898881,8,3.640956906507349,0.8,81,0.8888888888888891,1.0,9,-1
1896914,1899408,8,3.640956906507349,0.8,81,0.8888888888888891,1.0,9,-1
1896914,1916557,8,3.640956906507349,0.8,81,0.8888888888888891,1.0,9,-1
1896914,1957181,8,3.640956906507349,0.8,81,0.8888888888888891,1.0,9,-1
1896914,1979318,8,3.640956906507349,0.8,81,0.8888888888888891,1.0,9,-1
1896914,2035597,8,3.640956906507349,0.8,81,0.8888888888888891,1.0,9,-1
1896985,1919739,2,1.8204784532536746,0.5,9,0.6666666666666666,1.0,3,-1
1896985,2028653,2,1.8204784532536746,0.5,9,0.6666666666666666,1.0,3,-1
1896985,2032646,2,1.8204784532536746,0.5,9,0.6666666666666666,1.0,3,-1
1896999,1905448,5,2.6348721105868336,0.7142857142857143,36,0.7499999999999999,1.0,0,-1
1896999,1953443,1,0.40242960438184466,0.09090909090909091,36,0.08333333333333333,0.5,0,-1
1896999,1955222,1,0.40242960438184466,0.1111111111111111,24,0.08333333333333333,0.5,0,-1
1896999,1955802,1,0.40242960438184466,0.1111111111111111,24,0.08333333333333333,0.5,0,-1
1896999,1984915,5,2.6348721105868336,0.7142857142857143,36,0.7499999999999999,1.0,0,-1
1896999,2025349,5,2.6348721105868336,0.7142857142857143,36,0.7499999999999999,1.0,0,-1
1897110,1935189,1,1.4426950408889634,0.3333333333333333,4,0.5,1.0,0,-1
1897238,1937103,4,2.974269202075413,0.6666666666666666,25,1.0333333333333332,1.0,7,1
1897238,1952923,3,1.9640173895637054,0.5,20,0.65,1.0,3,-1
1897238,1955866,3,1.9640173895637054,0.5,20,0.65,1.0,0,-1
1897256,1993367,1,1.4426950408889634,0.3333333333333333,4,0.5,1.0,0,-1
1897424,1987149,0,0.0,0.0,1,0.0,1.0,0,-1
1897516,1904364,5,2.7905531327562363,0.7142857142857143,36,0.8333333333333333,1.0,9,-1
1897516,1969872,5,2.7905531327562363,0.7142857142857143,36,0.8333333333333333,1.0,6,-1
1897516,1979805,5,2.7905531327562363,0.7142857142857143,36,0.8333333333333333,1.0,9,-1
1897516,1991179,5,2.7905531327562363,0.7142857142857143,36,0.8333333333333333,1.0,9,-1
1897516,2025286,5,2.7905531327562363,0.7142857142857143,36,0.8333333333333333,1.0,6,-1
1897676,1953383,4,2.163029961668864,0.5,35,0.6285714285714286,1.0,0,-1
1897676,1954967,6,3.372699835381325,0.75,49,1.0107142857142857,1.0,0,-1
1897676,1991292,4,2.0225933740722404,0.5,35,0.5535714285714286,1.0,0,-1
1897681,1952541,0,0.0,0.0,1,0.0,1.0,1,1
1897682,1905097,1,0.7213475204444817,0.2,8,0.25,1.0,2,1
1897682,1955211,1,0.7213475204444817,0.2,8,0.25,1.0,0,1
1897728,1956738,6,4.02062335870729,0.75,49,1.3428571428571427,1.0,3,1
1897728,1974365,3,1.9565933832587141,0.375,28,0.6428571428571428,1.0,0,-1
1897728,2035287,3,1.9565933832587141,0.375,28,0.6428571428571428,1.0,3,-1
1897755,1898881,8,3.640956906507349,0.8,81,0.8888888888888891,1.0,13,-1
1897755,1899408,8,3.640956906507349,0.8,81,0.8888888888888891,1.0,13,-1
1897755,1916557,8,3.640956906507349,0.8,81,0.8888888888888891,1.0,9,-1
1897755,1957181,8,3.640956906507349,0.8,81,0.8888888888888891,1.0,9,-1
1897755,1979318,8,3.640956906507349,0.8,81,0.8888888888888891,1.0,9,-1
1897755,2035597,8,3.640956906507349,0.8,81,0.8888888888888891,1.0,13,-1
1897844,1902359,2,1.8204784532536746,0.5,9,0.6666666666666666,1.0,0,-1
1897844,1959651,2,1.8204784532536746,0.5,9,0.6666666666666666,1.0,0,1
1897875,1897884,3,1.897814654202382,0.6,16,0.6111111111111112,1.0,0,-1
1897875,1898344,3,1.897814654202382,0.6,16,0.6111111111111112,1.0,1,-1
1897875,1906850,3,1.8978146542023822,0.6,16,0.6111111111111112,1.0,0,-1
1897884,1898344,3,1.897814654202382,0.6,16,0.6111111111111112,1.0,0,-1
1897884,1906850,3,1.897814654202382,0.6,16,0.6111111111111112,1.0,0,-1
1898048,1906385,4,2.4853397382384474,0.6666666666666666,25,0.8,1.0,6,-1
1898048,1986693,4,2.4853397382384474,0.6666666666666666,25,0.8,1.0,5,-1
1898048,1986711,4,2.4853397382384474,0.6666666666666666,25,0.8,1.0,5,-1
1898048,1998407,4,2.4853397382384474,0.6666666666666666,25,0.8,1.0,5,-1
1898048,2032662,4,2.4853397382384474,0.6666666666666666,25,0.8,1.0,5,-1
1898057,1899244,1,1.4426950408889634,0.3333333333333333,4,0.5,1.0,2,1
1898057,1906768,1,1.4426950408889634,0.3333333333333333,4,0.5,1.0,0,1
1898080,1910040,3,2.164042561333445,0.6,16,0.75,1.0,0,-1
1898080,1955039,3,2.164042561333445,0.6,16,0.75,1.0,0,-1
1898130,1933264,1,1.4426950408889634,0.3333333333333333,4,0.5,1.0,4,-1
1898130,1979702,1,1.4426950408889634,0.3333333333333333,4,0.5,1.0,4,-1
1898134,1900563,6,2.986524103273,0.75,49,0.805194805194805,1.0,6,-1
1898134,1910582,6,2.986524103273,0.75,49,0.805194805194805,1.0,0,-1
1898134,1911952,6,2.986524103273,0.75,49,0.805194805194805,1.0,9,-1
1898134,1991316,6,2.986524103273,0.75,49,0.805194805194805,1.0,6,-1
1898134,2025406,6,2.986524103273,0.75,49,0.805194805194805,1.0,6,-1
1898220,1906668,1,1.4426950408889634,0.3333333333333333,4,0.5,1.0,0,1
1898220,1914103,1,1.4426950408889634,0.3333333333333333,4,0.5,1.0,0,1
1898227,1899025,2,1.8204784532536746,0.5,9,0.6666666666666666,1.0,2,-1
1898227,1992872,2,1.8204784532536746,0.5,9,0.6666666666666666,1.0,0,-1
1898344,1906850,3,1.8978146542023822,0.6,16,0.6111111111111112,1.0,0,-1
1898406,1934695,2,1.8204784532536746,0.5,9,0.6666666666666666,1.0,4,-1
1898406,1942296,2,1.8204784532536746,0.5,9,0.6666666666666666,1.0,4,1
1898406,1990855,2,1.8204784532536746,0.5,9,0.6666666666666666,1.0,0,1
1898430,1917792,3,2.164042561333445,0.6,16,0.75,1.0,4,-1
1898430,1955128,3,2.164042561333445,0.6,16,0.75,1.0,4,-1
1898479,1905188,8,3.5142960319469814,0.8,81,0.8253968253968254,1.0,9,-1
1898479,1915418,8,3.5142960319469814,0.8,81,0.8253968253968254,1.0,14,-1
1898479,1955096,8,3.5142960319469814,0.8,81,0.8253968253968254,1.0,14,-1
1898479,1997739,8,3.5142960319469814,0.8,81,0.8253968253968254,1.0,9,1
1898479,2000237,8,3.5142960319469814,0.8,81,0.8253968253968254,1.0,14,-1
1898479,2000245,8,3.5142960319469814,0.8,81,0.8253968253968254,1.0,14,-1
1898479,2034371,8,3.5142960319469814,0.8,81,0.8253968253968254,1.0,14,-1
1898526,2028032,1,1.4426950408889634,0.3333333333333333,4,0.5,1.0,0,-1
1898526,2033705,1,1.4426950408889634,0.3333333333333333,4,0.5,1.0,0,-1
1898590,1961580,0,0.0,0.0,1,0.0,1.0,2,-1
1898632,1906209,13,5.410117673257347,0.8666666666666667,196,1.1823593073593075,1.0,10,1
1898632,1943248,13,5.410117673257347,0.8666666666666667,196,1.1823593073593075,1.0,10,1
1898632,1956988,7,2.805948159438832,0.4666666666666667,112,0.5833333333333333,1.0,7,1
1898632,1993957,7,2.805948159438832,0.4666666666666667,112,0.5833333333333333,1.0,7,-1
1898632,1996266,7,2.805948159438832,0.4666666666666667,112,0.5833333333333333,1.0,7,1
1898847,1954060,1,1.4426950408889634,0.3333333333333333,4,0.5,1.0,3,-1
1898881,1899408,8,3.640956906507349,0.8,81,0.8888888888888891,1.0,13,-1
1898881,1916557,8,3.640956906507349,0.8,81,0.8888888888888891,1.0,9,-1
1898881,1957181,8,3.640956906507349,0.8,81,0.8888888888888891,1.0,9,-1
1898881,1979318,8,3.640956906507349,0.8,81,0.8888888888888891,1.0,9,-1
1898881,2035597,8,3.640956906507349,0.8,81,0.8888888888888891,1.0,13,-1
1898967,1936843,2,1.8204784532536746,0.5,9,0.6666666666666666,1.0,2,-1
1898967,1936875,2,1.8204784532536746,0.5,9,0.6666666666666666,1.0,0,-1
1898967,1974663,2,1.8204784532536746,0.5,9,0.6666666666666666,1.0,2,-1
1899025,1992872,2,1.8204784532536746,0.5,9,0.6666666666666666,1.0,0,-1
1899174,1901541,2,1.8204784532536746,0.5,9,0.6666666666666666,1.0,3,-1
1899174,1905588,2,1.8204784532536746,0.5,9,0.6666666666666666,1.0,3,-1
1899174,1977633,2,1.8204784532536746,0.5,9,0.6666666666666666,1.0,4,-1
1899244,1906768,1,1.4426950408889634,0.3333333333333333,4,0.5,1.0,0,1
1899306,1901968,3,2.164042561333445,0.25,44,0.75,1.0,0,-1
1899306,1922081,3,1.8597274323132098,0.6,16,0.5909090909090909,1.0,3,-1
1899306,1954367,3,1.8597274323132098,0.6,16,0.5909090909090909,1.0,3,-1
1899408,1916557,8,3.640956906507349,0.8,81,0.8888888888888891,1.0,9,-1
1899408,1957181,8,3.640956906507349,0.8,81,0.8888888888888891,1.0,9,-1
1899408,1979318,8,3.640956906507349,0.8,81,0.8888888888888891,1.0,9,-1
1899408,2035597,8,3.640956906507349,0.8,81,0.8888888888888891,1.0,13,-1
1899857,1954111,1,0.9102392266268373,0.25,6,0.3333333333333333,1.0,2,-1
1899857,1955689,2,2.8853900817779268,0.5,9,1.0,1.0,3,1
1899922,1902120,3,2.164042561333445,0.6,16,0.75,1.0,0,-1
1899922,1954105,3,2.164042561333445,0.6,16,0.75,1.0,0,-1
1899922,1954454,3,2.164042561333445,0.6,16,0.75,1.0,0,-1
1900131,1907962,11,5.024581906821879,0.8461538461538461,144,1.2341269841269842,1.0,16,-1
1900131,1910991,11,5.024581906821879,0.8461538461538461,144,1.2341269841269842,1.0,16,-1
1900131,1911006,11,5.024581906821879,0.8461538461538461,144,1.2341269841269842,1.0,16,-1
1900131,1956398,6,2.63751510226688,0.46153846153846156,84,0.619047619047619,1.0,10,-1
1900131,1988405,8,3.430196870781053,0.6153846153846154,108,0.7777777777777777,1.0,14,-1
1900131,1999932,8,3.430196870781053,0.6153846153846154,108,0.7777777777777777,1.0,14,-1
1900131,2028479,8,3.430196870781053,0.6153846153846154,108,0.7777777777777777,1.0,8,-1
1900131,2035711,8,3.430196870781053,0.6153846153846154,108,0.7777777777777777,1.0,0,-1
1900131,2035721,8,3.430196870781053,0.6153846153846154,108,0.7777777777777777,1.0,8,-1
1900392,1917325,2,1.8204784532536746,0.5,9,0.6666666666666666,1.0,0,-1
1900392,1942891,2,1.8204784532536746,0.5,9,0.6666666666666666,1.0,0,-1
1900392,1954995,2,1.8204784532536746,0.5,9,0.6666666666666666,1.0,2,-1
1900471,1953677,2,1.8204784532536746,0.5,9,0.6666666666666666,1.0,0,-1
1900471,1973562,2,1.8204784532536746,0.5,9,0.6666666666666666,1.0,0,-1
1900563,1910582,6,2.986524103273,0.75,49,0.805194805194805,1.0,0,-1
1900563,1911952,6,2.986524103273,0.75,49,0.805194805194805,1.0,6,-1
1900563,1991316,6,2.986524103273,0.75,49,0.805194805194805,1.0,6,-1
1900563,2025406,6,2.986524103273,0.75,49,0.805194805194805,1.0,7,-1
1901074,1901900,4,2.4853397382384474,0.6666666666666666,25,0.8,1.0,9,-1
1901074,1931220,4,2.4853397382384474,0.6666666666666666,25,0.8,1.0,9,-1
1901074,2035698,4,2.4853397382384474,0.6666666666666666,25,0.8,1.0,9,-1
1901523,1901777,5,2.7905531327562363,0.7142857142857143,36,0.8333333333333333,1.0,8,-1
1901523,1901782,5,2.7905531327562363,0.7142857142857143,36,0.8333333333333333,1.0,8,1
1901523,1908644,5,2.7905531327562363,0.7142857142857143,36,0.8333333333333333,1.0,6,-1
1901523,1916600,5,2.7905531327562363,0.7142857142857143,36,0.8333333333333333,1.0,6,-1
1901523,1918007,5,2.7905531327562363,0.7142857142857143,36,0.8333333333333333,1.0,6,-1
1901523,1954393,5,2.7905531327562363,0.7142857142857143,36,0.8333333333333333,1.0,6,-1
1901524,1954975,1,1.4426950408889634,0.3333333333333333,4,0.5,1.0,2,-1
1901541,1905588,2,1.8204784532536746,0.5,9,0.6666666666666666,1.0,3,-1
1901541,1977633,2,1.8204784532536746,0.5,9,0.6666666666666666,1.0,3,-1
1901575,1990358,2,1.8204784532536746,0.5,9,0.6666666666666666,1.0,4,-1
1901627,1912936,3,2.164042561333445,0.3333333333333333,32,0.75,1.0,6,-1
1901627,1928140,3,1.923593387851951,0.6,16,0.625,1.0,4,-1
1901627,1976308,3,1.923593387851951,0.6,16,0.625,1.0,6,-1
1901657,1918738,2,1.8204784532536746,0.5,9,0.6666666666666666,1.0,6,1
1901657,1955618,2,1.8204784532536746,0.5,9,0.6666666666666666,1.0,6,-1
1901657,1955845,2,1.8204784532536746,0.5,9,0.6666666666666666,1.0,6,-1
1901718,1908849,5,2.6875621195184074,0.5,54,0.7777777777777777,1.0,7,-1
1901718,1916162,2,0.9102392266268373,0.25,24,0.2222222222222222,0.5,3,-1
1901718,1974884,5,2.5845711062805794,0.7142857142857143,36,0.7222222222222222,1.0,6,-1
1901718,2028505,5,2.5845711062805785,0.7142857142857143,36,0.7222222222222221,1.0,6,-1
1901718,2033837,5,2.5845711062805785,0.7142857142857143,36,0.7222222222222222,1.0,6,-1
1901777,1901782,5,2.7905531327562363,0.7142857142857143,36,0.8333333333333333,1.0,8,1
1901777,1908644,5,2.7905531327562363,0.7142857142857143,36,0.8333333333333333,1.0,6,-1
1901777,1916600,5,2.7905531327562363,0.7142857142857143,36,0.8333333333333333,1.0,6,-1
1901777,1918007,5,2.7905531327562363,0.7142857142857143,36,0.8333333333333333,1.0,6,-1
1901777,1954393,5,2.7905531327562363,0.7142857142857143,36,0.8333333333333333,1.0,6,-1
1901782,1908644,5,2.7905531327562363,0.7142857142857143,36,0.8333333333333333,1.0,6,-1
1901782,1916600,5,2.7905531327562363,0.7142857142857143,36,0.8333333333333333,1.0,6,-1
1901782,1918007,5,2.7905531327562363,0.7142857142857143,36,0.8333333333333333,1.0,6,-1
1901782,1954393,5,2.7905531327562363,0.7142857142857143,36,0.8333333333333333,1.0,6,-1
1901900,1931220,4,2.4853397382384474,0.6666666666666666,25,0.8,1.0,9,-1
1901900,2035698,4,2.4853397382384474,0.6666666666666666,25,0.8,1.0,9,-1
1901902,1912613,1,0.48089834696298783,0.1111111111111111,16,0.125,1.0,0,-1
1901968,1922081,3,2.164042561333445,0.25,44,0.75,1.0,0,-1
1901968,1954367,3,2.164042561333445,0.25,44,0.75,1.0,0,-1
1902078,1908858,4,2.4853397382384474,0.6666666666666666,25,0.8,1.0,0,-1
1902078,1919215,4,2.4853397382384474,0.6666666666666666,25,0.8,1.0,3,-1
1902078,1925503,4,2.4853397382384474,0.6666666666666666,25,0.8,1.0,3,-1
1902078,1954615,4,2.4853397382384474,0.6666666666666666,25,0.8,1.0,0,-1
1902078,1955787,4,2.4853397382384474,0.6666666666666666,25,0.8,1.0,4,-1
1902120,1954105,3,2.164042561333445,0.6,16,0.75,1.0,6,-1
1902120,1954454,3,2.164042561333445,0.6,16,0.75,1.0,6,-1
1902234,1908430,3,2.164042561333445,0.6,16,0.75,1.0,0,1
1902240,1921901,2,1.8204784532536746,0.5,9,0.6666666666666666,1.0,2,-1
1902240,1933191,2,1.8204784532536746,0.5,9,0.6666666666666666,1.0,0,-1
1902359,1959651,2,1.8204784532536746,0.5,9,0.6666666666666666,1.0,2,-1
1902362,1905220,7,3.3147309614417764,0.7777777777777778,64,0.8472222222222223,1.0,6,-1
1902362,1918113,7,3.3147309614417764,0.7777777777777778,64,0.8472222222222223,1.0,0,-1
1902362,1918784,7,3.3147309614417764,0.7777777777777778,64,0.8472222222222223,1.0,6,-1
1902362,1928473,7,3.3405096950913458,0.7,72,0.8611111111111112,1.0,0,-1
1902362,1956218,7,3.3147309614417764,0.7777777777777778,64,0.8472222222222223,1.0,6,-1
1902362,1975802,7,3.3147309614417764,0.7777777777777778,64,0.8472222222222223,1.0,6,-1
1902362,1976683,2,0.9102392266268373,0.25,16,0.2222222222222222,0.5,2,-1
1902362,2033011,7,3.3147309614417764,0.7777777777777778,64,0.8472222222222223,1.0,6,-1
1902535,1954320,8,3.5266952408398318,0.8,81,0.8282828282828283,1.0,0,-1
1902535,1954669,8,3.564782462729004,0.6666666666666666,99,0.8484848484848484,1.0,8,-1
1902535,1954978,8,3.5266952408398318,0.8,81,0.8282828282828283,1.0,8,-1
1902535,1955524,8,3.5266952408398318,0.8,81,0.8282828282828283,1.0,8,-1
1902535,1955729,3,1.251097174272739,0.3,36,0.2727272727272727,0.5,4,-1
1902535,1955906,8,3.5266952408398318,0.8,81,0.8282828282828283,1.0,8,-1
1902535,1956699,3,1.251097174272739,0.3,36,0.2727272727272727,0.5,5,-1
1902745,1907514,1,0.4170323914242463,0.05555555555555555,34,0.09090909090909091,0.5,2,-1
1902745,1954324,8,4.181049058815685,0.4444444444444444,153,1.1797979797979796,1.0,15,1
1902745,1954351,8,4.181049058815685,0.4444444444444444,153,1.1797979797979796,1.0,15,1
1902745,1954897,5,2.3405018579157493,0.2777777777777778,102,0.5909090909090908,1.0,6,-1
1902745,1955033,5,2.3405018579157497,0.2777777777777778,102,0.5909090909090909,1.0,11,-1
1902745,1955688,5,2.3405018579157493,0.2777777777777778,102,0.5909090909090908,1.0,10,-1
1902745,1956095,1,0.4170323914242463,0.05555555555555555,34,0.09090909090909091,0.5,0,-1
1902842,1903046,4,3.6409569065073493,0.6666666666666666,25,1.3333333333333333,1.0,8,1
1902842,1955264,2,1.531574161186449,0.3333333333333333,15,0.5333333333333333,1.0,5,-1
1902842,1956407,2,1.531574161186449,0.3333333333333333,15,0.5333333333333333,1.0,3,1
1902842,1978810,2,1.531574161186449,0.3333333333333333,15,0.5333333333333333,1.0,5,-1
1903046,1955264,2,1.531574161186449,0.3333333333333333,15,0.5333333333333333,1.0,5,-1
1903046,1956407,2,1.531574161186449,0.3333333333333333,15,0.5333333333333333,1.0,3,1
1903046,1978810,2,1.531574161186449,0.3333333333333333,15,0.5333333333333333,1.0,5,-1
1903065,1961505,5,3.0802386426662,0.7142857142857143,36,0.9833333333333334,1.0,0,1
1903065,1962291,5,3.0802386426662,0.7142857142857143,36,0.9833333333333334,1.0,0,1
1903065,1963767,5,3.0802386426662,0.7142857142857143,36,0.9833333333333334,1.0,1,1
1903083,1914883,1,1.4426950408889634,0.08333333333333333,22,0.5,1.0,0,-1
1903083,1921589,1,0.4170323914242463,0.14285714285714285,12,0.09090909090909091,0.5,0,-1
1903083,1952610,1,0.4170323914242463,0.14285714285714285,12,0.09090909090909091,0.5,0,-1
1903083,1955162,1,0.4170323914242463,0.25,6,0.09090909090909091,0.5,0,-1
1903083,1966215,1,0.4170323914242463,0.3333333333333333,4,0.09090909090909091,0.5,0,-1
1903194,1908441,1,0.7213475204444817,0.08333333333333333,36,0.25,0.5,0,-1
1903194,1932447,2,1.631586747071319,0.2,27,0.5833333333333333,1.0,2,-1
1903225,1955578,0,0.0,0.0,1,0.0,1.0,1,1
1903273,1903278,8,3.640956906507349,0.8,81,0.8888888888888891,1.0,4,-1
1903273,1959416,8,3.640956906507349,0.8,81,0.8888888888888891,1.0,4,-1
1903273,1962047,8,3.640956906507349,0.8,81,0.8888888888888891,1.0,0,-1
1903273,1962649,8,3.640956906507349,0.8,81,0.8888888888888891,1.0,0,-1
1903273,1962875,8,3.640956906507349,0.8,81,0.8888888888888891,1.0,0,-1
1903278,1959416,8,3.640956906507349,0.8,81,0.8888888888888891,1.0,4,-1
1903278,1962047,8,3.640956906507349,0.8,81,0.8888888888888891,1.0,0,-1
1903278,1962649,8,3.640956906507349,0.8,81,0.8888888888888891,1.0,0,-1
1903278,1962875,8,3.640956906507349,0.8,81,0.8888888888888891,1.0,0,-1
1903325,1915163,3,2.164042561333445,0.6,16,0.75,1.0,4,1
1903351,1930364,3,2.164042561333445,0.6,16,0.75,1.0,4,-1
1903351,1955693,3,2.164042561333445,0.6,16,0.75,1.0,4,-1
1903351,1956315,3,2.164042561333445,0.6,16,0.75,1.0,4,-1
1903352,1921442,2,1.8204784532536746,0.5,9,0.6666666666666666,1.0,6,-1
1903352,1927255,2,1.8204784532536746,0.5,9,0.6666666666666666,1.0,6,-1
1903352,1954886,2,1.8204784532536746,0.5,9,0.6666666666666666,1.0,6,-1
1903377,1904541,2,1.4426950408889634,0.4,12,0.5,1.0,5,-1
1903377,1905239,3,2.541825973698156,0.6,16,0.9166666666666665,1.0,6,1
1903413,1912195,2,1.4683498531780845,0.5,9,0.5,1.0,0,-1
1903413,1913757,2,1.8204784532536746,0.2857142857142857,18,0.6666666666666666,1.0,0,-1
1903413,1914731,2,1.4683498531780845,0.5,9,0.5,1.0,2,-1
1903523,1955394,4,2.281037195103082,0.4444444444444444,40,0.6909090909090909,1.0,8,-1
1903523,1955751,4,2.2810371951030817,0.4444444444444444,40,0.690909090909091,1.0,5,-1
1903523,1955754,4,2.281037195103082,0.4444444444444444,40,0.6909090909090909,1.0,5,-1
1903537,1936173,2,1.8204784532536746,0.2,27,0.6666666666666666,1.0,0,-1
1903537,1956426,2,1.8204784532536746,0.2,27,0.6666666666666666,1.0,1,-1
1903593,1905089,5,2.7905531327562363,0.45454545454545453,60,0.8333333333333333,1.0,3,-1
1903593,1957447,5,2.7905531327562363,0.45454545454545453,60,0.8333333333333333,1.0,3,-1
1903593,1959368,3,2.164042561333445,0.2727272727272727,40,0.75,1.0,0,1
1903593,1961078,3,2.164042561333445,0.2727272727272727,40,0.75,1.0,3,1
1903593,1975681,5,2.7905531327562363,0.45454545454545453,60,0.8333333333333333,1.0,0,-1
1903593,1993495,5,2.7905531327562363,0.45454545454545453,60,0.8333333333333333,1.0,0,-1
1903593,2027542,5,2.7905531327562363,0.45454545454545453,60,0.8333333333333333,1.0,0,-1
1903612,2031195,1,1.4426950408889634,0.3333333333333333,4,0.5,1.0,2,-1
1903802,1957794,1,1.4426950408889634,0.3333333333333333,4,0.5,1.0,2,1
1903802,1957822,1,1.4426950408889634,0.3333333333333333,4,0.5,1.0,2,1
1903915,1903951,2,1.8204784532536746,0.5,9,0.6666666666666666,1.0,2,-1
1903915,1987732,2,1.8204784532536746,0.5,9,0.6666666666666666,1.0,0,-1
1903915,2033547,2,1.8204784532536746,0.5,9,0.6666666666666666,1.0,0,-1
1903951,1987732,2,1.8204784532536746,0.5,9,0.6666666666666666,1.0,0,-1
1903951,2033547,2,1.8204784532536746,0.5,9,0.6666666666666666,1.0,0,-1
1903967,1916547,1,1.4426950408889634,0.2,8,0.5,1.0,0,-1
1904011,1955995,3,2.164042561333445,0.6,16,0.75,1.0,3,-1
1904011,1956016,3,2.164042561333445,0.6,16,0.75,1.0,0,-1
1904263,1925350,3,1.923593387851951,0.3333333333333333,32,0.625,1.0,0,-1
1904263,1974404,4,2.3449031506418234,0.4444444444444444,40,0.7250000000000001,1.0,4,-1
1904263,1987756,3,1.923593387851951,0.3333333333333333,32,0.625,1.0,1,-1
1904263,1993962,3,1.923593387851951,0.3333333333333333,32,0.625,1.0,0,-1
1904263,1994206,4,2.3449031506418234,0.4444444444444444,40,0.7250000000000001,1.0,4,-1
1904263,2028090,4,2.3449031506418234,0.4444444444444444,40,0.7250000000000001,1.0,4,-1
1904263,2035324,4,2.3449031506418234,0.4444444444444444,40,0.7250000000000001,1.0,4,-1
1904337,1915089,5,2.7905531327562363,0.7142857142857143,36,0.8333333333333333,1.0,6,-1
1904337,1973576,5,2.7905531327562363,0.7142857142857143,36,0.8333333333333333,1.0,6,-1
1904337,1987060,5,2.7905531327562363,0.7142857142857143,36,0.8333333333333333,1.0,6,-1
1904337,1987104,5,2.7905531327562363,0.7142857142857143,36,0.8333333333333333,1.0,6,-1
1904337,1993432,5,2.7905531327562363,0.7142857142857143,36,0.8333333333333333,1.0,6,-1
1904349,1952049,1,1.4426950408889634,0.2,8,0.5,1.0,0,1
1904349,1971554,1,1.4426950408889634,0.2,8,0.5,1.0,0,-1
1904364,1969872,5,2.7905531327562363,0.7142857142857143,36,0.8333333333333333,1.0,6,-1
1904364,1979805,5,2.7905531327562363,0.7142857142857143,36,0.8333333333333333,1.0,9,-1
1904364,1991179,5,2.7905531327562363,0.7142857142857143,36,0.8333333333333333,1.0,9,-1
1904364,2025286,5,2.7905531327562363,0.7142857142857143,36,0.8333333333333333,1.0,6,-1
1904432,1905020,1,1.4426950408889634,0.3333333333333333,4,0.5,1.0,2,1
1904432,1913390,1,1.4426950408889634,0.3333333333333333,4,0.5,1.0,2,-1
1904541,1905239,2,1.4426950408889634,0.4,12,0.5,1.0,5,-1
1904615,1955468,1,1.4426950408889634,0.3333333333333333,4,0.5,1.0,2,-1
1904635,1907676,6,3.083390054218504,0.75,49,0.857142857142857,1.0,7,-1
1904635,1955272,6,3.083390054218504,0.75,49,0.857142857142857,1.0,7,-1
1904635,1955640,6,3.083390054218504,0.75,49,0.857142857142857,1.0,7,-1
1904635,1955853,6,3.083390054218504,0.75,49,0.857142857142857,1.0,7,-1
1904635,1955870,6,3.083390054218504,0.75,49,0.857142857142857,1.0,7,-1
1904635,1956829,6,3.083390054218504,0.75,49,0.857142857142857,1.0,7,-1
1904689,1943998,5,2.7905531327562363,0.7142857142857143,36,0.8333333333333333,1.0,2,1
1904689,1993370,5,2.7905531327562363,0.7142857142857143,36,0.8333333333333333,1.0,0,-1
1904689,1993383,5,2.7905531327562363,0.7142857142857143,36,0.8333333333333333,1.0,0,-1
1904689,2033759,5,2.7905531327562363,0.7142857142857143,36,0.8333333333333333,1.0,0,-1
1904689,2035320,5,2.7905531327562363,0.7142857142857143,36,0.8333333333333333,1.0,0,-1
1904820,1970384,2,1.8204784532536746,0.5,9,0.6666666666666666,1.0,2,-1
1904820,2026894,2,1.8204784532536746,0.5,9,0.6666666666666666,1.0,2,-1
1904839,1913231,1,1.4426950408889634,0.14285714285714285,12,0.5,1.0,2,-1
1904839,1954513,1,0.5581106265512472,0.3333333333333333,4,0.16666666666666666,1.0,2,-1
1904891,1915065,3,2.164042561333445,0.6,16,0.75,1.0,7,-1
1905020,1913390,1,1.4426950408889634,0.3333333333333333,4,0.5,1.0,3,-1
1905050,1906440,3,1.9565933832587141,0.375,28,0.6428571428571428,1.0,3,-1
1905050,1954607,3,1.9565933832587141,0.375,28,0.6428571428571428,1.0,4,-1
1905050,2034644,3,1.7491442051839832,0.6,16,0.5357142857142857,1.0,0,-1
1905089,1957447,5,2.666736988108241,0.7142857142857143,36,0.7666666666666666,1.0,3,-1
1905089,1959368,1,0.43429448190325176,0.1111111111111111,24,0.1,0.5,0,-1
1905089,1961078,1,0.43429448190325176,0.1111111111111111,24,0.1,0.5,2,-1
1905089,1975681,5,2.666736988108241,0.7142857142857143,36,0.7666666666666666,1.0,0,-1
1905089,1993495,5,2.666736988108241,0.7142857142857143,36,0.7666666666666666,1.0,0,-1
1905089,2027542,5,2.666736988108241,0.7142857142857143,36,0.7666666666666666,1.0,0,-1
1905097,1955211,3,3.263173494142638,0.6,16,1.1666666666666665,1.0,0,1
1905188,1915418,8,3.5142960319469814,0.8,81,0.8253968253968254,1.0,9,-1
1905188,1955096,8,3.5142960319469814,0.8,81,0.8253968253968254,1.0,9,-1
1905188,1997739,8,3.5142960319469814,0.8,81,0.8253968253968254,1.0,9,-1
1905188,2000237,8,3.5142960319469814,0.8,81,0.8253968253968254,1.0,9,-1
1905188,2000245,8,3.5142960319469814,0.8,81,0.8253968253968254,1.0,9,-1
1905188,2034371,8,3.5142960319469814,0.8,81,0.8253968253968254,1.0,9,-1
1905220,1918113,7,3.3147309614417764,0.7777777777777778,64,0.8472222222222222,1.0,0,-1
1905220,1918784,7,3.3147309614417764,0.7777777777777778,64,0.8472222222222222,1.0,6,-1
1905220,1928473,7,3.3405096950913458,0.7,72,0.8611111111111112,1.0,0,-1
1905220,1956218,7,3.3147309614417764,0.7777777777777778,64,0.8472222222222222,1.0,7,-1
1905220,1975802,7,3.3147309614417764,0.7777777777777778,64,0.8472222222222222,1.0,6,-1
1905220,1976683,2,0.9102392266268373,0.25,16,0.2222222222222222,0.5,2,-1
1905220,2033011,7,3.3147309614417764,0.7777777777777778,64,0.8472222222222222,1.0,6,-1
1905375,1919105,0,0.0,0.0,4,0.0,1.0,0,-1
1905448,1953443,1,0.40242960438184466,0.09090909090909091,36,0.08333333333333333,0.5,2,-1
1905448,1955222,1,0.40242960438184466,0.1111111111111111,24,0.08333333333333333,0.5,2,-1
1905448,1955802,1,0.40242960438184466,0.1111111111111111,24,0.08333333333333333,0.5,2,-1
1905448,1984915,5,2.6348721105868336,0.7142857142857143,36,0.7499999999999999,1.0,5,-1
1905448,2025349,5,2.6348721105868336,0.7142857142857143,36,0.7499999999999999,1.0,5,-1
1905496,1952077,3,2.164042561333445,0.2727272727272727,40,0.75,1.0,4,-1
1905496,1952340,3,2.164042561333445,0.2727272727272727,40,0.75,1.0,4,-1
1905496,1956439,3,2.164042561333445,0.2727272727272727,40,0.75,1.0,4,-1
1905496,1956449,3,2.164042561333445,0.2727272727272727,40,0.75,1.0,4,-1
1905588,1977633,2,1.8204784532536746,0.5,9,0.6666666666666666,1.0,3,-1
1905680,1905685,19,9.096719644587836,0.9047619047619048,400,2.354700854700855,1.0,8,1
1905680,1920629,7,3.140729539892118,0.3333333333333333,160,0.7583333333333333,1.0,0,-1
1905680,1924623,11,5.283401407378284,0.5238095238095238,240,1.3769230769230767,1.0,4,1
1905680,1925625,7,3.140729539892118,0.3333333333333333,160,0.7583333333333333,1.0,0,-1
1905680,1931477,7,3.140729539892118,0.3333333333333333,160,0.7583333333333333,1.0,0,-1
1905680,1974111,7,3.140729539892118,0.3333333333333333,160,0.7583333333333333,1.0,0,-1
1905680,2027869,7,3.140729539892118,0.3333333333333333,160,0.7583333333333333,1.0,0,-1
1905685,1920629,7,3.140729539892118,0.3333333333333333,160,0.7583333333333333,1.0,0,-1
1905685,1924623,11,5.283401407378284,0.5238095238095238,240,1.3769230769230767,1.0,4,1
1905685,1925625,7,3.140729539892118,0.3333333333333333,160,0.7583333333333333,1.0,0,-1
1905685,1931477,7,3.140729539892118,0.3333333333333333,160,0.7583333333333333,1.0,0,-1
1905685,1974111,7,3.140729539892118,0.3333333333333333,160,0.7583333333333333,1.0,0,-1
1905685,2027869,7,3.140729539892118,0.3333333333333333,160,0.7583333333333333,1.0,0,-1
1905826,1955408,1,1.4426950408889634,0.3333333333333333,4,0.5,1.0,0,-1
1905884,1954271,3,2.164042561333445,0.6,16,0.75,1.0,0,-1
1905884,1954642,3,2.164042561333445,0.6,16,0.75,1.0,4,-1
1905884,1954912,3,2.164042561333445,0.6,16,0.75,1.0,0,-1
1906209,1943248,13,5.410117673257347,0.8666666666666667,196,1.1823593073593075,1.0,10,1
1906209,1956988,7,2.805948159438832,0.4666666666666667,112,0.5833333333333333,1.0,7,1
1906209,1993957,7,2.805948159438832,0.4666666666666667,112,0.5833333333333333,1.0,7,-1
1906209,1996266,7,2.805948159438832,0.4666666666666667,112,0.5833333333333333,1.0,7,1
1906383,1993936,2,1.8204784532536746,0.5,9,0.6666666666666666,1.0,3,-1
1906383,1993954,2,1.8204784532536746,0.5,9,0.6666666666666666,1.0,3,-1
1906385,1986693,4,2.4853397382384474,0.6666666666666666,25,0.8,1.0,5,-1
1906385,1986711,4,2.4853397382384474,0.6666666666666666,25,0.8,1.0,5,-1
1906385,1998407,4,2.4853397382384474,0.6666666666666666,25,0.8,1.0,5,-1
1906385,2032662,4,2.4853397382384474,0.6666666666666666,25,0.8,1.0,5,-1
1906440,1954607,6,4.328085122666891,0.75,49,1.5,1.0,6,1
1906440,2034644,3,1.9565933832587141,0.375,28,0.6428571428571428,1.0,0,-1
1906547,1954312,2,1.8204784532536746,0.5,9,0.6666666666666666,1.0,3,1
1906547,1954325,2,1.8204784532536746,0.5,9,0.6666666666666666,1.0,3,1
1906595,1914395,5,2.7905531327562363,0.7142857142857143,36,0.8333333333333333,1.0,5,-1
1906595,1921906,5,2.7905531327562363,0.7142857142857143,36,0.8333333333333333,1.0,0,-1
1906595,1935709,5,2.7905531327562363,0.7142857142857143,36,0.8333333333333333,1.0,4,-1
1906595,1976380,5,2.7905531327562363,0.7142857142857143,36,0.8333333333333333,1.0,4,-1
1906595,1976384,5,2.7905531327562363,0.7142857142857143,36,0.8333333333333333,1.0,0,-1
1906668,1914103,1,1.4426950408889634,0.3333333333333333,4,0.5,1.0,1,1
1906749,1997022,1,1.4426950408889634,0.3333333333333333,4,0.5,1.0,0,-1
1906749,1997025,1,1.4426950408889634,0.3333333333333333,4,0.5,1.0,0,-1
1906751,1922166,2,1.631586747071319,0.4,12,0.5833333333333333,1.0,3,-1
1906751,1922310,2,1.4426950408889634,0.5,9,0.5,1.0,4,-1
1906751,1933132,2,1.631586747071319,0.4,12,0.5833333333333333,1.0,3,-1
1906751,1953758,2,1.4426950408889634,0.6666666666666666,6,0.5,0.5,0,-1
1906818,1907127,3,1.7491442051839832,0.6,16,0.5357142857142857,1.0,4,-1
1907218,1916524,5,2.8955897708880793,0.7142857142857143,36,0.8845238095238095,1.0,0,1
1907218,1934408,3,1.5971196000654821,0.42857142857142855,24,0.45833333333333326,1.0,0,1
1907233,1987236,1,1.4426950408889634,0.3333333333333333,4,0.5,1.0,3,-1
1907462,1933157,7,4.649382299571893,0.7777777777777778,64,1.5499999999999998,1.0,10,1
1907462,1954711,4,2.3449031506418234,0.4444444444444444,40,0.7250000000000001,1.0,8,-1
1907462,1954761,4,2.3449031506418234,0.4444444444444444,40,0.7250000000000001,1.0,8,-1
1907462,1955069,4,2.3449031506418234,0.4444444444444444,40,0.7250000000000001,1.0,5,-1
1907514,1954324,1,0.4170323914242463,0.1,18,0.09090909090909091,0.5,2,-1
1907514,1954351,1,0.4170323914242463,0.1,18,0.09090909090909091,0.5,2,-1
1907514,1954897,1,0.4170323914242463,0.14285714285714285,12,0.09090909090909091,0.5,2,-1
1907514,1955033,1,0.4170323914242463,0.14285714285714285,12,0.09090909090909091,0.5,2,-1
1907514,1955688,1,0.4170323914242463,0.14285714285714285,12,0.09090909090909091,0.5,2,-1
1907514,1956095,1,0.4170323914242463,0.3333333333333333,4,0.09090909090909091,1.0,0,-1
1907648,1924382,5,2.7905531327562363,0.7142857142857143,36,0.8333333333333333,1.0,5,-1
1907648,1980052,5,2.7905531327562363,0.7142857142857143,36,0.8333333333333333,1.0,5,-1
1907648,1994247,5,2.7905531327562363,0.7142857142857143,36,0.8333333333333333,1.0,5,-1
1907648,1994944,5,2.7905531327562363,0.7142857142857143,36,0.8333333333333333,1.0,6,-1
1907648,2036034,5,2.7905531327562363,0.7142857142857143,36,0.8333333333333333,1.0,0,-1
1907676,1955272,6,3.083390054218504,0.75,49,0.857142857142857,1.0,7,-1
1907676,1955640,6,3.083390054218504,0.75,49,0.857142857142857,1.0,7,-1
1907676,1955853,6,3.083390054218504,0.75,49,0.857142857142857,1.0,11,-1
1907676,1955870,6,3.083390054218504,0.75,49,0.857142857142857,1.0,11,-1
1907676,1956829,6,3.083390054218504,0.75,49,0.857142857142857,1.0,11,-1
1907707,1912753,6,2.971921316230598,0.75,49,0.7976190476190477,1.0,7,1
1907707,1933110,6,2.971921316230598,0.75,49,0.7976190476190477,1.0,4,-1
1907707,1954806,6,3.083390054218504,0.46153846153846156,84,0.857142857142857,1.0,7,-1
1907707,1955185,6,2.971921316230598,0.75,49,0.7976190476190477,1.0,0,-1
1907707,1955187,6,2.971921316230598,0.75,49,0.7976190476190477,1.0,0,-1
1907707,1955764,6,2.971921316230598,0.75,49,0.7976190476190477,1.0,7,-1
1907707,1956380,6,2.971921316230598,0.75,49,0.7976190476190476,1.0,0,-1
1907718,1914600,6,3.083390054218504,0.6666666666666666,56,0.857142857142857,1.0,0,-1
1907718,1923985,6,3.0503900588117414,0.75,49,0.8392857142857142,1.0,0,-1
1907718,1924706,6,3.0503900588117414,0.75,49,0.8392857142857142,1.0,0,-1
1907718,1925325,6,3.0503900588117414,0.75,49,0.8392857142857142,1.0,0,-1
1907718,1933643,6,3.0503900588117414,0.75,49,0.8392857142857142,1.0,1,-1
1907718,1954223,1,0.48089834696298783,0.14285714285714285,7,0.125,0.5,0,-1
1907718,1993156,6,3.0503900588117414,0.75,49,0.8392857142857142,1.0,0,-1
1907718,2027883,6,3.0503900588117414,0.75,49,0.8392857142857142,1.0,0,-1
1907903,1955224,0,0.0,0.0,1,0.0,1.0,1,-1
1907962,1910991,11,5.024581906821879,0.8461538461538461,144,1.2341269841269842,1.0,16,-1
1907962,1911006,11,5.024581906821879,0.8461538461538461,144,1.2341269841269842,1.0,16,-1
1907962,1956398,6,2.63751510226688,0.46153846153846156,84,0.619047619047619,1.0,10,-1
1907962,1988405,8,3.430196870781053,0.6153846153846154,108,0.7777777777777777,1.0,14,-1
1907962,1999932,8,3.430196870781053,0.6153846153846154,108,0.7777777777777777,1.0,14,-1
1907962,2028479,8,3.430196870781053,0.6153846153846154,108,0.7777777777777777,1.0,8,-1
1907962,2035711,8,3.430196870781053,0.6153846153846154,108,0.7777777777777777,1.0,0,-1
1907962,2035721,8,3.430196870781053,0.6153846153846154,108,0.7777777777777777,1.0,8,-1
1908023,1915474,3,2.164042561333445,0.6,16,0.75,1.0,4,-1
1908023,1953407,3,2.164042561333445,0.6,16,0.75,1.0,5,-1
1908023,1953707,3,2.164042561333445,0.6,16,0.75,1.0,4,-1
1908023,1954554,3,2.164042561333445,0.6,16,0.75,1.0,4,-1
1908037,1913838,4,2.4853397382384474,0.3333333333333333,55,0.8,1.0,4,-1
1908037,1978785,4,2.4853397382384474,0.3333333333333333,55,0.8,1.0,0,-1
1908037,1992813,4,2.4853397382384474,0.3333333333333333,55,0.8,1.0,4,-1
1908037,1994764,4,2.4853397382384474,0.3333333333333333,55,0.8,1.0,4,-1
1908068,1930843,7,3.2373947604930686,0.7,72,0.8055555555555556,1.0,0,-1
1908068,1935106,7,3.2373947604930686,0.7,72,0.8055555555555556,1.0,7,-1
1908068,1935408,7,3.2373947604930686,0.7,72,0.8055555555555556,1.0,7,-1
1908068,1935417,7,3.2373947604930686,0.7,72,0.8055555555555556,1.0,7,-1
1908068,1935423,7,3.2116160268434992,0.7777777777777778,64,0.7916666666666667,1.0,7,-1
1908068,1942876,7,3.2373947604930686,0.7,72,0.8055555555555556,1.0,7,-1
1908174,2028465,2,1.8204784532536746,0.5,9,0.6666666666666666,1.0,3,-1
1908174,2028468,2,1.8204784532536746,0.5,9,0.6666666666666666,1.0,3,-1
1908174,2035731,2,1.8204784532536746,0.5,9,0.6666666666666666,1.0,3,-1
1908259,1911167,5,2.6348721105868336,0.7142857142857143,36,0.75,1.0,5,-1
1908259,1912921,5,2.6348721105868336,0.7142857142857143,36,0.7499999999999999,1.0,6,-1
1908259,1931385,5,2.6348721105868336,0.7142857142857143,36,0.7499999999999999,1.0,5,-1
1908259,1976079,5,2.6348721105868336,0.7142857142857143,36,0.7499999999999999,1.0,0,-1
1908441,1932447,1,0.7213475204444817,0.16666666666666666,12,0.25,0.5,0,-1
1908523,1955677,7,2.886478370287805,0.7777777777777778,64,0.6234848484848485,1.0,0,-1
1908523,1955885,7,2.886478370287805,0.7777777777777778,64,0.6234848484848485,1.0,0,-1
1908523,1955902,7,2.886478370287805,0.7777777777777778,64,0.6234848484848485,1.0,0,-1
1908644,1916600,5,2.7905531327562363,0.7142857142857143,36,0.8333333333333333,1.0,7,-1
1908644,1918007,5,2.7905531327562363,0.7142857142857143,36,0.8333333333333333,1.0,6,-1
1908644,1954393,5,2.7905531327562363,0.7142857142857143,36,0.8333333333333333,1.0,6,-1
1908808,1971865,0,0.0,0.0,1,0.0,1.0,1,-1
1908849,1916162,3,1.897814654202382,0.3,36,0.6111111111111112,1.0,4,-1
1908849,1974884,5,2.6875621195184074,0.5,54,0.7777777777777777,1.0,6,-1
1908849,2028505,5,2.6875621195184074,0.5,54,0.7777777777777777,1.0,6,-1
1908849,2033837,5,2.6875621195184074,0.5,54,0.7777777777777777,1.0,6,-1
1908858,1919215,4,2.4853397382384474,0.6666666666666666,25,0.8,1.0,0,-1
1908858,1925503,4,2.4853397382384474,0.6666666666666666,25,0.8,1.0,0,-1
1908858,1954615,4,2.4853397382384474,0.6666666666666666,25,0.8,1.0,0,-1
1908858,1955787,4,2.4853397382384474,0.6666666666666666,25,0.8,1.0,0,-1
1908860,1909185,1,1.4426950408889634,0.3333333333333333,4,0.5,1.0,2,-1
1908860,1928719,1,1.4426950408889634,0.3333333333333333,4,0.5,1.0,2,-1
1908874,1954330,2,1.8204784532536746,0.5,9,0.6666666666666666,1.0,0,-1
1908874,1954340,2,1.8204784532536746,0.5,9,0.6666666666666666,1.0,0,-1
1908874,1954696,2,1.8204784532536746,0.5,9,0.6666666666666666,1.0,0,-1
1909185,1928719,1,1.4426950408889634,0.3333333333333333,4,0.5,1.0,2,-1
1909248,1918006,3,2.164042561333445,0.6,16,0.75,1.0,8,1
1909248,1934702,3,2.164042561333445,0.6,16,0.75,1.0,8,1
1910040,1955039,3,2.164042561333445,0.6,16,0.75,1.0,0,-1
1910582,1911952,6,2.986524103273,0.75,49,0.805194805194805,1.0,0,-1
1910582,1991316,6,2.986524103273,0.75,49,0.805194805194805,1.0,0,-1
1910582,2025406,6,2.986524103273,0.75,49,0.805194805194805,1.0,0,-1
1910803,1912413,1,0.5138983423697507,0.16666666666666666,12,0.14285714285714285,0.5,0,-1
1910803,1913921,3,2.164042561333445,0.375,28,0.75,1.0,2,-1
1910803,1955087,3,1.9565933832587141,0.6,16,0.6428571428571428,1.0,0,-1
1910803,1955616,3,1.9565933832587141,0.6,16,0.6428571428571428,1.0,0,-1
1910803,1955630,3,1.9565933832587141,0.6,16,0.6428571428571428,1.0,0,-1
1910803,1971666,1,0.5138983423697507,0.2,8,0.14285714285714285,0.5,0,-1
1910991,1911006,11,5.024581906821879,0.8461538461538461,144,1.2341269841269842,1.0,16,-1
1910991,1956398,6,2.63751510226688,0.46153846153846156,84,0.619047619047619,1.0,10,-1
1910991,1988405,8,3.430196870781053,0.6153846153846154,108,0.7777777777777777,1.0,14,-1
1910991,1999932,8,3.430196870781053,0.6153846153846154,108,0.7777777777777777,1.0,14,-1
1910991,2028479,8,3.430196870781053,0.6153846153846154,108,0.7777777777777777,1.0,8,-1
1910991,2035711,8,3.430196870781053,0.6153846153846154,108,0.7777777777777777,1.0,0,-1
1910991,2035721,8,3.430196870781053,0.6153846153846154,108,0.7777777777777777,1.0,8,-1
1911006,1956398,6,2.63751510226688,0.46153846153846156,84,0.619047619047619,1.0,10,-1
1911006,1988405,8,3.430196870781053,0.6153846153846154,108,0.7777777777777777,1.0,14,-1
1911006,1999932,8,3.430196870781053,0.6153846153846154,108,0.7777777777777777,1.0,14,-1
1911006,2028479,8,3.430196870781053,0.6153846153846154,108,0.7777777777777777,1.0,8,-1
1911006,2035711,8,3.430196870781053,0.6153846153846154,108,0.7777777777777777,1.0,0,-1
1911006,2035721,8,3.430196870781053,0.6153846153846154,108,0.7777777777777779,1.0,8,-1
1911059,1916405,3,2.164042561333445,0.6,16,0.75,1.0,0,-1
1911059,1971249,3,2.164042561333445,0.6,16,0.75,1.0,2,-1
1911059,1973695,3,2.164042561333445,0.6,16,0.75,1.0,0,-1
1911059,1973711,3,2.164042561333445,0.6,16,0.75,1.0,3,-1
1911110,1953833,5,2.7905531327562363,0.7142857142857143,36,0.8333333333333333,1.0,6,-1
1911110,1954538,5,2.7905531327562363,0.7142857142857143,36,0.8333333333333333,1.0,6,-1
1911110,1955690,5,2.7905531327562363,0.7142857142857143,36,0.8333333333333333,1.0,6,-1
1911110,1955707,5,2.7905531327562363,0.7142857142857143,36,0.8333333333333333,1.0,6,-1
1911167,1912921,5,2.6348721105868336,0.7142857142857143,36,0.75,1.0,5,-1
1911167,1931385,5,2.6348721105868336,0.7142857142857143,36,0.75,1.0,5,-1
1911167,1976079,5,2.6348721105868336,0.7142857142857143,36,0.75,1.0,0,-1
1911197,1956534,0,0.0,0.0,1,0.0,1.0,2,-1
1911243,1911247,1,1.4426950408889634,0.3333333333333333,4,0.5,1.0,2,-1
1911243,1987073,1,1.4426950408889634,0.3333333333333333,4,0.5,1.0,0,-1
1911247,1987073,1,1.4426950408889634,0.3333333333333333,4,0.5,1.0,0,-1
1911606,1955227,0,0.0,0.0,1,0.0,1.0,2,-1
1911642,1953037,3,1.9640173895637054,0.5,20,0.65,1.0,4,-1
1911642,1953253,3,1.9640173895637054,0.5,20,0.65,1.0,7,-1
1911642,1956344,3,1.8640048036788355,0.6,16,0.6000000000000001,1.0,7,-1
1911871,1928954,4,2.3191244169922545,0.6666666666666666,25,0.711111111111111,1.0,5,1
1911952,1991316,6,2.986524103273,0.75,49,0.805194805194805,1.0,6,-1
1911952,2025406,6,2.986524103273,0.75,49,0.805194805194805,1.0,6,-1
1912195,1913757,2,1.8204784532536746,0.2857142857142857,18,0.6666666666666666,1.0,1,-1
1912195,1914731,2,1.4683498531780845,0.5,9,0.5,1.0,0,-1
1912230,1954509,1,1.4426950408889634,0.3333333333333333,4,0.5,1.0,2,-1
1912230,1955672,1,1.4426950408889634,0.3333333333333333,4,0.5,1.0,2,1
1912324,1915716,2,1.8204784532536746,0.5,9,0.6666666666666666,1.0,6,-1
1912324,1974668,2,1.8204784532536746,0.5,9,0.6666666666666666,1.0,6,-1
1912324,1993625,2,1.8204784532536746,0.5,9,0.6666666666666666,1.0,6,-1
1912352,1926776,4,3.6409569065073493,0.36363636363636365,50,1.3333333333333333,1.0,9,1
1912352,1996126,2,1.531574161186449,0.18181818181818182,30,0.5333333333333333,1.0,6,-1
1912365,1955024,1,1.4426950408889634,0.3333333333333333,4,0.5,1.0,2,-1
1912413,1913921,2,2.8853900817779268,0.25,21,1.0,1.0,0,1
1912413,1955087,1,0.5138983423697507,0.16666666666666666,12,0.14285714285714285,0.5,0,-1
1912413,1955616,1,0.5138983423697507,0.16666666666666666,12,0.14285714285714285,0.5,0,-1
1912413,1955630,1,0.5138983423697507,0.16666666666666666,12,0.14285714285714285,0.5,0,-1
1912413,1971666,1,0.5138983423697507,0.25,6,0.14285714285714285,1.0,1,-1
1912753,1933110,6,2.971921316230598,0.75,49,0.7976190476190474,1.0,4,-1
1912753,1954806,6,3.083390054218504,0.46153846153846156,84,0.857142857142857,1.0,7,-1
1912753,1955185,6,2.971921316230598,0.75,49,0.7976190476190474,1.0,0,-1
1912753,1955187,6,2.971921316230598,0.75,49,0.7976190476190474,1.0,0,-1
1912753,1955764,6,2.971921316230598,0.75,49,0.7976190476190474,1.0,7,-1
1912753,1956380,6,2.971921316230598,0.75,49,0.7976190476190477,1.0,0,-1
1912921,1931385,5,2.6348721105868336,0.7142857142857143,36,0.75,1.0,5,-1
1912921,1976079,5,2.6348721105868336,0.7142857142857143,36,0.7499999999999999,1.0,0,-1
1912936,1928140,3,2.164042561333445,0.3333333333333333,32,0.75,1.0,4,-1
1912936,1976308,3,2.164042561333445,0.3333333333333333,32,0.75,1.0,6,-1
1913120,1917766,10,4.170323914242463,0.8333333333333334,121,0.9090909090909093,1.0,0,-1
1913120,1932851,10,4.170323914242463,0.8333333333333334,121,0.9090909090909093,1.0,0,-1
1913120,1974967,10,4.170323914242463,0.8333333333333334,121,0.9090909090909093,1.0,0,-1
1913120,2000040,10,4.170323914242463,0.8333333333333334,121,0.9090909090909093,1.0,8,-1
1913120,2034160,10,4.170323914242463,0.8333333333333334,121,0.9090909090909093,1.0,0,-1
1913120,2034167,10,4.170323914242463,0.8333333333333334,121,0.9090909090909093,1.0,0,-1
1913231,1954513,1,1.4426950408889634,0.14285714285714285,12,0.5,1.0,3,-1
1913370,1916869,1,1.4426950408889634,0.3333333333333333,4,0.5,1.0,0,-1
1913757,1914731,2,1.8204784532536746,0.2857142857142857,18,0.6666666666666666,1.0,0,-1
1913838,1978785,4,2.2810371951030817,0.6666666666666666,25,0.690909090909091,1.0,0,-1
1913838,1992813,4,2.2810371951030817,0.6666666666666666,25,0.690909090909091,1.0,6,-1
1913838,1994764,4,2.2810371951030817,0.6666666666666666,25,0.690909090909091,1.0,6,-1
1913921,1955087,3,2.164042561333445,0.375,28,0.75,1.0,0,-1
1913921,1955616,3,2.164042561333445,0.375,28,0.75,1.0,0,-1
1913921,1955630,3,2.164042561333445,0.375,28,0.75,1.0,0,-1
1913921,1971666,1,0.9102392266268373,0.125,14,0.3333333333333333,1.0,0,-1
1914213,1955904,0,0.0,0.0,3,0.0,1.0,2,-1
1914350,1984559,0,0.0,0.0,1,0.0,1.0,0,-1
1914395,1921906,5,2.7905531327562363,0.7142857142857143,36,0.8333333333333333,1.0,0,-1
1914395,1935709,5,2.7905531327562363,0.7142857142857143,36,0.8333333333333333,1.0,4,-1
1914395,1976380,5,2.7905531327562363,0.7142857142857143,36,0.8333333333333333,1.0,4,-1
1914395,1976384,5,2.7905531327562363,0.7142857142857143,36,0.8333333333333333,1.0,0,-1
1914495,1916368,1,1.4426950408889634,0.3333333333333333,4,0.5,1.0,0,-1
1914600,1923985,6,3.083390054218504,0.6666666666666666,56,0.857142857142857,1.0,0,-1
1914600,1924706,6,3.083390054218504,0.6666666666666666,56,0.857142857142857,1.0,0,-1
1914600,1925325,6,3.083390054218504,0.6666666666666666,56,0.857142857142857,1.0,6,-1
1914600,1933643,6,3.083390054218504,0.6666666666666666,56,0.857142857142857,1.0,0,-1
1914600,1954223,0,0.0,0.0,8,0.0,1.0,1,-1
1914600,1993156,6,3.083390054218504,0.6666666666666666,56,0.857142857142857,1.0,6,-1
1914600,2027883,6,3.083390054218504,0.6666666666666666,56,0.857142857142857,1.0,6,-1
1914883,1921589,5,3.78449584281738,0.4166666666666667,66,1.3166666666666664,1.0,0,-1
1914883,1952610,1,1.4426950408889634,0.0625,66,0.5,1.0,0,-1
1914883,1955162,2,1.4683498531780845,0.16666666666666666,33,0.5,1.0,2,1
1914883,1966215,1,0.5581106265512472,0.08333333333333333,22,0.16666666666666666,1.0,0,-1
1915089,1973576,5,2.7905531327562363,0.7142857142857143,36,0.8333333333333333,1.0,7,-1
1915089,1987060,5,2.7905531327562363,0.7142857142857143,36,0.8333333333333333,1.0,6,-1
1915089,1987104,5,2.7905531327562363,0.7142857142857143,36,0.8333333333333333,1.0,6,-1
1915089,1993432,5,2.7905531327562363,0.7142857142857143,36,0.8333333333333333,1.0,6,-1
1915284,1955109,2,1.8204784532536746,0.5,9,0.6666666666666666,1.0,3,-1
1915284,1955644,2,1.8204784532536746,0.5,9,0.6666666666666666,1.0,2,-1
1915418,1955096,8,3.5142960319469814,0.8,81,0.8253968253968254,1.0,14,-1
1915418,1997739,8,3.5142960319469814,0.8,81,0.8253968253968254,1.0,9,-1
1915418,2000237,8,3.5142960319469814,0.8,81,0.8253968253968254,1.0,14,-1
1915418,2000245,8,3.5142960319469814,0.8,81,0.8253968253968254,1.0,14,-1
1915418,2034371,8,3.5142960319469814,0.8,81,0.8253968253968254,1.0,14,-1
1915474,1953407,3,2.164042561333445,0.6,16,0.75,1.0,4,-1
1915474,1953707,3,2.164042561333445,0.6,16,0.75,1.0,4,-1
1915474,1954554,3,2.164042561333445,0.6,16,0.75,1.0,4,-1
1915486,1915877,1,1.4426950408889634,0.3333333333333333,4,0.5,1.0,0,-1
1915495,1954894,3,2.164042561333445,0.6,16,0.75,1.0,0,-1
1915495,1954903,3,2.164042561333445,0.6,16,0.75,1.0,0,-1
1915495,1955483,3,2.164042561333445,0.6,16,0.75,1.0,2,-1
1915716,1974668,2,1.8204784532536746,0.5,9,0.6666666666666666,1.0,6,-1
1915716,1993625,2,1.8204784532536746,0.5,9,0.6666666666666666,1.0,6,-1
1916162,1974884,2,0.9102392266268373,0.25,24,0.2222222222222222,0.5,3,-1
1916162,2028505,2,0.9102392266268373,0.25,24,0.2222222222222222,0.5,3,-1
1916162,2033837,2,0.9102392266268373,0.25,24,0.2222222222222222,0.5,3,-1
1916405,1971249,3,2.164042561333445,0.6,16,0.75,1.0,0,-1
1916405,1973695,3,2.164042561333445,0.6,16,0.75,1.0,1,-1
1916405,1973711,3,2.164042561333445,0.6,16,0.75,1.0,0,-1
1916524,1934408,3,1.5971196000654821,0.42857142857142855,24,0.45833333333333326,1.0,3,1
1916557,1957181,8,3.640956906507349,0.8,81,0.8888888888888891,1.0,9,-1
1916557,1979318,8,3.640956906507349,0.8,81,0.8888888888888891,1.0,10,-1
1916557,2035597,8,3.640956906507349,0.8,81,0.8888888888888891,1.0,9,-1
1916600,1918007,5,2.7905531327562363,0.7142857142857143,36,0.8333333333333333,1.0,6,-1
1916600,1954393,5,2.7905531327562363,0.7142857142857143,36,0.8333333333333333,1.0,6,-1
1917247,1953400,3,1.8119644139578184,0.6,16,0.5666666666666667,1.0,2,-1
1917247,1953698,3,1.8119644139578184,0.6,16,0.5666666666666667,1.0,0,-1
1917325,1942891,2,1.8204784532536746,0.5,9,0.6666666666666666,1.0,0,-1
1917325,1954995,2,1.8204784532536746,0.5,9,0.6666666666666666,1.0,0,-1
1917440,1957920,2,1.8204784532536746,0.5,9,0.6666666666666666,1.0,2,1
1917440,2025552,2,1.8204784532536746,0.5,9,0.6666666666666666,1.0,3,-1
1917578,1962275,0,0.0,0.0,1,0.0,1.0,1,-1
1917661,2033462,0,0.0,0.0,1,0.0,1.0,0,-1
1917683,1987907,3,2.164042561333445,0.6,16,0.75,1.0,0,-1
1917683,1987916,3,2.164042561333445,0.6,16,0.75,1.0,0,-1
1917683,2028076,3,2.164042561333445,0.6,16,0.75,1.0,1,-1
1917683,2035268,3,2.164042561333445,0.6,16,0.75,1.0,0,-1
1917766,1932851,10,4.170323914242463,0.8333333333333334,121,0.9090909090909093,1.0,0,-1
1917766,1974967,10,4.170323914242463,0.8333333333333334,121,0.9090909090909093,1.0,0,-1
1917766,2000040,10,4.170323914242463,0.8333333333333334,121,0.9090909090909093,1.0,0,-1
1917766,2034160,10,4.170323914242463,0.8333333333333334,121,0.9090909090909093,1.0,0,-1
1917766,2034167,10,4.170323914242463,0.8333333333333334,121,0.9090909090909093,1.0,0,-1
1917792,1955128,3,2.164042561333445,0.6,16,0.75,1.0,4,-1
1917797,1953939,1,1.4426950408889634,0.14285714285714285,12,0.5,1.0,0,-1
1917797,2026929,1,0.5581106265512472,0.3333333333333333,4,0.16666666666666666,1.0,0,-1
1917815,1953949,2,1.8204784532536746,0.5,9,0.6666666666666666,1.0,0,-1
1917815,1956714,2,1.8204784532536746,0.5,9,0.6666666666666666,1.0,4,-1
1918006,1934702,3,2.164042561333445,0.6,16,0.75,1.0,8,1
1918007,1954393,5,2.7905531327562363,0.7142857142857143,36,0.8333333333333333,1.0,6,-1
1918038,1924801,3,2.164042561333445,0.6,16,0.75,1.0,4,-1
1918038,1932453,3,2.164042561333445,0.6,16,0.75,1.0,4,-1
1918038,1955974,3,2.164042561333445,0.6,16,0.75,1.0,5,-1
1918038,1956900,3,2.164042561333445,0.6,16,0.75,1.0,4,-1
1918113,1918784,7,3.3147309614417764,0.7777777777777778,64,0.8472222222222222,1.0,0,-1
1918113,1928473,7,3.3405096950913458,0.7,72,0.8611111111111112,1.0,0,-1
1918113,1956218,7,3.3147309614417764,0.7777777777777778,64,0.8472222222222222,1.0,0,-1
1918113,1975802,7,3.3147309614417764,0.7777777777777778,64,0.8472222222222222,1.0,0,-1
1918113,1976683,2,0.9102392266268373,0.25,16,0.2222222222222222,0.5,0,-1
1918113,2033011,7,3.3147309614417764,0.7777777777777778,64,0.8472222222222222,1.0,0,-1
1918406,1959246,3,1.9007930815553407,0.5,20,0.6166666666666667,1.0,3,-1
1918406,1960155,3,1.9007930815553407,0.5,20,0.6166666666666667,1.0,3,-1
1918406,1962113,4,3.443500708329174,0.6666666666666666,25,1.1666666666666667,1.0,4,1
1918593,1956666,2,1.8204784532536746,0.5,9,0.6666666666666666,1.0,0,-1
1918738,1955618,2,1.8204784532536746,0.5,9,0.6666666666666666,1.0,6,-1
1918738,1955845,2,1.8204784532536746,0.5,9,0.6666666666666666,1.0,6,-1
1918784,1928473,7,3.3405096950913458,0.7,72,0.8611111111111112,1.0,0,-1
1918784,1956218,7,3.3147309614417764,0.7777777777777778,64,0.8472222222222222,1.0,6,-1
1918784,1975802,7,3.3147309614417764,0.7777777777777778,64,0.8472222222222222,1.0,6,-1
1918784,1976683,2,0.9102392266268373,0.25,16,0.2222222222222222,0.5,2,-1
1918784,2033011,7,3.3147309614417764,0.7777777777777778,64,0.8472222222222222,1.0,6,-1
1919215,1925503,4,2.4853397382384474,0.6666666666666666,25,0.8,1.0,4,-1
1919215,1954615,4,2.4853397382384474,0.6666666666666666,25,0.8,1.0,0,-1
1919215,1955787,4,2.4853397382384474,0.6666666666666666,25,0.8,1.0,3,-1
1919335,1969497,3,2.164042561333445,0.6,16,0.75,1.0,4,-1
1919335,1996780,3,2.164042561333445,0.6,16,0.75,1.0,7,-1
1919335,2032509,3,2.164042561333445,0.6,16,0.75,1.0,7,-1
1919524,1955720,1,0.6213349345596119,0.3333333333333333,4,0.2,1.0,3,-1
1919739,2028653,2,1.8204784532536746,0.5,9,0.6666666666666666,1.0,3,-1
1919739,2032646,2,1.8204784532536746,0.5,9,0.6666666666666666,1.0,4,-1
1919824,1934284,7,3.366288428740915,0.7777777777777778,64,0.875,1.0,13,-1
1919824,1972563,7,3.366288428740915,0.7777777777777778,64,0.875,1.0,8,-1
1919824,1975076,7,3.366288428740915,0.7777777777777778,64,0.875,1.0,13,-1
1919824,1977582,7,3.366288428740915,0.7777777777777778,64,0.875,1.0,13,-1
1919824,2030559,7,3.366288428740915,0.7777777777777778,64,0.875,1.0,8,-1
1919824,2030577,7,3.366288428740915,0.7777777777777778,64,0.875,1.0,13,-1
1919824,2034330,7,3.366288428740915,0.7777777777777778,64,0.875,1.0,13,-1
1919824,2034338,7,3.366288428740915,0.7777777777777778,64,0.875,1.0,8,-1
1920629,1924623,7,3.0721081362056077,0.5384615384615384,96,0.725,1.0,0,-1
1920629,1925625,7,2.993639393624464,0.7777777777777778,64,0.6833333333333333,1.0,6,-1
1920629,1931477,7,2.993639393624464,0.7777777777777778,64,0.6833333333333333,1.0,0,-1
1920629,1974111,7,2.993639393624464,0.7777777777777778,64,0.6833333333333333,1.0,6,-1
1920629,2027869,7,2.993639393624464,0.7777777777777778,64,0.6833333333333333,1.0,6,-1
1920760,1927432,1,1.4426950408889634,0.3333333333333333,4,0.5,1.0,1,-1
1920760,2027879,1,1.4426950408889634,0.3333333333333333,4,0.5,1.0,0,-1
1921442,1927255,2,1.8204784532536746,0.5,9,0.6666666666666666,1.0,6,-1
1921442,1954886,2,1.8204784532536746,0.5,9,0.6666666666666666,1.0,6,-1
1921455,1954818,4,2.4853397382384474,0.6666666666666666,25,0.8,1.0,0,-1
1921455,1955053,4,2.4853397382384474,0.6666666666666666,25,0.8,1.0,0,-1
1921455,1955635,4,2.4853397382384474,0.6666666666666666,25,0.8,1.0,0,-1
1921455,1956036,4,2.4853397382384474,0.6666666666666666,25,0.8,1.0,0,-1
1921455,1956042,4,2.4853397382384474,0.6666666666666666,25,0.8,1.0,0,-1
1921589,1952610,1,0.4170323914242463,0.09090909090909091,36,0.09090909090909091,0.5,0,-1
1921589,1955162,2,1.3272716180510837,0.2857142857142857,18,0.4242424242424242,1.0,0,-1
1921589,1966215,1,0.4170323914242463,0.14285714285714285,12,0.09090909090909091,0.5,0,-1
1921732,1921736,4,2.4853397382384474,0.6666666666666666,25,0.8,1.0,7,1
1921732,1931510,4,2.4853397382384474,0.6666666666666666,25,0.8,1.0,7,1
1921732,1971074,4,2.4853397382384474,0.6666666666666666,25,0.8,1.0,5,1
1921732,1971753,4,2.4853397382384474,0.6666666666666666,25,0.8,1.0,5,-1
1921736,1931510,4,2.4853397382384474,0.6666666666666666,25,0.8,1.0,7,1
1921736,1971074,4,2.4853397382384474,0.6666666666666666,25,0.8,1.0,5,1
1921736,1971753,4,2.4853397382384474,0.6666666666666666,25,0.8,1.0,5,-1
1921901,1933191,2,1.8204784532536746,0.5,9,0.6666666666666666,1.0,0,-1
1921906,1935709,5,2.7905531327562363,0.7142857142857143,36,0.8333333333333333,1.0,0,-1
1921906,1976380,5,2.7905531327562363,0.7142857142857143,36,0.8333333333333333,1.0,0,-1
1921906,1976384,5,2.7905531327562363,0.7142857142857143,36,0.8333333333333333,1.0,0,-1
1922081,1954367,3,1.8597274323132098,0.6,16,0.5909090909090909,1.0,3,1
1922122,1934990,1,1.4426950408889634,0.3333333333333333,4,0.5,1.0,0,-1
1922122,1955141,1,1.4426950408889634,0.3333333333333333,4,0.5,1.0,2,-1
1922166,1922310,2,1.631586747071319,0.4,12,0.5833333333333333,1.0,3,-1
1922166,1933132,3,3.263173494142638,0.6,16,1.1666666666666665,1.0,3,-1
1922166,1953758,1,0.7213475204444817,0.2,8,0.25,1.0,0,1
1922310,1933132,2,1.631586747071319,0.4,12,0.5833333333333333,1.0,3,-1
1922310,1953758,2,1.4426950408889634,0.6666666666666666,6,0.5,0.5,0,-1
1922880,1922882,3,1.876989522792215,0.6,16,0.6,1.0,2,-1
1922880,1927830,3,2.164042561333445,0.2727272727272727,40,0.75,1.0,0,-1
1922880,1930989,3,1.876989522792215,0.6,16,0.6,1.0,0,-1
1922880,2036013,3,1.876989522792215,0.6,16,0.6,1.0,3,-1
1922882,1927830,3,2.164042561333445,0.2727272727272727,40,0.75,1.0,0,-1
1922882,1930989,3,1.876989522792215,0.6,16,0.6,1.0,0,-1
1922882,2036013,3,1.876989522792215,0.6,16,0.6,1.0,2,-1
1923426,1993139,3,2.164042561333445,0.6,16,0.75,1.0,4,-1
1923426,1993143,3,2.164042561333445,0.6,16,0.75,1.0,4,-1
1923426,1993905,3,2.164042561333445,0.6,16,0.75,1.0,6,-1
1923426,2035055,3,2.164042561333445,0.6,16,0.75,1.0,6,-1
1923655,1925009,2,1.4426950408889634,0.4,12,0.5,1.0,0,-1
1923655,1954617,3,2.541825973698156,0.6,16,0.9166666666666665,1.0,0,1
1923985,1924706,6,3.0503900588117414,0.75,49,0.8392857142857142,1.0,0,-1
1923985,1925325,6,3.0503900588117414,0.75,49,0.8392857142857142,1.0,0,-1
1923985,1933643,6,3.0503900588117414,0.75,49,0.8392857142857142,1.0,0,-1
1923985,1954223,1,0.48089834696298783,0.14285714285714285,7,0.125,0.5,0,-1
1923985,1993156,6,3.0503900588117414,0.75,49,0.8392857142857142,1.0,0,-1
1923985,2027883,6,3.0503900588117414,0.75,49,0.8392857142857142,1.0,0,-1
1924157,1929305,1,1.4426950408889634,0.3333333333333333,4,0.5,1.0,1,-1
1924202,1933218,6,3.083390054218504,0.75,49,0.857142857142857,1.0,2,-1
1924202,1992840,6,3.083390054218504,0.75,49,0.857142857142857,1.0,2,-1
1924202,1993537,6,3.083390054218504,0.75,49,0.857142857142857,1.0,0,-1
1924202,1993546,6,3.083390054218504,0.75,49,0.857142857142857,1.0,0,-1
1924202,2027591,6,3.083390054218504,0.75,49,0.857142857142857,1.0,0,-1
1924202,2027627,6,3.083390054218504,0.75,49,0.857142857142857,1.0,0,-1
1924202,2034609,6,3.083390054218504,0.75,49,0.857142857142857,1.0,0,-1
1924307,1933207,2,1.8204784532536746,0.5,9,0.6666666666666666,1.0,6,-1
1924307,1979978,2,1.8204784532536746,0.5,9,0.6666666666666666,1.0,6,-1
1924307,1988680,2,1.8204784532536746,0.5,9,0.6666666666666666,1.0,6,-1
1924318,1929022,2,1.8204784532536746,0.5,9,0.6666666666666666,1.0,3,-1
1924318,1929608,2,1.8204784532536746,0.5,9,0.6666666666666666,1.0,3,-1
1924382,1980052,5,2.7905531327562363,0.7142857142857143,36,0.8333333333333333,1.0,7,-1
1924382,1994247,5,2.7905531327562363,0.7142857142857143,36,0.8333333333333333,1.0,7,-1
1924382,1994944,5,2.7905531327562363,0.7142857142857143,36,0.8333333333333333,1.0,5,-1
1924382,2036034,5,2.7905531327562363,0.7142857142857143,36,0.8333333333333333,1.0,0,-1
1924542,1924639,7,3.366288428740915,0.7777777777777778,64,0.875,1.0,8,-1
1924542,1929370,7,3.366288428740915,0.7777777777777778,64,0.875,1.0,8,-1
1924542,1929921,7,3.366288428740915,0.7777777777777778,64,0.875,1.0,8,-1
1924542,1933614,7,3.366288428740915,0.7777777777777778,64,0.875,1.0,8,-1
1924542,1934313,7,3.366288428740915,0.7777777777777778,64,0.875,1.0,8,-1
1924542,1943722,7,3.366288428740915,0.7777777777777778,64,0.875,1.0,8,-1
1924542,1954213,7,3.366288428740915,0.7777777777777778,64,0.875,1.0,8,-1
1924542,1954221,7,3.366288428740915,0.7777777777777778,64,0.875,1.0,8,-1
1924623,1925625,7,3.0721081362056077,0.5384615384615384,96,0.725,1.0,0,-1
1924623,1931477,7,3.0721081362056077,0.5384615384615384,96,0.725,1.0,0,-1
1924623,1974111,7,3.0721081362056077,0.5384615384615384,96,0.725,1.0,0,-1
1924623,2027869,7,3.0721081362056077,0.5384615384615384,96,0.725,1.0,0,-1
1924635,1953425,0,0.0,0.0,2,0.0,1.0,1,1
1924639,1929370,7,3.366288428740915,0.7777777777777778,64,0.875,1.0,8,-1
1924639,1929921,7,3.366288428740915,0.7777777777777778,64,0.875,1.0,8,-1
1924639,1933614,7,3.366288428740915,0.7777777777777778,64,0.875,1.0,8,-1
1924639,1934313,7,3.366288428740915,0.7777777777777778,64,0.875,1.0,8,-1
1924639,1943722,7,3.366288428740915,0.7777777777777778,64,0.875,1.0,8,-1
1924639,1954213,7,3.366288428740915,0.7777777777777778,64,0.875,1.0,8,-1
1924639,1954221,7,3.366288428740915,0.7777777777777778,64,0.875,1.0,8,-1
1924706,1925325,6,3.0503900588117414,0.75,49,0.8392857142857142,1.0,0,-1
1924706,1933643,6,3.0503900588117414,0.75,49,0.8392857142857142,1.0,0,-1
1924706,1954223,1,0.48089834696298783,0.14285714285714285,7,0.125,0.5,0,-1
1924706,1993156,6,3.0503900588117414,0.75,49,0.8392857142857142,1.0,0,-1
1924706,2027883,6,3.0503900588117414,0.75,49,0.8392857142857142,1.0,0,-1
1924801,1932453,3,2.164042561333445,0.6,16,0.75,1.0,6,-1
1924801,1955974,3,2.164042561333445,0.6,16,0.75,1.0,4,-1
1924801,1956900,3,2.164042561333445,0.6,16,0.75,1.0,6,-1
1925009,1954617,2,1.4426950408889634,0.4,12,0.5,1.0,2,-1
1925325,1933643,6,3.0503900588117414,0.75,49,0.8392857142857142,1.0,0,-1
1925325,1954223,1,0.48089834696298783,0.14285714285714285,7,0.125,0.5,2,-1
1925325,1993156,6,3.0503900588117414,0.75,49,0.8392857142857142,1.0,6,-1
1925325,2027883,6,3.0503900588117414,0.75,49,0.8392857142857142,1.0,6,-1
1925350,1974404,2,0.9617966939259757,0.2857142857142857,20,0.25,0.5,0,-1
1925350,1987756,3,1.6831442143704574,0.6,16,0.5,1.0,0,-1
1925350,1993962,3,1.6831442143704574,0.6,16,0.5,1.0,1,-1
1925350,1994206,2,0.9617966939259757,0.2857142857142857,20,0.25,0.5,0,-1
1925350,2028090,2,0.9617966939259757,0.2857142857142857,20,0.25,0.5,0,-1
1925350,2035324,2,0.9617966939259757,0.2857142857142857,20,0.25,0.5,0,-1
1925503,1954615,4,2.4853397382384474,0.6666666666666666,25,0.8,1.0,0,-1
1925503,1955787,4,2.4853397382384474,0.6666666666666666,25,0.8,1.0,3,-1
1925625,1931477,7,2.993639393624464,0.7777777777777778,64,0.6833333333333333,1.0,0,-1
1925625,1974111,7,2.993639393624464,0.7777777777777778,64,0.6833333333333333,1.0,6,-1
1925625,2027869,7,2.993639393624464,0.7777777777777778,64,0.6833333333333333,1.0,6,-1
1926232,1934894,3,2.164042561333445,0.6,16,0.75,1.0,4,-1
1926232,1934901,3,2.164042561333445,0.6,16,0.75,1.0,4,1
1926232,1935117,3,2.164042561333445,0.6,16,0.75,1.0,4,-1
1926232,1957366,3,2.164042561333445,0.6,16,0.75,1.0,4,1
1926338,1994557,3,2.164042561333445,0.6,16,0.75,1.0,5,-1
1926338,2030220,3,2.164042561333445,0.6,16,0.75,1.0,3,-1
1926338,2034027,3,2.164042561333445,0.6,16,0.75,1.0,0,-1
1926338,2035648,3,2.164042561333445,0.6,16,0.75,1.0,5,-1
1926752,1936417,0,0.0,0.0,1,0.0,1.0,1,1
1926776,1996126,2,1.344533708530089,0.3333333333333333,15,0.43333333333333335,1.0,6,-1
1927255,1954886,2,1.8204784532536746,0.5,9,0.6666666666666666,1.0,6,-1
1927413,1928520,7,3.366288428740915,0.7777777777777778,64,0.875,1.0,8,-1
1927413,1942302,7,3.366288428740915,0.7777777777777778,64,0.875,1.0,8,-1
1927413,1973638,7,3.366288428740915,0.7777777777777778,64,0.875,1.0,8,-1
1927413,1992765,7,3.366288428740915,0.7777777777777778,64,0.875,1.0,8,-1
1927413,1998835,7,3.366288428740915,0.7777777777777778,64,0.875,1.0,8,-1
1927413,2027491,7,3.366288428740915,0.7777777777777778,64,0.875,1.0,8,-1
1927413,2027495,7,3.366288428740915,0.7777777777777778,64,0.875,1.0,8,-1
1927432,2027879,1,1.4426950408889634,0.3333333333333333,4,0.5,1.0,0,-1
1927830,1930989,3,2.164042561333445,0.2727272727272727,40,0.75,1.0,0,-1
1927830,2036013,3,2.164042561333445,0.2727272727272727,40,0.75,1.0,0,-1
1927892,1932224,2,1.8204784532536746,0.5,9,0.6666666666666666,1.0,2,-1
1927892,1955174,2,1.8204784532536746,0.5,9,0.6666666666666666,1.0,0,-1
1928140,1976308,3,1.923593387851951,0.6,16,0.625,1.0,4,-1
1928473,1956218,7,3.3405096950913458,0.7,72,0.8611111111111112,1.0,0,-1
1928473,1975802,7,3.3405096950913458,0.7,72,0.8611111111111112,1.0,0,-1
1928473,1976683,1,0.45511961331341866,0.1,18,0.1111111111111111,1.0,0,-1
1928473,2033011,7,3.3405096950913458,0.7,72,0.8611111111111112,1.0,0,-1
1928520,1942302,7,3.366288428740915,0.7777777777777778,64,0.875,1.0,8,-1
1928520,1973638,7,3.366288428740915,0.7777777777777778,64,0.875,1.0,8,-1
1928520,1992765,7,3.366288428740915,0.7777777777777778,64,0.875,1.0,8,-1
1928520,1998835,7,3.366288428740915,0.7777777777777778,64,0.875,1.0,8,-1
1928520,2027491,7,3.366288428740915,0.7777777777777778,64,0.875,1.0,8,-1
1928520,2027495,7,3.366288428740915,0.7777777777777778,64,0.875,1.0,8,-1
1929022,1929608,2,1.8204784532536746,0.5,9,0.6666666666666666,1.0,3,-1
1929370,1929921,7,3.366288428740915,0.7777777777777778,64,0.875,1.0,8,-1
1929370,1933614,7,3.366288428740915,0.7777777777777778,64,0.875,1.0,11,-1
1929370,1934313,7,3.366288428740915,0.7777777777777778,64,0.875,1.0,8,-1
1929370,1943722,7,3.366288428740915,0.7777777777777778,64,0.875,1.0,8,-1
1929370,1954213,7,3.366288428740915,0.7777777777777778,64,0.875,1.0,11,-1
1929370,1954221,7,3.366288428740915,0.7777777777777778,64,0.875,1.0,11,-1
1929892,1954869,0,0.0,0.0,1,0.0,1.0,2,-1
1929921,1933614,7,3.366288428740915,0.7777777777777778,64,0.875,1.0,8,-1
1929921,1934313,7,3.366288428740915,0.7777777777777778,64,0.875,1.0,8,-1
1929921,1943722,7,3.366288428740915,0.7777777777777778,64,0.875,1.0,8,-1
1929921,1954213,7,3.366288428740915,0.7777777777777778,64,0.875,1.0,8,-1
1929921,1954221,7,3.366288428740915,0.7777777777777778,64,0.875,1.0,8,-1
1930094,1931655,2,1.4683498531780845,0.5,9,0.5,1.0,0,-1
1930364,1955693,3,2.164042561333445,0.6,16,0.75,1.0,4,-1
1930364,1956315,3,2.164042561333445,0.6,16,0.75,1.0,4,-1
1930514,1954500,2,1.8204784532536746,0.5,9,0.6666666666666666,1.0,3,-1
1930514,1955705,2,1.8204784532536746,0.5,9,0.6666666666666666,1.0,0,-1
1930514,1955713,2,1.8204784532536746,0.5,9,0.6666666666666666,1.0,2,-1
1930843,1935106,8,3.821284120693885,0.8,81,0.9861111111111112,1.0,0,1
1930843,1935408,8,3.8212841206938855,0.8,81,0.9861111111111112,1.0,0,1
1930843,1935417,8,3.8212841206938855,0.8,81,0.9861111111111112,1.0,0,1
1930843,1935423,7,3.2373947604930686,0.7,72,0.8055555555555556,1.0,0,-1
1930843,1942876,8,3.8212841206938855,0.8,81,0.9861111111111112,1.0,0,1
1930989,2036013,3,1.876989522792215,0.6,16,0.6,1.0,0,-1
1931191,1955664,1,0.7213475204444817,0.2,8,0.25,1.0,2,-1
1931220,2035698,4,2.4853397382384474,0.6666666666666666,25,0.8,1.0,9,-1
1931385,1976079,5,2.6348721105868336,0.7142857142857143,36,0.7499999999999999,1.0,0,-1
1931424,1955352,2,1.424137568996588,0.5,9,0.47619047619047616,1.0,4,-1
1931477,1974111,7,2.993639393624464,0.7777777777777778,64,0.6833333333333333,1.0,0,-1
1931477,2027869,7,2.993639393624464,0.7777777777777778,64,0.6833333333333333,1.0,0,-1
1931510,1971074,4,2.4853397382384474,0.6666666666666666,25,0.8,1.0,5,1
1931510,1971753,4,2.4853397382384474,0.6666666666666666,25,0.8,1.0,5,-1
1931942,1956034,0,0.0,0.0,1,0.0,1.0,2,-1
1932008,1955500,1,1.4426950408889634,0.3333333333333333,4,0.5,1.0,2,-1
1932128,1992788,1,1.4426950408889634,0.3333333333333333,4,0.5,1.0,4,-1
1932224,1955174,2,1.8204784532536746,0.5,9,0.6666666666666666,1.0,0,-1
1932453,1955974,3,2.164042561333445,0.6,16,0.75,1.0,4,-1
1932453,1956900,3,2.164042561333445,0.6,16,0.75,1.0,6,-1
1932654,1954225,0,0.0,0.0,1,0.0,1.0,0,1
1932851,1974967,10,4.170323914242463,0.8333333333333334,121,0.9090909090909093,1.0,0,-1
1932851,2000040,10,4.170323914242463,0.8333333333333334,121,0.9090909090909093,1.0,0,-1
1932851,2034160,10,4.170323914242463,0.8333333333333334,121,0.9090909090909093,1.0,0,-1
1932851,2034167,10,4.170323914242463,0.8333333333333334,121,0.9090909090909093,1.0,0,-1
1933110,1954806,6,3.083390054218504,0.46153846153846156,84,0.857142857142857,1.0,4,-1
1933110,1955185,6,2.971921316230598,0.75,49,0.7976190476190474,1.0,0,-1
1933110,1955187,6,2.971921316230598,0.75,49,0.7976190476190474,1.0,0,-1
1933110,1955764,6,2.971921316230598,0.75,49,0.7976190476190474,1.0,4,-1
1933110,1956380,6,2.971921316230598,0.75,49,0.7976190476190477,1.0,0,-1
1933132,1953758,1,0.7213475204444817,0.2,8,0.25,1.0,0,-1
1933157,1954711,4,2.3449031506418234,0.4444444444444444,40,0.7250000000000001,1.0,8,-1
1933157,1954761,4,2.3449031506418234,0.4444444444444444,40,0.7250000000000001,1.0,8,-1
1933157,1955069,4,2.3449031506418234,0.4444444444444444,40,0.7250000000000001,1.0,5,-1
1933207,1979978,2,1.8204784532536746,0.5,9,0.6666666666666666,1.0,6,-1
1933207,1988680,2,1.8204784532536746,0.5,9,0.6666666666666666,1.0,6,-1
1933218,1992840,6,3.083390054218504,0.75,49,0.857142857142857,1.0,2,-1
1933218,1993537,6,3.083390054218504,0.75,49,0.857142857142857,1.0,0,-1
1933218,1993546,6,3.083390054218504,0.75,49,0.857142857142857,1.0,0,-1
1933218,2027591,6,3.083390054218504,0.75,49,0.857142857142857,1.0,0,-1
1933218,2027627,6,3.083390054218504,0.75,49,0.857142857142857,1.0,0,-1
1933218,2034609,6,3.083390054218504,0.75,49,0.857142857142857,1.0,0,-1
1933264,1979702,1,1.4426950408889634,0.3333333333333333,4,0.5,1.0,4,-1
1933614,1934313,7,3.366288428740915,0.7777777777777778,64,0.875,1.0,8,-1
1933614,1943722,7,3.366288428740915,0.7777777777777778,64,0.875,1.0,8,-1
1933614,1954213,7,3.366288428740915,0.7777777777777778,64,0.875,1.0,11,-1
1933614,1954221,7,3.366288428740915,0.7777777777777778,64,0.875,1.0,11,-1
1933643,1954223,1,0.48089834696298783,0.14285714285714285,7,0.125,0.5,0,-1
1933643,1993156,6,3.0503900588117414,0.75,49,0.8392857142857142,1.0,0,-1
1933643,2027883,6,3.0503900588117414,0.75,49,0.8392857142857142,1.0,0,-1
1934284,1972563,7,3.366288428740915,0.7777777777777778,64,0.875,1.0,8,-1
1934284,1975076,7,3.366288428740915,0.7777777777777778,64,0.875,1.0,13,-1
1934284,1977582,7,3.366288428740915,0.7777777777777778,64,0.875,1.0,13,-1
1934284,2030559,7,3.366288428740915,0.7777777777777778,64,0.875,1.0,8,-1
1934284,2030577,7,3.366288428740915,0.7777777777777778,64,0.875,1.0,13,-1
1934284,2034330,7,3.366288428740915,0.7777777777777778,64,0.875,1.0,13,-1
1934284,2034338,7,3.366288428740915,0.7777777777777778,64,0.875,1.0,8,-1
1934313,1943722,7,3.366288428740915,0.7777777777777778,64,0.875,1.0,8,-1
1934313,1954213,7,3.366288428740915,0.7777777777777778,64,0.875,1.0,8,-1
1934313,1954221,7,3.366288428740915,0.7777777777777778,64,0.875,1.0,8,-1
1934695,1942296,2,1.8204784532536746,0.5,9,0.6666666666666666,1.0,4,-1
1934695,1990855,2,1.8204784532536746,0.5,9,0.6666666666666666,1.0,0,-1
1934894,1934901,3,2.164042561333445,0.6,16,0.75,1.0,4,-1
1934894,1935117,3,2.164042561333445,0.6,16,0.75,1.0,5,-1
1934894,1957366,3,2.164042561333445,0.6,16,0.75,1.0,4,-1
1934901,1935117,3,2.164042561333445,0.6,16,0.75,1.0,4,-1
1934901,1957366,3,2.164042561333445,0.6,16,0.75,1.0,5,1
1934990,1955141,1,1.4426950408889634,0.3333333333333333,4,0.5,1.0,0,-1
1935106,1935408,8,3.821284120693885,0.8,81,0.9861111111111112,1.0,8,1
1935106,1935417,8,3.821284120693885,0.8,81,0.9861111111111112,1.0,8,1
1935106,1935423,7,3.2373947604930686,0.7,72,0.8055555555555556,1.0,9,-1
1935106,1942876,8,3.821284120693885,0.8,81,0.9861111111111112,1.0,8,1
1935117,1957366,3,2.164042561333445,0.6,16,0.75,1.0,4,-1
1935408,1935417,8,3.8212841206938855,0.8,81,0.9861111111111112,1.0,8,1
1935408,1935423,7,3.2373947604930686,0.7,72,0.8055555555555556,1.0,7,-1
1935408,1942876,8,3.8212841206938855,0.8,81,0.9861111111111112,1.0,8,1
1935417,1935423,7,3.2373947604930686,0.7,72,0.8055555555555556,1.0,7,-1
1935417,1942876,8,3.8212841206938855,0.8,81,0.9861111111111112,1.0,8,1
1935423,1942876,7,3.2373947604930686,0.7,72,0.8055555555555556,1.0,7,-1
1935455,1953866,4,2.358891122221718,0.5714285714285714,30,0.7333333333333334,1.0,4,-1
1935485,1954765,2,1.8204784532536746,0.5,9,0.6666666666666666,1.0,0,1
1935703,2028543,3,2.164042561333445,0.6,16,0.75,1.0,4,-1
1935709,1976380,5,2.7905531327562363,0.7142857142857143,36,0.8333333333333333,1.0,4,-1
1935709,1976384,5,2.7905531327562363,0.7142857142857143,36,0.8333333333333333,1.0,0,-1
1936068,2029852,0,0.0,0.0,1,0.0,1.0,2,-1
1936173,1956426,2,1.365358839940256,0.5,9,0.4444444444444444,1.0,0,-1
1936272,1936666,0,0.0,0.0,1,0.0,1.0,1,-1
1936843,1936875,2,1.8204784532536746,0.5,9,0.6666666666666666,1.0,0,1
1936843,1974663,2,1.8204784532536746,0.5,9,0.6666666666666666,1.0,2,-1
1936875,1974663,2,1.8204784532536746,0.5,9,0.6666666666666666,1.0,0,-1
1937103,1952923,3,1.9640173895637054,0.5,20,0.65,1.0,3,-1
1937103,1955866,3,1.9640173895637054,0.5,20,0.65,1.0,0,-1
1938703,1953287,5,2.7905531327562363,0.7142857142857143,36,0.8333333333333333,1.0,4,1
1938703,1955715,5,2.7905531327562363,0.7142857142857143,36,0.8333333333333333,1.0,0,-1
1938703,1956339,5,2.7905531327562363,0.7142857142857143,36,0.8333333333333333,1.0,6,-1
1938703,1956347,5,2.7905531327562363,0.7142857142857143,36,0.8333333333333333,1.0,4,-1
1938703,1956678,5,2.7905531327562363,0.7142857142857143,36,0.8333333333333333,1.0,0,-1
1940904,1947887,1,1.4426950408889634,0.3333333333333333,4,0.5,1.0,3,-1
1940904,2035707,1,1.4426950408889634,0.3333333333333333,4,0.5,1.0,2,-1
1941841,1955617,3,1.690365476127651,0.6,16,0.503968253968254,1.0,0,-1
1941841,1956284,3,1.690365476127651,0.6,16,0.503968253968254,1.0,0,-1
1941920,1956193,0,0.0,0.0,2,0.0,1.0,2,-1
1942296,1990855,2,1.8204784532536746,0.5,9,0.6666666666666666,1.0,0,1
1942302,1973638,7,3.366288428740915,0.7777777777777778,64,0.875,1.0,8,-1
1942302,1992765,7,3.366288428740915,0.7777777777777778,64,0.875,1.0,8,-1
1942302,1998835,7,3.366288428740915,0.7777777777777778,64,0.875,1.0,8,-1
1942302,2027491,7,3.366288428740915,0.7777777777777778,64,0.875,1.0,8,-1
1942302,2027495,7,3.366288428740915,0.7777777777777778,64,0.875,1.0,8,-1
1942891,1954995,2,1.8204784532536746,0.5,9,0.6666666666666666,1.0,0,-1
1943248,1956988,7,2.805948159438832,0.4666666666666667,112,0.5833333333333333,1.0,7,1
1943248,1993957,7,2.805948159438832,0.4666666666666667,112,0.5833333333333334,1.0,7,-1
1943248,1996266,7,2.805948159438832,0.4666666666666667,112,0.5833333333333334,1.0,7,1
1943328,1953147,2,1.8204784532536746,0.5,9,0.6666666666666666,1.0,3,1
1943328,1955709,2,1.8204784532536746,0.5,9,0.6666666666666666,1.0,0,-1
1943328,1956001,2,1.8204784532536746,0.5,9,0.6666666666666666,1.0,2,-1
1943722,1954213,7,3.366288428740915,0.7777777777777778,64,0.875,1.0,8,-1
1943722,1954221,7,3.366288428740915,0.7777777777777778,64,0.875,1.0,8,-1
1943825,1943834,1,1.4426950408889634,0.3333333333333333,4,0.5,1.0,0,-1
1943825,1993986,1,1.4426950408889634,0.3333333333333333,4,0.5,1.0,0,-1
1943834,1993986,1,1.4426950408889634,0.3333333333333333,4,0.5,1.0,0,-1
1943962,1943970,1,1.4426950408889634,0.3333333333333333,4,0.5,1.0,3,-1
1943962,1955295,1,1.4426950408889634,0.3333333333333333,4,0.5,1.0,2,-1
1943970,1955295,1,1.4426950408889634,0.3333333333333333,4,0.5,1.0,2,-1
1943998,1993370,5,2.7905531327562363,0.7142857142857143,36,0.8333333333333333,1.0,0,-1
1943998,1993383,5,2.7905531327562363,0.7142857142857143,36,0.8333333333333333,1.0,0,-1
1943998,2033759,5,2.7905531327562363,0.7142857142857143,36,0.8333333333333333,1.0,0,-1
1943998,2035320,5,2.7905531327562363,0.7142857142857143,36,0.8333333333333333,1.0,0,-1
1944997,1954301,2,1.8204784532536746,0.5,9,0.6666666666666666,1.0,0,-1
1944997,1955229,2,1.8204784532536746,0.5,9,0.6666666666666666,1.0,0,-1
1947887,2035707,1,1.4426950408889634,0.3333333333333333,4,0.5,1.0,2,-1
1952049,1971554,1,0.7213475204444817,0.3333333333333333,4,0.25,1.0,0,-1
1952077,1952340,3,1.876989522792215,0.6,16,0.6,1.0,4,1
1952077,1956439,3,1.876989522792215,0.6,16,0.6,1.0,5,-1
1952077,1956449,3,1.876989522792215,0.6,16,0.6,1.0,4,-1
1952340,1956439,3,1.876989522792215,0.6,16,0.6,1.0,4,-1
1952340,1956449,3,1.876989522792215,0.6,16,0.6,1.0,4,-1
1952610,1955162,1,0.4170323914242463,0.125,18,0.09090909090909091,0.5,0,-1
1952610,1966215,1,0.4170323914242463,0.14285714285714285,12,0.09090909090909091,1.0,2,-1
1952923,1955866,3,1.8640048036788355,0.6,16,0.6000000000000001,1.0,0,-1
1952988,1955912,3,2.164042561333445,0.6,16,0.75,1.0,1,1
1952988,2029180,3,2.164042561333445,0.6,16,0.75,1.0,0,-1
1952988,2033085,3,2.164042561333445,0.6,16,0.75,1.0,0,-1
1953037,1953253,4,2.974269202075413,0.6666666666666666,25,1.0333333333333332,1.0,5,1
1953037,1956344,3,1.9640173895637054,0.5,20,0.65,1.0,4,-1
1953147,1955709,2,1.8204784532536746,0.5,9,0.6666666666666666,1.0,0,-1
1953147,1956001,2,1.8204784532536746,0.5,9,0.6666666666666666,1.0,2,-1
1953253,1956344,3,1.9640173895637054,0.5,20,0.65,1.0,7,-1
1953287,1955715,5,2.7905531327562363,0.7142857142857143,36,0.8333333333333333,1.0,0,-1
1953287,1956339,5,2.7905531327562363,0.7142857142857143,36,0.8333333333333333,1.0,4,-1
1953287,1956347,5,2.7905531327562363,0.7142857142857143,36,0.8333333333333333,1.0,4,-1
1953287,1956678,5,2.7905531327562363,0.7142857142857143,36,0.8333333333333333,1.0,0,-1
1953383,1954967,4,2.163029961668864,0.5,35,0.6285714285714286,1.0,4,-1
1953383,1991292,4,2.055593369479003,0.6666666666666666,25,0.5714285714285714,0.5,0,-1
1953392,1954539,1,0.9102392266268373,0.3333333333333333,4,0.3333333333333333,1.0,0,-1
1953400,1953698,3,1.8119644139578184,0.6,16,0.5666666666666667,1.0,0,-1
1953407,1953707,3,2.164042561333445,0.6,16,0.75,1.0,4,-1
1953407,1954554,3,2.164042561333445,0.6,16,0.75,1.0,4,-1
1953443,1955222,3,1.6818877513775736,0.42857142857142855,24,0.49999999999999994,1.0,4,-1
1953443,1955802,3,1.6818877513775736,0.42857142857142855,24,0.5,1.0,4,-1
1953443,1984915,1,0.40242960438184466,0.09090909090909091,36,0.08333333333333333,0.5,2,-1
1953443,2025349,1,0.40242960438184466,0.09090909090909091,36,0.08333333333333333,0.5,2,-1
1953591,1955509,1,1.4426950408889634,0.14285714285714285,12,0.5,1.0,2,-1
1953675,1953676,2,1.8204784532536746,0.5,9,0.6666666666666666,1.0,5,-1
1953675,1954507,2,1.8204784532536746,0.5,9,0.6666666666666666,1.0,3,-1
1953675,1954514,2,1.8204784532536746,0.5,9,0.6666666666666666,1.0,5,-1
1953676,1954507,2,1.8204784532536746,0.5,9,0.6666666666666666,1.0,3,-1
1953676,1954514,2,1.8204784532536746,0.5,9,0.6666666666666666,1.0,5,-1
1953677,1973562,2,1.8204784532536746,0.5,9,0.6666666666666666,1.0,2,-1
1953691,1954020,2,1.8204784532536746,0.5,9,0.6666666666666666,1.0,1,-1
1953707,1954554,3,2.164042561333445,0.6,16,0.75,1.0,4,-1
1953833,1954538,5,2.7905531327562363,0.7142857142857143,36,0.8333333333333333,1.0,6,-1
1953833,1955690,5,2.7905531327562363,0.7142857142857143,36,0.8333333333333333,1.0,6,-1
1953833,1955707,5,2.7905531327562363,0.7142857142857143,36,0.8333333333333333,1.0,6,-1
1953939,2026929,1,1.4426950408889634,0.14285714285714285,12,0.5,1.0,1,-1
1953949,1956714,2,1.8204784532536746,0.5,9,0.6666666666666666,1.0,0,-1
1954105,1954454,3,2.164042561333445,0.6,16,0.75,1.0,6,-1
1954111,1955689,1,0.9102392266268373,0.25,6,0.3333333333333333,1.0,2,-1
1954166,1955384,3,2.164042561333445,0.6,16,0.75,1.0,0,-1
1954166,1955403,3,2.164042561333445,0.6,16,0.75,1.0,3,-1
1954213,1954221,7,3.366288428740915,0.7777777777777778,64,0.875,1.0,11,-1
1954223,1993156,1,0.48089834696298783,0.14285714285714285,7,0.125,0.5,2,-1
1954223,2027883,1,0.48089834696298783,0.14285714285714285,7,0.125,0.5,2,-1
1954271,1954642,3,2.164042561333445,0.6,16,0.75,1.0,0,-1
1954271,1954912,3,2.164042561333445,0.6,16,0.75,1.0,2,-1
1954301,1955229,2,1.8204784532536746,0.5,9,0.6666666666666666,1.0,2,-1
1954303,1954961,0,0.0,0.0,1,0.0,1.0,1,-1
1954312,1954325,2,1.8204784532536746,0.5,9,0.6666666666666666,1.0,3,1
1954320,1954669,8,3.564782462729004,0.6666666666666666,99,0.8484848484848484,1.0,0,-1
1954320,1954978,8,3.5266952408398318,0.8,81,0.8282828282828283,1.0,0,-1
1954320,1955524,8,3.5266952408398318,0.8,81,0.8282828282828283,1.0,0,-1
1954320,1955729,3,1.251097174272739,0.3,36,0.2727272727272727,0.5,0,-1
1954320,1955906,8,3.5266952408398318,0.8,81,0.8282828282828283,1.0,0,-1
1954320,1956699,3,1.251097174272739,0.3,36,0.2727272727272727,0.5,0,-1
1954324,1954351,8,4.078885569367027,0.8,81,1.1275103980986334,1.0,15,1
1954324,1954897,5,2.238338368467092,0.5,54,0.5386215092097445,1.0,6,-1
1954324,1955033,5,2.238338368467092,0.5,54,0.5386215092097445,1.0,11,-1
1954324,1955688,5,2.238338368467092,0.5,54,0.5386215092097445,1.0,10,-1
1954324,1956095,1,0.4170323914242463,0.1,18,0.09090909090909091,0.5,0,-1
1954330,1954340,2,1.8204784532536746,0.5,9,0.6666666666666666,1.0,2,-1
1954330,1954696,2,1.8204784532536746,0.5,9,0.6666666666666666,1.0,0,-1
1954340,1954696,2,1.8204784532536746,0.5,9,0.6666666666666666,1.0,0,-1
1954351,1954897,5,2.238338368467092,0.5,54,0.5386215092097445,1.0,6,-1
1954351,1955033,5,2.238338368467092,0.5,54,0.5386215092097445,1.0,11,-1
1954351,1955688,5,2.238338368467092,0.5,54,0.5386215092097445,1.0,10,-1
1954351,1956095,1,0.4170323914242463,0.1,18,0.09090909090909091,0.5,0,-1
1954357,1954722,2,1.4426950408889634,0.5,9,0.5,1.0,3,-1
1954377,1955951,2,1.8204784532536746,0.5,9,0.6666666666666666,1.0,5,-1
1954377,1955953,2,1.8204784532536746,0.5,9,0.6666666666666666,1.0,5,-1
1954432,1954452,1,1.4426950408889634,0.3333333333333333,4,0.5,1.0,3,-1
1954432,1955325,1,1.4426950408889634,0.3333333333333333,4,0.5,1.0,2,-1
1954452,1955325,1,1.4426950408889634,0.3333333333333333,4,0.5,1.0,2,-1
1954461,1956090,1,0.9102392266268373,0.2,8,0.3333333333333333,1.0,2,-1
1954473,1955665,0,0.0,0.0,1,0.0,1.0,1,-1
1954500,1955705,2,1.8204784532536746,0.5,9,0.6666666666666666,1.0,0,-1
1954500,1955713,2,1.8204784532536746,0.5,9,0.6666666666666666,1.0,2,-1
1954507,1954514,2,1.8204784532536746,0.5,9,0.6666666666666666,1.0,3,-1
1954508,1955928,3,2.164042561333445,0.6,16,0.75,1.0,4,-1
1954508,1955947,3,2.164042561333445,0.6,16,0.75,1.0,6,-1
1954508,1955950,3,2.164042561333445,0.6,16,0.75,1.0,4,-1
1954508,1956493,3,2.164042561333445,0.6,16,0.75,1.0,6,-1
1954509,1955672,1,1.4426950408889634,0.3333333333333333,4,0.5,1.0,3,-1
1954538,1955690,5,2.7905531327562363,0.7142857142857143,36,0.8333333333333333,1.0,6,-1
1954538,1955707,5,2.7905531327562363,0.7142857142857143,36,0.8333333333333333,1.0,6,-1
1954551,1954930,3,2.164042561333445,0.6,16,0.75,1.0,4,-1
1954551,1954938,3,2.164042561333445,0.6,16,0.75,1.0,4,-1
1954551,1954944,3,2.164042561333445,0.6,16,0.75,1.0,4,-1
1954551,1955165,3,2.164042561333445,0.6,16,0.75,1.0,4,-1
1954566,1954858,1,1.4426950408889634,0.3333333333333333,4,0.5,1.0,0,-1
1954590,1954986,0,0.0,0.0,1,0.0,1.0,2,-1
1954605,1955774,2,1.365358839940256,0.5,9,0.4444444444444444,1.0,3,-1
1954607,2034644,3,1.9565933832587141,0.375,28,0.6428571428571428,1.0,0,-1
1954615,1955787,4,2.4853397382384474,0.6666666666666666,25,0.8,1.0,0,-1
1954642,1954912,3,2.164042561333445,0.6,16,0.75,1.0,0,-1
1954645,1954919,2,1.8204784532536746,0.5,9,0.6666666666666666,1.0,6,-1
1954645,1954936,2,1.8204784532536746,0.5,9,0.6666666666666666,1.0,6,-1
1954645,1954957,2,1.8204784532536746,0.5,9,0.6666666666666666,1.0,6,-1
1954669,1954978,8,3.564782462729004,0.6666666666666666,99,0.8484848484848486,1.0,8,-1
1954669,1955524,8,3.564782462729004,0.6666666666666666,99,0.8484848484848486,1.0,8,1
1954669,1955729,3,1.5554123032929743,0.25,44,0.4318181818181819,1.0,4,-1
1954669,1955906,8,3.564782462729004,0.6666666666666666,99,0.8484848484848486,1.0,8,-1
1954669,1956699,3,1.5554123032929743,0.25,44,0.4318181818181819,1.0,4,-1
1954711,1954761,4,2.2044665630451994,0.6666666666666666,25,0.65,1.0,8,-1
1954711,1955069,4,2.2044665630451994,0.6666666666666666,25,0.65,1.0,5,-1
1954761,1955069,4,2.2044665630451994,0.6666666666666666,25,0.65,1.0,5,-1
1954806,1955185,6,3.083390054218504,0.46153846153846156,84,0.857142857142857,1.0,0,-1
1954806,1955187,6,3.083390054218504,0.46153846153846156,84,0.857142857142857,1.0,0,-1
1954806,1955764,6,3.083390054218504,0.46153846153846156,84,0.857142857142857,1.0,7,-1
1954806,1956380,6,3.083390054218504,0.46153846153846156,84,0.857142857142857,1.0,0,-1
1954818,1955053,4,2.4853397382384474,0.6666666666666666,25,0.8,1.0,0,-1
1954818,1955635,4,2.4853397382384474,0.6666666666666666,25,0.8,1.0,0,-1
1954818,1956036,4,2.4853397382384474,0.6666666666666666,25,0.8,1.0,0,-1
1954818,1956042,4,2.4853397382384474,0.6666666666666666,25,0.8,1.0,0,-1
1954878,1955458,3,2.164042561333445,0.6,16,0.75,1.0,4,-1
1954878,1956059,3,2.164042561333445,0.6,16,0.75,1.0,5,-1
1954878,1956402,3,2.164042561333445,0.6,16,0.75,1.0,4,-1
1954878,1956404,3,2.164042561333445,0.6,16,0.75,1.0,4,-1
1954894,1954903,3,2.164042561333445,0.6,16,0.75,1.0,0,-1
1954894,1955483,3,2.164042561333445,0.6,16,0.75,1.0,0,-1
1954897,1955033,5,2.135347355229263,0.7142857142857143,36,0.483065953654189,0.5,6,-1
1954897,1955688,5,2.135347355229263,0.7142857142857143,36,0.483065953654189,1.0,6,-1
1954897,1956095,1,0.4170323914242463,0.14285714285714285,12,0.09090909090909091,0.5,0,-1
1954903,1955483,3,2.164042561333445,0.6,16,0.75,1.0,0,-1
1954909,1956412,0,0.0,0.0,1,0.0,1.0,1,-1
1954919,1954936,2,1.8204784532536746,0.5,9,0.6666666666666666,1.0,6,-1
1954919,1954957,2,1.8204784532536746,0.5,9,0.6666666666666666,1.0,6,-1
1954930,1954938,3,2.164042561333445,0.6,16,0.75,1.0,4,-1
1954930,1954944,3,2.164042561333445,0.6,16,0.75,1.0,4,-1
1954930,1955165,3,2.164042561333445,0.6,16,0.75,1.0,4,-1
1954936,1954957,2,1.8204784532536746,0.5,9,0.6666666666666666,1.0,6,-1
1954938,1954944,3,2.164042561333445,0.6,16,0.75,1.0,6,-1
1954938,1955165,3,2.164042561333445,0.6,16,0.75,1.0,6,-1
1954944,1955165,3,2.164042561333445,0.6,16,0.75,1.0,6,-1
1954947,1954962,2,1.3272716180510837,0.5,9,0.4242424242424242,1.0,2,-1
1954947,2030449,2,1.3272716180510837,0.5,9,0.4242424242424242,1.0,0,-1
1954962,2030449,2,1.3272716180510837,0.5,9,0.4242424242424242,1.0,0,-1
1954963,1956467,1,1.4426950408889634,0.3333333333333333,4,0.5,1.0,0,-1
1954967,1991292,4,2.0225933740722404,0.5,35,0.5535714285714286,1.0,0,-1
1954978,1955524,8,3.5266952408398318,0.8,81,0.8282828282828283,1.0,8,-1
1954978,1955729,3,1.251097174272739,0.3,36,0.2727272727272727,0.5,5,-1
1954978,1955906,8,3.5266952408398318,0.8,81,0.8282828282828283,1.0,8,-1
1954978,1956699,3,1.251097174272739,0.3,36,0.2727272727272727,0.5,4,-1
1954985,1954992,2,1.8204784532536746,0.5,9,0.6666666666666666,1.0,5,-1
1954985,1956137,2,1.8204784532536746,0.5,9,0.6666666666666666,1.0,3,-1
1954987,1955019,2,1.8204784532536746,0.5,9,0.6666666666666666,1.0,2,-1
1954987,1955779,2,1.8204784532536746,0.5,9,0.6666666666666666,1.0,0,-1
1954990,1955349,4,2.26643440806068,0.6666666666666666,25,0.6833333333333333,1.0,9,-1
1954990,1955544,4,2.26643440806068,0.6666666666666666,25,0.6833333333333333,1.0,9,-1
1954990,1956158,4,2.26643440806068,0.6666666666666666,25,0.6833333333333335,1.0,5,-1
1954990,1956501,4,2.26643440806068,0.6666666666666666,25,0.6833333333333333,1.0,9,-1
1954992,1956137,2,1.8204784532536746,0.5,9,0.6666666666666666,1.0,3,-1
1955009,1955361,2,1.8204784532536746,0.5,9,0.6666666666666666,1.0,6,-1
1955009,1956511,2,1.8204784532536746,0.5,9,0.6666666666666666,1.0,6,-1
1955019,1955779,2,1.8204784532536746,0.5,9,0.6666666666666666,1.0,0,-1
1955027,1955047,1,1.4426950408889634,0.3333333333333333,4,0.5,1.0,4,-1
1955033,1955688,5,2.135347355229263,0.7142857142857143,36,0.483065953654189,0.5,11,-1
1955033,1956095,1,0.4170323914242463,0.14285714285714285,12,0.09090909090909091,0.5,0,-1
1955053,1955635,4,2.4853397382384474,0.6666666666666666,25,0.8,1.0,0,-1
1955053,1956036,4,2.4853397382384474,0.6666666666666666,25,0.8,1.0,4,-1
1955053,1956042,4,2.4853397382384474,0.6666666666666666,25,0.8,1.0,4,-1
1955055,1956222,1,1.4426950408889634,0.3333333333333333,4,0.5,1.0,2,-1
1955060,1955556,2,1.365358839940256,0.5,9,0.4444444444444444,1.0,0,-1
1955087,1955616,3,1.9565933832587141,0.6,16,0.6428571428571428,1.0,0,-1
1955087,1955630,3,1.9565933832587141,0.6,16,0.6428571428571428,1.0,0,-1
1955087,1971666,1,0.5138983423697507,0.2,8,0.14285714285714285,0.5,0,-1
1955096,1997739,8,3.5142960319469814,0.8,81,0.8253968253968254,1.0,9,-1
1955096,2000237,8,3.5142960319469814,0.8,81,0.8253968253968254,1.0,14,-1
1955096,2000245,8,3.5142960319469814,0.8,81,0.8253968253968254,1.0,14,-1
1955096,2034371,8,3.5142960319469814,0.8,81,0.8253968253968254,1.0,14,-1
1955105,1956576,1,0.45511961331341866,0.3333333333333333,4,0.1111111111111111,1.0,0,-1
1955109,1955644,2,1.8204784532536746,0.5,9,0.6666666666666666,1.0,2,-1
1955126,1955484,1,1.4426950408889634,0.3333333333333333,4,0.5,1.0,4,-1
1955126,1956623,1,1.4426950408889634,0.3333333333333333,4,0.5,1.0,4,-1
1955162,1966215,1,0.4170323914242463,0.25,6,0.09090909090909091,0.5,0,-1
1955185,1955187,6,2.971921316230598,0.75,49,0.7976190476190474,1.0,2,-1
1955185,1955764,6,2.971921316230598,0.75,49,0.7976190476190474,1.0,0,-1
1955185,1956380,6,2.971921316230598,0.75,49,0.7976190476190477,1.0,2,-1
1955187,1955764,6,2.971921316230598,0.75,49,0.7976190476190474,1.0,0,-1
1955187,1956380,6,2.971921316230598,0.75,49,0.7976190476190477,1.0,3,-1
1955218,1956394,0,0.0,0.0,1,0.0,1.0,0,-1
1955221,1955238,1,0.7213475204444817,0.3333333333333333,4,0.25,1.0,4,-1
1955222,1955802,3,1.5186508574843391,0.6,16,0.41666666666666663,1.0,4,-1
1955222,1984915,1,0.40242960438184466,0.1111111111111111,24,0.08333333333333333,0.5,2,-1
1955222,2025349,1,0.40242960438184466,0.1111111111111111,24,0.08333333333333333,0.5,2,-1
1955264,1956407,2,1.2426698691192237,0.5,9,0.4,1.0,3,-1
1955264,1978810,2,1.2426698691192237,0.5,9,0.4,0.5,6,-1
1955272,1955640,6,3.083390054218504,0.75,49,0.857142857142857,1.0,7,-1
1955272,1955853,6,3.083390054218504,0.75,49,0.857142857142857,1.0,7,-1
1955272,1955870,6,3.083390054218504,0.75,49,0.857142857142857,1.0,7,-1
1955272,1956829,6,3.083390054218504,0.75,49,0.857142857142857,1.0,7,-1
1955321,1955334,0,0.0,0.0,1,0.0,1.0,2,-1
1955324,1956102,1,1.4426950408889634,0.3333333333333333,4,0.5,1.0,2,-1
1955349,1955544,4,2.26643440806068,0.6666666666666666,25,0.6833333333333333,1.0,9,-1
1955349,1956158,4,2.26643440806068,0.6666666666666666,25,0.6833333333333333,1.0,5,-1
1955349,1956501,4,2.26643440806068,0.6666666666666666,25,0.6833333333333333,1.0,9,-1
1955358,1955956,1,1.4426950408889634,0.3333333333333333,4,0.5,1.0,4,-1
1955358,1956888,1,1.4426950408889634,0.3333333333333333,4,0.5,1.0,4,-1
1955361,1956511,2,1.8204784532536746,0.5,9,0.6666666666666666,1.0,6,-1
1955384,1955403,3,2.164042561333445,0.6,16,0.75,1.0,0,-1
1955394,1955751,4,2.1406006075064576,0.6666666666666666,25,0.615909090909091,1.0,5,-1
1955394,1955754,4,2.140600607506458,0.6666666666666666,25,0.615909090909091,1.0,5,-1
1955458,1956059,3,2.164042561333445,0.6,16,0.75,1.0,4,-1
1955458,1956402,3,2.164042561333445,0.6,16,0.75,1.0,4,-1
1955458,1956404,3,2.164042561333445,0.6,16,0.75,1.0,4,-1
1955484,1956623,1,1.4426950408889634,0.3333333333333333,4,0.5,1.0,4,-1
1955517,1956640,0,0.0,0.0,1,0.0,1.0,2,-1
1955524,1955729,3,1.251097174272739,0.3,36,0.2727272727272727,0.5,4,-1
1955524,1955906,8,3.5266952408398318,0.8,81,0.8282828282828283,1.0,8,-1
1955524,1956699,3,1.251097174272739,0.3,36,0.2727272727272727,0.5,4,-1
1955544,1956158,4,2.26643440806068,0.6666666666666666,25,0.6833333333333333,1.0,5,-1
1955544,1956501,4,2.26643440806068,0.6666666666666666,25,0.6833333333333333,1.0,9,-1
1955616,1955630,3,1.9565933832587141,0.6,16,0.6428571428571428,1.0,1,-1
1955616,1971666,1,0.5138983423697507,0.2,8,0.14285714285714285,0.5,0,-1
1955617,1956284,3,1.690365476127651,0.6,16,0.503968253968254,1.0,1,-1
1955618,1955845,2,1.8204784532536746,0.5,9,0.6666666666666666,1.0,6,-1
1955630,1971666,1,0.5138983423697507,0.2,8,0.14285714285714285,0.5,0,-1
1955635,1956036,4,2.4853397382384474,0.6666666666666666,25,0.8,1.0,0,-1
1955635,1956042,4,2.4853397382384474,0.6666666666666666,25,0.8,1.0,0,-1
1955640,1955853,6,3.083390054218504,0.75,49,0.857142857142857,1.0,7,-1
1955640,1955870,6,3.083390054218504,0.75,49,0.857142857142857,1.0,7,-1
1955640,1956829,6,3.083390054218504,0.75,49,0.857142857142857,1.0,7,-1
1955677,1955885,7,2.886478370287805,0.7777777777777778,64,0.6234848484848485,1.0,0,-1
1955677,1955902,7,2.886478370287805,0.7777777777777778,64,0.6234848484848485,1.0,2,-1
1955688,1956095,1,0.4170323914242463,0.14285714285714285,12,0.09090909090909091,0.5,0,-1
1955690,1955707,5,2.7905531327562363,0.7142857142857143,36,0.8333333333333333,1.0,6,-1
1955693,1956315,3,2.164042561333445,0.6,16,0.75,1.0,4,-1
1955705,1955713,2,1.8204784532536746,0.5,9,0.6666666666666666,1.0,0,-1
1955709,1956001,2,1.8204784532536746,0.5,9,0.6666666666666666,1.0,0,-1
1955715,1956339,5,2.7905531327562363,0.7142857142857143,36,0.8333333333333333,1.0,0,-1
1955715,1956347,5,2.7905531327562363,0.7142857142857143,36,0.8333333333333333,1.0,0,-1
1955715,1956678,5,2.7905531327562363,0.7142857142857143,36,0.8333333333333333,1.0,1,-1
1955729,1955906,3,1.251097174272739,0.3,36,0.2727272727272727,0.5,4,-1
1955729,1956699,3,1.251097174272739,0.6,16,0.2727272727272727,1.0,4,-1
1955751,1955754,4,2.1406006075064576,0.6666666666666666,25,0.615909090909091,1.0,5,-1
1955764,1956380,6,2.971921316230598,0.75,49,0.7976190476190477,1.0,0,-1
1955775,1956720,3,1.923593387851951,0.6,16,0.625,1.0,6,-1
1955775,1956736,3,1.923593387851951,0.6,16,0.625,1.0,4,-1
1955775,1956739,3,1.923593387851951,0.6,16,0.625,1.0,6,-1
1955788,1955803,2,1.8204784532536746,0.5,9,0.6666666666666666,1.0,3,-1
1955788,1955808,2,1.8204784532536746,0.5,9,0.6666666666666666,1.0,3,-1
1955788,1955816,2,1.8204784532536746,0.5,9,0.6666666666666666,1.0,3,-1
1955802,1984915,1,0.40242960438184466,0.1111111111111111,24,0.08333333333333333,0.5,2,-1
1955802,2025349,1,0.40242960438184466,0.1111111111111111,24,0.08333333333333333,0.5,2,-1
1955803,1955808,2,1.8204784532536746,0.5,9,0.6666666666666666,1.0,5,-1
1955803,1955816,2,1.8204784532536746,0.5,9,0.6666666666666666,1.0,5,-1
1955808,1955816,2,1.8204784532536746,0.5,9,0.6666666666666666,1.0,5,-1
1955853,1955870,6,3.083390054218504,0.75,49,0.857142857142857,1.0,11,-1
1955853,1956829,6,3.083390054218504,0.75,49,0.857142857142857,1.0,11,-1
1955870,1956829,6,3.083390054218504,0.75,49,0.857142857142857,1.0,11,-1
1955885,1955902,7,2.886478370287805,0.7777777777777778,64,0.6234848484848485,1.0,0,-1
1955886,1955901,3,2.164042561333445,0.6,16,0.75,1.0,0,1
1955886,1987300,3,2.164042561333445,0.6,16,0.75,1.0,0,1
1955886,1998939,3,2.164042561333445,0.6,16,0.75,1.0,2,1
1955886,2033937,3,2.164042561333445,0.6,16,0.75,1.0,0,-1
1955901,1987300,3,2.164042561333445,0.6,16,0.75,1.0,0,1
1955901,1998939,3,2.164042561333445,0.6,16,0.75,1.0,0,1
1955901,2033937,3,2.164042561333445,0.6,16,0.75,1.0,0,-1
1955906,1956699,3,1.251097174272739,0.3,36,0.2727272727272727,0.5,4,-1
1955912,2029180,3,2.164042561333445,0.6,16,0.75,1.0,0,-1
1955912,2033085,3,2.164042561333445,0.6,16,0.75,1.0,0,-1
1955928,1955947,3,2.164042561333445,0.6,16,0.75,1.0,4,-1
1955928,1955950,3,2.164042561333445,0.6,16,0.75,1.0,4,-1
1955928,1956493,3,2.164042561333445,0.6,16,0.75,1.0,4,-1
1955947,1955950,3,2.164042561333445,0.6,16,0.75,1.0,4,-1
1955947,1956493,3,2.164042561333445,0.6,16,0.75,1.0,6,-1
1955950,1956493,3,2.164042561333445,0.6,16,0.75,1.0,4,-1
1955951,1955953,2,1.8204784532536746,0.5,9,0.6666666666666666,1.0,5,-1
1955956,1956888,1,1.4426950408889634,0.3333333333333333,4,0.5,1.0,4,-1
1955974,1956900,3,2.164042561333445,0.6,16,0.75,1.0,4,-1
1955995,1956016,3,2.164042561333445,0.6,16,0.75,1.0,0,-1
1956036,1956042,4,2.4853397382384474,0.6666666666666666,25,0.8,1.0,4,-1
1956059,1956402,3,2.164042561333445,0.6,16,0.75,1.0,4,-1
1956059,1956404,3,2.164042561333445,0.6,16,0.75,1.0,4,-1
1956158,1956501,4,2.26643440806068,0.6666666666666666,25,0.6833333333333333,1.0,5,-1
1956205,1992704,2,0.7797424905025602,0.3333333333333333,15,0.15384615384615385,0.5,0,-1
1956205,2026867,4,1.959188051613419,0.6666666666666666,25,0.5205128205128204,1.0,0,1
1956205,2029036,2,0.7797424905025602,0.3333333333333333,15,0.15384615384615385,0.5,0,-1
1956218,1975802,7,3.3147309614417764,0.7777777777777778,64,0.8472222222222223,1.0,6,-1
1956218,1976683,2,0.9102392266268373,0.25,16,0.2222222222222222,0.5,2,-1
1956218,2033011,7,3.3147309614417764,0.7777777777777778,64,0.8472222222222222,1.0,6,-1
1956339,1956347,5,2.7905531327562363,0.7142857142857143,36,0.8333333333333333,1.0,4,-1
1956339,1956678,5,2.7905531327562363,0.7142857142857143,36,0.8333333333333333,1.0,0,-1
1956347,1956678,5,2.7905531327562363,0.7142857142857143,36,0.8333333333333333,1.0,0,-1
1956398,1988405,5,2.012148021909223,0.45454545454545453,63,0.41666666666666663,0.5,12,-1
1956398,1999932,5,2.012148021909223,0.45454545454545453,63,0.41666666666666663,0.5,12,-1
1956398,2028479,5,2.012148021909223,0.45454545454545453,63,0.41666666666666663,0.5,6,-1
1956398,2035711,5,2.012148021909223,0.45454545454545453,63,0.41666666666666663,0.5,0,-1
1956398,2035721,5,2.012148021909223,0.45454545454545453,63,0.41666666666666663,0.5,6,-1
1956402,1956404,3,2.164042561333445,0.6,16,0.75,1.0,4,-1
1956407,1978810,2,1.2426698691192237,0.5,9,0.4,0.5,3,-1
1956439,1956449,3,1.876989522792215,0.6,16,0.6,1.0,4,-1
1956720,1956736,3,1.923593387851951,0.6,16,0.625,1.0,4,-1
1956720,1956739,3,1.923593387851951,0.6,16,0.625,1.0,6,-1
1956736,1956739,3,1.923593387851951,0.6,16,0.625,1.0,4,-1
1956738,1974365,3,1.9565933832587141,0.375,28,0.6428571428571428,1.0,0,-1
1956738,2035287,3,1.9565933832587141,0.375,28,0.6428571428571428,1.0,3,-1
1956848,1993528,0,0.0,0.0,1,0.0,1.0,2,-1
1956988,1993957,7,2.7039729941657953,0.7777777777777778,64,0.5297619047619048,1.0,7,-1
1956988,1996266,7,2.7039729941657953,0.7777777777777778,64,0.5297619047619048,1.0,9,-1
1957181,1979318,8,3.640956906507349,0.8,81,0.8888888888888891,1.0,9,-1
1957181,2035597,8,3.640956906507349,0.8,81,0.8888888888888891,1.0,9,-1
1957212,1980139,1,1.4426950408889634,0.3333333333333333,4,0.5,1.0,3,-1
1957212,2033120,1,1.4426950408889634,0.3333333333333333,4,0.5,1.0,2,-1
1957447,1959368,1,0.43429448190325176,0.1111111111111111,24,0.1,0.5,0,-1
1957447,1961078,1,0.43429448190325176,0.1111111111111111,24,0.1,0.5,2,-1
1957447,1975681,5,2.666736988108241,0.7142857142857143,36,0.7666666666666666,1.0,0,-1
1957447,1993495,5,2.666736988108241,0.7142857142857143,36,0.7666666666666666,1.0,0,-1
1957447,2027542,5,2.666736988108241,0.7142857142857143,36,0.7666666666666666,1.0,0,-1
1957794,1957822,1,1.4426950408889634,0.3333333333333333,4,0.5,1.0,2,1
1957920,2025552,2,1.8204784532536746,0.5,9,0.6666666666666666,1.0,2,-1
1957959,1972786,2,1.8204784532536746,0.5,9,0.6666666666666666,1.0,3,-1
1957959,2028237,2,1.8204784532536746,0.5,9,0.6666666666666666,1.0,3,-1
1957959,2030090,2,1.8204784532536746,0.5,9,0.6666666666666666,1.0,4,-1
1958136,1959418,3,2.164042561333445,0.3,36,0.75,1.0,4,-1
1958136,1959764,3,2.164042561333445,0.3,36,0.75,1.0,7,-1
1958136,1960003,3,2.164042561333445,0.3,36,0.75,1.0,7,-1
1958136,1960016,3,2.164042561333445,0.3,36,0.75,1.0,7,-1
1959246,1960155,3,1.800780495670471,0.6,16,0.5666666666666667,1.0,3,1
1959246,1962113,3,1.9007930815553407,0.5,20,0.6166666666666667,1.0,4,1
1959368,1961078,3,1.876989522792215,0.6,16,0.6,1.0,0,1
1959368,1975681,1,0.43429448190325176,0.1111111111111111,24,0.1,0.5,0,-1
1959368,1993495,1,0.43429448190325176,0.1111111111111111,24,0.1,0.5,0,-1
1959368,2027542,1,0.43429448190325176,0.1111111111111111,24,0.1,0.5,0,-1
1959393,1962032,3,2.164042561333445,0.6,16,0.75,1.0,3,-1
1959416,1962047,8,3.640956906507349,0.8,81,0.8888888888888891,1.0,0,-1
1959416,1962649,8,3.640956906507349,0.8,81,0.8888888888888891,1.0,0,-1
1959416,1962875,8,3.640956906507349,0.8,81,0.8888888888888891,1.0,0,-1
1959418,1959764,3,1.8978146542023822,0.6,16,0.6111111111111112,1.0,4,-1
1959418,1960003,3,1.8978146542023822,0.6,16,0.6111111111111112,1.0,4,-1
1959418,1960016,3,1.8978146542023822,0.6,16,0.6111111111111112,1.0,4,-1
1959764,1960003,3,1.8978146542023822,0.6,16,0.6111111111111112,1.0,7,-1
1959764,1960016,3,1.8978146542023822,0.6,16,0.6111111111111112,1.0,7,-1
1960003,1960016,3,1.8978146542023822,0.6,16,0.6111111111111112,1.0,7,-1
1960155,1962113,3,1.9007930815553407,0.5,20,0.6166666666666667,1.0,3,1
1960287,1962743,1,1.4426950408889634,0.3333333333333333,4,0.5,1.0,2,-1
1960287,1995657,1,1.4426950408889634,0.3333333333333333,4,0.5,1.0,2,-1
1961078,1975681,1,0.43429448190325176,0.1111111111111111,24,0.1,0.5,0,-1
1961078,1993495,1,0.43429448190325176,0.1111111111111111,24,0.1,0.5,0,-1
1961078,2027542,1,0.43429448190325176,0.1111111111111111,24,0.1,0.5,0,-1
1961505,1962291,5,3.0802386426662,0.7142857142857143,36,0.9833333333333334,1.0,4,1
1961505,1963767,5,3.0802386426662,0.7142857142857143,36,0.9833333333333334,1.0,0,1
1962047,1962649,8,3.640956906507349,0.8,81,0.8888888888888891,1.0,6,-1
1962047,1962875,8,3.640956906507349,0.8,81,0.8888888888888891,1.0,4,-1
1962291,1963767,5,3.0802386426662,0.7142857142857143,36,0.9833333333333334,1.0,0,1
1962649,1962875,8,3.640956906507349,0.8,81,0.8888888888888891,1.0,4,1
1962743,1995657,1,1.4426950408889634,0.3333333333333333,4,0.5,1.0,2,-1
1969497,1996780,3,2.164042561333445,0.6,16,0.75,1.0,4,-1
1969497,2032509,3,2.164042561333445,0.6,16,0.75,1.0,4,-1
1969872,1979805,5,2.7905531327562363,0.7142857142857143,36,0.8333333333333333,1.0,6,-1
1969872,1991179,5,2.7905531327562363,0.7142857142857143,36,0.8333333333333333,1.0,6,-1
1969872,2025286,5,2.7905531327562363,0.7142857142857143,36,0.8333333333333333,1.0,6,-1
1970384,2026894,2,1.8204784532536746,0.5,9,0.6666666666666666,1.0,2,-1
1971074,1971753,4,2.4853397382384474,0.6666666666666666,25,0.8,1.0,6,-1
1971249,1973695,3,2.164042561333445,0.6,16,0.75,1.0,0,-1
1971249,1973711,3,2.164042561333445,0.6,16,0.75,1.0,2,-1
1972563,1975076,7,3.366288428740915,0.7777777777777778,64,0.875,1.0,8,-1
1972563,1977582,7,3.366288428740915,0.7777777777777778,64,0.875,1.0,8,-1
1972563,2030559,7,3.366288428740915,0.7777777777777778,64,0.875,1.0,8,-1
1972563,2030577,7,3.366288428740915,0.7777777777777778,64,0.875,1.0,8,-1
1972563,2034330,7,3.366288428740915,0.7777777777777778,64,0.875,1.0,8,-1
1972563,2034338,7,3.366288428740915,0.7777777777777778,64,0.875,1.0,8,-1
1972786,2028237,2,1.8204784532536746,0.5,9,0.6666666666666666,1.0,3,-1
1972786,2030090,2,1.8204784532536746,0.5,9,0.6666666666666666,1.0,3,-1
1973546,2034469,0,0.0,0.0,1,0.0,1.0,2,-1
1973576,1987060,5,2.7905531327562363,0.7142857142857143,36,0.8333333333333333,1.0,6,-1
1973576,1987104,5,2.7905531327562363,0.7142857142857143,36,0.8333333333333333,1.0,6,-1
1973576,1993432,5,2.7905531327562363,0.7142857142857143,36,0.8333333333333333,1.0,6,-1
1973638,1992765,7,3.366288428740915,0.7777777777777778,64,0.875,1.0,8,-1
1973638,1998835,7,3.366288428740915,0.7777777777777778,64,0.875,1.0,9,-1
1973638,2027491,7,3.366288428740915,0.7777777777777778,64,0.875,1.0,8,-1
1973638,2027495,7,3.366288428740915,0.7777777777777778,64,0.875,1.0,8,-1
1973695,1973711,3,2.164042561333445,0.6,16,0.75,1.0,0,-1
1974111,2027869,7,2.993639393624464,0.7777777777777778,64,0.6833333333333333,1.0,6,-1
1974365,2035287,3,1.7491442051839832,0.6,16,0.5357142857142857,1.0,0,-1
1974404,1987756,2,0.9617966939259757,0.2857142857142857,20,0.25,0.5,2,-1
1974404,1993962,2,0.9617966939259757,0.2857142857142857,20,0.25,0.5,0,-1
1974404,1994206,4,2.2044665630451994,0.6666666666666666,25,0.65,1.0,4,-1
1974404,2028090,4,2.2044665630451994,0.6666666666666666,25,0.65,1.0,4,-1
1974404,2035324,4,2.2044665630451994,0.6666666666666666,25,0.65,1.0,4,-1
1974442,1976170,1,1.4426950408889634,0.3333333333333333,4,0.5,1.0,2,-1
1974668,1993625,2,1.8204784532536746,0.5,9,0.6666666666666666,1.0,6,-1
1974884,2028505,5,2.5845711062805794,0.7142857142857143,36,0.7222222222222222,1.0,6,-1
1974884,2033837,5,2.5845711062805794,0.7142857142857143,36,0.7222222222222222,1.0,6,-1
1974967,2000040,10,4.170323914242463,0.8333333333333334,121,0.9090909090909093,1.0,0,-1
1974967,2034160,10,4.170323914242463,0.8333333333333334,121,0.9090909090909093,1.0,0,-1
1974967,2034167,10,4.170323914242463,0.8333333333333334,121,0.9090909090909093,1.0,0,-1
1975013,1994728,1,1.4426950408889634,0.3333333333333333,4,0.5,1.0,4,-1
1975013,2000100,1,1.4426950408889634,0.3333333333333333,4,0.5,1.0,4,-1
1975076,1977582,7,3.366288428740915,0.7777777777777778,64,0.875,1.0,13,-1
1975076,2030559,7,3.366288428740915,0.7777777777777778,64,0.875,1.0,8,-1
1975076,2030577,7,3.366288428740915,0.7777777777777778,64,0.875,1.0,13,-1
1975076,2034330,7,3.366288428740915,0.7777777777777778,64,0.875,1.0,13,-1
1975076,2034338,7,3.366288428740915,0.7777777777777778,64,0.875,1.0,8,-1
1975681,1993495,5,2.666736988108241,0.7142857142857143,36,0.7666666666666666,1.0,2,-1
1975681,2027542,5,2.666736988108241,0.7142857142857143,36,0.7666666666666666,1.0,0,-1
1975802,1976683,2,0.9102392266268373,0.25,16,0.2222222222222222,0.5,2,-1
1975802,2033011,7,3.3147309614417764,0.7777777777777778,64,0.8472222222222222,1.0,6,-1
1976380,1976384,5,2.7905531327562363,0.7142857142857143,36,0.8333333333333333,1.0,0,-1
1976408,1996121,1,1.4426950408889634,0.3333333333333333,4,0.5,1.0,2,-1
1976683,2033011,2,0.9102392266268373,0.25,16,0.2222222222222222,0.5,2,-1
1977582,2030559,7,3.366288428740915,0.7777777777777778,64,0.875,1.0,8,-1
1977582,2030577,7,3.366288428740915,0.7777777777777778,64,0.875,1.0,13,-1
1977582,2034330,7,3.366288428740915,0.7777777777777778,64,0.875,1.0,13,-1
1977582,2034338,7,3.366288428740915,0.7777777777777778,64,0.875,1.0,8,-1
1978785,1992813,4,2.281037195103082,0.6666666666666666,25,0.6909090909090909,1.0,0,-1
1978785,1994764,4,2.281037195103082,0.6666666666666666,25,0.6909090909090909,1.0,0,-1
1979110,2035031,1,1.4426950408889634,0.3333333333333333,4,0.5,1.0,3,-1
1979123,1979141,4,2.4853397382384474,0.6666666666666666,25,0.8,1.0,0,-1
1979123,1993178,4,2.4853397382384474,0.6666666666666666,25,0.8,1.0,0,-1
1979123,1999299,4,2.4853397382384474,0.6666666666666666,25,0.8,1.0,0,-1
1979123,1999331,4,2.4853397382384474,0.6666666666666666,25,0.8,1.0,0,-1
1979141,1993178,4,2.4853397382384474,0.6666666666666666,25,0.8,1.0,5,-1
1979141,1999299,4,2.4853397382384474,0.6666666666666666,25,0.8,1.0,4,-1
1979141,1999331,4,2.4853397382384474,0.6666666666666666,25,0.8,1.0,4,-1
1979318,2035597,8,3.640956906507349,0.8,81,0.8888888888888891,1.0,9,-1
1979805,1991179,5,2.7905531327562363,0.7142857142857143,36,0.8333333333333333,1.0,9,-1
1979805,2025286,5,2.7905531327562363,0.7142857142857143,36,0.8333333333333333,1.0,6,-1
1979885,1994011,2,1.8204784532536746,0.5,9,0.6666666666666666,1.0,2,-1
1979885,2034261,2,1.8204784532536746,0.5,9,0.6666666666666666,1.0,2,-1
1979978,1988680,2,1.8204784532536746,0.5,9,0.6666666666666666,1.0,6,-1
1980052,1994247,5,2.7905531327562363,0.7142857142857143,36,0.8333333333333333,1.0,7,-1
1980052,1994944,5,2.7905531327562363,0.7142857142857143,36,0.8333333333333333,1.0,5,-1
1980052,2036034,5,2.7905531327562363,0.7142857142857143,36,0.8333333333333333,1.0,0,-1
1980139,2033120,1,1.4426950408889634,0.3333333333333333,4,0.5,1.0,2,-1
1981753,1987135,1,1.4426950408889634,0.3333333333333333,4,0.5,1.0,0,-1
1981753,2034548,1,1.4426950408889634,0.3333333333333333,4,0.5,1.0,0,-1
1984915,2025349,5,2.6348721105868336,0.7142857142857143,36,0.7499999999999999,1.0,5,-1
1985191,1996957,4,2.4853397382384474,0.6666666666666666,25,0.8,1.0,0,-1
1985191,2025675,4,2.4853397382384474,0.6666666666666666,25,0.8,1.0,0,-1
1985191,2032641,4,2.4853397382384474,0.6666666666666666,25,0.8,1.0,2,-1
1985404,1985444,4,2.2044665630451994,0.6666666666666666,25,0.65,1.0,6,-1
1985404,2027089,4,2.2044665630451994,0.6666666666666666,25,0.65,1.0,0,-1
1985444,2027089,4,2.2044665630451994,0.6666666666666666,25,0.65,1.0,0,-1
1986693,1986711,4,2.4853397382384474,0.6666666666666666,25,0.8,1.0,5,-1
1986693,1998407,4,2.4853397382384474,0.6666666666666666,25,0.8,1.0,7,-1
1986693,2032662,4,2.4853397382384474,0.6666666666666666,25,0.8,1.0,7,-1
1986696,1986719,0,0.0,0.0,1,0.0,1.0,1,-1
1986711,1998407,4,2.4853397382384474,0.6666666666666666,25,0.8,1.0,5,-1
1986711,2032662,4,2.4853397382384474,0.6666666666666666,25,0.8,1.0,5,-1
1987060,1987104,5,2.7905531327562363,0.7142857142857143,36,0.8333333333333333,1.0,8,-1
1987060,1993432,5,2.7905531327562363,0.7142857142857143,36,0.8333333333333333,1.0,6,-1
1987104,1993432,5,2.7905531327562363,0.7142857142857143,36,0.8333333333333333,1.0,6,-1
1987112,1987116,2,1.8204784532536746,0.5,9,0.6666666666666666,1.0,4,-1
1987112,1998802,2,1.8204784532536746,0.5,9,0.6666666666666666,1.0,3,-1
1987112,2029091,2,1.8204784532536746,0.5,9,0.6666666666666666,1.0,3,-1
1987116,1998802,2,1.8204784532536746,0.5,9,0.6666666666666666,1.0,3,-1
1987116,2029091,2,1.8204784532536746,0.5,9,0.6666666666666666,1.0,3,-1
1987135,2034548,1,1.4426950408889634,0.3333333333333333,4,0.5,1.0,2,-1
1987197,2033104,1,1.4426950408889634,0.3333333333333333,4,0.5,1.0,0,-1
1987245,1987259,1,1.4426950408889634,0.3333333333333333,4,0.5,1.0,0,-1
1987245,1992843,1,1.4426950408889634,0.3333333333333333,4,0.5,1.0,0,-1
1987259,1992843,1,1.4426950408889634,0.3333333333333333,4,0.5,1.0,1,-1
1987300,1998939,3,2.164042561333445,0.6,16,0.75,1.0,0,1
1987300,2033937,3,2.164042561333445,0.6,16,0.75,1.0,0,-1
1987732,2033547,2,1.8204784532536746,0.5,9,0.6666666666666666,1.0,0,-1
1987756,1993962,3,1.6831442143704574,0.6,16,0.5,1.0,0,-1
1987756,1994206,2,0.9617966939259757,0.2857142857142857,20,0.25,0.5,2,-1
1987756,2028090,2,0.9617966939259757,0.2857142857142857,20,0.25,0.5,2,-1
1987756,2035324,2,0.9617966939259757,0.2857142857142857,20,0.25,0.5,2,-1
1987907,1987916,3,2.164042561333445,0.6,16,0.75,1.0,0,-1
1987907,2028076,3,2.164042561333445,0.6,16,0.75,1.0,0,-1
1987907,2035268,3,2.164042561333445,0.6,16,0.75,1.0,0,-1
1987916,2028076,3,2.164042561333445,0.6,16,0.75,1.0,0,-1
1987916,2035268,3,2.164042561333445,0.6,16,0.75,1.0,0,-1
1988405,1999932,8,3.3775068618494792,0.8,81,0.75,1.0,14,-1
1988405,2028479,8,3.3775068618494792,0.8,81,0.75,1.0,8,-1
1988405,2035711,8,3.3775068618494792,0.8,81,0.75,1.0,0,-1
1988405,2035721,8,3.3775068618494792,0.8,81,0.75,1.0,8,-1
1991179,2025286,5,2.7905531327562363,0.7142857142857143,36,0.8333333333333333,1.0,6,-1
1991316,2025406,6,2.986524103273,0.75,49,0.805194805194805,1.0,6,-1
1992704,2026867,2,0.7797424905025602,0.3333333333333333,15,0.15384615384615385,0.5,5,-1
1992704,2029036,2,0.7797424905025602,0.5,9,0.15384615384615385,1.0,5,-1
1992756,2033042,1,0.7213475204444817,0.3333333333333333,4,0.25,1.0,2,-1
1992765,1998835,7,3.366288428740915,0.7777777777777778,64,0.875,1.0,8,-1
1992765,2027491,7,3.366288428740915,0.7777777777777778,64,0.875,1.0,8,-1
1992765,2027495,7,3.366288428740915,0.7777777777777778,64,0.875,1.0,8,-1
1992813,1994764,4,2.281037195103082,0.6666666666666666,25,0.6909090909090909,1.0,6,-1
1992840,1993537,6,3.083390054218504,0.75,49,0.857142857142857,1.0,0,-1
1992840,1993546,6,3.083390054218504,0.75,49,0.857142857142857,1.0,0,-1
1992840,2027591,6,3.083390054218504,0.75,49,0.857142857142857,1.0,0,-1
1992840,2027627,6,3.083390054218504,0.75,49,0.857142857142857,1.0,0,-1
1992840,2034609,6,3.083390054218504,0.75,49,0.857142857142857,1.0,0,-1
1993139,1993143,3,2.164042561333445,0.6,16,0.75,1.0,5,-1
1993139,1993905,3,2.164042561333445,0.6,16,0.75,1.0,4,-1
1993139,2035055,3,2.164042561333445,0.6,16,0.75,1.0,4,-1
1993143,1993905,3,2.164042561333445,0.6,16,0.75,1.0,4,-1
1993143,2035055,3,2.164042561333445,0.6,16,0.75,1.0,4,-1
1993156,2027883,6,3.0503900588117414,0.75,49,0.8392857142857142,1.0,6,-1
1993178,1999299,4,2.4853397382384474,0.6666666666666666,25,0.8,1.0,4,-1
1993178,1999331,4,2.4853397382384474,0.6666666666666666,25,0.8,1.0,4,-1
1993370,1993383,5,2.7905531327562363,0.7142857142857143,36,0.8333333333333333,1.0,0,-1
1993370,2033759,5,2.7905531327562363,0.7142857142857143,36,0.8333333333333333,1.0,0,-1
1993370,2035320,5,2.7905531327562363,0.7142857142857143,36,0.8333333333333333,1.0,2,-1
1993383,2033759,5,2.7905531327562363,0.7142857142857143,36,0.8333333333333333,1.0,0,-1
1993383,2035320,5,2.7905531327562363,0.7142857142857143,36,0.8333333333333333,1.0,0,-1
1993495,2027542,5,2.666736988108241,0.7142857142857143,36,0.7666666666666666,1.0,0,-1
1993506,1993510,3,2.164042561333445,0.6,16,0.75,1.0,0,1
1993506,1999339,3,2.164042561333445,0.6,16,0.75,1.0,1,-1
1993506,1999353,3,2.164042561333445,0.6,16,0.75,1.0,0,-1
1993510,1999339,3,2.164042561333445,0.6,16,0.75,1.0,0,-1
1993510,1999353,3,2.164042561333445,0.6,16,0.75,1.0,0,-1
1993537,1993546,6,3.083390054218504,0.75,49,0.857142857142857,1.0,4,-1
1993537,2027591,6,3.083390054218504,0.75,49,0.857142857142857,1.0,7,-1
1993537,2027627,6,3.083390054218504,0.75,49,0.857142857142857,1.0,7,-1
1993537,2034609,6,3.083390054218504,0.75,49,0.857142857142857,1.0,7,-1
1993546,2027591,6,3.083390054218504,0.75,49,0.857142857142857,1.0,4,-1
1993546,2027627,6,3.083390054218504,0.75,49,0.857142857142857,1.0,4,-1
1993546,2034609,6,3.083390054218504,0.75,49,0.857142857142857,1.0,4,-1
1993806,1993824,4,2.4853397382384474,0.6666666666666666,25,0.8,1.0,5,-1
1993806,1993827,4,2.4853397382384474,0.6666666666666666,25,0.8,1.0,5,-1
1993806,1993829,4,2.4853397382384474,0.6666666666666666,25,0.8,1.0,5,-1
1993806,2034100,4,2.4853397382384474,0.6666666666666666,25,0.8,1.0,5,-1
1993806,2034107,4,2.4853397382384474,0.6666666666666666,25,0.8,1.0,6,-1
1993824,1993827,4,2.4853397382384474,0.6666666666666666,25,0.8,1.0,5,-1
1993824,1993829,4,2.4853397382384474,0.6666666666666666,25,0.8,1.0,5,-1
1993824,2034100,4,2.4853397382384474,0.6666666666666666,25,0.8,1.0,5,-1
1993824,2034107,4,2.4853397382384474,0.6666666666666666,25,0.8,1.0,5,-1
1993827,1993829,4,2.4853397382384474,0.6666666666666666,25,0.8,1.0,5,-1
1993827,2034100,4,2.4853397382384474,0.6666666666666666,25,0.8,1.0,5,-1
1993827,2034107,4,2.4853397382384474,0.6666666666666666,25,0.8,1.0,5,-1
1993829,2034100,4,2.4853397382384474,0.6666666666666666,25,0.8,1.0,5,-1
1993829,2034107,4,2.4853397382384474,0.6666666666666666,25,0.8,1.0,5,-1
1993905,2035055,3,2.164042561333445,0.6,16,0.75,1.0,6,-1
1993936,1993954,2,1.8204784532536746,0.5,9,0.6666666666666666,1.0,4,-1
1993957,1996266,7,2.7039729941657953,0.7777777777777778,64,0.5297619047619047,1.0,7,-1
1993962,1994206,2,0.9617966939259757,0.2857142857142857,20,0.25,0.5,0,-1
1993962,2028090,2,0.9617966939259757,0.2857142857142857,20,0.25,0.5,0,-1
1993962,2035324,2,0.9617966939259757,0.2857142857142857,20,0.25,0.5,0,-1
1994011,2034261,2,1.8204784532536746,0.5,9,0.6666666666666666,1.0,3,-1
1994206,2028090,4,2.2044665630451994,0.6666666666666666,25,0.65,1.0,4,-1
1994206,2035324,4,2.2044665630451994,0.6666666666666666,25,0.65,1.0,4,-1
1994226,2028107,1,1.4426950408889634,0.3333333333333333,4,0.5,1.0,2,-1
1994247,1994944,5,2.7905531327562363,0.7142857142857143,36,0.8333333333333333,1.0,5,-1
1994247,2036034,5,2.7905531327562363,0.7142857142857143,36,0.8333333333333333,1.0,0,-1
1994557,2030220,3,2.164042561333445,0.6,16,0.75,1.0,3,-1
1994557,2034027,3,2.164042561333445,0.6,16,0.75,1.0,0,-1
1994557,2035648,3,2.164042561333445,0.6,16,0.75,1.0,5,-1
1994728,2000100,1,1.4426950408889634,0.3333333333333333,4,0.5,1.0,4,-1
1994944,2036034,5,2.7905531327562363,0.7142857142857143,36,0.8333333333333333,1.0,0,-1
1996780,2032509,3,2.164042561333445,0.6,16,0.75,1.0,7,-1
1996957,2025675,4,2.4853397382384474,0.6666666666666666,25,0.8,1.0,0,-1
1996957,2032641,4,2.4853397382384474,0.6666666666666666,25,0.8,1.0,0,-1
1997022,1997025,1,1.4426950408889634,0.3333333333333333,4,0.5,1.0,0,-1
1997739,2000237,8,3.5142960319469814,0.8,81,0.8253968253968254,1.0,9,-1
1997739,2000245,8,3.5142960319469814,0.8,81,0.8253968253968254,1.0,9,-1
1997739,2034371,8,3.5142960319469814,0.8,81,0.8253968253968254,1.0,9,-1
1998407,2032662,4,2.4853397382384474,0.6666666666666666,25,0.8,1.0,7,-1
1998802,2029091,2,1.8204784532536746,0.5,9,0.6666666666666666,1.0,3,-1
1998835,2027491,7,3.366288428740915,0.7777777777777778,64,0.875,1.0,8,-1
1998835,2027495,7,3.366288428740915,0.7777777777777778,64,0.875,1.0,8,-1
1998939,2033937,3,2.164042561333445,0.6,16,0.75,1.0,0,-1
1999299,1999331,4,2.4853397382384474,0.6666666666666666,25,0.8,1.0,4,-1
1999339,1999353,3,2.164042561333445,0.6,16,0.75,1.0,0,-1
1999523,1999547,0,0.0,0.0,1,0.0,1.0,0,-1
1999932,2028479,8,3.3775068618494792,0.8,81,0.75,1.0,8,-1
1999932,2035711,8,3.3775068618494792,0.8,81,0.75,1.0,0,-1
1999932,2035721,8,3.3775068618494792,0.8,81,0.75,1.0,8,-1
2000040,2034160,10,4.170323914242463,0.8333333333333334,121,0.9090909090909093,1.0,0,-1
2000040,2034167,10,4.170323914242463,0.8333333333333334,121,0.9090909090909093,1.0,0,-1
2000237,2000245,8,3.5142960319469814,0.8,81,0.8253968253968254,1.0,14,-1
2000237,2034371,8,3.5142960319469814,0.8,81,0.8253968253968254,1.0,14,-1
2000245,2034371,8,3.5142960319469814,0.8,81,0.8253968253968254,1.0,14,-1
2025675,2032641,4,2.4853397382384474,0.6666666666666666,25,0.8,1.0,0,-1
2026867,2029036,2,0.7797424905025602,0.3333333333333333,15,0.15384615384615385,0.5,5,-1
2027491,2027495,7,3.366288428740915,0.7777777777777778,64,0.875,1.0,8,-1
2027591,2027627,6,3.083390054218504,0.75,49,0.857142857142857,1.0,7,-1
2027591,2034609,6,3.083390054218504,0.75,49,0.857142857142857,1.0,7,-1
2027627,2034609,6,3.083390054218504,0.75,49,0.857142857142857,1.0,7,-1
2028032,2033705,1,1.4426950408889634,0.3333333333333333,4,0.5,1.0,1,-1
2028076,2035268,3,2.164042561333445,0.6,16,0.75,1.0,0,-1
2028090,2035324,4,2.2044665630451994,0.6666666666666666,25,0.65,1.0,4,-1
2028237,2030090,2,1.8204784532536746,0.5,9,0.6666666666666666,1.0,3,-1
2028465,2028468,2,1.8204784532536746,0.5,9,0.6666666666666666,1.0,3,-1
2028465,2035731,2,1.8204784532536746,0.5,9,0.6666666666666666,1.0,3,-1
2028468,2035731,2,1.8204784532536746,0.5,9,0.6666666666666666,1.0,3,-1
2028479,2035711,8,3.3775068618494792,0.8,81,0.7499999999999999,1.0,0,-1
2028479,2035721,8,3.3775068618494792,0.8,81,0.75,1.0,8,-1
2028505,2033837,5,2.5845711062805785,0.7142857142857143,36,0.7222222222222222,1.0,6,-1
2028572,2028581,1,1.4426950408889634,0.3333333333333333,4,0.5,1.0,2,1
2028572,2032618,1,1.4426950408889634,0.3333333333333333,4,0.5,1.0,0,1
2028581,2032618,1,1.4426950408889634,0.3333333333333333,4,0.5,1.0,0,1
2028653,2032646,2,1.8204784532536746,0.5,9,0.6666666666666666,1.0,3,-1
2029180,2033085,3,2.164042561333445,0.6,16,0.75,1.0,4,-1
2030220,2034027,3,2.164042561333445,0.6,16,0.75,1.0,0,-1
2030220,2035648,3,2.164042561333445,0.6,16,0.75,1.0,3,-1
2030559,2030577,7,3.366288428740915,0.7777777777777778,64,0.875,1.0,8,-1
2030559,2034330,7,3.366288428740915,0.7777777777777778,64,0.875,1.0,8,-1
2030559,2034338,7,3.366288428740915,0.7777777777777778,64,0.875,1.0,8,-1
2030577,2034330,7,3.366288428740915,0.7777777777777778,64,0.875,1.0,13,-1
2030577,2034338,7,3.366288428740915,0.7777777777777778,64,0.875,1.0,8,-1
2033759,2035320,5,2.7905531327562363,0.7142857142857143,36,0.8333333333333333,1.0,0,-1
2034027,2035648,3,2.164042561333445,0.6,16,0.75,1.0,0,-1
2034100,2034107,4,2.4853397382384474,0.6666666666666666,25,0.8,1.0,5,-1
2034160,2034167,10,4.170323914242463,0.8333333333333334,121,0.9090909090909093,1.0,0,-1
2034330,2034338,7,3.366288428740915,0.7777777777777778,64,0.875,1.0,8,-1
2035711,2035721,8,3.3775068618494792,0.8,81,0.75,1.0,0,-1
