id_author_1,id_author_2,CommonNeighbor,AdamicAdar,JaccardCoefficient,PreferentialAttachment,ResourceAllocation,ShortestPath,CommonCountry,Label
1827236,1920398,0,0.0,0.0,1,0.0,1.0,2,-1
1827640,1884788,4,2.4853397382384474,0.6666666666666666,25,0.8,1.0,5,-1
1827640,1936725,4,2.4853397382384474,0.6666666666666666,25,0.8,1.0,9,-1
1827640,1936731,4,2.4853397382384474,0.6666666666666666,25,0.8,1.0,9,-1
1827640,1943544,4,2.4853397382384474,0.6666666666666666,25,0.8,1.0,9,-1
1827640,1943548,4,2.4853397382384474,0.6666666666666666,25,0.8,1.0,9,-1
1827761,1862185,6,3.083390054218504,0.75,49,0.857142857142857,1.0,9,-1
1827761,1887141,6,3.083390054218504,0.75,49,0.857142857142857,1.0,7,-1
1827761,1904983,6,3.083390054218504,0.75,49,0.857142857142857,1.0,7,-1
1827761,1925872,6,3.083390054218504,0.75,49,0.857142857142857,1.0,7,-1
1827761,1930505,6,3.083390054218504,0.75,49,0.857142857142857,1.0,9,-1
1827761,1942042,6,3.083390054218504,0.75,49,0.857142857142857,1.0,7,-1
1827761,1942059,6,3.083390054218504,0.75,49,0.857142857142857,1.0,7,-1
1827918,1886813,3,2.164042561333445,0.6,16,0.75,1.0,0,-1
1827918,1895693,3,2.164042561333445,0.6,16,0.75,1.0,2,-1
1827918,1904350,3,2.164042561333445,0.6,16,0.75,1.0,0,-1
1827918,1914546,3,2.164042561333445,0.6,16,0.75,1.0,3,-1
1828086,1886127,2,1.8204784532536746,0.5,9,0.6666666666666666,1.0,4,-1
1828086,1925634,2,1.8204784532536746,0.5,9,0.6666666666666666,1.0,0,-1
1828086,1929591,2,1.8204784532536746,0.5,9,0.6666666666666666,1.0,4,-1
1828653,1841626,7,3.366288428740915,0.7777777777777778,64,0.875,1.0,7,-1
1828653,1925206,7,3.366288428740915,0.7777777777777778,64,0.875,1.0,7,-1
1828653,1925609,7,3.366288428740915,0.7777777777777778,64,0.875,1.0,7,-1
1828653,1929612,7,3.366288428740915,0.7777777777777778,64,0.875,1.0,7,-1
1828653,1929615,7,3.366288428740915,0.7777777777777778,64,0.875,1.0,7,-1
1828653,1930127,7,3.366288428740915,0.7777777777777778,64,0.875,1.0,7,-1
1828653,1930137,7,3.366288428740915,0.7777777777777778,64,0.875,1.0,7,-1
1828653,1933792,7,3.366288428740915,0.7777777777777778,64,0.875,1.0,0,-1
1828659,1847840,4,2.974269202075413,0.3076923076923077,60,1.0333333333333332,1.0,5,1
1828659,1847845,4,2.7553638718976456,0.6666666666666666,25,0.9166666666666665,1.0,5,1
1828659,1847850,3,1.7451120593859382,0.5,20,0.5333333333333333,1.0,5,-1
1828659,1895368,3,1.7451120593859382,0.5,20,0.5333333333333333,1.0,4,-1
1828659,1900088,1,0.40242960438184466,0.125,20,0.08333333333333333,0.5,3,-1
1828659,1908485,1,0.40242960438184466,0.125,20,0.08333333333333333,0.5,3,-1
1828659,1917784,1,0.40242960438184466,0.125,20,0.08333333333333333,0.5,3,-1
1828659,1921457,1,0.40242960438184466,0.125,20,0.08333333333333333,0.5,2,-1
1829885,1857414,8,3.640956906507349,0.8,81,0.8888888888888891,1.0,0,-1
1829885,1894123,8,3.640956906507349,0.8,81,0.8888888888888891,1.0,4,-1
1829885,1903020,8,3.640956906507349,0.8,81,0.8888888888888891,1.0,4,-1
1829885,1903322,8,3.640956906507349,0.8,81,0.8888888888888891,1.0,0,-1
1829885,1910859,8,3.640956906507349,0.8,81,0.8888888888888891,1.0,0,-1
1829885,1915355,8,3.640956906507349,0.8,81,0.8888888888888891,1.0,0,-1
1829885,1919585,8,3.640956906507349,0.8,81,0.8888888888888891,1.0,5,-1
1829885,1924824,8,3.640956906507349,0.8,81,0.8888888888888891,1.0,4,-1
1829885,1929772,8,3.640956906507349,0.8,81,0.8888888888888891,1.0,0,-1
1830288,1907327,0,0.0,0.0,1,0.0,1.0,2,-1
1830690,1883107,4,2.4853397382384474,0.6666666666666666,25,0.8,1.0,5,-1
1830690,1916707,4,2.4853397382384474,0.6666666666666666,25,0.8,1.0,5,-1
1830690,1924967,4,2.4853397382384474,0.6666666666666666,25,0.8,1.0,5,-1
1830690,1924984,4,2.4853397382384474,0.6666666666666666,25,0.8,1.0,5,-1
1830690,1936927,4,2.4853397382384474,0.6666666666666666,25,0.8,1.0,5,-1
1830920,1838505,8,3.3799634342587948,0.8,81,0.7521367521367519,1.0,8,-1
1830920,1842333,8,3.4452118023209333,0.5714285714285714,117,0.7863247863247862,1.0,0,-1
1830920,1848120,4,1.5594849810051203,0.3333333333333333,63,0.3076923076923077,0.5,0,-1
1830920,1872464,8,3.3799634342587948,0.8,81,0.7521367521367519,1.0,8,-1
1830920,1894453,8,3.3799634342587948,0.8,81,0.7521367521367519,1.0,8,-1
1830920,1894662,4,1.5594849810051203,0.3333333333333333,63,0.3076923076923077,0.5,0,-1
1830920,1894789,8,3.3799634342587948,0.8,81,0.7521367521367519,1.0,5,-1
1830920,1919384,8,3.4452118023209333,0.5714285714285714,117,0.7863247863247862,1.0,0,-1
1830920,1919657,8,3.4452118023209333,0.5714285714285714,117,0.7863247863247862,1.0,0,-1
1830920,1920945,8,3.3799634342587948,0.8,81,0.7521367521367519,1.0,5,-1
1830920,1920949,8,3.4452118023209333,0.5714285714285714,117,0.7863247863247862,1.0,0,-1
1830920,1921178,4,1.5594849810051203,0.3333333333333333,63,0.3076923076923077,0.5,0,-1
1830920,1925050,4,1.5594849810051203,0.3333333333333333,63,0.3076923076923077,0.5,0,-1
1831829,1935477,2,1.8204784532536746,0.5,9,0.6666666666666666,1.0,6,-1
1831829,1935483,2,1.8204784532536746,0.5,9,0.6666666666666666,1.0,6,-1
1831829,1936563,2,1.8204784532536746,0.5,9,0.6666666666666666,1.0,6,-1
1832095,1923896,2,1.8204784532536746,0.5,9,0.6666666666666666,1.0,3,1
1832095,1933233,2,1.8204784532536746,0.5,9,0.6666666666666666,1.0,2,-1
1832095,1936497,2,1.8204784532536746,0.5,9,0.6666666666666666,1.0,0,-1
1832783,1893441,4,2.4853397382384474,0.5,35,0.8,1.0,0,-1
1832783,1900691,4,2.4853397382384474,0.5,35,0.8,1.0,0,-1
1832783,1912321,4,2.4853397382384474,0.5,35,0.8,1.0,0,-1
1832783,1921559,4,2.4853397382384474,0.5,35,0.8,1.0,0,-1
1832783,1930138,4,2.4853397382384474,0.5,35,0.8,1.0,0,-1
1832857,1913621,2,1.8204784532536746,0.5,9,0.6666666666666666,1.0,0,-1
1832857,1920084,2,1.8204784532536746,0.5,9,0.6666666666666666,1.0,2,-1
1832857,1925158,2,1.8204784532536746,0.5,9,0.6666666666666666,1.0,0,-1
1834206,1855941,1,1.4426950408889634,0.3333333333333333,4,0.5,1.0,0,-1
1834206,1887605,1,1.4426950408889634,0.3333333333333333,4,0.5,1.0,2,-1
1835610,1888328,5,2.7905531327562363,0.7142857142857143,36,0.8333333333333333,1.0,6,-1
1835610,1896103,5,2.7905531327562363,0.7142857142857143,36,0.8333333333333333,1.0,9,-1
1835610,1896118,5,2.7905531327562363,0.7142857142857143,36,0.8333333333333333,1.0,6,-1
1835610,1896127,5,2.7905531327562363,0.7142857142857143,36,0.8333333333333333,1.0,6,-1
1835610,1905766,5,2.7905531327562363,0.7142857142857143,36,0.8333333333333333,1.0,9,-1
1835610,1915912,5,2.7905531327562363,0.7142857142857143,36,0.8333333333333333,1.0,9,-1
1836953,1883817,6,3.083390054218504,0.75,49,0.857142857142857,1.0,7,-1
1836953,1900159,6,3.083390054218504,0.75,49,0.857142857142857,1.0,7,-1
1836953,1925385,6,3.083390054218504,0.75,49,0.857142857142857,1.0,7,-1
1836953,1925786,6,3.083390054218504,0.75,49,0.857142857142857,1.0,7,-1
1836953,1930230,6,3.083390054218504,0.75,49,0.857142857142857,1.0,7,-1
1836953,1934554,6,3.083390054218504,0.75,49,0.857142857142857,1.0,7,-1
1836953,1934648,6,3.083390054218504,0.75,49,0.857142857142857,1.0,7,-1
1837519,1934343,0,0.0,0.0,1,0.0,1.0,2,-1
1837619,1886872,2,1.8204784532536746,0.5,9,0.6666666666666666,1.0,6,-1
1837619,1943492,2,1.8204784532536746,0.5,9,0.6666666666666666,1.0,6,-1
1837619,1944053,2,1.8204784532536746,0.5,9,0.6666666666666666,1.0,6,-1
1838505,1842333,8,3.4452118023209333,0.5714285714285714,117,0.7863247863247862,1.0,0,-1
1838505,1848120,4,1.5594849810051203,0.3333333333333333,63,0.3076923076923077,0.5,0,-1
1838505,1872464,8,3.3799634342587948,0.8,81,0.7521367521367519,1.0,8,-1
1838505,1894453,8,3.3799634342587948,0.8,81,0.7521367521367519,1.0,8,-1
1838505,1894662,4,1.5594849810051203,0.3333333333333333,63,0.3076923076923077,0.5,0,-1
1838505,1894789,8,3.3799634342587948,0.8,81,0.7521367521367519,1.0,5,-1
1838505,1919384,8,3.4452118023209333,0.5714285714285714,117,0.7863247863247862,1.0,0,-1
1838505,1919657,8,3.4452118023209333,0.5714285714285714,117,0.7863247863247862,1.0,0,-1
1838505,1920945,8,3.3799634342587948,0.8,81,0.7521367521367519,1.0,5,-1
1838505,1920949,8,3.4452118023209333,0.5714285714285714,117,0.7863247863247862,1.0,0,-1
1838505,1921178,4,1.5594849810051203,0.3333333333333333,63,0.3076923076923077,0.5,0,-1
1838505,1925050,4,1.5594849810051203,0.3333333333333333,63,0.3076923076923077,0.5,0,-1
1838529,1838634,2,1.8204784532536746,0.4,12,0.6666666666666666,1.0,5,-1
1838529,1913046,1,0.7213475204444817,0.3333333333333333,3,0.25,0.5,4,-1
1838529,1924679,2,1.631586747071319,0.5,9,0.5833333333333333,1.0,5,-1
1838529,1930088,2,1.631586747071319,0.5,9,0.5833333333333333,1.0,3,-1
1838634,1913046,0,0.0,0.0,4,0.0,1.0,2,-1
1838634,1924679,2,1.8204784532536746,0.4,12,0.6666666666666666,1.0,5,-1
1838634,1930088,2,1.8204784532536746,0.4,12,0.6666666666666666,1.0,3,-1
1838877,1887928,2,1.8204784532536746,0.5,9,0.6666666666666666,1.0,4,-1
1838877,1904632,2,1.8204784532536746,0.5,9,0.6666666666666666,1.0,4,-1
1838877,1905710,2,1.8204784532536746,0.5,9,0.6666666666666666,1.0,0,-1
1838954,1944159,1,1.4426950408889634,0.3333333333333333,4,0.5,1.0,4,-1
1838954,1944216,1,1.4426950408889634,0.3333333333333333,4,0.5,1.0,4,-1
1839309,1874039,6,3.083390054218504,0.75,49,0.857142857142857,1.0,12,-1
1839309,1926016,6,3.083390054218504,0.75,49,0.857142857142857,1.0,12,-1
1839309,1930396,6,3.083390054218504,0.75,49,0.857142857142857,1.0,12,-1
1839309,1930418,6,3.083390054218504,0.75,49,0.857142857142857,1.0,12,-1
1839309,1934713,6,3.083390054218504,0.75,49,0.857142857142857,1.0,12,-1
1839309,1942083,6,3.083390054218504,0.75,49,0.857142857142857,1.0,0,-1
1839309,1942091,6,3.083390054218504,0.75,49,0.857142857142857,1.0,12,-1
1839401,1889010,3,2.0640299754485754,0.5,20,0.7,1.0,4,-1
1839401,1916487,3,2.064029975448575,0.5,20,0.7,1.0,4,-1
1839401,1933601,3,1.9640173895637054,0.6,16,0.65,1.0,4,-1
1839401,1934386,3,1.9640173895637054,0.6,16,0.65,1.0,5,-1
1841436,1848378,3,2.164042561333445,0.6,16,0.75,1.0,0,-1
1841436,1925598,3,2.164042561333445,0.6,16,0.75,1.0,0,-1
1841436,1929981,3,2.164042561333445,0.6,16,0.75,1.0,0,-1
1841436,1934380,3,2.164042561333445,0.6,16,0.75,1.0,0,-1
1841626,1925206,7,3.366288428740915,0.7777777777777778,64,0.875,1.0,7,-1
1841626,1925609,7,3.366288428740915,0.7777777777777778,64,0.875,1.0,11,-1
1841626,1929612,7,3.366288428740915,0.7777777777777778,64,0.875,1.0,11,-1
1841626,1929615,7,3.366288428740915,0.7777777777777778,64,0.875,1.0,11,-1
1841626,1930127,7,3.366288428740915,0.7777777777777778,64,0.875,1.0,7,-1
1841626,1930137,7,3.366288428740915,0.7777777777777778,64,0.875,1.0,11,-1
1841626,1933792,7,3.366288428740915,0.7777777777777778,64,0.875,1.0,0,-1
1841922,1925697,2,1.8204784532536746,0.5,9,0.6666666666666666,1.0,4,-1
1841922,1929560,2,1.8204784532536746,0.5,9,0.6666666666666666,1.0,0,-1
1841922,1930203,2,1.8204784532536746,0.5,9,0.6666666666666666,1.0,4,-1
1842333,1848120,6,2.7113087628630925,0.42857142857142855,91,0.6593406593406592,1.0,10,-1
1842333,1872464,8,3.4452118023209333,0.5714285714285714,117,0.7863247863247862,1.0,0,-1
1842333,1894453,8,3.4452118023209333,0.5714285714285714,117,0.7863247863247862,1.0,0,-1
1842333,1894662,6,2.7113087628630925,0.42857142857142855,91,0.6593406593406592,1.0,7,-1
1842333,1894789,8,3.4452118023209333,0.5714285714285714,117,0.7863247863247862,1.0,0,-1
1842333,1919384,12,5.566053539862074,0.8571428571428571,169,1.3919413919413919,1.0,10,-1
1842333,1919657,12,5.566053539862074,0.8571428571428571,169,1.3919413919413919,1.0,7,-1
1842333,1920945,8,3.4452118023209333,0.5714285714285714,117,0.7863247863247862,1.0,0,-1
1842333,1920949,12,5.566053539862074,0.8571428571428571,169,1.3919413919413919,1.0,7,-1
1842333,1921178,6,2.7113087628630925,0.42857142857142855,91,0.6593406593406592,1.0,10,-1
1842333,1925050,6,2.7113087628630925,0.42857142857142855,91,0.6593406593406592,1.0,7,-1
1842556,1886851,3,2.164042561333445,0.6,16,0.75,1.0,4,1
1842556,1886859,3,2.164042561333445,0.6,16,0.75,1.0,4,1
1842556,1902772,3,2.164042561333445,0.6,16,0.75,1.0,4,1
1842556,1914605,3,2.164042561333445,0.6,16,0.75,1.0,4,1
1844442,1869567,5,2.7905531327562363,0.7142857142857143,36,0.8333333333333333,1.0,2,-1
1844442,1894380,5,2.7905531327562363,0.7142857142857143,36,0.8333333333333333,1.0,0,-1
1844442,1919277,5,2.7905531327562363,0.7142857142857143,36,0.8333333333333333,1.0,0,-1
1844442,1919304,5,2.7905531327562363,0.7142857142857143,36,0.8333333333333333,1.0,0,-1
1844442,1919576,5,2.7905531327562363,0.7142857142857143,36,0.8333333333333333,1.0,0,-1
1844442,1921423,5,2.7905531327562363,0.7142857142857143,36,0.8333333333333333,1.0,0,-1
1846477,1894756,3,2.0008056674402104,0.6,16,0.6666666666666666,1.0,2,-1
1846477,1894959,3,2.164042561333445,0.42857142857142855,24,0.75,1.0,0,-1
1846477,1917122,3,2.0008056674402104,0.6,16,0.6666666666666666,1.0,0,-1
1846477,1921241,3,2.0008056674402104,0.6,16,0.6666666666666666,1.0,2,-1
1846842,1886666,4,2.4853397382384474,0.6666666666666666,25,0.8,1.0,4,-1
1846842,1887461,4,2.4853397382384474,0.6666666666666666,25,0.8,1.0,7,-1
1846842,1894669,4,2.4853397382384474,0.6666666666666666,25,0.8,1.0,0,-1
1846842,1903167,4,2.4853397382384474,0.6666666666666666,25,0.8,1.0,7,-1
1846842,1914383,4,2.4853397382384474,0.6666666666666666,25,0.8,1.0,7,-1
1847208,1893638,9,3.891388246650261,0.75,110,0.8909090909090908,1.0,13,-1
1847208,1893659,9,3.891388246650261,0.75,110,0.8909090909090908,1.0,13,-1
1847208,1894077,9,3.891388246650261,0.75,110,0.8909090909090908,1.0,7,-1
1847208,1894350,9,3.891388246650261,0.75,110,0.8909090909090908,1.0,0,-1
1847208,1902036,9,3.891388246650261,0.75,110,0.8909090909090908,1.0,13,-1
1847208,1903277,9,3.891388246650261,0.75,110,0.8909090909090908,1.0,13,-1
1847208,1919235,10,5.35134537801823,0.8333333333333334,121,1.4000000000000001,1.0,15,-1
1847208,1920011,1,0.4170323914242463,0.08333333333333333,22,0.09090909090909091,1.0,4,-1
1847208,1921396,9,3.891388246650261,0.75,110,0.8909090909090908,1.0,13,-1
1847208,1921400,9,3.891388246650261,0.75,110,0.8909090909090908,1.0,0,-1
1847208,1929704,9,3.891388246650261,0.75,110,0.8909090909090908,1.0,0,-1
1847840,1847845,4,2.974269202075413,0.3076923076923077,60,1.0333333333333332,1.0,7,1
1847840,1847850,3,1.9640173895637054,0.23076923076923078,48,0.65,1.0,4,-1
1847840,1895368,3,1.9640173895637054,0.23076923076923078,48,0.65,1.0,4,-1
1847840,1900088,3,2.164042561333445,0.23076923076923078,48,0.75,1.0,4,1
1847840,1908485,3,2.164042561333445,0.23076923076923078,48,0.75,1.0,4,1
1847840,1917784,3,2.164042561333445,0.23076923076923078,48,0.75,1.0,4,1
1847840,1921457,3,2.164042561333445,0.23076923076923078,48,0.75,1.0,5,1
1847845,1847850,3,1.7451120593859382,0.5,20,0.5333333333333333,1.0,4,-1
1847845,1895368,3,1.7451120593859382,0.5,20,0.5333333333333333,1.0,4,-1
1847845,1900088,1,0.40242960438184466,0.125,20,0.08333333333333333,0.5,2,1
1847845,1908485,1,0.40242960438184466,0.125,20,0.08333333333333333,0.5,2,1
1847845,1917784,1,0.40242960438184466,0.125,20,0.08333333333333333,0.5,2,-1
1847845,1921457,1,0.40242960438184466,0.125,20,0.08333333333333333,0.5,4,-1
1847850,1895368,3,1.6450994735010682,0.6,16,0.48333333333333334,1.0,4,-1
1847850,1900088,1,0.40242960438184466,0.14285714285714285,16,0.08333333333333333,0.5,3,-1
1847850,1908485,1,0.40242960438184466,0.14285714285714285,16,0.08333333333333333,0.5,3,-1
1847850,1917784,1,0.40242960438184466,0.14285714285714285,16,0.08333333333333333,0.5,3,-1
1847850,1921457,1,0.40242960438184466,0.14285714285714285,16,0.08333333333333333,0.5,2,-1
1848120,1872464,4,1.5594849810051203,0.3333333333333333,63,0.3076923076923077,0.5,0,-1
1848120,1894453,4,1.5594849810051203,0.3333333333333333,63,0.3076923076923077,0.5,0,-1
1848120,1894662,6,2.5872816657446216,0.75,49,0.5934065934065933,1.0,7,-1
1848120,1894789,4,1.5594849810051203,0.3333333333333333,63,0.3076923076923077,0.5,0,-1
1848120,1919384,6,2.7113087628630925,0.42857142857142855,91,0.6593406593406592,1.0,10,-1
1848120,1919657,6,2.7113087628630925,0.42857142857142855,91,0.6593406593406592,1.0,7,-1
1848120,1920945,4,1.5594849810051203,0.3333333333333333,63,0.3076923076923077,0.5,0,-1
1848120,1920949,6,2.7113087628630925,0.42857142857142855,91,0.6593406593406592,1.0,7,-1
1848120,1921178,6,2.5872816657446216,0.75,49,0.5934065934065933,1.0,10,-1
1848120,1925050,6,2.5872816657446216,0.75,49,0.5934065934065933,1.0,7,-1
1848378,1925598,3,2.164042561333445,0.6,16,0.75,1.0,0,-1
1848378,1929981,3,2.164042561333445,0.6,16,0.75,1.0,0,-1
1848378,1934380,3,2.164042561333445,0.6,16,0.75,1.0,0,-1
1849899,1934090,1,1.4426950408889634,0.3333333333333333,4,0.5,1.0,0,1
1849899,1942168,1,1.4426950408889634,0.3333333333333333,4,0.5,1.0,0,1
1850385,1922397,2,1.8204784532536746,0.5,9,0.6666666666666666,1.0,0,-1
1850385,1922821,2,1.8204784532536746,0.5,9,0.6666666666666666,1.0,0,-1
1850385,1942598,2,1.8204784532536746,0.5,9,0.6666666666666666,1.0,0,-1
1851120,1936363,1,1.4426950408889634,0.3333333333333333,4,0.5,1.0,4,-1
1851120,1936856,1,1.4426950408889634,0.3333333333333333,4,0.5,1.0,4,-1
1852560,1885428,4,1.85972743231321,0.5714285714285714,30,0.46590909090909094,0.5,0,-1
1852560,1890993,4,2.000164019909834,0.4444444444444444,40,0.5409090909090909,1.0,0,-1
1852560,1895786,1,0.4170323914242463,0.1111111111111111,25,0.09090909090909091,0.5,0,-1
1852560,1896117,1,0.4170323914242463,0.14285714285714285,15,0.09090909090909091,0.5,0,-1
1852560,1896130,1,0.4170323914242463,0.14285714285714285,15,0.09090909090909091,0.5,0,-1
1852560,1897211,4,2.0640299754485754,0.3333333333333333,55,0.575,1.0,0,-1
1852560,1902499,4,1.85972743231321,0.5714285714285714,30,0.46590909090909094,0.5,0,-1
1852560,1912002,4,1.85972743231321,0.6666666666666666,25,0.46590909090909094,1.0,2,-1
1852560,1913631,4,2.000164019909834,0.4444444444444444,40,0.5409090909090909,1.0,0,-1
1852560,1913660,4,2.000164019909834,0.4444444444444444,40,0.5409090909090909,1.0,0,-1
1852560,1921791,4,1.85972743231321,0.5714285714285714,30,0.46590909090909094,0.5,0,-1
1853147,1895685,1,1.4426950408889634,0.2,8,0.5,1.0,2,-1
1853147,1902676,1,1.4426950408889634,0.2,8,0.5,1.0,2,-1
1853584,1886969,6,3.083390054218504,0.75,49,0.857142857142857,1.0,0,-1
1853584,1887423,6,3.083390054218504,0.75,49,0.857142857142857,1.0,4,-1
1853584,1895203,6,3.083390054218504,0.75,49,0.857142857142857,1.0,0,-1
1853584,1895218,6,3.083390054218504,0.75,49,0.857142857142857,1.0,0,-1
1853584,1895250,6,3.083390054218504,0.75,49,0.857142857142857,1.0,0,-1
1853584,1895254,6,3.083390054218504,0.75,49,0.857142857142857,1.0,4,-1
1853584,1903386,6,3.083390054218504,0.75,49,0.857142857142857,1.0,0,-1
1853697,1887817,4,2.4853397382384474,0.6666666666666666,25,0.8,1.0,5,-1
1853697,1887854,4,2.4853397382384474,0.6666666666666666,25,0.8,1.0,5,-1
1853697,1888509,4,2.4853397382384474,0.6666666666666666,25,0.8,1.0,6,-1
1853697,1903786,4,2.4853397382384474,0.6666666666666666,25,0.8,1.0,5,-1
1853697,1903817,4,2.4853397382384474,0.6666666666666666,25,0.8,1.0,5,-1
1854176,1932959,0,0.0,0.0,1,0.0,1.0,1,-1
1854489,1893972,2,1.8204784532536746,0.5,9,0.6666666666666666,1.0,0,-1
1854489,1925154,2,1.8204784532536746,0.5,9,0.6666666666666666,1.0,2,-1
1854489,1925181,2,1.8204784532536746,0.5,9,0.6666666666666666,1.0,3,-1
1855941,1887605,1,1.4426950408889634,0.3333333333333333,4,0.5,1.0,0,-1
1857414,1894123,8,3.640956906507349,0.8,81,0.8888888888888891,1.0,0,-1
1857414,1903020,8,3.640956906507349,0.8,81,0.8888888888888891,1.0,0,-1
1857414,1903322,8,3.640956906507349,0.8,81,0.8888888888888891,1.0,0,-1
1857414,1910859,8,3.640956906507349,0.8,81,0.8888888888888891,1.0,1,-1
1857414,1915355,8,3.640956906507349,0.8,81,0.8888888888888891,1.0,0,-1
1857414,1919585,8,3.640956906507349,0.8,81,0.8888888888888891,1.0,0,-1
1857414,1924824,8,3.640956906507349,0.8,81,0.8888888888888891,1.0,0,-1
1857414,1929772,8,3.640956906507349,0.8,81,0.8888888888888891,1.0,0,-1
1858106,1877434,7,3.366288428740915,0.7777777777777778,64,0.875,1.0,6,-1
1858106,1894434,7,3.366288428740915,0.7777777777777778,64,0.875,1.0,11,-1
1858106,1894450,7,3.366288428740915,0.7777777777777778,64,0.875,1.0,0,-1
1858106,1895695,7,3.366288428740915,0.7777777777777778,64,0.875,1.0,11,-1
1858106,1902712,7,3.366288428740915,0.7777777777777778,64,0.875,1.0,11,-1
1858106,1902725,7,3.366288428740915,0.7777777777777778,64,0.875,1.0,11,-1
1858106,1903059,7,3.366288428740915,0.7777777777777778,64,0.875,1.0,0,-1
1858106,1904099,7,3.366288428740915,0.7777777777777778,64,0.875,1.0,11,-1
1862185,1887141,6,3.083390054218504,0.75,49,0.857142857142857,1.0,7,-1
1862185,1904983,6,3.083390054218504,0.75,49,0.857142857142857,1.0,7,-1
1862185,1925872,6,3.083390054218504,0.75,49,0.857142857142857,1.0,7,-1
1862185,1930505,6,3.083390054218504,0.75,49,0.857142857142857,1.0,9,-1
1862185,1942042,6,3.083390054218504,0.75,49,0.857142857142857,1.0,7,-1
1862185,1942059,6,3.083390054218504,0.75,49,0.857142857142857,1.0,7,-1
1864153,1864555,6,3.083390054218504,0.75,49,0.857142857142857,1.0,8,-1
1864153,1884758,6,3.083390054218504,0.75,49,0.857142857142857,1.0,7,-1
1864153,1901318,6,3.083390054218504,0.75,49,0.857142857142857,1.0,7,-1
1864153,1935546,6,3.083390054218504,0.75,49,0.857142857142857,1.0,7,-1
1864153,1935551,6,3.083390054218504,0.75,49,0.857142857142857,1.0,7,-1
1864153,1936314,6,3.083390054218504,0.75,49,0.857142857142857,1.0,7,-1
1864153,1943960,6,3.083390054218504,0.75,49,0.857142857142857,1.0,7,-1
1864555,1884758,6,3.083390054218504,0.75,49,0.857142857142857,1.0,7,-1
1864555,1901318,6,3.083390054218504,0.75,49,0.857142857142857,1.0,7,-1
1864555,1935546,6,3.083390054218504,0.75,49,0.857142857142857,1.0,7,-1
1864555,1935551,6,3.083390054218504,0.75,49,0.857142857142857,1.0,7,-1
1864555,1936314,6,3.083390054218504,0.75,49,0.857142857142857,1.0,7,-1
1864555,1943960,6,3.083390054218504,0.75,49,0.857142857142857,1.0,7,-1
1864682,1895418,1,1.4426950408889634,0.3333333333333333,4,0.5,1.0,4,-1
1864682,1904195,1,1.4426950408889634,0.3333333333333333,4,0.5,1.0,4,-1
1864936,1887233,2,1.8204784532536746,0.5,9,0.6666666666666666,1.0,3,-1
1864936,1887766,2,1.8204784532536746,0.5,9,0.6666666666666666,1.0,3,-1
1864936,1915371,2,1.8204784532536746,0.5,9,0.6666666666666666,1.0,4,-1
1869383,1889906,1,1.4426950408889634,0.3333333333333333,4,0.5,1.0,2,-1
1869383,1897639,1,1.4426950408889634,0.3333333333333333,4,0.5,1.0,2,-1
1869567,1894380,5,2.7905531327562363,0.7142857142857143,36,0.8333333333333333,1.0,0,-1
1869567,1919277,5,2.7905531327562363,0.7142857142857143,36,0.8333333333333333,1.0,0,-1
1869567,1919304,5,2.7905531327562363,0.7142857142857143,36,0.8333333333333333,1.0,0,-1
1869567,1919576,5,2.7905531327562363,0.7142857142857143,36,0.8333333333333333,1.0,0,-1
1869567,1921423,5,2.7905531327562363,0.7142857142857143,36,0.8333333333333333,1.0,0,-1
1870481,1888411,0,0.0,0.0,1,0.0,1.0,2,-1
1871199,1887699,1,1.4426950408889634,0.3333333333333333,4,0.5,1.0,2,-1
1871199,1915285,1,1.4426950408889634,0.3333333333333333,4,0.5,1.0,2,-1
1872464,1894453,8,3.3799634342587948,0.8,81,0.7521367521367519,1.0,8,-1
1872464,1894662,4,1.5594849810051203,0.3333333333333333,63,0.3076923076923077,0.5,0,-1
1872464,1894789,8,3.3799634342587948,0.8,81,0.7521367521367519,1.0,5,-1
1872464,1919384,8,3.4452118023209333,0.5714285714285714,117,0.7863247863247862,1.0,0,-1
1872464,1919657,8,3.4452118023209333,0.5714285714285714,117,0.7863247863247862,1.0,0,-1
1872464,1920945,8,3.3799634342587948,0.8,81,0.7521367521367519,1.0,5,-1
1872464,1920949,8,3.4452118023209333,0.5714285714285714,117,0.7863247863247862,1.0,0,-1
1872464,1921178,4,1.5594849810051203,0.3333333333333333,63,0.3076923076923077,0.5,0,-1
1872464,1925050,4,1.5594849810051203,0.3333333333333333,63,0.3076923076923077,0.5,0,-1
1872845,1887471,4,2.4853397382384474,0.6666666666666666,25,0.8,1.0,8,1
1872845,1887845,4,2.4853397382384474,0.6666666666666666,25,0.8,1.0,8,-1
1872845,1887884,4,2.4853397382384474,0.6666666666666666,25,0.8,1.0,8,-1
1872845,1895723,4,2.4853397382384474,0.6666666666666666,25,0.8,1.0,0,-1
1872845,1903623,4,2.4853397382384474,0.6666666666666666,25,0.8,1.0,8,-1
1873612,1894215,0,0.0,0.0,1,0.0,1.0,0,-1
1874039,1926016,6,3.083390054218504,0.75,49,0.857142857142857,1.0,12,-1
1874039,1930396,6,3.083390054218504,0.75,49,0.857142857142857,1.0,12,-1
1874039,1930418,6,3.083390054218504,0.75,49,0.857142857142857,1.0,12,-1
1874039,1934713,6,3.083390054218504,0.75,49,0.857142857142857,1.0,12,-1
1874039,1942083,6,3.083390054218504,0.75,49,0.857142857142857,1.0,0,-1
1874039,1942091,6,3.083390054218504,0.75,49,0.857142857142857,1.0,12,-1
1874245,1909421,2,1.8204784532536746,0.5,9,0.6666666666666666,1.0,6,-1
1874245,1929563,2,1.8204784532536746,0.5,9,0.6666666666666666,1.0,6,-1
1874245,1934574,2,1.8204784532536746,0.5,9,0.6666666666666666,1.0,6,-1
1877434,1894434,7,3.366288428740915,0.7777777777777778,64,0.875,1.0,6,-1
1877434,1894450,7,3.366288428740915,0.7777777777777778,64,0.875,1.0,0,-1
1877434,1895695,7,3.366288428740915,0.7777777777777778,64,0.875,1.0,6,-1
1877434,1902712,7,3.366288428740915,0.7777777777777778,64,0.875,1.0,6,-1
1877434,1902725,7,3.366288428740915,0.7777777777777778,64,0.875,1.0,6,-1
1877434,1903059,7,3.366288428740915,0.7777777777777778,64,0.875,1.0,0,-1
1877434,1904099,7,3.366288428740915,0.7777777777777778,64,0.875,1.0,6,-1
1878390,1890333,4,2.4853397382384474,0.5,35,0.8,1.0,5,-1
1878390,1891290,4,2.4853397382384474,0.5,35,0.8,1.0,5,-1
1878390,1895529,1,1.4426950408889634,0.125,14,0.5,1.0,2,-1
1878390,1905348,1,1.4426950408889634,0.125,14,0.5,1.0,2,-1
1878390,1929958,4,2.4853397382384474,0.5,35,0.8,1.0,5,-1
1878390,1929963,4,2.4853397382384474,0.5,35,0.8,1.0,5,-1
1878390,1934327,4,2.4853397382384474,0.5,35,0.8,1.0,5,-1
1881316,1895658,5,2.7905531327562363,0.7142857142857143,36,0.8333333333333333,1.0,6,-1
1881316,1895683,5,2.7905531327562363,0.7142857142857143,36,0.8333333333333333,1.0,6,-1
1881316,1896745,5,2.7905531327562363,0.7142857142857143,36,0.8333333333333333,1.0,6,-1
1881316,1903844,5,2.7905531327562363,0.7142857142857143,36,0.8333333333333333,1.0,6,-1
1881316,1903858,5,2.7905531327562363,0.7142857142857143,36,0.8333333333333333,1.0,6,-1
1881316,1915437,5,2.7905531327562363,0.7142857142857143,36,0.8333333333333333,1.0,6,-1
1881375,1929509,1,1.4426950408889634,0.07142857142857142,26,0.5,1.0,0,-1
1881375,1929991,1,1.4426950408889634,0.07142857142857142,26,0.5,1.0,2,-1
1881466,1881489,4,2.4853397382384474,0.6666666666666666,25,0.8,1.0,8,-1
1881466,1883007,4,2.4853397382384474,0.6666666666666666,25,0.8,1.0,8,-1
1881466,1887030,4,2.4853397382384474,0.6666666666666666,25,0.8,1.0,5,-1
1881466,1896208,4,2.4853397382384474,0.6666666666666666,25,0.8,1.0,5,-1
1881466,1896236,4,2.4853397382384474,0.6666666666666666,25,0.8,1.0,8,-1
1881489,1883007,4,2.4853397382384474,0.6666666666666666,25,0.8,1.0,8,-1
1881489,1887030,4,2.4853397382384474,0.6666666666666666,25,0.8,1.0,5,-1
1881489,1896208,4,2.4853397382384474,0.6666666666666666,25,0.8,1.0,5,-1
1881489,1896236,4,2.4853397382384474,0.6666666666666666,25,0.8,1.0,8,-1
1881784,1943881,1,1.4426950408889634,0.3333333333333333,4,0.5,1.0,0,-1
1881784,1944008,1,1.4426950408889634,0.3333333333333333,4,0.5,1.0,0,-1
1881817,1882411,0,0.0,0.0,5,0.0,1.0,0,-1
1881817,1929703,3,2.164042561333445,0.5,20,0.75,1.0,8,-1
1881817,1930210,3,2.164042561333445,0.5,20,0.75,1.0,8,-1
1881817,1934505,3,2.164042561333445,0.5,20,0.75,1.0,8,-1
1881817,1934625,3,2.164042561333445,0.5,20,0.75,1.0,8,-1
1881877,1925901,3,2.164042561333445,0.6,16,0.75,1.0,8,-1
1881877,1925937,3,2.164042561333445,0.6,16,0.75,1.0,8,-1
1881877,1934703,3,2.164042561333445,0.6,16,0.75,1.0,8,-1
1881877,1934719,3,2.164042561333445,0.6,16,0.75,1.0,8,-1
1881881,1882475,6,3.083390054218504,0.75,49,0.857142857142857,1.0,8,-1
1881881,1889888,6,3.083390054218504,0.75,49,0.857142857142857,1.0,7,-1
1881881,1913677,6,3.083390054218504,0.75,49,0.857142857142857,1.0,7,-1
1881881,1921804,6,3.083390054218504,0.75,49,0.857142857142857,1.0,7,-1
1881881,1930183,6,3.083390054218504,0.75,49,0.857142857142857,1.0,7,-1
1881881,1930212,6,3.083390054218504,0.75,49,0.857142857142857,1.0,7,-1
1881881,1930239,6,3.083390054218504,0.75,49,0.857142857142857,1.0,7,-1
1881965,1929751,0,0.0,0.0,1,0.0,1.0,0,-1
1882051,1883093,5,2.7905531327562363,0.7142857142857143,36,0.8333333333333333,1.0,11,1
1882051,1899361,5,2.7905531327562363,0.7142857142857143,36,0.8333333333333333,1.0,11,1
1882051,1918992,5,2.7905531327562363,0.7142857142857143,36,0.8333333333333333,1.0,11,1
1882051,1925844,5,2.7905531327562363,0.7142857142857143,36,0.8333333333333333,1.0,6,-1
1882051,1925960,5,2.7905531327562363,0.7142857142857143,36,0.8333333333333333,1.0,11,-1
1882051,1934809,5,2.7905531327562363,0.7142857142857143,36,0.8333333333333333,1.0,11,1
1882058,1889614,2,1.8204784532536746,0.2857142857142857,18,0.6666666666666666,1.0,0,-1
1882058,1890322,2,1.8204784532536746,0.2857142857142857,18,0.6666666666666666,1.0,3,1
1882058,1905061,2,1.8204784532536746,0.2857142857142857,18,0.6666666666666666,1.0,2,-1
1882075,1893280,6,3.083390054218504,0.75,49,0.857142857142857,1.0,13,-1
1882075,1894245,6,3.083390054218504,0.75,49,0.857142857142857,1.0,13,-1
1882075,1925702,6,3.083390054218504,0.75,49,0.857142857142857,1.0,7,-1
1882075,1925709,6,3.083390054218504,0.75,49,0.857142857142857,1.0,13,-1
1882075,1925714,6,3.083390054218504,0.75,49,0.857142857142857,1.0,13,-1
1882075,1934557,6,3.083390054218504,0.75,49,0.857142857142857,1.0,13,-1
1882075,1941673,6,3.083390054218504,0.75,49,0.857142857142857,1.0,13,-1
1882166,1883263,7,3.366288428740915,0.7777777777777778,64,0.875,1.0,15,-1
1882166,1909422,7,3.366288428740915,0.7777777777777778,64,0.875,1.0,15,-1
1882166,1919766,7,3.366288428740915,0.7777777777777778,64,0.875,1.0,15,-1
1882166,1919780,7,3.366288428740915,0.7777777777777778,64,0.875,1.0,15,-1
1882166,1919790,7,3.366288428740915,0.7777777777777778,64,0.875,1.0,15,-1
1882166,1920836,7,3.366288428740915,0.7777777777777778,64,0.875,1.0,15,-1
1882166,1923662,7,3.366288428740915,0.7777777777777778,64,0.875,1.0,8,-1
1882166,1936618,7,3.366288428740915,0.7777777777777778,64,0.875,1.0,15,-1
1882191,1887964,2,1.8204784532536746,0.5,9,0.6666666666666666,1.0,4,-1
1882191,1895888,2,1.8204784532536746,0.5,9,0.6666666666666666,1.0,3,-1
1882191,1903788,2,1.8204784532536746,0.5,9,0.6666666666666666,1.0,3,-1
1882337,1883385,5,3.443500708329174,0.7142857142857143,36,1.1666666666666665,1.0,5,-1
1882337,1925875,5,3.443500708329174,0.7142857142857143,36,1.1666666666666667,1.0,5,-1
1882337,1934641,3,1.8375687735469761,0.42857142857142855,24,0.5833333333333333,1.0,0,-1
1882337,1934739,3,1.8375687735469761,0.42857142857142855,24,0.5833333333333333,1.0,3,-1
1882337,1935842,3,1.8375687735469761,0.42857142857142855,24,0.5833333333333333,1.0,5,-1
1882337,1936549,3,1.8375687735469761,0.42857142857142855,24,0.5833333333333333,1.0,4,-1
1882356,1894105,4,2.4853397382384474,0.6666666666666666,25,0.8,1.0,6,-1
1882356,1909097,4,2.4853397382384474,0.6666666666666666,25,0.8,1.0,5,-1
1882356,1909162,4,2.4853397382384474,0.6666666666666666,25,0.8,1.0,5,-1
1882356,1915343,4,2.4853397382384474,0.6666666666666666,25,0.8,1.0,5,-1
1882356,1917369,4,2.4853397382384474,0.6666666666666666,25,0.8,1.0,5,-1
1882386,1883378,6,2.905761089510846,0.75,49,0.763095238095238,1.0,6,-1
1882386,1884000,6,3.0503900588117414,0.375,105,0.8392857142857142,1.0,6,-1
1882386,1887916,2,0.8501677200318429,0.14285714285714285,63,0.19166666666666665,0.5,3,-1
1882386,1888566,6,2.9387610849176085,0.6666666666666666,56,0.7809523809523808,1.0,6,-1
1882386,1890089,1,0.36926937306885504,0.07142857142857142,56,0.06666666666666667,0.5,2,-1
1882386,1897647,1,0.36926937306885504,0.06666666666666667,63,0.06666666666666667,0.5,2,-1
1882386,1906569,1,0.36926937306885504,0.08333333333333333,42,0.06666666666666667,0.5,2,-1
1882386,1916144,1,0.36926937306885504,0.07142857142857142,56,0.06666666666666667,0.5,0,-1
1882386,1929486,6,2.905761089510846,0.75,49,0.763095238095238,1.0,0,-1
1882386,1929916,6,2.905761089510846,0.75,49,0.763095238095238,1.0,6,-1
1882386,1929972,6,2.905761089510846,0.75,49,0.763095238095238,1.0,6,-1
1882386,1934426,6,2.905761089510846,0.75,49,0.763095238095238,1.0,6,-1
1882386,1943495,1,0.36926937306885504,0.07142857142857142,56,0.06666666666666667,0.5,2,-1
1882399,1882831,7,3.366288428740915,0.7777777777777778,64,0.875,1.0,8,-1
1882399,1883389,7,3.366288428740915,0.7777777777777778,64,0.875,1.0,8,-1
1882399,1884128,7,3.366288428740915,0.7777777777777778,64,0.875,1.0,8,-1
1882399,1884163,7,3.366288428740915,0.7777777777777778,64,0.875,1.0,8,-1
1882399,1930479,7,3.366288428740915,0.7777777777777778,64,0.875,1.0,8,-1
1882399,1934677,7,3.366288428740915,0.7777777777777778,64,0.875,1.0,8,-1
1882399,1934806,7,3.366288428740915,0.7777777777777778,64,0.875,1.0,9,-1
1882399,1934808,7,3.366288428740915,0.7777777777777778,64,0.875,1.0,8,-1
1882411,1929703,1,0.6213349345596119,0.25,4,0.2,0.5,0,-1
1882411,1930210,1,0.6213349345596119,0.25,4,0.2,0.5,0,-1
1882411,1934505,1,0.6213349345596119,0.25,4,0.2,0.5,0,-1
1882411,1934625,1,0.6213349345596119,0.25,4,0.2,0.5,0,-1
1882434,1888241,2,1.8204784532536746,0.5,9,0.6666666666666666,1.0,6,-1
1882434,1905695,2,1.8204784532536746,0.5,9,0.6666666666666666,1.0,6,-1
1882434,1915883,2,1.8204784532536746,0.5,9,0.6666666666666666,1.0,6,-1
1882475,1889888,6,3.083390054218504,0.75,49,0.857142857142857,1.0,7,-1
1882475,1913677,6,3.083390054218504,0.75,49,0.857142857142857,1.0,7,-1
1882475,1921804,6,3.083390054218504,0.75,49,0.857142857142857,1.0,7,-1
1882475,1930183,6,3.083390054218504,0.75,49,0.857142857142857,1.0,7,-1
1882475,1930212,6,3.083390054218504,0.75,49,0.857142857142857,1.0,7,-1
1882475,1930239,6,3.083390054218504,0.75,49,0.857142857142857,1.0,7,-1
1882569,1887909,3,3.263173494142638,0.2727272727272727,40,1.1666666666666665,1.0,0,1
1882569,1911813,3,2.164042561333445,0.2727272727272727,40,0.75,1.0,6,-1
1882569,1917104,3,2.164042561333445,0.2727272727272727,40,0.75,1.0,6,-1
1882569,1919024,3,2.164042561333445,0.2727272727272727,40,0.75,1.0,6,-1
1882569,1925288,1,0.7213475204444817,0.09090909090909091,20,0.25,1.0,0,-1
1882569,1934501,3,2.164042561333445,0.2727272727272727,40,0.75,1.0,0,-1
1882757,1882812,4,2.3191244169922545,0.6666666666666666,25,0.711111111111111,1.0,7,-1
1882757,1883841,4,2.3191244169922545,0.6666666666666666,25,0.711111111111111,1.0,7,-1
1882757,1904431,4,2.319124416992254,0.6666666666666666,25,0.7111111111111112,1.0,4,-1
1882757,1926084,1,0.45511961331341866,0.125,20,0.1111111111111111,0.5,1,-1
1882757,1929643,4,2.3191244169922545,0.6666666666666666,25,0.711111111111111,1.0,7,-1
1882757,1929943,1,0.45511961331341866,0.125,20,0.1111111111111111,0.5,1,-1
1882757,1930649,1,0.45511961331341866,0.125,20,0.1111111111111111,0.5,1,-1
1882757,1934478,4,2.4853397382384474,0.4,45,0.8,1.0,0,-1
1882757,1942523,1,0.45511961331341866,0.125,20,0.1111111111111111,0.5,1,-1
1882775,1884471,4,2.3779031460485864,0.5,35,0.7428571428571429,1.0,0,-1
1882775,1913567,4,2.3779031460485864,0.5,35,0.7428571428571429,1.0,0,-1
1882775,1913570,2,1.0277966847395015,0.3333333333333333,15,0.2857142857142857,0.5,0,-1
1882775,1915342,4,2.270466553858725,0.6666666666666666,25,0.6857142857142857,1.0,0,-1
1882775,1915347,2,1.0277966847395015,0.3333333333333333,15,0.2857142857142857,0.5,0,-1
1882775,1935437,4,2.270466553858725,0.6666666666666666,25,0.6857142857142857,1.0,2,-1
1882775,1935455,4,2.270466553858725,0.6666666666666666,25,0.6857142857142857,1.0,2,-1
1882794,1884103,0,0.0,0.0,1,0.0,1.0,2,-1
1882796,1907921,1,1.4426950408889634,0.3333333333333333,4,0.5,1.0,3,-1
1882796,1934362,1,1.4426950408889634,0.3333333333333333,4,0.5,1.0,2,-1
1882812,1883841,4,2.3191244169922545,0.6666666666666666,25,0.711111111111111,1.0,7,-1
1882812,1904431,4,2.319124416992254,0.6666666666666666,25,0.7111111111111112,1.0,4,-1
1882812,1926084,1,0.45511961331341866,0.125,20,0.1111111111111111,0.5,1,-1
1882812,1929643,4,2.3191244169922545,0.6666666666666666,25,0.711111111111111,1.0,7,-1
1882812,1929943,1,0.45511961331341866,0.125,20,0.1111111111111111,0.5,1,-1
1882812,1930649,1,0.45511961331341866,0.125,20,0.1111111111111111,0.5,1,-1
1882812,1934478,4,2.4853397382384474,0.4,45,0.8,1.0,0,-1
1882812,1942523,1,0.45511961331341866,0.125,20,0.1111111111111111,0.5,1,-1
1882831,1883389,7,3.366288428740915,0.7777777777777778,64,0.875,1.0,8,-1
1882831,1884128,7,3.366288428740915,0.7777777777777778,64,0.875,1.0,8,-1
1882831,1884163,7,3.366288428740915,0.7777777777777778,64,0.875,1.0,8,-1
1882831,1930479,7,3.366288428740915,0.7777777777777778,64,0.875,1.0,10,-1
1882831,1934677,7,3.366288428740915,0.7777777777777778,64,0.875,1.0,8,-1
1882831,1934806,7,3.366288428740915,0.7777777777777778,64,0.875,1.0,8,-1
1882831,1934808,7,3.366288428740915,0.7777777777777778,64,0.875,1.0,10,-1
1882927,1891070,2,1.8204784532536746,0.5,9,0.6666666666666666,1.0,4,-1
1882927,1906649,2,1.8204784532536746,0.5,9,0.6666666666666666,1.0,3,-1
1882927,1929529,2,1.8204784532536746,0.5,9,0.6666666666666666,1.0,3,-1
1883007,1887030,4,2.4853397382384474,0.6666666666666666,25,0.8,1.0,5,-1
1883007,1896208,4,2.4853397382384474,0.6666666666666666,25,0.8,1.0,5,-1
1883007,1896236,4,2.4853397382384474,0.6666666666666666,25,0.8,1.0,8,-1
1883093,1899361,5,2.7905531327562363,0.7142857142857143,36,0.8333333333333333,1.0,11,1
1883093,1918992,5,2.7905531327562363,0.7142857142857143,36,0.8333333333333333,1.0,11,1
1883093,1925844,5,2.7905531327562363,0.7142857142857143,36,0.8333333333333333,1.0,6,-1
1883093,1925960,5,2.7905531327562363,0.7142857142857143,36,0.8333333333333333,1.0,11,-1
1883093,1934809,5,2.7905531327562363,0.7142857142857143,36,0.8333333333333333,1.0,11,1
1883107,1916707,4,2.4853397382384474,0.6666666666666666,25,0.8,1.0,5,-1
1883107,1924967,4,2.4853397382384474,0.6666666666666666,25,0.8,1.0,5,-1
1883107,1924984,4,2.4853397382384474,0.6666666666666666,25,0.8,1.0,5,-1
1883107,1936927,4,2.4853397382384474,0.6666666666666666,25,0.8,1.0,5,-1
1883221,1884530,3,2.164042561333445,0.6,16,0.75,1.0,0,-1
1883221,1895742,3,2.164042561333445,0.6,16,0.75,1.0,0,-1
1883221,1903910,3,2.164042561333445,0.6,16,0.75,1.0,0,-1
1883221,1903990,3,2.164042561333445,0.6,16,0.75,1.0,0,-1
1883234,1884286,3,2.164042561333445,0.3333333333333333,32,0.75,1.0,4,-1
1883234,1888325,3,2.164042561333445,0.3333333333333333,32,0.75,1.0,3,-1
1883234,1888343,3,2.164042561333445,0.3333333333333333,32,0.75,1.0,3,-1
1883234,1895499,3,2.164042561333445,0.3333333333333333,32,0.75,1.0,0,-1
1883234,1904000,3,2.164042561333445,0.3333333333333333,32,0.75,1.0,3,-1
1883234,1924579,3,2.164042561333445,0.3333333333333333,32,0.75,1.0,4,-1
1883234,1934219,3,2.164042561333445,0.3333333333333333,32,0.75,1.0,4,-1
1883234,1934248,3,2.164042561333445,0.3333333333333333,32,0.75,1.0,5,-1
1883263,1909422,7,3.366288428740915,0.7777777777777778,64,0.875,1.0,15,-1
1883263,1919766,7,3.366288428740915,0.7777777777777778,64,0.875,1.0,15,-1
1883263,1919780,7,3.366288428740915,0.7777777777777778,64,0.875,1.0,15,-1
1883263,1919790,7,3.366288428740915,0.7777777777777778,64,0.875,1.0,15,-1
1883263,1920836,7,3.366288428740915,0.7777777777777778,64,0.875,1.0,15,-1
1883263,1923662,7,3.366288428740915,0.7777777777777778,64,0.875,1.0,8,-1
1883263,1936618,7,3.366288428740915,0.7777777777777778,64,0.875,1.0,15,-1
1883265,1910791,1,1.4426950408889634,0.3333333333333333,4,0.5,1.0,2,-1
1883265,1919221,1,1.4426950408889634,0.3333333333333333,4,0.5,1.0,2,-1
1883280,1925814,2,1.8204784532536746,0.5,9,0.6666666666666666,1.0,0,-1
1883280,1926233,2,1.8204784532536746,0.5,9,0.6666666666666666,1.0,0,-1
1883280,1934973,2,1.8204784532536746,0.5,9,0.6666666666666666,1.0,0,-1
1883328,1912489,1,1.4426950408889634,0.3333333333333333,4,0.5,1.0,2,-1
1883328,1933949,1,1.4426950408889634,0.3333333333333333,4,0.5,1.0,2,-1
1883378,1884000,6,3.0503900588117414,0.375,105,0.8392857142857142,1.0,6,-1
1883378,1887916,2,0.8501677200318429,0.14285714285714285,63,0.19166666666666665,0.5,3,-1
1883378,1888566,6,2.9387610849176085,0.6666666666666666,56,0.7809523809523808,1.0,6,-1
1883378,1890089,1,0.36926937306885504,0.07142857142857142,56,0.06666666666666667,0.5,2,-1
1883378,1897647,1,0.36926937306885504,0.06666666666666667,63,0.06666666666666667,0.5,2,-1
1883378,1906569,1,0.36926937306885504,0.08333333333333333,42,0.06666666666666667,0.5,2,-1
1883378,1916144,1,0.36926937306885504,0.07142857142857142,56,0.06666666666666667,0.5,0,-1
1883378,1929486,6,2.905761089510846,0.75,49,0.763095238095238,1.0,0,-1
1883378,1929916,6,2.905761089510846,0.75,49,0.763095238095238,1.0,8,-1
1883378,1929972,6,2.905761089510846,0.75,49,0.763095238095238,1.0,8,-1
1883378,1934426,6,2.905761089510846,0.75,49,0.763095238095238,1.0,6,-1
1883378,1943495,1,0.36926937306885504,0.07142857142857142,56,0.06666666666666667,0.5,2,-1
1883385,1925875,5,3.443500708329174,0.7142857142857143,36,1.1666666666666665,1.0,7,-1
1883385,1934641,3,1.8375687735469761,0.42857142857142855,24,0.5833333333333333,1.0,0,-1
1883385,1934739,3,1.8375687735469761,0.42857142857142855,24,0.5833333333333333,1.0,3,-1
1883385,1935842,3,1.8375687735469761,0.42857142857142855,24,0.5833333333333333,1.0,4,-1
1883385,1936549,3,1.8375687735469761,0.42857142857142855,24,0.5833333333333333,1.0,6,-1
1883389,1884128,7,3.366288428740915,0.7777777777777778,64,0.875,1.0,9,-1
1883389,1884163,7,3.366288428740915,0.7777777777777778,64,0.875,1.0,8,-1
1883389,1930479,7,3.366288428740915,0.7777777777777778,64,0.875,1.0,8,-1
1883389,1934677,7,3.366288428740915,0.7777777777777778,64,0.875,1.0,8,-1
1883389,1934806,7,3.366288428740915,0.7777777777777778,64,0.875,1.0,8,-1
1883389,1934808,7,3.366288428740915,0.7777777777777778,64,0.875,1.0,8,-1
1883494,1902998,2,1.8204784532536746,0.5,9,0.6666666666666666,1.0,3,-1
1883494,1913174,2,1.8204784532536746,0.5,9,0.6666666666666666,1.0,3,-1
1883494,1929697,2,1.8204784532536746,0.5,9,0.6666666666666666,1.0,3,-1
1883526,1885884,5,3.98452101458712,0.7142857142857143,36,1.4166666666666665,1.0,11,1
1883526,1918420,3,2.0008056674402104,0.42857142857142855,24,0.6666666666666666,1.0,7,-1
1883526,1918440,3,2.0008056674402104,0.42857142857142855,24,0.6666666666666666,1.0,7,-1
1883526,1920515,3,2.0008056674402104,0.42857142857142855,24,0.6666666666666666,1.0,4,-1
1883618,1885861,4,2.4853397382384474,0.6666666666666666,25,0.8,1.0,1,-1
1883618,1892880,4,2.4853397382384474,0.6666666666666666,25,0.8,1.0,0,-1
1883618,1893507,4,2.4853397382384474,0.6666666666666666,25,0.8,1.0,0,-1
1883618,1917755,4,2.4853397382384474,0.6666666666666666,25,0.8,1.0,0,-1
1883618,1919532,4,2.4853397382384474,0.6666666666666666,25,0.8,1.0,0,-1
1883639,1884157,3,2.164042561333445,0.6,16,0.75,1.0,2,-1
1883639,1887367,3,2.164042561333445,0.6,16,0.75,1.0,0,-1
1883639,1905017,3,2.164042561333445,0.6,16,0.75,1.0,0,-1
1883639,1915321,3,2.164042561333445,0.6,16,0.75,1.0,3,-1
1883678,1883994,2,1.8204784532536746,0.5,9,0.6666666666666666,1.0,3,1
1883678,1884325,2,1.8204784532536746,0.5,9,0.6666666666666666,1.0,3,1
1883678,1896972,2,1.8204784532536746,0.5,9,0.6666666666666666,1.0,3,1
1883708,1897206,1,1.4426950408889634,0.3333333333333333,4,0.5,1.0,0,-1
1883708,1897235,1,1.4426950408889634,0.3333333333333333,4,0.5,1.0,1,-1
1883722,1884019,2,1.8204784532536746,0.5,9,0.6666666666666666,1.0,2,1
1883722,1928346,2,1.8204784532536746,0.5,9,0.6666666666666666,1.0,0,1
1883722,1934691,2,1.8204784532536746,0.5,9,0.6666666666666666,1.0,0,-1
1883746,1942373,0,0.0,0.0,1,0.0,1.0,1,-1
1883759,1887166,3,2.164042561333445,0.6,16,0.75,1.0,0,-1
1883759,1903709,3,2.164042561333445,0.6,16,0.75,1.0,0,-1
1883759,1903713,3,2.164042561333445,0.6,16,0.75,1.0,1,-1
1883759,1914276,3,2.164042561333445,0.6,16,0.75,1.0,0,-1
1883817,1900159,6,3.083390054218504,0.75,49,0.857142857142857,1.0,7,-1
1883817,1925385,6,3.083390054218504,0.75,49,0.857142857142857,1.0,7,-1
1883817,1925786,6,3.083390054218504,0.75,49,0.857142857142857,1.0,7,-1
1883817,1930230,6,3.083390054218504,0.75,49,0.857142857142857,1.0,7,-1
1883817,1934554,6,3.083390054218504,0.75,49,0.857142857142857,1.0,7,-1
1883817,1934648,6,3.083390054218504,0.75,49,0.857142857142857,1.0,7,-1
1883841,1904431,4,2.319124416992254,0.6666666666666666,25,0.7111111111111112,1.0,4,-1
1883841,1926084,1,0.45511961331341866,0.125,20,0.1111111111111111,0.5,1,-1
1883841,1929643,4,2.3191244169922545,0.6666666666666666,25,0.711111111111111,1.0,7,-1
1883841,1929943,1,0.45511961331341866,0.125,20,0.1111111111111111,0.5,1,-1
1883841,1930649,1,0.45511961331341866,0.125,20,0.1111111111111111,0.5,1,-1
1883841,1934478,4,2.4853397382384474,0.4,45,0.8,1.0,0,-1
1883841,1942523,1,0.45511961331341866,0.125,20,0.1111111111111111,0.5,1,-1
1883876,1908085,3,2.164042561333445,0.6,16,0.75,1.0,6,-1
1883876,1946175,3,2.164042561333445,0.6,16,0.75,1.0,6,-1
1883876,1946851,3,2.164042561333445,0.6,16,0.75,1.0,6,-1
1883876,1946858,3,2.164042561333445,0.6,16,0.75,1.0,0,-1
1883893,1889831,6,3.083390054218504,0.75,49,0.857142857142857,1.0,0,-1
1883893,1889846,6,3.083390054218504,0.75,49,0.857142857142857,1.0,0,-1
1883893,1918700,6,3.083390054218504,0.75,49,0.857142857142857,1.0,0,-1
1883893,1937354,6,3.083390054218504,0.75,49,0.857142857142857,1.0,0,-1
1883893,1945000,6,3.083390054218504,0.75,49,0.857142857142857,1.0,2,-1
1883893,1945002,6,3.083390054218504,0.75,49,0.857142857142857,1.0,0,-1
1883893,1945005,6,3.083390054218504,0.75,49,0.857142857142857,1.0,0,-1
1883994,1884325,2,1.8204784532536746,0.5,9,0.6666666666666666,1.0,5,1
1883994,1896972,2,1.8204784532536746,0.5,9,0.6666666666666666,1.0,5,1
1884000,1887916,8,3.964620312456119,0.5,135,1.0634920634920633,1.0,13,1
1884000,1888566,7,3.5385096675319225,0.4375,120,0.9682539682539681,1.0,10,-1
1884000,1890089,7,3.4579432318435614,0.4375,120,0.9246031746031744,1.0,7,1
1884000,1891045,1,0.45511961331341866,0.05,90,0.1111111111111111,0.5,2,-1
1884000,1897647,7,3.483721965493131,0.4117647058823529,135,0.9384920634920633,1.0,7,1
1884000,1906569,5,2.352934267515801,0.3125,90,0.5972222222222222,1.0,7,-1
1884000,1916144,7,3.4579432318435614,0.4375,120,0.9246031746031744,1.0,0,1
1884000,1929486,6,3.0503900588117414,0.375,105,0.8392857142857142,1.0,0,-1
1884000,1929916,6,3.0503900588117414,0.375,105,0.8392857142857142,1.0,6,-1
1884000,1929972,6,3.0503900588117414,0.375,105,0.8392857142857142,1.0,6,-1
1884000,1934426,6,3.0503900588117414,0.375,105,0.8392857142857142,1.0,8,-1
1884000,1943495,7,3.4579432318435614,0.4375,120,0.9246031746031744,1.0,7,1
1884019,1928346,2,1.8204784532536746,0.5,9,0.6666666666666666,1.0,0,1
1884019,1934691,2,1.8204784532536746,0.5,9,0.6666666666666666,1.0,0,-1
1884061,1885416,14,5.140125121790224,0.875,225,0.919298245614035,1.0,0,-1
1884061,1890099,14,5.140125121790224,0.875,225,0.919298245614035,1.0,0,-1
1884061,1890395,14,5.140125121790224,0.875,225,0.9192982456140351,1.0,0,-1
1884061,1890410,14,5.140125121790224,0.875,225,0.919298245614035,1.0,0,-1
1884061,1891003,14,5.169771222963971,0.7,285,0.9333333333333332,1.0,0,-1
1884061,1896992,14,5.140125121790224,0.875,225,0.9192982456140351,1.0,0,-1
1884061,1897898,14,5.140125121790224,0.875,225,0.9192982456140351,1.0,0,-1
1884061,1903785,14,5.140125121790224,0.875,225,0.9192982456140351,1.0,0,-1
1884061,1905685,1,0.3396232718951086,0.05555555555555555,60,0.05263157894736842,0.5,0,-1
1884061,1924623,1,0.3396232718951086,0.05555555555555555,60,0.05263157894736842,0.5,0,-1
1884061,1924629,1,0.3396232718951086,0.05555555555555555,60,0.05263157894736842,0.5,0,-1
1884061,1925560,1,0.3396232718951086,0.05555555555555555,60,0.05263157894736842,0.5,0,-1
1884061,1925592,14,5.140125121790224,0.875,225,0.9192982456140351,1.0,0,-1
1884061,1925597,14,5.140125121790224,0.875,225,0.9192982456140351,1.0,0,-1
1884061,1925600,14,5.140125121790224,0.875,225,0.9192982456140351,1.0,0,-1
1884061,1929583,14,5.140125121790224,0.875,225,0.9192982456140351,1.0,0,-1
1884061,1933745,14,5.140125121790224,0.875,225,0.9192982456140351,1.0,0,-1
1884061,1934404,14,5.140125121790224,0.875,225,0.9192982456140351,1.0,0,-1
1884061,1934512,14,5.140125121790224,0.875,225,0.9192982456140351,1.0,2,-1
1884108,1890650,2,1.2426698691192237,0.3333333333333333,15,0.4,1.0,3,-1
1884108,1890820,4,2.974269202075413,0.6666666666666666,25,1.0333333333333332,1.0,7,1
1884108,1891401,4,2.974269202075413,0.6666666666666666,25,1.0333333333333332,1.0,7,1
1884110,1925449,4,2.4853397382384474,0.6666666666666666,25,0.8,1.0,6,-1
1884110,1929526,4,2.4853397382384474,0.6666666666666666,25,0.8,1.0,0,-1
1884110,1929616,4,2.4853397382384474,0.6666666666666666,25,0.8,1.0,0,-1
1884110,1934524,4,2.4853397382384474,0.6666666666666666,25,0.8,1.0,6,-1
1884110,1934548,4,2.4853397382384474,0.6666666666666666,25,0.8,1.0,6,-1
1884113,1897264,1,1.4426950408889634,0.3333333333333333,4,0.5,1.0,2,-1
1884113,1903885,1,1.4426950408889634,0.3333333333333333,4,0.5,1.0,2,1
1884128,1884163,7,3.366288428740915,0.7777777777777778,64,0.875,1.0,8,-1
1884128,1930479,7,3.366288428740915,0.7777777777777778,64,0.875,1.0,8,-1
1884128,1934677,7,3.366288428740915,0.7777777777777778,64,0.875,1.0,8,-1
1884128,1934806,7,3.366288428740915,0.7777777777777778,64,0.875,1.0,8,-1
1884128,1934808,7,3.366288428740915,0.7777777777777778,64,0.875,1.0,8,-1
1884157,1887367,3,2.164042561333445,0.6,16,0.75,1.0,0,-1
1884157,1905017,3,2.164042561333445,0.6,16,0.75,1.0,0,-1
1884157,1915321,3,2.164042561333445,0.6,16,0.75,1.0,2,-1
1884163,1930479,7,3.366288428740915,0.7777777777777778,64,0.875,1.0,8,-1
1884163,1934677,7,3.366288428740915,0.7777777777777778,64,0.875,1.0,9,-1
1884163,1934806,7,3.366288428740915,0.7777777777777778,64,0.875,1.0,8,-1
1884163,1934808,7,3.366288428740915,0.7777777777777778,64,0.875,1.0,8,-1
1884178,1887329,4,2.4853397382384474,0.6666666666666666,25,0.8,1.0,4,-1
1884178,1895033,4,2.4853397382384474,0.6666666666666666,25,0.8,1.0,4,-1
1884178,1895048,4,2.4853397382384474,0.6666666666666666,25,0.8,1.0,5,1
1884178,1902947,4,2.4853397382384474,0.6666666666666666,25,0.8,1.0,0,-1
1884178,1902951,4,2.4853397382384474,0.6666666666666666,25,0.8,1.0,4,-1
1884286,1888325,1,0.48089834696298783,0.14285714285714285,16,0.125,0.5,3,-1
1884286,1888343,1,0.48089834696298783,0.14285714285714285,16,0.125,0.5,3,-1
1884286,1895499,1,0.48089834696298783,0.14285714285714285,16,0.125,0.5,0,-1
1884286,1904000,1,0.48089834696298783,0.14285714285714285,16,0.125,0.5,3,-1
1884286,1924579,3,1.923593387851951,0.6,16,0.625,1.0,4,-1
1884286,1934219,3,1.923593387851951,0.6,16,0.625,1.0,4,-1
1884286,1934248,3,1.923593387851951,0.6,16,0.625,1.0,4,-1
1884314,1887359,0,0.0,0.0,1,0.0,1.0,2,-1
1884325,1896972,2,1.8204784532536746,0.5,9,0.6666666666666666,1.0,5,1
1884370,1911941,3,2.164042561333445,0.6,16,0.75,1.0,0,1
1884370,1918212,3,2.164042561333445,0.6,16,0.75,1.0,0,-1
1884370,1931224,3,2.164042561333445,0.6,16,0.75,1.0,0,1
1884370,1936268,3,2.164042561333445,0.6,16,0.75,1.0,0,-1
1884398,1887134,2,1.8204784532536746,0.3333333333333333,15,0.6666666666666666,1.0,6,-1
1884398,1894782,2,1.8204784532536746,0.3333333333333333,15,0.6666666666666666,1.0,6,-1
1884398,1902747,2,1.8204784532536746,0.3333333333333333,15,0.6666666666666666,1.0,6,-1
1884398,1925185,1,1.4426950408889634,0.16666666666666666,10,0.5,1.0,0,-1
1884398,1934431,1,1.4426950408889634,0.16666666666666666,10,0.5,1.0,0,-1
1884471,1913567,6,4.305818191492122,0.75,49,1.4666666666666666,1.0,0,-1
1884471,1913570,2,1.424137568996588,0.25,21,0.47619047619047616,1.0,2,-1
1884471,1915342,4,2.3779031460485864,0.5,35,0.7428571428571429,1.0,1,-1
1884471,1915347,2,1.424137568996588,0.25,21,0.47619047619047616,1.0,0,-1
1884471,1935437,4,2.3779031460485864,0.5,35,0.7428571428571429,1.0,0,-1
1884471,1935455,4,2.3779031460485864,0.5,35,0.7428571428571429,1.0,0,-1
1884530,1895742,3,2.164042561333445,0.6,16,0.75,1.0,0,-1
1884530,1903910,3,2.164042561333445,0.6,16,0.75,1.0,0,-1
1884530,1903990,3,2.164042561333445,0.6,16,0.75,1.0,0,-1
1884544,1893339,1,1.4426950408889634,0.2,8,0.5,1.0,4,1
1884544,1913593,1,0.7213475204444817,0.3333333333333333,4,0.25,1.0,4,-1
1884560,1895319,0,0.0,0.0,1,0.0,1.0,2,-1
1884624,1885727,8,3.5647604748838813,0.8,81,0.8492063492063493,1.0,7,-1
1884624,1899182,1,0.3789231816899512,0.1,18,0.07142857142857142,0.5,2,-1
1884624,1912333,1,0.3789231816899512,0.1,18,0.07142857142857142,0.5,2,-1
1884624,1913606,8,3.640956906507349,0.5333333333333333,126,0.8888888888888891,1.0,7,-1
1884624,1919399,1,0.3789231816899512,0.09090909090909091,27,0.07142857142857142,0.5,2,-1
1884624,1935713,8,3.5647604748838813,0.8,81,0.8492063492063493,1.0,7,-1
1884624,1935732,8,3.5647604748838813,0.8,81,0.8492063492063493,1.0,0,-1
1884624,1936880,8,3.5647604748838813,0.8,81,0.8492063492063493,1.0,7,-1
1884624,1936885,8,3.5647604748838813,0.8,81,0.8492063492063493,1.0,7,-1
1884624,1936917,8,3.5647604748838813,0.8,81,0.8492063492063493,1.0,7,-1
1884624,1937253,1,0.3789231816899512,0.09090909090909091,27,0.07142857142857142,0.5,2,-1
1884624,1944178,8,3.5647604748838813,0.8,81,0.8492063492063493,1.0,7,-1
1884624,1944180,8,3.5647604748838813,0.8,81,0.8492063492063493,1.0,0,-1
1884624,1944907,1,0.3789231816899512,0.09090909090909091,27,0.07142857142857142,0.5,2,-1
1884682,1885659,2,1.8204784532536746,0.5,9,0.6666666666666666,1.0,5,-1
1884682,1891769,2,1.8204784532536746,0.5,9,0.6666666666666666,1.0,3,-1
1884682,1928295,2,1.8204784532536746,0.5,9,0.6666666666666666,1.0,5,-1
1884684,1887189,4,2.4853397382384474,0.6666666666666666,25,0.8,1.0,10,1
1884684,1895401,4,2.4853397382384474,0.6666666666666666,25,0.8,1.0,10,1
1884684,1904756,4,2.4853397382384474,0.6666666666666666,25,0.8,1.0,10,1
1884684,1912702,4,2.4853397382384474,0.6666666666666666,25,0.8,1.0,10,-1
1884684,1915611,4,2.4853397382384474,0.6666666666666666,25,0.8,1.0,10,-1
1884722,1885070,4,2.270466553858725,0.5,35,0.6857142857142857,1.0,9,-1
1884722,1895827,3,1.7491442051839832,0.375,28,0.5357142857142857,1.0,0,-1
1884722,1905553,3,1.7491442051839832,0.375,28,0.5357142857142857,1.0,6,-1
1884722,1919820,4,2.2704665538587254,0.5,35,0.6857142857142857,1.0,9,-1
1884722,1921662,6,3.8205981869375503,0.75,49,1.2428571428571429,1.0,11,-1
1884722,1929996,6,3.8205981869375494,0.75,49,1.2428571428571429,1.0,11,1
1884722,1933844,4,2.270466553858725,0.5,35,0.6857142857142857,1.0,5,-1
1884758,1901318,6,3.083390054218504,0.75,49,0.857142857142857,1.0,7,-1
1884758,1935546,6,3.083390054218504,0.75,49,0.857142857142857,1.0,10,-1
1884758,1935551,6,3.083390054218504,0.75,49,0.857142857142857,1.0,10,-1
1884758,1936314,6,3.083390054218504,0.75,49,0.857142857142857,1.0,7,-1
1884758,1943960,6,3.083390054218504,0.75,49,0.857142857142857,1.0,10,-1
1884788,1936725,4,2.4853397382384474,0.6666666666666666,25,0.8,1.0,5,-1
1884788,1936731,4,2.4853397382384474,0.6666666666666666,25,0.8,1.0,5,-1
1884788,1943544,4,2.4853397382384474,0.6666666666666666,25,0.8,1.0,5,-1
1884788,1943548,4,2.4853397382384474,0.6666666666666666,25,0.8,1.0,5,-1
1884965,1885001,5,2.8759360995308345,0.7142857142857143,36,0.8742424242424242,1.0,5,1
1884965,1887836,5,2.8759360995308345,0.7142857142857143,36,0.8742424242424242,1.0,5,1
1884965,1897225,3,1.6743318796537416,0.42857142857142855,24,0.5,1.0,4,1
1884965,1904147,4,2.091364271077988,0.5714285714285714,30,0.5909090909090909,1.0,0,-1
1884965,1905094,4,2.2956668142133534,0.3076923076923077,66,0.7,1.0,4,-1
1884965,1905107,5,2.8759360995308345,0.7142857142857143,36,0.8742424242424242,1.0,5,-1
1885000,1934748,1,1.4426950408889634,0.3333333333333333,4,0.5,1.0,4,-1
1885000,1934770,1,1.4426950408889634,0.3333333333333333,4,0.5,1.0,4,-1
1885001,1887836,5,2.8759360995308345,0.7142857142857143,36,0.8742424242424243,1.0,5,1
1885001,1897225,3,1.6743318796537416,0.42857142857142855,24,0.5,1.0,4,1
1885001,1904147,4,2.091364271077988,0.5714285714285714,30,0.5909090909090909,1.0,0,-1
1885001,1905094,4,2.2956668142133534,0.3076923076923077,66,0.7,1.0,4,-1
1885001,1905107,5,2.8759360995308345,0.7142857142857143,36,0.8742424242424242,1.0,5,-1
1885061,1917263,2,1.8204784532536746,0.5,9,0.6666666666666666,1.0,6,-1
1885061,1930256,2,1.8204784532536746,0.5,9,0.6666666666666666,1.0,6,-1
1885061,1934700,2,1.8204784532536746,0.5,9,0.6666666666666666,1.0,6,-1
1885070,1895827,3,1.5416950271092522,0.5,20,0.42857142857142855,0.5,0,-1
1885070,1905553,3,1.5416950271092522,0.5,20,0.42857142857142855,0.5,8,-1
1885070,1919820,4,2.1630299616688644,0.6666666666666666,25,0.6285714285714286,1.0,9,-1
1885070,1921662,4,2.270466553858725,0.5,35,0.6857142857142857,1.0,9,-1
1885070,1929996,4,2.270466553858725,0.5,35,0.6857142857142857,1.0,9,-1
1885070,1933844,4,2.163029961668864,0.6666666666666666,25,0.6285714285714286,1.0,5,-1
1885075,1925474,3,2.164042561333445,0.6,16,0.75,1.0,6,-1
1885075,1925788,3,2.164042561333445,0.6,16,0.75,1.0,6,-1
1885075,1941930,3,2.164042561333445,0.6,16,0.75,1.0,0,-1
1885075,1941961,3,2.164042561333445,0.6,16,0.75,1.0,6,-1
1885125,1903227,1,1.4426950408889634,0.3333333333333333,4,0.5,1.0,4,-1
1885125,1929565,1,1.4426950408889634,0.3333333333333333,4,0.5,1.0,4,-1
1885200,1885210,3,2.164042561333445,0.6,16,0.75,1.0,8,-1
1885200,1885559,3,2.164042561333445,0.6,16,0.75,1.0,8,-1
1885200,1885959,3,2.164042561333445,0.6,16,0.75,1.0,8,-1
1885200,1901549,3,2.164042561333445,0.6,16,0.75,1.0,8,-1
1885210,1885559,3,2.164042561333445,0.6,16,0.75,1.0,8,-1
1885210,1885959,3,2.164042561333445,0.6,16,0.75,1.0,8,-1
1885210,1901549,3,2.164042561333445,0.6,16,0.75,1.0,8,-1
1885344,1910146,1,1.4426950408889634,0.3333333333333333,4,0.5,1.0,4,-1
1885344,1929724,1,1.4426950408889634,0.3333333333333333,4,0.5,1.0,4,-1
1885392,1926087,2,1.8204784532536746,0.5,9,0.6666666666666666,1.0,3,-1
1885392,1942198,2,1.8204784532536746,0.5,9,0.6666666666666666,1.0,3,-1
1885392,1942202,2,1.8204784532536746,0.5,9,0.6666666666666666,1.0,3,-1
1885416,1890099,14,5.140125121790224,0.875,225,0.919298245614035,1.0,0,-1
1885416,1890395,14,5.140125121790224,0.875,225,0.9192982456140351,1.0,0,-1
1885416,1890410,14,5.140125121790224,0.875,225,0.919298245614035,1.0,0,-1
1885416,1891003,14,5.169771222963971,0.7,285,0.9333333333333332,1.0,0,-1
1885416,1896992,14,5.140125121790224,0.875,225,0.9192982456140351,1.0,0,-1
1885416,1897898,14,5.140125121790224,0.875,225,0.9192982456140351,1.0,0,-1
1885416,1903785,14,5.140125121790224,0.875,225,0.9192982456140351,1.0,0,-1
1885416,1905685,1,0.3396232718951086,0.05555555555555555,60,0.05263157894736842,0.5,0,-1
1885416,1924623,1,0.3396232718951086,0.05555555555555555,60,0.05263157894736842,0.5,0,-1
1885416,1924629,1,0.3396232718951086,0.05555555555555555,60,0.05263157894736842,0.5,0,-1
1885416,1925560,1,0.3396232718951086,0.05555555555555555,60,0.05263157894736842,0.5,0,-1
1885416,1925592,14,5.140125121790224,0.875,225,0.9192982456140351,1.0,0,-1
1885416,1925597,14,5.140125121790224,0.875,225,0.9192982456140351,1.0,0,-1
1885416,1925600,14,5.140125121790224,0.875,225,0.9192982456140351,1.0,0,-1
1885416,1929583,14,5.140125121790224,0.875,225,0.9192982456140351,1.0,0,-1
1885416,1933745,14,5.140125121790224,0.875,225,0.9192982456140351,1.0,0,-1
1885416,1934404,14,5.140125121790224,0.875,225,0.9192982456140351,1.0,0,-1
1885416,1934512,14,5.140125121790224,0.875,225,0.9192982456140351,1.0,0,-1
1885428,1890993,5,2.4950503384527165,0.5555555555555556,48,0.6742424242424242,1.0,0,-1
1885428,1895786,1,0.4170323914242463,0.1,30,0.09090909090909091,0.5,0,-1
1885428,1896117,1,0.4170323914242463,0.125,18,0.09090909090909091,0.5,0,-1
1885428,1896130,1,0.4170323914242463,0.125,18,0.09090909090909091,0.5,0,-1
1885428,1897211,5,2.558916293991458,0.4166666666666667,66,0.7083333333333333,1.0,0,-1
1885428,1902499,5,2.417838058864457,0.7142857142857143,36,0.6325757575757576,1.0,0,-1
1885428,1912002,4,1.85972743231321,0.5714285714285714,30,0.46590909090909094,0.5,0,-1
1885428,1913631,5,2.4950503384527165,0.5555555555555556,48,0.6742424242424242,1.0,0,-1
1885428,1913660,5,2.4950503384527165,0.5555555555555556,48,0.6742424242424242,1.0,0,-1
1885428,1921791,5,2.417838058864457,0.7142857142857143,36,0.6325757575757576,1.0,2,-1
1885559,1885959,3,2.164042561333445,0.6,16,0.75,1.0,8,-1
1885559,1901549,3,2.164042561333445,0.6,16,0.75,1.0,8,-1
1885576,1936374,1,1.4426950408889634,0.3333333333333333,4,0.5,1.0,0,-1
1885576,1936694,1,1.4426950408889634,0.3333333333333333,4,0.5,1.0,2,-1
1885605,1896682,2,1.8204784532536746,0.5,9,0.6666666666666666,1.0,3,-1
1885605,1896696,2,1.8204784532536746,0.5,9,0.6666666666666666,1.0,4,-1
1885605,1904116,2,1.8204784532536746,0.5,9,0.6666666666666666,1.0,3,-1
1885659,1891769,2,1.8204784532536746,0.5,9,0.6666666666666666,1.0,3,-1
1885659,1928295,2,1.8204784532536746,0.5,9,0.6666666666666666,1.0,5,-1
1885715,1924530,3,2.164042561333445,0.6,16,0.75,1.0,6,-1
1885715,1924535,3,2.164042561333445,0.6,16,0.75,1.0,6,-1
1885715,1925497,3,2.164042561333445,0.6,16,0.75,1.0,0,-1
1885715,1925501,3,2.164042561333445,0.6,16,0.75,1.0,6,-1
1885727,1899182,1,0.3789231816899512,0.1,18,0.07142857142857142,0.5,4,-1
1885727,1912333,1,0.3789231816899512,0.1,18,0.07142857142857142,0.5,4,-1
1885727,1913606,8,3.640956906507349,0.5333333333333333,126,0.8888888888888891,1.0,11,-1
1885727,1919399,1,0.3789231816899512,0.09090909090909091,27,0.07142857142857142,0.5,4,-1
1885727,1935713,8,3.5647604748838813,0.8,81,0.8492063492063493,1.0,11,-1
1885727,1935732,8,3.5647604748838813,0.8,81,0.8492063492063493,1.0,0,-1
1885727,1936880,8,3.5647604748838813,0.8,81,0.8492063492063493,1.0,7,-1
1885727,1936885,8,3.5647604748838813,0.8,81,0.8492063492063493,1.0,11,-1
1885727,1936917,8,3.5647604748838813,0.8,81,0.8492063492063493,1.0,11,1
1885727,1937253,1,0.3789231816899512,0.09090909090909091,27,0.07142857142857142,0.5,4,-1
1885727,1944178,8,3.5647604748838813,0.8,81,0.8492063492063493,1.0,7,-1
1885727,1944180,8,3.5647604748838813,0.8,81,0.8492063492063493,1.0,0,-1
1885727,1944907,1,0.3789231816899512,0.09090909090909091,27,0.07142857142857142,0.5,4,-1
1885861,1892880,4,2.4853397382384474,0.6666666666666666,25,0.8,1.0,0,-1
1885861,1893507,4,2.4853397382384474,0.6666666666666666,25,0.8,1.0,0,-1
1885861,1917755,4,2.4853397382384474,0.6666666666666666,25,0.8,1.0,0,-1
1885861,1919532,4,2.4853397382384474,0.6666666666666666,25,0.8,1.0,0,-1
1885878,1900873,1,0.9102392266268373,0.5,2,0.3333333333333333,0.5,2,-1
1885878,1906095,1,0.9102392266268373,0.3333333333333333,4,0.3333333333333333,1.0,2,1
1885878,1918275,1,1.4426950408889634,0.25,6,0.5,1.0,2,-1
1885884,1918420,3,2.0008056674402104,0.42857142857142855,24,0.6666666666666666,1.0,7,-1
1885884,1918440,3,2.0008056674402104,0.42857142857142855,24,0.6666666666666666,1.0,7,-1
1885884,1920515,3,2.0008056674402104,0.42857142857142855,24,0.6666666666666666,1.0,4,-1
1885890,1919740,1,1.4426950408889634,0.3333333333333333,4,0.5,1.0,2,-1
1885890,1919750,1,1.4426950408889634,0.3333333333333333,4,0.5,1.0,0,-1
1885959,1901549,3,2.164042561333445,0.6,16,0.75,1.0,8,-1
1886001,1886250,4,2.4853397382384474,0.6666666666666666,25,0.8,1.0,6,1
1886001,1886264,4,2.4853397382384474,0.6666666666666666,25,0.8,1.0,6,1
1886001,1886281,4,2.4853397382384474,0.6666666666666666,25,0.8,1.0,4,1
1886001,1902104,4,2.4853397382384474,0.6666666666666666,25,0.8,1.0,4,1
1886058,1902092,1,1.4426950408889634,0.3333333333333333,4,0.5,1.0,4,-1
1886058,1920884,1,1.4426950408889634,0.3333333333333333,4,0.5,1.0,4,1
1886062,1887284,5,3.0802386426662,0.7142857142857143,36,0.9833333333333334,1.0,11,1
1886062,1888496,4,2.2956668142133534,0.5714285714285714,30,0.7,1.0,9,-1
1886062,1895620,5,3.0802386426662,0.7142857142857143,36,0.9833333333333333,1.0,11,1
1886062,1896466,4,2.2956668142133534,0.5714285714285714,30,0.7,1.0,5,-1
1886062,1896486,5,3.0802386426662,0.7142857142857143,36,0.9833333333333333,1.0,11,1
1886113,1886624,2,1.8204784532536746,0.18181818181818182,30,0.6666666666666666,1.0,4,-1
1886113,1914081,2,1.631586747071319,0.18181818181818182,30,0.5833333333333333,1.0,3,-1
1886113,1914456,2,1.8204784532536746,0.18181818181818182,30,0.6666666666666666,1.0,3,-1
1886113,1918156,1,0.7213475204444817,0.09090909090909091,20,0.25,1.0,2,-1
1886113,1925311,3,3.263173494142638,0.2727272727272727,40,1.1666666666666665,1.0,5,-1
1886113,1934701,2,1.8204784532536746,0.18181818181818182,30,0.6666666666666666,1.0,3,-1
1886113,1936282,2,1.631586747071319,0.18181818181818182,30,0.5833333333333333,1.0,3,-1
1886127,1925634,2,1.8204784532536746,0.5,9,0.6666666666666666,1.0,0,-1
1886127,1929591,2,1.8204784532536746,0.5,9,0.6666666666666666,1.0,4,-1
1886250,1886264,4,2.4853397382384474,0.6666666666666666,25,0.8,1.0,6,1
1886250,1886281,4,2.4853397382384474,0.6666666666666666,25,0.8,1.0,4,1
1886250,1902104,4,2.4853397382384474,0.6666666666666666,25,0.8,1.0,4,1
1886264,1886281,4,2.4853397382384474,0.6666666666666666,25,0.8,1.0,4,1
1886264,1902104,4,2.4853397382384474,0.6666666666666666,25,0.8,1.0,4,1
1886281,1902104,4,2.4853397382384474,0.6666666666666666,25,0.8,1.0,4,1
1886311,1904125,2,1.8204784532536746,0.5,9,0.6666666666666666,1.0,3,-1
1886311,1936812,2,1.8204784532536746,0.5,9,0.6666666666666666,1.0,5,-1
1886311,1936823,2,1.8204784532536746,0.5,9,0.6666666666666666,1.0,5,-1
1886337,1896099,1,0.3898712452512801,0.1111111111111111,24,0.07692307692307693,0.5,0,-1
1886337,1902194,1,1.4426950408889634,0.14285714285714285,12,0.5,1.0,0,1
1886337,1910966,1,0.3898712452512801,0.09090909090909091,36,0.07692307692307693,0.5,0,-1
1886337,1921034,3,2.164042561333445,0.1875,78,0.75,1.0,0,-1
1886337,1921635,1,0.3898712452512801,0.1111111111111111,24,0.07692307692307693,0.5,0,-1
1886337,1924131,1,0.3898712452512801,0.09090909090909091,36,0.07692307692307693,0.5,0,-1
1886337,1924332,1,0.3898712452512801,0.125,18,0.07692307692307693,0.5,0,-1
1886337,1924830,1,1.4426950408889634,0.14285714285714285,12,0.5,1.0,0,1
1886337,1928874,3,1.8325662861402434,0.42857142857142855,24,0.5769230769230769,1.0,0,-1
1886337,1929274,3,1.8325662861402434,0.42857142857142855,24,0.5769230769230769,1.0,0,-1
1886337,1936564,1,0.3898712452512801,0.125,18,0.07692307692307693,0.5,0,-1
1886337,1936903,3,1.8325662861402434,0.42857142857142855,24,0.5769230769230769,1.0,2,-1
1886337,1944265,1,0.3898712452512801,0.125,18,0.07692307692307693,0.5,0,-1
1886428,1902212,1,1.4426950408889634,0.3333333333333333,4,0.5,1.0,4,1
1886428,1923655,1,1.4426950408889634,0.3333333333333333,4,0.5,1.0,4,1
1886450,1886453,2,1.8204784532536746,0.5,9,0.6666666666666666,1.0,6,-1
1886450,1894287,2,1.8204784532536746,0.5,9,0.6666666666666666,1.0,6,-1
1886450,1902584,2,1.8204784532536746,0.5,9,0.6666666666666666,1.0,6,-1
1886453,1894287,2,1.8204784532536746,0.5,9,0.6666666666666666,1.0,6,-1
1886453,1902584,2,1.8204784532536746,0.5,9,0.6666666666666666,1.0,6,-1
1886473,1886761,0,0.0,0.0,1,0.0,1.0,2,-1
1886512,1887096,2,1.8204784532536746,0.5,9,0.6666666666666666,1.0,4,-1
1886512,1894334,2,1.8204784532536746,0.5,9,0.6666666666666666,1.0,4,-1
1886512,1894358,2,1.8204784532536746,0.5,9,0.6666666666666666,1.0,0,-1
1886549,1886806,4,2.4853397382384474,0.6666666666666666,25,0.8,1.0,10,-1
1886549,1886817,4,2.4853397382384474,0.6666666666666666,25,0.8,1.0,10,-1
1886549,1887167,4,2.4853397382384474,0.6666666666666666,25,0.8,1.0,10,-1
1886549,1894596,4,2.4853397382384474,0.6666666666666666,25,0.8,1.0,10,-1
1886549,1902621,4,2.4853397382384474,0.6666666666666666,25,0.8,1.0,10,-1
1886574,1889784,2,1.8204784532536746,0.4,12,0.6666666666666666,1.0,4,-1
1886574,1898492,2,1.631586747071319,0.5,9,0.5833333333333333,1.0,3,-1
1886574,1906736,1,0.7213475204444817,0.3333333333333333,3,0.25,0.5,0,-1
1886574,1942343,2,1.631586747071319,0.5,9,0.5833333333333333,1.0,3,-1
1886624,1914081,1,0.43429448190325176,0.2,9,0.1,0.5,2,-1
1886624,1914456,2,1.344533708530089,0.5,9,0.43333333333333335,1.0,3,-1
1886624,1918156,1,0.43429448190325176,0.25,6,0.1,0.5,2,-1
1886624,1925311,1,0.43429448190325176,0.16666666666666666,12,0.1,0.5,4,-1
1886624,1934701,2,1.344533708530089,0.5,9,0.43333333333333335,1.0,3,-1
1886624,1936282,1,0.43429448190325176,0.2,9,0.1,0.5,2,-1
1886654,1920677,0,0.0,0.0,1,0.0,1.0,0,-1
1886666,1887461,4,2.4853397382384474,0.6666666666666666,25,0.8,1.0,4,-1
1886666,1894669,4,2.4853397382384474,0.6666666666666666,25,0.8,1.0,0,-1
1886666,1903167,4,2.4853397382384474,0.6666666666666666,25,0.8,1.0,4,-1
1886666,1914383,4,2.4853397382384474,0.6666666666666666,25,0.8,1.0,4,-1
1886668,1886991,1,1.4426950408889634,0.3333333333333333,4,0.5,1.0,4,1
1886668,1902279,1,1.4426950408889634,0.3333333333333333,4,0.5,1.0,4,1
1886694,1894795,2,1.8204784532536746,0.5,9,0.6666666666666666,1.0,3,-1
1886694,1904166,2,1.8204784532536746,0.5,9,0.6666666666666666,1.0,3,-1
1886694,1914375,2,1.8204784532536746,0.5,9,0.6666666666666666,1.0,3,-1
1886708,1894650,3,2.164042561333445,0.6,16,0.75,1.0,4,-1
1886708,1894727,3,2.164042561333445,0.6,16,0.75,1.0,0,-1
1886708,1894882,3,2.164042561333445,0.6,16,0.75,1.0,4,-1
1886708,1904306,3,2.164042561333445,0.6,16,0.75,1.0,0,-1
1886722,1886741,2,1.8204784532536746,0.5,9,0.6666666666666666,1.0,6,-1
1886722,1886751,2,1.8204784532536746,0.5,9,0.6666666666666666,1.0,6,-1
1886722,1902632,2,1.8204784532536746,0.5,9,0.6666666666666666,1.0,6,-1
1886740,1886743,4,2.4853397382384474,0.6666666666666666,25,0.8,1.0,8,-1
1886740,1894767,4,2.4853397382384474,0.6666666666666666,25,0.8,1.0,0,-1
1886740,1894771,4,2.4853397382384474,0.6666666666666666,25,0.8,1.0,8,-1
1886740,1903007,4,2.4853397382384474,0.6666666666666666,25,0.8,1.0,8,-1
1886740,1904354,4,2.4853397382384474,0.6666666666666666,25,0.8,1.0,8,-1
1886741,1886751,2,1.8204784532536746,0.5,9,0.6666666666666666,1.0,6,-1
1886741,1902632,2,1.8204784532536746,0.5,9,0.6666666666666666,1.0,6,-1
1886743,1894767,4,2.4853397382384474,0.6666666666666666,25,0.8,1.0,0,-1
1886743,1894771,4,2.4853397382384474,0.6666666666666666,25,0.8,1.0,8,-1
1886743,1903007,4,2.4853397382384474,0.6666666666666666,25,0.8,1.0,8,-1
1886743,1904354,4,2.4853397382384474,0.6666666666666666,25,0.8,1.0,8,-1
1886751,1902632,2,1.8204784532536746,0.5,9,0.6666666666666666,1.0,6,-1
1886783,1886792,0,0.0,0.0,1,0.0,1.0,0,1
1886806,1886817,4,2.4853397382384474,0.6666666666666666,25,0.8,1.0,10,-1
1886806,1887167,4,2.4853397382384474,0.6666666666666666,25,0.8,1.0,10,-1
1886806,1894596,4,2.4853397382384474,0.6666666666666666,25,0.8,1.0,10,-1
1886806,1902621,4,2.4853397382384474,0.6666666666666666,25,0.8,1.0,10,-1
1886809,1886827,1,1.4426950408889634,0.3333333333333333,4,0.5,1.0,2,-1
1886809,1902981,1,1.4426950408889634,0.3333333333333333,4,0.5,1.0,3,-1
1886813,1895693,3,2.164042561333445,0.6,16,0.75,1.0,0,-1
1886813,1904350,3,2.164042561333445,0.6,16,0.75,1.0,2,-1
1886813,1914546,3,2.164042561333445,0.6,16,0.75,1.0,0,-1
1886815,1887183,3,2.164042561333445,0.6,16,0.75,1.0,4,-1
1886815,1895029,3,2.164042561333445,0.6,16,0.75,1.0,4,-1
1886815,1896007,3,2.164042561333445,0.6,16,0.75,1.0,4,-1
1886815,1904436,3,2.164042561333445,0.6,16,0.75,1.0,4,-1
1886817,1887167,4,2.4853397382384474,0.6666666666666666,25,0.8,1.0,10,-1
1886817,1894596,4,2.4853397382384474,0.6666666666666666,25,0.8,1.0,10,-1
1886817,1902621,4,2.4853397382384474,0.6666666666666666,25,0.8,1.0,10,-1
1886818,1901932,4,2.3449031506418234,0.6666666666666666,25,0.7250000000000001,1.0,2,-1
1886818,1905277,4,2.4853397382384474,0.4444444444444444,40,0.8,1.0,0,-1
1886818,1926995,4,2.3449031506418234,0.6666666666666666,25,0.7250000000000001,1.0,0,-1
1886818,1927020,4,2.3449031506418234,0.6666666666666666,25,0.7250000000000001,1.0,0,-1
1886818,1934851,4,2.3449031506418234,0.6666666666666666,25,0.7250000000000001,1.0,0,-1
1886827,1902981,1,1.4426950408889634,0.3333333333333333,4,0.5,1.0,2,-1
1886835,1887218,7,3.366288428740915,0.7777777777777778,64,0.875,1.0,6,-1
1886835,1887222,7,3.366288428740915,0.7777777777777778,64,0.875,1.0,0,-1
1886835,1887702,7,3.366288428740915,0.7777777777777778,64,0.875,1.0,6,-1
1886835,1887726,7,3.366288428740915,0.7777777777777778,64,0.875,1.0,6,-1
1886835,1887739,7,3.366288428740915,0.7777777777777778,64,0.875,1.0,6,-1
1886835,1894792,7,3.366288428740915,0.7777777777777778,64,0.875,1.0,6,-1
1886835,1895822,7,3.366288428740915,0.7777777777777778,64,0.875,1.0,6,-1
1886835,1895830,7,3.366288428740915,0.7777777777777778,64,0.875,1.0,0,-1
1886851,1886859,3,2.164042561333445,0.6,16,0.75,1.0,7,1
1886851,1902772,3,2.164042561333445,0.6,16,0.75,1.0,7,1
1886851,1914605,3,2.164042561333445,0.6,16,0.75,1.0,7,1
1886859,1902772,3,2.164042561333445,0.6,16,0.75,1.0,7,1
1886859,1914605,3,2.164042561333445,0.6,16,0.75,1.0,7,1
1886872,1943492,2,1.8204784532536746,0.5,9,0.6666666666666666,1.0,6,-1
1886872,1944053,2,1.8204784532536746,0.5,9,0.6666666666666666,1.0,6,-1
1886882,1886961,5,2.1291746535243528,0.45454545454545453,60,0.4809523809523809,1.0,4,-1
1886882,1887283,9,4.1765841860243,0.8181818181818182,100,1.0476190476190474,1.0,8,-1
1886882,1888698,7,3.013759067862069,0.6363636363636364,80,0.6892857142857142,1.0,6,-1
1886882,1890046,3,1.1367695450698536,0.23076923076923078,60,0.21428571428571427,0.5,3,-1
1886882,1895859,5,2.1291746535243528,0.45454545454545453,60,0.4809523809523809,1.0,0,-1
1886882,1896116,9,4.2319554862376005,0.6,140,1.0761904761904761,1.0,0,-1
1886882,1902902,9,4.2319554862376005,0.6,140,1.0761904761904761,1.0,7,-1
1886882,1902907,9,4.2319554862376005,0.6,140,1.076190476190476,1.0,7,-1
1886882,1903056,7,3.013759067862069,0.6363636363636364,80,0.6892857142857142,1.0,6,-1
1886882,1903302,3,1.1367695450698536,0.23076923076923078,60,0.21428571428571427,0.5,3,-1
1886882,1904904,7,3.013759067862069,0.6363636363636364,80,0.6892857142857142,1.0,0,-1
1886882,1921755,3,1.1367695450698536,0.23076923076923078,60,0.21428571428571427,0.5,0,-1
1886882,1921767,3,1.1367695450698536,0.23076923076923078,60,0.21428571428571427,0.5,3,-1
1886882,1929743,7,3.013759067862069,0.6363636363636364,80,0.6892857142857142,1.0,6,-1
1886887,1886911,1,1.4426950408889634,0.3333333333333333,4,0.5,1.0,2,-1
1886887,1894765,1,1.4426950408889634,0.3333333333333333,4,0.5,1.0,2,-1
1886910,1887411,3,2.164042561333445,0.6,16,0.75,1.0,4,-1
1886910,1887779,3,2.164042561333445,0.6,16,0.75,1.0,4,-1
1886910,1903497,3,2.164042561333445,0.6,16,0.75,1.0,0,-1
1886910,1903741,3,2.164042561333445,0.6,16,0.75,1.0,0,-1
1886911,1894765,1,1.4426950408889634,0.3333333333333333,4,0.5,1.0,3,-1
1886922,1896228,0,0.0,0.0,1,0.0,1.0,2,-1
1886926,1886930,6,2.9593629571000335,0.75,49,0.7912087912087911,1.0,0,-1
1886926,1887313,1,0.3898712452512801,0.125,14,0.07692307692307693,0.5,0,-1
1886926,1887376,6,2.9593629571000335,0.75,49,0.7912087912087911,1.0,0,-1
1886926,1894497,6,2.9593629571000335,0.75,49,0.7912087912087911,1.0,0,-1
1886926,1894748,6,3.083390054218504,0.42857142857142855,91,0.857142857142857,1.0,0,-1
1886926,1895010,1,0.3898712452512801,0.125,14,0.07692307692307693,0.5,0,-1
1886926,1895461,6,2.9593629571000335,0.75,49,0.7912087912087911,1.0,0,-1
1886926,1902791,6,2.9593629571000335,0.75,49,0.7912087912087911,1.0,0,-1
1886926,1914331,6,2.9593629571000335,0.75,49,0.7912087912087911,1.0,0,-1
1886926,1929447,1,0.3898712452512801,0.1,28,0.07692307692307693,0.5,0,-1
1886926,1929532,1,0.3898712452512801,0.1,28,0.07692307692307693,0.5,1,-1
1886926,1929534,1,0.3898712452512801,0.1,28,0.07692307692307693,0.5,0,-1
1886926,1934373,1,0.3898712452512801,0.1,28,0.07692307692307693,0.5,1,-1
1886930,1887313,1,0.3898712452512801,0.125,14,0.07692307692307693,0.5,0,-1
1886930,1887376,6,2.9593629571000335,0.75,49,0.7912087912087911,1.0,4,-1
1886930,1894497,6,2.9593629571000335,0.75,49,0.7912087912087911,1.0,4,-1
1886930,1894748,6,3.083390054218504,0.42857142857142855,91,0.857142857142857,1.0,0,-1
1886930,1895010,1,0.3898712452512801,0.125,14,0.07692307692307693,0.5,0,-1
1886930,1895461,6,2.9593629571000335,0.75,49,0.7912087912087911,1.0,0,-1
1886930,1902791,6,2.9593629571000335,0.75,49,0.7912087912087911,1.0,5,-1
1886930,1914331,6,2.9593629571000335,0.75,49,0.7912087912087911,1.0,4,-1
1886930,1929447,1,0.3898712452512801,0.1,28,0.07692307692307693,0.5,0,-1
1886930,1929532,1,0.3898712452512801,0.1,28,0.07692307692307693,0.5,0,-1
1886930,1929534,1,0.3898712452512801,0.1,28,0.07692307692307693,0.5,0,-1
1886930,1934373,1,0.3898712452512801,0.1,28,0.07692307692307693,0.5,0,-1
1886961,1887283,5,2.1291746535243528,0.45454545454545453,60,0.4809523809523809,1.0,4,-1
1886961,1888698,5,2.0053585088763572,0.5555555555555556,48,0.41428571428571426,0.5,5,-1
1886961,1890046,3,1.1367695450698536,0.3333333333333333,36,0.21428571428571427,0.5,3,-1
1886961,1895859,5,2.0053585088763572,0.7142857142857143,36,0.41428571428571426,1.0,0,-1
1886961,1896116,5,2.1845459537376533,0.3333333333333333,84,0.5095238095238095,1.0,0,-1
1886961,1902902,5,2.1845459537376533,0.3333333333333333,84,0.5095238095238095,1.0,4,-1
1886961,1902907,5,2.1845459537376533,0.3333333333333333,84,0.5095238095238095,1.0,4,-1
1886961,1903056,5,2.0053585088763572,0.5555555555555556,48,0.41428571428571426,0.5,6,-1
1886961,1903302,3,1.1367695450698536,0.3333333333333333,36,0.21428571428571427,0.5,4,-1
1886961,1904904,5,2.0053585088763572,0.5555555555555556,48,0.41428571428571426,0.5,0,-1
1886961,1921755,3,1.1367695450698536,0.3333333333333333,36,0.21428571428571427,0.5,0,-1
1886961,1921767,3,1.1367695450698536,0.3333333333333333,36,0.21428571428571427,0.5,4,-1
1886961,1929743,5,2.0053585088763572,0.5555555555555556,48,0.41428571428571426,0.5,6,-1
1886969,1887423,6,3.083390054218504,0.75,49,0.857142857142857,1.0,0,-1
1886969,1895203,6,3.083390054218504,0.75,49,0.857142857142857,1.0,3,-1
1886969,1895218,6,3.083390054218504,0.75,49,0.857142857142857,1.0,4,-1
1886969,1895250,6,3.083390054218504,0.75,49,0.857142857142857,1.0,0,-1
1886969,1895254,6,3.083390054218504,0.75,49,0.857142857142857,1.0,0,-1
1886969,1903386,6,3.083390054218504,0.75,49,0.857142857142857,1.0,3,-1
1886978,1888462,3,2.164042561333445,0.6,16,0.75,1.0,0,-1
1886978,1896403,3,2.164042561333445,0.6,16,0.75,1.0,0,-1
1886978,1896408,3,2.164042561333445,0.6,16,0.75,1.0,0,-1
1886978,1903781,3,2.164042561333445,0.6,16,0.75,1.0,0,-1
1886991,1902279,1,1.4426950408889634,0.3333333333333333,4,0.5,1.0,4,1
1886998,1887005,7,3.366288428740915,0.7777777777777778,64,0.875,1.0,6,-1
1886998,1887307,7,3.366288428740915,0.7777777777777778,64,0.875,1.0,0,-1
1886998,1894896,7,3.366288428740915,0.7777777777777778,64,0.875,1.0,4,-1
1886998,1895146,7,3.366288428740915,0.7777777777777778,64,0.875,1.0,6,-1
1886998,1896171,7,3.366288428740915,0.7777777777777778,64,0.875,1.0,4,-1
1886998,1902968,7,3.366288428740915,0.7777777777777778,64,0.875,1.0,0,-1
1886998,1902987,7,3.366288428740915,0.7777777777777778,64,0.875,1.0,0,-1
1886998,1914763,7,3.366288428740915,0.7777777777777778,64,0.875,1.0,0,-1
1887005,1887307,7,3.366288428740915,0.7777777777777778,64,0.875,1.0,0,-1
1887005,1894896,7,3.366288428740915,0.7777777777777778,64,0.875,1.0,4,-1
1887005,1895146,7,3.366288428740915,0.7777777777777778,64,0.875,1.0,6,-1
1887005,1896171,7,3.366288428740915,0.7777777777777778,64,0.875,1.0,4,-1
1887005,1902968,7,3.366288428740915,0.7777777777777778,64,0.875,1.0,0,-1
1887005,1902987,7,3.366288428740915,0.7777777777777778,64,0.875,1.0,0,-1
1887005,1914763,7,3.366288428740915,0.7777777777777778,64,0.875,1.0,0,-1
1887006,1887013,6,3.083390054218504,0.75,49,0.857142857142857,1.0,7,-1
1887006,1887504,6,3.083390054218504,0.75,49,0.857142857142857,1.0,12,-1
1887006,1894603,6,3.083390054218504,0.75,49,0.857142857142857,1.0,12,-1
1887006,1895642,6,3.083390054218504,0.75,49,0.857142857142857,1.0,7,-1
1887006,1903240,6,3.083390054218504,0.75,49,0.857142857142857,1.0,12,-1
1887006,1904249,6,3.083390054218504,0.75,49,0.857142857142857,1.0,12,-1
1887006,1911388,6,3.083390054218504,0.75,49,0.857142857142857,1.0,12,-1
1887008,1887455,4,2.4853397382384474,0.6666666666666666,25,0.8,1.0,0,-1
1887008,1895235,4,2.4853397382384474,0.6666666666666666,25,0.8,1.0,7,-1
1887008,1895244,4,2.4853397382384474,0.6666666666666666,25,0.8,1.0,4,-1
1887008,1895268,4,2.4853397382384474,0.6666666666666666,25,0.8,1.0,7,-1
1887008,1914957,4,2.4853397382384474,0.6666666666666666,25,0.8,1.0,7,-1
1887013,1887504,6,3.083390054218504,0.75,49,0.857142857142857,1.0,7,-1
1887013,1894603,6,3.083390054218504,0.75,49,0.857142857142857,1.0,7,-1
1887013,1895642,6,3.083390054218504,0.75,49,0.857142857142857,1.0,7,-1
1887013,1903240,6,3.083390054218504,0.75,49,0.857142857142857,1.0,7,-1
1887013,1904249,6,3.083390054218504,0.75,49,0.857142857142857,1.0,7,-1
1887013,1911388,6,3.083390054218504,0.75,49,0.857142857142857,1.0,7,-1
1887030,1896208,4,2.4853397382384474,0.6666666666666666,25,0.8,1.0,5,-1
1887030,1896236,4,2.4853397382384474,0.6666666666666666,25,0.8,1.0,5,-1
1887093,1887097,3,2.164042561333445,0.6,16,0.75,1.0,8,-1
1887093,1887109,3,2.164042561333445,0.6,16,0.75,1.0,8,-1
1887093,1887117,3,2.164042561333445,0.6,16,0.75,1.0,8,-1
1887093,1914907,3,2.164042561333445,0.6,16,0.75,1.0,8,-1
1887096,1894334,2,1.8204784532536746,0.5,9,0.6666666666666666,1.0,4,-1
1887096,1894358,2,1.8204784532536746,0.5,9,0.6666666666666666,1.0,0,-1
1887097,1887109,3,2.164042561333445,0.6,16,0.75,1.0,8,-1
1887097,1887117,3,2.164042561333445,0.6,16,0.75,1.0,8,-1
1887097,1914907,3,2.164042561333445,0.6,16,0.75,1.0,8,-1
1887106,1894934,2,1.8204784532536746,0.5,9,0.6666666666666666,1.0,6,-1
1887106,1902755,2,1.8204784532536746,0.5,9,0.6666666666666666,1.0,6,-1
1887106,1902762,2,1.8204784532536746,0.5,9,0.6666666666666666,1.0,6,-1
1887108,1903555,1,1.4426950408889634,0.3333333333333333,4,0.5,1.0,2,-1
1887108,1919712,1,1.4426950408889634,0.3333333333333333,4,0.5,1.0,2,-1
1887109,1887117,3,2.164042561333445,0.6,16,0.75,1.0,8,-1
1887109,1914907,3,2.164042561333445,0.6,16,0.75,1.0,8,-1
1887117,1914907,3,2.164042561333445,0.6,16,0.75,1.0,8,-1
1887127,1887495,1,1.4426950408889634,0.3333333333333333,4,0.5,1.0,0,-1
1887127,1895039,1,1.4426950408889634,0.3333333333333333,4,0.5,1.0,2,-1
1887132,1888080,2,1.8204784532536746,0.5,9,0.6666666666666666,1.0,0,-1
1887132,1903802,2,1.8204784532536746,0.5,9,0.6666666666666666,1.0,4,-1
1887132,1903807,2,1.8204784532536746,0.5,9,0.6666666666666666,1.0,4,-1
1887134,1894782,2,1.531574161186449,0.5,9,0.5333333333333333,1.0,6,-1
1887134,1902747,2,1.531574161186449,0.5,9,0.5333333333333333,1.0,6,-1
1887134,1925185,1,0.6213349345596119,0.25,6,0.2,0.5,0,-1
1887134,1934431,1,0.6213349345596119,0.25,6,0.2,0.5,0,-1
1887141,1904983,6,3.083390054218504,0.75,49,0.857142857142857,1.0,11,-1
1887141,1925872,6,3.083390054218504,0.75,49,0.857142857142857,1.0,11,-1
1887141,1930505,6,3.083390054218504,0.75,49,0.857142857142857,1.0,7,-1
1887141,1942042,6,3.083390054218504,0.75,49,0.857142857142857,1.0,11,-1
1887141,1942059,6,3.083390054218504,0.75,49,0.857142857142857,1.0,11,-1
1887161,1894824,3,2.164042561333445,0.6,16,0.75,1.0,2,-1
1887161,1895993,3,2.164042561333445,0.6,16,0.75,1.0,0,-1
1887161,1903438,3,2.164042561333445,0.6,16,0.75,1.0,0,-1
1887161,1904403,3,2.164042561333445,0.6,16,0.75,1.0,0,-1
1887166,1903709,3,2.164042561333445,0.6,16,0.75,1.0,0,-1
1887166,1903713,3,2.164042561333445,0.6,16,0.75,1.0,0,-1
1887166,1914276,3,2.164042561333445,0.6,16,0.75,1.0,0,-1
1887167,1894596,4,2.4853397382384474,0.6666666666666666,25,0.8,1.0,10,-1
1887167,1902621,4,2.4853397382384474,0.6666666666666666,25,0.8,1.0,10,-1
1887171,1894712,1,1.4426950408889634,0.3333333333333333,4,0.5,1.0,2,-1
1887171,1894785,1,1.4426950408889634,0.3333333333333333,4,0.5,1.0,3,-1
1887183,1895029,3,2.164042561333445,0.6,16,0.75,1.0,7,-1
1887183,1896007,3,2.164042561333445,0.6,16,0.75,1.0,7,-1
1887183,1904436,3,2.164042561333445,0.6,16,0.75,1.0,7,-1
1887189,1895401,4,2.4853397382384474,0.6666666666666666,25,0.8,1.0,10,1
1887189,1904756,4,2.4853397382384474,0.6666666666666666,25,0.8,1.0,10,1
1887189,1912702,4,2.4853397382384474,0.6666666666666666,25,0.8,1.0,10,-1
1887189,1915611,4,2.4853397382384474,0.6666666666666666,25,0.8,1.0,10,-1
1887209,1887693,3,2.164042561333445,0.6,16,0.75,1.0,7,-1
1887209,1895799,3,2.164042561333445,0.6,16,0.75,1.0,7,-1
1887209,1902793,3,2.164042561333445,0.6,16,0.75,1.0,4,-1
1887209,1902807,3,2.164042561333445,0.6,16,0.75,1.0,7,-1
1887218,1887222,7,3.366288428740915,0.7777777777777778,64,0.875,1.0,0,-1
1887218,1887702,7,3.366288428740915,0.7777777777777778,64,0.875,1.0,6,-1
1887218,1887726,7,3.366288428740915,0.7777777777777778,64,0.875,1.0,9,-1
1887218,1887739,7,3.366288428740915,0.7777777777777778,64,0.875,1.0,6,-1
1887218,1894792,7,3.366288428740915,0.7777777777777778,64,0.875,1.0,9,-1
1887218,1895822,7,3.366288428740915,0.7777777777777778,64,0.875,1.0,9,-1
1887218,1895830,7,3.366288428740915,0.7777777777777778,64,0.875,1.0,0,-1
1887222,1887702,7,3.366288428740915,0.7777777777777778,64,0.875,1.0,0,-1
1887222,1887726,7,3.366288428740915,0.7777777777777778,64,0.875,1.0,0,-1
1887222,1887739,7,3.366288428740915,0.7777777777777778,64,0.875,1.0,0,-1
1887222,1894792,7,3.366288428740915,0.7777777777777778,64,0.875,1.0,0,-1
1887222,1895822,7,3.366288428740915,0.7777777777777778,64,0.875,1.0,0,-1
1887222,1895830,7,3.366288428740915,0.7777777777777778,64,0.875,1.0,2,-1
1887233,1887766,2,1.8204784532536746,0.5,9,0.6666666666666666,1.0,3,-1
1887233,1915371,2,1.8204784532536746,0.5,9,0.6666666666666666,1.0,3,-1
1887255,1915120,0,0.0,0.0,3,0.0,1.0,2,-1
1887255,1929687,1,1.4426950408889634,0.25,6,0.5,1.0,0,-1
1887255,1930295,1,1.4426950408889634,0.25,6,0.5,1.0,0,-1
1887257,1888453,2,1.8204784532536746,0.5,9,0.6666666666666666,1.0,0,-1
1887257,1903751,2,1.8204784532536746,0.5,9,0.6666666666666666,1.0,2,-1
1887257,1904101,2,1.8204784532536746,0.5,9,0.6666666666666666,1.0,0,-1
1887283,1888698,7,3.013759067862069,0.6363636363636364,80,0.6892857142857142,1.0,6,-1
1887283,1890046,3,1.1367695450698536,0.23076923076923078,60,0.21428571428571427,0.5,3,-1
1887283,1895859,5,2.1291746535243528,0.45454545454545453,60,0.4809523809523809,1.0,0,-1
1887283,1896116,9,4.2319554862376005,0.6,140,1.0761904761904761,1.0,0,-1
1887283,1902902,9,4.2319554862376005,0.6,140,1.0761904761904761,1.0,7,-1
1887283,1902907,9,4.2319554862376005,0.6,140,1.076190476190476,1.0,7,-1
1887283,1903056,7,3.013759067862069,0.6363636363636364,80,0.6892857142857142,1.0,6,-1
1887283,1903302,3,1.1367695450698536,0.23076923076923078,60,0.21428571428571427,0.5,3,-1
1887283,1904904,7,3.013759067862069,0.6363636363636364,80,0.6892857142857142,1.0,0,-1
1887283,1921755,3,1.1367695450698536,0.23076923076923078,60,0.21428571428571427,0.5,0,-1
1887283,1921767,3,1.1367695450698536,0.23076923076923078,60,0.21428571428571427,0.5,3,-1
1887283,1929743,7,3.013759067862069,0.6363636363636364,80,0.6892857142857142,1.0,6,-1
1887284,1888496,4,2.2956668142133534,0.5714285714285714,30,0.7,1.0,9,-1
1887284,1895620,5,3.0802386426662,0.7142857142857143,36,0.9833333333333334,1.0,11,1
1887284,1896466,4,2.2956668142133534,0.5714285714285714,30,0.7,1.0,5,-1
1887284,1896486,5,3.0802386426662,0.7142857142857143,36,0.9833333333333334,1.0,11,1
1887292,1887873,0,0.0,0.0,1,0.0,1.0,2,1
1887297,1887888,2,1.8204784532536746,0.5,9,0.6666666666666666,1.0,5,-1
1887297,1895411,2,1.8204784532536746,0.5,9,0.6666666666666666,1.0,5,-1
1887297,1904164,2,1.8204784532536746,0.5,9,0.6666666666666666,1.0,3,-1
1887307,1894896,7,3.366288428740915,0.7777777777777778,64,0.875,1.0,0,-1
1887307,1895146,7,3.366288428740915,0.7777777777777778,64,0.875,1.0,0,-1
1887307,1896171,7,3.366288428740915,0.7777777777777778,64,0.875,1.0,0,-1
1887307,1902968,7,3.366288428740915,0.7777777777777778,64,0.875,1.0,2,-1
1887307,1902987,7,3.366288428740915,0.7777777777777778,64,0.875,1.0,0,-1
1887307,1914763,7,3.366288428740915,0.7777777777777778,64,0.875,1.0,0,-1
1887313,1887376,1,0.3898712452512801,0.125,14,0.07692307692307693,0.5,0,-1
1887313,1894497,1,0.3898712452512801,0.125,14,0.07692307692307693,0.5,0,-1
1887313,1894748,1,1.4426950408889634,0.07142857142857142,26,0.5,1.0,0,-1
1887313,1895010,1,0.3898712452512801,0.3333333333333333,4,0.07692307692307693,1.0,2,-1
1887313,1895461,1,0.3898712452512801,0.125,14,0.07692307692307693,0.5,0,-1
1887313,1902791,1,0.3898712452512801,0.125,14,0.07692307692307693,0.5,0,-1
1887313,1914331,1,0.3898712452512801,0.125,14,0.07692307692307693,0.5,0,-1
1887313,1929447,1,0.3898712452512801,0.2,8,0.07692307692307693,0.5,0,-1
1887313,1929532,1,0.3898712452512801,0.2,8,0.07692307692307693,0.5,0,-1
1887313,1929534,1,0.3898712452512801,0.2,8,0.07692307692307693,0.5,0,-1
1887313,1934373,1,0.3898712452512801,0.2,8,0.07692307692307693,0.5,0,-1
1887319,1887335,5,2.7905531327562363,0.7142857142857143,36,0.8333333333333333,1.0,6,-1
1887319,1903426,5,2.7905531327562363,0.7142857142857143,36,0.8333333333333333,1.0,6,-1
1887319,1903653,5,2.7905531327562363,0.7142857142857143,36,0.8333333333333333,1.0,6,-1
1887319,1903666,5,2.7905531327562363,0.7142857142857143,36,0.8333333333333333,1.0,6,-1
1887319,1905002,5,2.7905531327562363,0.7142857142857143,36,0.8333333333333333,1.0,8,-1
1887319,1915252,5,2.7905531327562363,0.7142857142857143,36,0.8333333333333333,1.0,8,-1
1887329,1895033,4,2.4853397382384474,0.6666666666666666,25,0.8,1.0,4,-1
1887329,1895048,4,2.4853397382384474,0.6666666666666666,25,0.8,1.0,4,-1
1887329,1902947,4,2.4853397382384474,0.6666666666666666,25,0.8,1.0,0,-1
1887329,1902951,4,2.4853397382384474,0.6666666666666666,25,0.8,1.0,5,-1
1887335,1903426,5,2.7905531327562363,0.7142857142857143,36,0.8333333333333333,1.0,8,-1
1887335,1903653,5,2.7905531327562363,0.7142857142857143,36,0.8333333333333333,1.0,6,-1
1887335,1903666,5,2.7905531327562363,0.7142857142857143,36,0.8333333333333333,1.0,8,-1
1887335,1905002,5,2.7905531327562363,0.7142857142857143,36,0.8333333333333333,1.0,6,-1
1887335,1915252,5,2.7905531327562363,0.7142857142857143,36,0.8333333333333333,1.0,6,-1
1887340,1887352,9,3.6963129201470704,0.8181818181818182,100,0.7909090909090909,1.0,19,-1
1887340,1895758,9,3.7613380289814673,0.5625,150,0.8242424242424242,1.0,19,-1
1887340,1895794,9,3.6963129201470704,0.8181818181818182,100,0.7909090909090909,1.0,19,-1
1887340,1895812,9,3.7613380289814673,0.5625,150,0.8242424242424242,1.0,19,-1
1887340,1896599,9,3.713575010626076,0.75,110,0.7999999999999999,1.0,19,-1
1887340,1896831,9,3.6963129201470704,0.8181818181818182,100,0.7909090909090909,1.0,19,-1
1887340,1898027,1,0.36926937306885504,0.07692307692307693,40,0.06666666666666667,0.5,2,-1
1887340,1900407,2,0.7385387461377101,0.16666666666666666,40,0.13333333333333333,0.5,6,-1
1887340,1903920,9,3.6963129201470704,0.8181818181818182,100,0.7909090909090909,1.0,19,-1
1887340,1905207,9,3.6963129201470704,0.8181818181818182,100,0.7909090909090909,1.0,10,-1
1887340,1915490,9,3.7613380289814673,0.5625,150,0.8242424242424242,1.0,19,-1
1887340,1915500,9,3.6963129201470704,0.8181818181818182,100,0.7909090909090909,1.0,19,-1
1887340,1916997,2,0.7863017644931014,0.2,20,0.1575757575757576,0.5,3,-1
1887340,1919353,2,0.7385387461377101,0.14285714285714285,60,0.13333333333333333,0.5,6,-1
1887340,1919615,2,0.7385387461377101,0.16666666666666666,40,0.13333333333333333,0.5,6,-1
1887340,1936660,1,0.36926937306885504,0.07692307692307693,40,0.06666666666666667,0.5,2,-1
1887340,1943505,1,0.36926937306885504,0.07692307692307693,40,0.06666666666666667,0.5,2,-1
1887340,1944057,1,0.36926937306885504,0.07692307692307693,40,0.06666666666666667,0.5,2,-1
1887341,1895312,0,0.0,0.0,1,0.0,1.0,1,-1
1887346,1894931,0,0.0,0.0,1,0.0,1.0,1,-1
1887352,1895758,9,3.7613380289814673,0.5625,150,0.8242424242424242,1.0,19,-1
1887352,1895794,9,3.6963129201470704,0.8181818181818182,100,0.7909090909090909,1.0,19,-1
1887352,1895812,9,3.7613380289814673,0.5625,150,0.8242424242424242,1.0,19,-1
1887352,1896599,9,3.713575010626076,0.75,110,0.7999999999999999,1.0,19,-1
1887352,1896831,9,3.6963129201470704,0.8181818181818182,100,0.7909090909090909,1.0,19,-1
1887352,1898027,1,0.36926937306885504,0.07692307692307693,40,0.06666666666666667,0.5,2,-1
1887352,1900407,2,0.7385387461377101,0.16666666666666666,40,0.13333333333333333,0.5,6,-1
1887352,1903920,9,3.6963129201470704,0.8181818181818182,100,0.7909090909090909,1.0,19,-1
1887352,1905207,9,3.6963129201470704,0.8181818181818182,100,0.7909090909090909,1.0,10,-1
1887352,1915490,9,3.7613380289814673,0.5625,150,0.8242424242424242,1.0,19,-1
1887352,1915500,9,3.6963129201470704,0.8181818181818182,100,0.7909090909090909,1.0,19,-1
1887352,1916997,2,0.7863017644931014,0.2,20,0.1575757575757576,0.5,3,-1
1887352,1919353,2,0.7385387461377101,0.14285714285714285,60,0.13333333333333333,0.5,6,-1
1887352,1919615,2,0.7385387461377101,0.16666666666666666,40,0.13333333333333333,0.5,6,-1
1887352,1936660,1,0.36926937306885504,0.07692307692307693,40,0.06666666666666667,0.5,2,-1
1887352,1943505,1,0.36926937306885504,0.07692307692307693,40,0.06666666666666667,0.5,2,-1
1887352,1944057,1,0.36926937306885504,0.07692307692307693,40,0.06666666666666667,0.5,2,-1
1887365,1887922,1,1.4426950408889634,0.3333333333333333,4,0.5,1.0,4,-1
1887365,1887934,1,1.4426950408889634,0.3333333333333333,4,0.5,1.0,4,-1
1887367,1905017,3,2.164042561333445,0.6,16,0.75,1.0,1,-1
1887367,1915321,3,2.164042561333445,0.6,16,0.75,1.0,0,-1
1887376,1894497,6,2.9593629571000335,0.75,49,0.7912087912087911,1.0,4,-1
1887376,1894748,6,3.083390054218504,0.42857142857142855,91,0.857142857142857,1.0,0,-1
1887376,1895010,1,0.3898712452512801,0.125,14,0.07692307692307693,0.5,0,-1
1887376,1895461,6,2.9593629571000335,0.75,49,0.7912087912087911,1.0,0,-1
1887376,1902791,6,2.9593629571000335,0.75,49,0.7912087912087911,1.0,4,-1
1887376,1914331,6,2.9593629571000335,0.75,49,0.7912087912087911,1.0,4,-1
1887376,1929447,1,0.3898712452512801,0.1,28,0.07692307692307693,0.5,0,-1
1887376,1929532,1,0.3898712452512801,0.1,28,0.07692307692307693,0.5,0,-1
1887376,1929534,1,0.3898712452512801,0.1,28,0.07692307692307693,0.5,0,-1
1887376,1934373,1,0.3898712452512801,0.1,28,0.07692307692307693,0.5,0,-1
1887385,1896369,1,1.4426950408889634,0.3333333333333333,4,0.5,1.0,2,1
1887385,1896648,1,1.4426950408889634,0.3333333333333333,4,0.5,1.0,0,-1
1887392,1887907,6,3.2792512147713584,0.75,49,0.9619047619047618,1.0,8,1
1887392,1888581,4,2.055593369479003,0.5,35,0.5714285714285714,1.0,6,-1
1887392,1895486,6,3.2792512147713584,0.75,49,0.9619047619047617,1.0,0,1
1887392,1896647,6,3.2792512147713584,0.75,49,0.9619047619047618,1.0,0,1
1887392,1904233,6,3.2792512147713584,0.75,49,0.9619047619047618,1.0,8,1
1887406,1894391,0,0.0,0.0,1,0.0,1.0,2,-1
1887411,1887779,3,2.164042561333445,0.6,16,0.75,1.0,4,-1
1887411,1903497,3,2.164042561333445,0.6,16,0.75,1.0,0,-1
1887411,1903741,3,2.164042561333445,0.6,16,0.75,1.0,0,-1
1887423,1895203,6,3.083390054218504,0.75,49,0.857142857142857,1.0,0,-1
1887423,1895218,6,3.083390054218504,0.75,49,0.857142857142857,1.0,0,-1
1887423,1895250,6,3.083390054218504,0.75,49,0.857142857142857,1.0,0,-1
1887423,1895254,6,3.083390054218504,0.75,49,0.857142857142857,1.0,4,-1
1887423,1903386,6,3.083390054218504,0.75,49,0.857142857142857,1.0,0,-1
1887448,1887530,8,3.640956906507349,0.8,81,0.8888888888888891,1.0,8,-1
1887448,1895440,8,3.640956906507349,0.8,81,0.8888888888888891,1.0,8,-1
1887448,1895458,8,3.640956906507349,0.8,81,0.8888888888888891,1.0,8,-1
1887448,1895766,8,3.640956906507349,0.8,81,0.8888888888888891,1.0,0,-1
1887448,1896796,8,3.640956906507349,0.8,81,0.8888888888888891,1.0,8,-1
1887448,1905167,8,3.640956906507349,0.8,81,0.8888888888888891,1.0,0,-1
1887448,1905177,8,3.640956906507349,0.8,81,0.8888888888888891,1.0,0,-1
1887448,1905187,8,3.640956906507349,0.8,81,0.8888888888888891,1.0,0,-1
1887448,1915495,8,3.640956906507349,0.8,81,0.8888888888888891,1.0,0,-1
1887455,1895235,4,2.4853397382384474,0.6666666666666666,25,0.8,1.0,0,-1
1887455,1895244,4,2.4853397382384474,0.6666666666666666,25,0.8,1.0,0,-1
1887455,1895268,4,2.4853397382384474,0.6666666666666666,25,0.8,1.0,0,-1
1887455,1914957,4,2.4853397382384474,0.6666666666666666,25,0.8,1.0,0,-1
1887460,1888029,3,1.9640173895637054,0.5,20,0.65,1.0,3,-1
1887460,1888039,3,1.9640173895637054,0.5,20,0.65,1.0,4,-1
1887460,1895905,3,1.9640173895637054,0.5,20,0.65,1.0,3,-1
1887460,1914993,3,1.8640048036788355,0.6,16,0.6000000000000001,1.0,0,-1
1887461,1894669,4,2.4853397382384474,0.6666666666666666,25,0.8,1.0,0,-1
1887461,1903167,4,2.4853397382384474,0.6666666666666666,25,0.8,1.0,7,-1
1887461,1914383,4,2.4853397382384474,0.6666666666666666,25,0.8,1.0,7,-1
1887471,1887845,4,2.4853397382384474,0.6666666666666666,25,0.8,1.0,8,-1
1887471,1887884,4,2.4853397382384474,0.6666666666666666,25,0.8,1.0,8,-1
1887471,1895723,4,2.4853397382384474,0.6666666666666666,25,0.8,1.0,0,-1
1887471,1903623,4,2.4853397382384474,0.6666666666666666,25,0.8,1.0,8,-1
1887495,1895039,1,1.4426950408889634,0.3333333333333333,4,0.5,1.0,0,-1
1887504,1894603,6,3.083390054218504,0.75,49,0.857142857142857,1.0,12,-1
1887504,1895642,6,3.083390054218504,0.75,49,0.857142857142857,1.0,7,-1
1887504,1903240,6,3.083390054218504,0.75,49,0.857142857142857,1.0,12,-1
1887504,1904249,6,3.083390054218504,0.75,49,0.857142857142857,1.0,12,-1
1887504,1911388,6,3.083390054218504,0.75,49,0.857142857142857,1.0,12,-1
1887530,1895440,8,3.640956906507349,0.8,81,0.8888888888888891,1.0,8,-1
1887530,1895458,8,3.640956906507349,0.8,81,0.8888888888888891,1.0,8,-1
1887530,1895766,8,3.640956906507349,0.8,81,0.8888888888888891,1.0,0,-1
1887530,1896796,8,3.640956906507349,0.8,81,0.8888888888888891,1.0,8,-1
1887530,1905167,8,3.640956906507349,0.8,81,0.8888888888888891,1.0,0,-1
1887530,1905177,8,3.640956906507349,0.8,81,0.8888888888888891,1.0,0,-1
1887530,1905187,8,3.640956906507349,0.8,81,0.8888888888888891,1.0,0,-1
1887530,1915495,8,3.640956906507349,0.8,81,0.8888888888888891,1.0,0,-1
1887558,1887568,6,3.083390054218504,0.75,49,0.857142857142857,1.0,0,-1
1887558,1895835,6,3.083390054218504,0.75,49,0.857142857142857,1.0,0,-1
1887558,1895847,6,3.083390054218504,0.75,49,0.857142857142857,1.0,4,-1
1887558,1895861,6,3.083390054218504,0.75,49,0.857142857142857,1.0,7,-1
1887558,1895871,6,3.083390054218504,0.75,49,0.857142857142857,1.0,7,-1
1887558,1902683,6,3.083390054218504,0.75,49,0.857142857142857,1.0,7,-1
1887558,1902688,6,3.083390054218504,0.75,49,0.857142857142857,1.0,0,-1
1887568,1895835,6,3.083390054218504,0.75,49,0.857142857142857,1.0,0,-1
1887568,1895847,6,3.083390054218504,0.75,49,0.857142857142857,1.0,0,-1
1887568,1895861,6,3.083390054218504,0.75,49,0.857142857142857,1.0,0,-1
1887568,1895871,6,3.083390054218504,0.75,49,0.857142857142857,1.0,0,-1
1887568,1902683,6,3.083390054218504,0.75,49,0.857142857142857,1.0,0,-1
1887568,1902688,6,3.083390054218504,0.75,49,0.857142857142857,1.0,2,-1
1887572,1903724,2,1.8204784532536746,0.5,9,0.6666666666666666,1.0,3,-1
1887572,1905251,2,1.8204784532536746,0.5,9,0.6666666666666666,1.0,3,-1
1887572,1905255,2,1.8204784532536746,0.5,9,0.6666666666666666,1.0,3,-1
1887591,1914541,0,0.0,0.0,1,0.0,1.0,1,-1
1887592,1895833,0,0.0,0.0,5,0.0,1.0,1,-1
1887623,1895510,5,2.7905531327562363,0.7142857142857143,36,0.8333333333333333,1.0,9,-1
1887623,1895829,5,2.7905531327562363,0.7142857142857143,36,0.8333333333333333,1.0,9,-1
1887623,1895840,5,2.7905531327562363,0.7142857142857143,36,0.8333333333333333,1.0,9,-1
1887623,1895844,5,2.7905531327562363,0.7142857142857143,36,0.8333333333333333,1.0,0,-1
1887623,1903797,5,2.7905531327562363,0.7142857142857143,36,0.8333333333333333,1.0,5,-1
1887623,1905325,5,2.7905531327562363,0.7142857142857143,36,0.8333333333333333,1.0,9,-1
1887641,1896328,0,0.0,0.0,1,0.0,1.0,2,-1
1887666,1896591,2,1.8204784532536746,0.5,9,0.6666666666666666,1.0,6,-1
1887666,1896601,2,1.8204784532536746,0.5,9,0.6666666666666666,1.0,6,-1
1887666,1904037,2,1.8204784532536746,0.5,9,0.6666666666666666,1.0,6,-1
1887693,1895799,3,2.164042561333445,0.6,16,0.75,1.0,7,-1
1887693,1902793,3,2.164042561333445,0.6,16,0.75,1.0,4,-1
1887693,1902807,3,2.164042561333445,0.6,16,0.75,1.0,7,-1
1887696,1895275,1,1.4426950408889634,0.3333333333333333,4,0.5,1.0,2,-1
1887696,1895549,1,1.4426950408889634,0.3333333333333333,4,0.5,1.0,0,-1
1887699,1915285,1,1.4426950408889634,0.3333333333333333,4,0.5,1.0,3,-1
1887702,1887726,7,3.366288428740915,0.7777777777777778,64,0.875,1.0,6,-1
1887702,1887739,7,3.366288428740915,0.7777777777777778,64,0.875,1.0,6,-1
1887702,1894792,7,3.366288428740915,0.7777777777777778,64,0.875,1.0,6,-1
1887702,1895822,7,3.366288428740915,0.7777777777777778,64,0.875,1.0,6,-1
1887702,1895830,7,3.366288428740915,0.7777777777777778,64,0.875,1.0,0,-1
1887724,1888363,2,1.8204784532536746,0.5,9,0.6666666666666666,1.0,6,-1
1887724,1903485,2,1.8204784532536746,0.5,9,0.6666666666666666,1.0,6,-1
1887724,1904079,2,1.8204784532536746,0.5,9,0.6666666666666666,1.0,6,-1
1887726,1887739,7,3.366288428740915,0.7777777777777778,64,0.875,1.0,6,-1
1887726,1894792,7,3.366288428740915,0.7777777777777778,64,0.875,1.0,9,-1
1887726,1895822,7,3.366288428740915,0.7777777777777778,64,0.875,1.0,9,-1
1887726,1895830,7,3.366288428740915,0.7777777777777778,64,0.875,1.0,0,-1
1887732,1896620,2,1.8204784532536746,0.5,9,0.6666666666666666,1.0,5,-1
1887732,1904057,2,1.8204784532536746,0.5,9,0.6666666666666666,1.0,3,-1
1887732,1904063,2,1.8204784532536746,0.5,9,0.6666666666666666,1.0,5,-1
1887739,1894792,7,3.366288428740915,0.7777777777777778,64,0.875,1.0,6,-1
1887739,1895822,7,3.366288428740915,0.7777777777777778,64,0.875,1.0,6,-1
1887739,1895830,7,3.366288428740915,0.7777777777777778,64,0.875,1.0,0,-1
1887744,1903615,1,0.9102392266268373,0.25,6,0.3333333333333333,1.0,3,-1
1887744,1904113,1,0.9102392266268373,0.25,6,0.3333333333333333,1.0,3,-1
1887744,1915354,2,2.8853900817779268,0.5,9,1.0,1.0,3,-1
1887748,1887806,1,1.4426950408889634,0.3333333333333333,4,0.5,1.0,4,-1
1887748,1915339,1,1.4426950408889634,0.3333333333333333,4,0.5,1.0,4,-1
1887753,1903492,2,1.391137573589825,0.5,9,0.4583333333333333,1.0,0,-1
1887753,1903737,2,1.391137573589825,0.5,9,0.4583333333333333,1.0,0,-1
1887753,1907027,1,0.48089834696298783,0.16666666666666666,12,0.125,0.5,4,-1
1887753,1907363,1,0.48089834696298783,0.16666666666666666,12,0.125,0.5,2,-1
1887753,1914883,2,1.8204784532536746,0.2222222222222222,24,0.6666666666666666,1.0,2,1
1887753,1915868,1,0.48089834696298783,0.14285714285714285,15,0.125,0.5,4,-1
1887753,1924835,1,0.48089834696298783,0.25,6,0.125,0.5,2,-1
1887753,1930532,1,0.48089834696298783,0.16666666666666666,12,0.125,0.5,2,-1
1887766,1915371,2,1.8204784532536746,0.5,9,0.6666666666666666,1.0,3,-1
1887779,1903497,3,2.164042561333445,0.6,16,0.75,1.0,0,-1
1887779,1903741,3,2.164042561333445,0.6,16,0.75,1.0,0,-1
1887794,1903144,0,0.0,0.0,1,0.0,1.0,0,-1
1887806,1915339,1,1.4426950408889634,0.3333333333333333,4,0.5,1.0,4,-1
1887817,1887854,4,2.4853397382384474,0.6666666666666666,25,0.8,1.0,5,-1
1887817,1888509,4,2.4853397382384474,0.6666666666666666,25,0.8,1.0,5,-1
1887817,1903786,4,2.4853397382384474,0.6666666666666666,25,0.8,1.0,5,-1
1887817,1903817,4,2.4853397382384474,0.6666666666666666,25,0.8,1.0,5,-1
1887823,1936235,2,1.8204784532536746,0.5,9,0.6666666666666666,1.0,6,-1
1887823,1936644,2,1.8204784532536746,0.5,9,0.6666666666666666,1.0,6,-1
1887823,1943894,2,1.8204784532536746,0.5,9,0.6666666666666666,1.0,6,-1
1887836,1897225,3,1.6743318796537416,0.42857142857142855,24,0.5,1.0,4,1
1887836,1904147,4,2.091364271077988,0.5714285714285714,30,0.5909090909090909,1.0,0,-1
1887836,1905094,4,2.2956668142133534,0.3076923076923077,66,0.7,1.0,4,-1
1887836,1905107,5,2.8759360995308345,0.7142857142857143,36,0.8742424242424243,1.0,5,-1
1887845,1887884,4,2.4853397382384474,0.6666666666666666,25,0.8,1.0,8,-1
1887845,1895723,4,2.4853397382384474,0.6666666666666666,25,0.8,1.0,0,-1
1887845,1903623,4,2.4853397382384474,0.6666666666666666,25,0.8,1.0,8,-1
1887854,1888509,4,2.4853397382384474,0.6666666666666666,25,0.8,1.0,5,-1
1887854,1903786,4,2.4853397382384474,0.6666666666666666,25,0.8,1.0,5,-1
1887854,1903817,4,2.4853397382384474,0.6666666666666666,25,0.8,1.0,5,-1
1887881,1895926,1,1.4426950408889634,0.3333333333333333,4,0.5,1.0,2,-1
1887881,1904574,1,1.4426950408889634,0.3333333333333333,4,0.5,1.0,3,-1
1887884,1895723,4,2.4853397382384474,0.6666666666666666,25,0.8,1.0,0,-1
1887884,1903623,4,2.4853397382384474,0.6666666666666666,25,0.8,1.0,8,-1
1887887,1914807,1,1.4426950408889634,0.3333333333333333,4,0.5,1.0,4,-1
1887887,1916059,1,1.4426950408889634,0.3333333333333333,4,0.5,1.0,4,-1
1887888,1895411,2,1.8204784532536746,0.5,9,0.6666666666666666,1.0,5,-1
1887888,1904164,2,1.8204784532536746,0.5,9,0.6666666666666666,1.0,3,-1
1887903,1897131,0,0.0,0.0,1,0.0,1.0,2,1
1887907,1888581,4,2.055593369479003,0.5,35,0.5714285714285714,1.0,6,-1
1887907,1895486,6,3.2792512147713584,0.75,49,0.9619047619047617,1.0,0,1
1887907,1896647,6,3.2792512147713584,0.75,49,0.9619047619047618,1.0,0,1
1887907,1904233,6,3.2792512147713584,0.75,49,0.9619047619047618,1.0,8,1
1887909,1911813,1,0.43429448190325176,0.14285714285714285,16,0.1,0.5,0,-1
1887909,1917104,1,0.43429448190325176,0.14285714285714285,16,0.1,0.5,0,-1
1887909,1919024,1,0.43429448190325176,0.14285714285714285,16,0.1,0.5,0,-1
1887909,1925288,1,0.43429448190325176,0.2,8,0.1,1.0,1,-1
1887909,1934501,1,0.43429448190325176,0.14285714285714285,16,0.1,0.5,0,-1
1887916,1888566,1,0.36926937306885504,0.0625,72,0.06666666666666667,1.0,4,-1
1887916,1890089,7,3.372092991598998,0.7,72,0.8801587301587299,1.0,7,1
1887916,1891045,1,0.45511961331341866,0.07142857142857142,54,0.1111111111111111,0.5,2,-1
1887916,1897647,7,3.3978717252485673,0.6363636363636364,81,0.894047619047619,1.0,7,1
1887916,1906569,5,2.2670840272712374,0.5,54,0.5527777777777778,1.0,7,-1
1887916,1916144,7,3.372092991598998,0.7,72,0.8801587301587299,1.0,0,1
1887916,1929486,2,0.8501677200318429,0.14285714285714285,63,0.19166666666666665,0.5,0,-1
1887916,1929916,2,0.8501677200318429,0.14285714285714285,63,0.19166666666666665,0.5,3,-1
1887916,1929972,2,0.8501677200318429,0.14285714285714285,63,0.19166666666666665,0.5,3,-1
1887916,1934426,2,0.8501677200318429,0.14285714285714285,63,0.19166666666666665,0.5,6,-1
1887916,1943495,7,3.372092991598998,0.7,72,0.8801587301587299,1.0,7,1
1887921,1903687,0,0.0,0.0,1,0.0,1.0,2,-1
1887922,1887934,1,1.4426950408889634,0.3333333333333333,4,0.5,1.0,4,-1
1887928,1904632,2,1.8204784532536746,0.5,9,0.6666666666666666,1.0,4,-1
1887928,1905710,2,1.8204784532536746,0.5,9,0.6666666666666666,1.0,0,-1
1887947,1888989,2,1.8204784532536746,0.5,9,0.6666666666666666,1.0,5,-1
1887947,1889032,2,1.8204784532536746,0.5,9,0.6666666666666666,1.0,5,-1
1887947,1904415,2,1.8204784532536746,0.5,9,0.6666666666666666,1.0,3,-1
1887958,1895505,3,2.164042561333445,0.6,16,0.75,1.0,4,-1
1887958,1895793,3,2.164042561333445,0.6,16,0.75,1.0,4,-1
1887958,1895797,3,2.164042561333445,0.6,16,0.75,1.0,4,-1
1887958,1905259,3,2.164042561333445,0.6,16,0.75,1.0,5,-1
1887964,1895888,2,1.8204784532536746,0.5,9,0.6666666666666666,1.0,3,-1
1887964,1903788,2,1.8204784532536746,0.5,9,0.6666666666666666,1.0,3,-1
1887973,1895848,5,2.666736988108241,0.7142857142857143,36,0.7666666666666666,1.0,0,-1
1887973,1896660,5,2.666736988108241,0.7142857142857143,36,0.7666666666666666,1.0,7,-1
1887973,1896851,5,2.666736988108241,0.7142857142857143,36,0.7666666666666666,1.0,4,-1
1887973,1896864,5,2.7905531327562363,0.45454545454545453,60,0.8333333333333333,1.0,7,-1
1887973,1896869,5,2.666736988108241,0.7142857142857143,36,0.7666666666666666,1.0,7,-1
1887973,1904278,5,2.666736988108241,0.7142857142857143,36,0.7666666666666666,1.0,0,-1
1887996,1904317,2,1.8204784532536746,0.5,9,0.6666666666666666,1.0,0,1
1887996,1905301,2,1.8204784532536746,0.5,9,0.6666666666666666,1.0,2,1
1887996,1905315,2,1.8204784532536746,0.5,9,0.6666666666666666,1.0,0,1
1888026,1895306,0,0.0,0.0,1,0.0,1.0,1,-1
1888029,1888039,4,2.974269202075413,0.6666666666666666,25,1.0333333333333332,1.0,4,1
1888029,1895905,4,2.974269202075413,0.6666666666666666,25,1.0333333333333332,1.0,5,1
1888029,1914993,3,1.9640173895637054,0.5,20,0.65,1.0,0,-1
1888031,1895004,4,2.3449031506418234,0.6666666666666666,25,0.7250000000000001,1.0,5,1
1888031,1895012,4,2.3449031506418234,0.6666666666666666,25,0.7250000000000001,1.0,5,1
1888031,1895307,4,2.3449031506418234,0.6666666666666666,25,0.7250000000000001,1.0,5,1
1888031,1895353,4,2.3449031506418234,0.6666666666666666,25,0.7250000000000001,1.0,5,1
1888031,1904699,1,0.48089834696298783,0.14285714285714285,15,0.125,0.5,2,-1
1888031,1914969,4,2.4853397382384474,0.4444444444444444,40,0.8,1.0,5,1
1888031,1920276,1,0.48089834696298783,0.14285714285714285,15,0.125,0.5,2,-1
1888031,1943992,1,0.48089834696298783,0.14285714285714285,15,0.125,0.5,3,-1
1888039,1895905,4,2.974269202075413,0.6666666666666666,25,1.0333333333333332,1.0,4,1
1888039,1914993,3,1.9640173895637054,0.5,20,0.65,1.0,0,-1
1888080,1903802,2,1.8204784532536746,0.5,9,0.6666666666666666,1.0,0,-1
1888080,1903807,2,1.8204784532536746,0.5,9,0.6666666666666666,1.0,0,-1
1888137,1888746,1,0.9102392266268373,0.3333333333333333,4,0.3333333333333333,1.0,4,1
1888137,1896612,1,1.4426950408889634,0.25,6,0.5,1.0,4,1
1888137,1937015,1,0.9102392266268373,0.5,2,0.3333333333333333,0.5,4,-1
1888239,1889691,4,2.4853397382384474,0.4444444444444444,40,0.8,1.0,5,-1
1888239,1902458,4,2.3449031506418234,0.6666666666666666,25,0.7250000000000001,1.0,7,-1
1888239,1911966,4,2.3449031506418234,0.6666666666666666,25,0.7250000000000001,1.0,5,-1
1888239,1919986,4,2.3449031506418234,0.6666666666666666,25,0.7250000000000001,1.0,7,-1
1888239,1921784,4,2.3449031506418234,0.6666666666666666,25,0.7250000000000001,1.0,5,-1
1888241,1905695,2,1.8204784532536746,0.5,9,0.6666666666666666,1.0,6,-1
1888241,1915883,2,1.8204784532536746,0.5,9,0.6666666666666666,1.0,6,-1
1888262,1936915,1,1.4426950408889634,0.3333333333333333,4,0.5,1.0,2,-1
1888262,1944187,1,1.4426950408889634,0.3333333333333333,4,0.5,1.0,2,-1
1888325,1888343,3,1.923593387851951,0.6,16,0.625,1.0,5,-1
1888325,1895499,3,1.923593387851951,0.6,16,0.625,1.0,0,-1
1888325,1904000,3,1.923593387851951,0.6,16,0.625,1.0,5,-1
1888325,1924579,1,0.48089834696298783,0.14285714285714285,16,0.125,0.5,2,-1
1888325,1934219,1,0.48089834696298783,0.14285714285714285,16,0.125,0.5,2,-1
1888325,1934248,1,0.48089834696298783,0.14285714285714285,16,0.125,0.5,2,-1
1888328,1896103,5,2.7905531327562363,0.7142857142857143,36,0.8333333333333333,1.0,6,-1
1888328,1896118,5,2.7905531327562363,0.7142857142857143,36,0.8333333333333333,1.0,6,-1
1888328,1896127,5,2.7905531327562363,0.7142857142857143,36,0.8333333333333333,1.0,6,-1
1888328,1905766,5,2.7905531327562363,0.7142857142857143,36,0.8333333333333333,1.0,6,-1
1888328,1915912,5,2.7905531327562363,0.7142857142857143,36,0.8333333333333333,1.0,6,-1
1888343,1895499,3,1.923593387851951,0.6,16,0.625,1.0,0,-1
1888343,1904000,3,1.923593387851951,0.6,16,0.625,1.0,5,-1
1888343,1924579,1,0.48089834696298783,0.14285714285714285,16,0.125,0.5,2,-1
1888343,1934219,1,0.48089834696298783,0.14285714285714285,16,0.125,0.5,2,-1
1888343,1934248,1,0.48089834696298783,0.14285714285714285,16,0.125,0.5,2,-1
1888354,1888359,3,2.164042561333445,0.6,16,0.75,1.0,7,1
1888354,1919546,3,2.164042561333445,0.6,16,0.75,1.0,7,1
1888354,1925984,3,2.164042561333445,0.6,16,0.75,1.0,7,-1
1888354,1935018,3,2.164042561333445,0.6,16,0.75,1.0,4,-1
1888359,1919546,3,2.164042561333445,0.6,16,0.75,1.0,7,-1
1888359,1925984,3,2.164042561333445,0.6,16,0.75,1.0,7,-1
1888359,1935018,3,2.164042561333445,0.6,16,0.75,1.0,4,-1
1888363,1903485,2,1.8204784532536746,0.5,9,0.6666666666666666,1.0,6,-1
1888363,1904079,2,1.8204784532536746,0.5,9,0.6666666666666666,1.0,6,-1
1888453,1903751,2,1.8204784532536746,0.5,9,0.6666666666666666,1.0,0,-1
1888453,1904101,2,1.8204784532536746,0.5,9,0.6666666666666666,1.0,0,-1
1888462,1896403,3,2.164042561333445,0.6,16,0.75,1.0,3,-1
1888462,1896408,3,2.164042561333445,0.6,16,0.75,1.0,0,-1
1888462,1903781,3,2.164042561333445,0.6,16,0.75,1.0,2,-1
1888478,1888502,3,2.164042561333445,0.6,16,0.75,1.0,6,1
1888478,1888964,3,2.164042561333445,0.6,16,0.75,1.0,6,1
1888478,1897557,3,2.164042561333445,0.6,16,0.75,1.0,0,1
1888478,1926236,3,2.164042561333445,0.6,16,0.75,1.0,6,-1
1888496,1895620,4,2.2956668142133534,0.5714285714285714,30,0.7,1.0,9,-1
1888496,1896466,4,2.232442506204989,0.6666666666666666,25,0.6666666666666666,1.0,5,-1
1888496,1896486,4,2.2956668142133534,0.5714285714285714,30,0.7,1.0,9,-1
1888502,1888964,3,2.164042561333445,0.6,16,0.75,1.0,6,1
1888502,1897557,3,2.164042561333445,0.6,16,0.75,1.0,0,1
1888502,1926236,3,2.164042561333445,0.6,16,0.75,1.0,6,-1
1888509,1903786,4,2.4853397382384474,0.6666666666666666,25,0.8,1.0,5,-1
1888509,1903817,4,2.4853397382384474,0.6666666666666666,25,0.8,1.0,5,-1
1888566,1890089,2,0.8243889863822738,0.14285714285714285,64,0.17777777777777776,0.5,3,-1
1888566,1897647,2,0.8243889863822738,0.13333333333333333,72,0.17777777777777776,0.5,3,-1
1888566,1906569,2,0.8243889863822738,0.16666666666666666,48,0.17777777777777776,0.5,6,-1
1888566,1916144,2,0.8243889863822738,0.14285714285714285,64,0.17777777777777776,0.5,0,-1
1888566,1929486,6,2.9387610849176085,0.6666666666666666,56,0.7809523809523808,1.0,0,-1
1888566,1929916,6,2.9387610849176085,0.6666666666666666,56,0.7809523809523808,1.0,6,-1
1888566,1929972,6,2.9387610849176085,0.6666666666666666,56,0.7809523809523808,1.0,6,-1
1888566,1934426,6,2.9387610849176085,0.6666666666666666,56,0.7809523809523808,1.0,8,-1
1888566,1943495,2,0.8243889863822738,0.14285714285714285,64,0.17777777777777776,0.5,3,-1
1888581,1895486,4,2.055593369479003,0.5,35,0.5714285714285714,1.0,0,-1
1888581,1896647,4,2.055593369479003,0.5,35,0.5714285714285714,1.0,0,-1
1888581,1904233,4,2.055593369479003,0.5,35,0.5714285714285714,1.0,6,-1
1888592,1928638,2,1.8204784532536746,0.2857142857142857,18,0.6666666666666666,1.0,4,-1
1888592,1936993,2,1.8204784532536746,0.2857142857142857,18,0.6666666666666666,1.0,4,-1
1888592,1937008,2,1.8204784532536746,0.2857142857142857,18,0.6666666666666666,1.0,0,-1
1888632,1935809,3,2.164042561333445,0.6,16,0.75,1.0,8,-1
1888632,1937070,3,2.164042561333445,0.6,16,0.75,1.0,8,-1
1888632,1944535,3,2.164042561333445,0.6,16,0.75,1.0,8,-1
1888632,1944538,3,2.164042561333445,0.6,16,0.75,1.0,8,-1
1888665,1934961,1,1.4426950408889634,0.3333333333333333,4,0.5,1.0,4,-1
1888665,1934992,1,1.4426950408889634,0.3333333333333333,4,0.5,1.0,4,-1
1888680,1899945,2,1.8204784532536746,0.5,9,0.6666666666666666,1.0,4,1
1888680,1907985,2,1.8204784532536746,0.5,9,0.6666666666666666,1.0,4,1
1888680,1920653,2,1.8204784532536746,0.5,9,0.6666666666666666,1.0,0,-1
1888698,1890046,3,1.1367695450698536,0.2727272727272727,48,0.21428571428571427,0.5,6,1
1888698,1895859,5,2.0053585088763572,0.5555555555555556,48,0.41428571428571426,0.5,0,-1
1888698,1896116,7,3.0691303680753697,0.4666666666666667,112,0.7178571428571427,1.0,0,-1
1888698,1902902,7,3.0691303680753697,0.4666666666666667,112,0.7178571428571427,1.0,8,1
1888698,1902907,7,3.0691303680753697,0.4666666666666667,112,0.7178571428571427,1.0,8,1
1888698,1903056,7,2.967155202802333,0.7777777777777778,64,0.6642857142857141,1.0,6,-1
1888698,1903302,3,1.1367695450698536,0.2727272727272727,48,0.21428571428571427,0.5,3,-1
1888698,1904904,7,2.967155202802333,0.7777777777777778,64,0.6642857142857141,1.0,0,1
1888698,1921755,3,1.1367695450698536,0.2727272727272727,48,0.21428571428571427,0.5,0,-1
1888698,1921767,3,1.1367695450698536,0.2727272727272727,48,0.21428571428571427,0.5,3,-1
1888698,1929743,7,2.967155202802333,0.7777777777777778,64,0.6642857142857141,1.0,6,-1
1888746,1896612,1,1.4426950408889634,0.25,6,0.5,1.0,4,1
1888746,1937015,1,0.9102392266268373,0.5,2,0.3333333333333333,0.5,4,-1
1888777,1937095,0,0.0,0.0,1,0.0,1.0,2,-1
1888791,1895697,6,4.305818191492122,0.75,49,1.4666666666666666,1.0,0,1
1888791,1918896,4,2.3779031460485864,0.5,35,0.7428571428571429,1.0,0,-1
1888791,1920776,4,2.3779031460485864,0.5,35,0.7428571428571429,1.0,0,-1
1888791,1936440,4,2.3779031460485864,0.5,35,0.7428571428571429,1.0,0,-1
1888791,1944899,4,2.3779031460485864,0.5,35,0.7428571428571429,1.0,0,-1
1888893,1888903,8,4.954595694089682,0.8,81,1.5833333333333333,1.0,9,1
1888893,1915522,3,1.8978146542023822,0.3,36,0.6111111111111112,1.0,4,-1
1888893,1916607,3,1.897814654202382,0.3,36,0.6111111111111112,1.0,4,-1
1888893,1934594,3,1.8978146542023822,0.3,36,0.6111111111111112,1.0,4,-1
1888903,1915522,3,1.8978146542023822,0.3,36,0.6111111111111112,1.0,4,-1
1888903,1916607,3,1.897814654202382,0.3,36,0.6111111111111112,1.0,4,-1
1888903,1934594,3,1.8978146542023822,0.3,36,0.6111111111111112,1.0,4,-1
1888948,1896927,1,1.4426950408889634,0.25,6,0.5,1.0,3,-1
1888948,1897715,1,1.4426950408889634,0.25,6,0.5,1.0,2,-1
1888948,1918973,0,0.0,0.0,3,0.0,1.0,2,-1
1888964,1897557,3,2.164042561333445,0.6,16,0.75,1.0,0,1
1888964,1926236,3,2.164042561333445,0.6,16,0.75,1.0,6,-1
1888989,1889032,2,1.8204784532536746,0.5,9,0.6666666666666666,1.0,5,-1
1888989,1904415,2,1.8204784532536746,0.5,9,0.6666666666666666,1.0,3,-1
1889010,1916487,4,3.6067376022224087,0.6666666666666666,25,1.25,1.0,8,1
1889010,1933601,3,2.0640299754485754,0.5,20,0.7,1.0,6,-1
1889010,1934386,3,2.064029975448575,0.5,20,0.7,1.0,4,-1
1889032,1904415,2,1.8204784532536746,0.5,9,0.6666666666666666,1.0,3,-1
1889116,1944009,0,0.0,0.0,1,0.0,1.0,2,-1
1889164,1891300,2,1.8204784532536746,0.3333333333333333,15,0.6666666666666666,1.0,0,-1
1889164,1928261,1,1.4426950408889634,0.16666666666666666,10,0.5,1.0,4,-1
1889164,1936443,1,1.4426950408889634,0.16666666666666666,10,0.5,1.0,4,-1
1889164,1939256,2,1.8204784532536746,0.3333333333333333,15,0.6666666666666666,1.0,0,-1
1889164,1939549,2,1.8204784532536746,0.3333333333333333,15,0.6666666666666666,1.0,0,-1
1889406,1936551,1,1.4426950408889634,0.3333333333333333,4,0.5,1.0,2,-1
1889406,1943766,1,1.4426950408889634,0.3333333333333333,4,0.5,1.0,2,-1
1889597,1913279,2,1.8204784532536746,0.5,9,0.6666666666666666,1.0,1,-1
1889597,1916796,2,1.8204784532536746,0.5,9,0.6666666666666666,1.0,0,-1
1889597,1921490,2,1.8204784532536746,0.5,9,0.6666666666666666,1.0,0,-1
1889614,1890322,2,1.4683498531780845,0.5,9,0.5,1.0,0,-1
1889614,1905061,2,1.4683498531780845,0.5,9,0.5,1.0,0,-1
1889691,1902458,4,2.4853397382384474,0.4444444444444444,40,0.8,1.0,5,-1
1889691,1911966,4,2.4853397382384474,0.4444444444444444,40,0.8,1.0,5,-1
1889691,1919986,4,2.4853397382384474,0.4444444444444444,40,0.8,1.0,5,-1
1889691,1921784,4,2.4853397382384474,0.4444444444444444,40,0.8,1.0,5,-1
1889753,1890703,2,1.8204784532536746,0.5,9,0.6666666666666666,1.0,1,-1
1889753,1906227,2,1.8204784532536746,0.5,9,0.6666666666666666,1.0,0,-1
1889753,1906241,2,1.8204784532536746,0.5,9,0.6666666666666666,1.0,0,-1
1889784,1898492,2,1.8204784532536746,0.4,12,0.6666666666666666,1.0,3,-1
1889784,1906736,0,0.0,0.0,4,0.0,1.0,0,-1
1889784,1942343,2,1.8204784532536746,0.4,12,0.6666666666666666,1.0,3,-1
1889831,1889846,6,3.083390054218504,0.75,49,0.857142857142857,1.0,6,-1
1889831,1918700,6,3.083390054218504,0.75,49,0.857142857142857,1.0,4,-1
1889831,1937354,6,3.083390054218504,0.75,49,0.857142857142857,1.0,0,-1
1889831,1945000,6,3.083390054218504,0.75,49,0.857142857142857,1.0,0,-1
1889831,1945002,6,3.083390054218504,0.75,49,0.857142857142857,1.0,4,-1
1889831,1945005,6,3.083390054218504,0.75,49,0.857142857142857,1.0,6,-1
1889846,1918700,6,3.083390054218504,0.75,49,0.857142857142857,1.0,4,-1
1889846,1937354,6,3.083390054218504,0.75,49,0.857142857142857,1.0,0,-1
1889846,1945000,6,3.083390054218504,0.75,49,0.857142857142857,1.0,0,-1
1889846,1945002,6,3.083390054218504,0.75,49,0.857142857142857,1.0,4,-1
1889846,1945005,6,3.083390054218504,0.75,49,0.857142857142857,1.0,6,-1
1889888,1913677,6,3.083390054218504,0.75,49,0.857142857142857,1.0,7,-1
1889888,1921804,6,3.083390054218504,0.75,49,0.857142857142857,1.0,7,-1
1889888,1930183,6,3.083390054218504,0.75,49,0.857142857142857,1.0,7,-1
1889888,1930212,6,3.083390054218504,0.75,49,0.857142857142857,1.0,7,-1
1889888,1930239,6,3.083390054218504,0.75,49,0.857142857142857,1.0,7,-1
1889906,1897639,1,1.4426950408889634,0.3333333333333333,4,0.5,1.0,2,-1
1889908,1899020,1,1.4426950408889634,0.3333333333333333,4,0.5,1.0,2,-1
1889908,1942079,1,1.4426950408889634,0.3333333333333333,4,0.5,1.0,2,-1
1890046,1895859,3,1.1367695450698536,0.3333333333333333,36,0.21428571428571427,0.5,0,-1
1890046,1896116,5,2.4321782430336443,0.3333333333333333,84,0.6428571428571428,1.0,0,1
1890046,1902902,5,2.4321782430336443,0.3333333333333333,84,0.6428571428571428,1.0,6,1
1890046,1902907,5,2.4321782430336443,0.3333333333333333,84,0.6428571428571428,1.0,6,1
1890046,1903056,3,1.1367695450698536,0.2727272727272727,48,0.21428571428571427,0.5,3,-1
1890046,1903302,5,2.2529907981723483,0.7142857142857143,36,0.5476190476190476,1.0,4,-1
1890046,1904904,3,1.1367695450698536,0.2727272727272727,48,0.21428571428571427,0.5,0,1
1890046,1921755,5,2.2529907981723483,0.7142857142857143,36,0.5476190476190476,1.0,0,-1
1890046,1921767,5,2.2529907981723483,0.7142857142857143,36,0.5476190476190476,1.0,4,1
1890046,1929743,3,1.1367695450698536,0.2727272727272727,48,0.21428571428571427,0.5,3,1
1890089,1891045,1,0.45511961331341866,0.07692307692307693,48,0.1111111111111111,0.5,2,-1
1890089,1897647,7,3.372092991598998,0.7,72,0.8801587301587299,1.0,7,1
1890089,1906569,5,2.241305293621668,0.5555555555555556,48,0.5388888888888889,1.0,5,-1
1890089,1916144,7,3.3463142579494285,0.7777777777777778,64,0.8662698412698411,1.0,0,1
1890089,1929486,1,0.36926937306885504,0.07142857142857142,56,0.06666666666666667,0.5,0,-1
1890089,1929916,1,0.36926937306885504,0.07142857142857142,56,0.06666666666666667,0.5,2,-1
1890089,1929972,1,0.36926937306885504,0.07142857142857142,56,0.06666666666666667,0.5,2,-1
1890089,1934426,1,0.36926937306885504,0.07142857142857142,56,0.06666666666666667,0.5,2,-1
1890089,1943495,7,3.3463142579494285,0.7777777777777778,64,0.8662698412698411,1.0,7,1
1890099,1890395,14,5.140125121790224,0.875,225,0.9192982456140351,1.0,0,-1
1890099,1890410,14,5.140125121790224,0.875,225,0.919298245614035,1.0,0,-1
1890099,1891003,14,5.169771222963971,0.7,285,0.9333333333333332,1.0,0,-1
1890099,1896992,14,5.140125121790224,0.875,225,0.9192982456140351,1.0,0,-1
1890099,1897898,14,5.140125121790224,0.875,225,0.9192982456140351,1.0,1,-1
1890099,1903785,14,5.140125121790224,0.875,225,0.9192982456140351,1.0,0,-1
1890099,1905685,1,0.3396232718951086,0.05555555555555555,60,0.05263157894736842,0.5,0,-1
1890099,1924623,1,0.3396232718951086,0.05555555555555555,60,0.05263157894736842,0.5,0,-1
1890099,1924629,1,0.3396232718951086,0.05555555555555555,60,0.05263157894736842,0.5,0,-1
1890099,1925560,1,0.3396232718951086,0.05555555555555555,60,0.05263157894736842,0.5,0,-1
1890099,1925592,14,5.140125121790224,0.875,225,0.9192982456140351,1.0,0,-1
1890099,1925597,14,5.140125121790224,0.875,225,0.9192982456140351,1.0,0,-1
1890099,1925600,14,5.140125121790224,0.875,225,0.9192982456140351,1.0,0,-1
1890099,1929583,14,5.140125121790224,0.875,225,0.9192982456140351,1.0,0,-1
1890099,1933745,14,5.140125121790224,0.875,225,0.9192982456140351,1.0,0,-1
1890099,1934404,14,5.140125121790224,0.875,225,0.9192982456140351,1.0,0,-1
1890099,1934512,14,5.140125121790224,0.875,225,0.9192982456140351,1.0,0,-1
1890190,1890565,3,2.164042561333445,0.2727272727272727,40,0.75,1.0,7,-1
1890190,1898208,3,1.876989522792215,0.6,16,0.6,1.0,7,-1
1890190,1898233,1,0.43429448190325176,0.07142857142857142,44,0.1,0.5,2,-1
1890190,1906639,1,0.43429448190325176,0.07142857142857142,44,0.1,0.5,2,-1
1890190,1906787,3,1.876989522792215,0.6,16,0.6,1.0,7,-1
1890190,1912330,1,0.43429448190325176,0.07692307692307693,40,0.1,0.5,2,-1
1890190,1930512,1,0.43429448190325176,0.14285714285714285,16,0.1,0.5,2,-1
1890190,1934756,1,0.43429448190325176,0.125,20,0.1,0.5,2,-1
1890190,1942129,3,1.876989522792215,0.6,16,0.6,1.0,4,-1
1890190,1942167,1,0.43429448190325176,0.1111111111111111,24,0.1,0.5,2,-1
1890216,1894127,3,2.164042561333445,0.6,16,0.75,1.0,0,-1
1890216,1903326,3,2.164042561333445,0.6,16,0.75,1.0,0,-1
1890216,1921431,3,2.164042561333445,0.6,16,0.75,1.0,4,-1
1890216,1921447,3,2.164042561333445,0.6,16,0.75,1.0,4,-1
1890261,1894659,4,2.4853397382384474,0.6666666666666666,25,0.8,1.0,5,-1
1890261,1900636,4,2.4853397382384474,0.6666666666666666,25,0.8,1.0,5,-1
1890261,1902414,4,2.4853397382384474,0.6666666666666666,25,0.8,1.0,5,-1
1890261,1919966,4,2.4853397382384474,0.6666666666666666,25,0.8,1.0,5,-1
1890261,1925045,4,2.4853397382384474,0.6666666666666666,25,0.8,1.0,5,-1
1890284,1890298,1,1.4426950408889634,0.3333333333333333,4,0.5,1.0,2,-1
1890284,1906890,1,1.4426950408889634,0.3333333333333333,4,0.5,1.0,2,-1
1890298,1906890,1,1.4426950408889634,0.3333333333333333,4,0.5,1.0,2,-1
1890317,1892642,7,3.366288428740915,0.5,104,0.875,1.0,16,-1
1890317,1893976,4,2.4853397382384474,0.2857142857142857,65,0.8,1.0,10,-1
1890317,1894034,7,3.366288428740915,0.5,104,0.875,1.0,16,-1
1890317,1895056,4,2.4853397382384474,0.2857142857142857,65,0.8,1.0,10,-1
1890317,1895722,7,3.366288428740915,0.5,104,0.875,1.0,16,-1
1890317,1896078,7,3.366288428740915,0.5,104,0.875,1.0,16,-1
1890317,1896916,7,3.366288428740915,0.5,104,0.875,1.0,16,-1
1890317,1902127,7,3.366288428740915,0.5,104,0.875,1.0,16,-1
1890317,1904040,7,3.366288428740915,0.5,104,0.875,1.0,16,-1
1890317,1906944,4,2.4853397382384474,0.2857142857142857,65,0.8,1.0,10,-1
1890317,1910855,7,3.366288428740915,0.5,104,0.875,1.0,16,-1
1890317,1921162,4,2.4853397382384474,0.2857142857142857,65,0.8,1.0,10,-1
1890317,1925095,4,2.4853397382384474,0.2857142857142857,65,0.8,1.0,10,-1
1890322,1905061,2,1.4683498531780845,0.5,9,0.5,1.0,2,-1
1890333,1891290,4,2.3779031460485864,0.6666666666666666,25,0.7428571428571429,1.0,8,-1
1890333,1895529,1,0.5138983423697507,0.16666666666666666,10,0.14285714285714285,0.5,2,-1
1890333,1905348,1,0.5138983423697507,0.16666666666666666,10,0.14285714285714285,0.5,2,-1
1890333,1929958,4,2.3779031460485864,0.6666666666666666,25,0.7428571428571429,1.0,8,-1
1890333,1929963,4,2.3779031460485864,0.6666666666666666,25,0.7428571428571429,1.0,5,-1
1890333,1934327,4,2.3779031460485864,0.6666666666666666,25,0.7428571428571429,1.0,8,-1
1890395,1890410,14,5.140125121790224,0.875,225,0.9192982456140351,1.0,0,-1
1890395,1891003,14,5.169771222963971,0.7,285,0.9333333333333332,1.0,0,-1
1890395,1896992,14,5.140125121790224,0.875,225,0.9192982456140351,1.0,0,-1
1890395,1897898,14,5.140125121790224,0.875,225,0.9192982456140351,1.0,0,-1
1890395,1903785,14,5.140125121790224,0.875,225,0.9192982456140351,1.0,0,-1
1890395,1905685,1,0.3396232718951086,0.05555555555555555,60,0.05263157894736842,0.5,0,-1
1890395,1924623,1,0.3396232718951086,0.05555555555555555,60,0.05263157894736842,0.5,0,-1
1890395,1924629,1,0.3396232718951086,0.05555555555555555,60,0.05263157894736842,0.5,0,-1
1890395,1925560,1,0.3396232718951086,0.05555555555555555,60,0.05263157894736842,0.5,0,-1
1890395,1925592,14,5.140125121790224,0.875,225,0.9192982456140351,1.0,0,-1
1890395,1925597,14,5.140125121790224,0.875,225,0.9192982456140351,1.0,0,-1
1890395,1925600,14,5.140125121790224,0.875,225,0.9192982456140351,1.0,0,-1
1890395,1929583,14,5.140125121790224,0.875,225,0.9192982456140351,1.0,0,-1
1890395,1933745,14,5.140125121790224,0.875,225,0.9192982456140351,1.0,0,-1
1890395,1934404,14,5.140125121790224,0.875,225,0.9192982456140351,1.0,0,-1
1890395,1934512,14,5.140125121790224,0.875,225,0.9192982456140351,1.0,0,-1
1890410,1891003,14,5.169771222963971,0.7,285,0.9333333333333332,1.0,0,-1
1890410,1896992,14,5.140125121790224,0.875,225,0.9192982456140351,1.0,8,-1
1890410,1897898,14,5.140125121790224,0.875,225,0.9192982456140351,1.0,0,-1
1890410,1903785,14,5.140125121790224,0.875,225,0.9192982456140351,1.0,0,-1
1890410,1905685,1,0.3396232718951086,0.05555555555555555,60,0.05263157894736842,0.5,0,-1
1890410,1924623,1,0.3396232718951086,0.05555555555555555,60,0.05263157894736842,0.5,0,-1
1890410,1924629,1,0.3396232718951086,0.05555555555555555,60,0.05263157894736842,0.5,0,-1
1890410,1925560,1,0.3396232718951086,0.05555555555555555,60,0.05263157894736842,0.5,0,-1
1890410,1925592,14,5.140125121790224,0.875,225,0.9192982456140351,1.0,8,-1
1890410,1925597,14,5.140125121790224,0.875,225,0.9192982456140351,1.0,8,-1
1890410,1925600,14,5.140125121790224,0.875,225,0.9192982456140351,1.0,0,-1
1890410,1929583,14,5.140125121790224,0.875,225,0.9192982456140351,1.0,0,-1
1890410,1933745,14,5.140125121790224,0.875,225,0.9192982456140351,1.0,5,-1
1890410,1934404,14,5.140125121790224,0.875,225,0.9192982456140351,1.0,5,-1
1890410,1934512,14,5.140125121790224,0.875,225,0.9192982456140351,1.0,0,-1
1890565,1898208,3,2.164042561333445,0.2727272727272727,40,0.75,1.0,7,-1
1890565,1898233,5,2.752119954882839,0.3125,110,0.8075757575757576,1.0,6,-1
1890565,1906639,5,2.7521199548828386,0.3125,110,0.8075757575757576,1.0,6,-1
1890565,1906787,3,2.164042561333445,0.2727272727272727,40,0.75,1.0,7,-1
1890565,1906967,3,1.2683592647517443,0.21428571428571427,70,0.28181818181818186,0.5,4,-1
1890565,1911225,3,1.2683592647517443,0.21428571428571427,70,0.28181818181818186,0.5,4,-1
1890565,1912330,4,2.013510343959352,0.25,100,0.5484848484848485,1.0,5,-1
1890565,1921752,3,1.2683592647517443,0.21428571428571427,70,0.28181818181818186,0.5,4,-1
1890565,1925207,3,1.2683592647517443,0.21428571428571427,70,0.28181818181818186,0.5,4,-1
1890565,1930133,3,1.2683592647517443,0.21428571428571427,70,0.28181818181818186,0.5,4,-1
1890565,1930512,3,1.3921754093997398,0.2727272727272727,40,0.3484848484848485,1.0,4,-1
1890565,1934756,4,1.8264698913029918,0.36363636363636365,50,0.4484848484848485,1.0,5,-1
1890565,1942129,3,2.164042561333445,0.2727272727272727,40,0.75,1.0,4,-1
1890565,1942167,5,2.6110417197558378,0.45454545454545453,60,0.7318181818181819,1.0,6,-1
1890608,1896487,2,1.8204784532536746,0.5,9,0.6666666666666666,1.0,4,-1
1890608,1909695,2,1.8204784532536746,0.5,9,0.6666666666666666,1.0,0,-1
1890608,1943411,2,1.8204784532536746,0.5,9,0.6666666666666666,1.0,4,-1
1890625,1891387,1,1.4426950408889634,0.3333333333333333,4,0.5,1.0,4,-1
1890625,1928859,1,1.4426950408889634,0.3333333333333333,4,0.5,1.0,4,-1
1890650,1890820,2,1.2426698691192237,0.3333333333333333,15,0.4,1.0,3,-1
1890650,1891401,2,1.2426698691192237,0.3333333333333333,15,0.4,1.0,3,-1
1890671,1903044,5,2.7905531327562363,0.7142857142857143,36,0.8333333333333333,1.0,12,-1
1890671,1903355,5,2.7905531327562363,0.7142857142857143,36,0.8333333333333333,1.0,12,-1
1890671,1908324,5,2.7905531327562363,0.7142857142857143,36,0.8333333333333333,1.0,12,-1
1890671,1920898,5,2.7905531327562363,0.7142857142857143,36,0.8333333333333333,1.0,12,-1
1890671,1920903,5,2.7905531327562363,0.7142857142857143,36,0.8333333333333333,1.0,12,-1
1890671,1921446,5,2.7905531327562363,0.7142857142857143,36,0.8333333333333333,1.0,12,-1
1890703,1906227,2,1.8204784532536746,0.5,9,0.6666666666666666,1.0,0,-1
1890703,1906241,2,1.8204784532536746,0.5,9,0.6666666666666666,1.0,0,-1
1890728,1916879,4,2.4853397382384474,0.6666666666666666,25,0.8,1.0,0,-1
1890728,1917654,4,2.4853397382384474,0.6666666666666666,25,0.8,1.0,0,-1
1890728,1917682,4,2.4853397382384474,0.6666666666666666,25,0.8,1.0,0,-1
1890728,1917687,4,2.4853397382384474,0.6666666666666666,25,0.8,1.0,0,-1
1890728,1942366,4,2.4853397382384474,0.6666666666666666,25,0.8,1.0,0,-1
1890774,1896177,1,1.4426950408889634,0.125,14,0.5,1.0,4,-1
1890774,1904986,1,0.5138983423697507,0.16666666666666666,10,0.14285714285714285,0.5,4,-1
1890774,1935839,1,0.5138983423697507,0.16666666666666666,10,0.14285714285714285,0.5,4,-1
1890774,1935849,1,0.5138983423697507,0.16666666666666666,10,0.14285714285714285,0.5,4,-1
1890774,1936583,1,0.5138983423697507,0.16666666666666666,10,0.14285714285714285,0.5,4,-1
1890774,1943901,1,0.5138983423697507,0.3333333333333333,4,0.14285714285714285,1.0,4,-1
1890774,1944337,1,0.5138983423697507,0.16666666666666666,10,0.14285714285714285,0.5,4,-1
1890820,1891401,4,2.974269202075413,0.6666666666666666,25,1.0333333333333332,1.0,7,1
1890860,1893131,1,1.4426950408889634,0.3333333333333333,4,0.5,1.0,2,-1
1890860,1893158,1,1.4426950408889634,0.3333333333333333,4,0.5,1.0,2,-1
1890988,1899422,1,1.4426950408889634,0.3333333333333333,4,0.5,1.0,2,-1
1890988,1920440,1,1.4426950408889634,0.3333333333333333,4,0.5,1.0,0,-1
1890993,1895786,1,0.4170323914242463,0.08333333333333333,40,0.09090909090909091,0.5,0,-1
1890993,1896117,1,0.4170323914242463,0.1,24,0.09090909090909091,0.5,0,-1
1890993,1896130,1,0.4170323914242463,0.1,24,0.09090909090909091,0.5,0,-1
1890993,1897211,7,3.8787984426989413,0.5833333333333334,88,1.15,1.0,0,-1
1890993,1902499,5,2.4950503384527165,0.5555555555555556,48,0.6742424242424242,1.0,0,-1
1890993,1912002,4,2.000164019909834,0.4444444444444444,40,0.5409090909090909,1.0,0,-1
1890993,1913631,7,3.814932487160199,0.7777777777777778,64,1.115909090909091,1.0,2,-1
1890993,1913660,7,3.814932487160199,0.7777777777777778,64,1.115909090909091,1.0,0,-1
1890993,1921791,5,2.4950503384527165,0.5555555555555556,48,0.6742424242424242,1.0,0,-1
1891003,1896992,14,5.169771222963971,0.7,285,0.9333333333333332,1.0,0,-1
1891003,1897898,14,5.169771222963971,0.7,285,0.9333333333333332,1.0,0,-1
1891003,1903785,14,5.169771222963971,0.7,285,0.9333333333333332,1.0,0,-1
1891003,1905685,3,2.164042561333445,0.15,76,0.75,1.0,0,-1
1891003,1924623,3,2.164042561333445,0.15,76,0.75,1.0,0,-1
1891003,1924629,3,2.164042561333445,0.15,76,0.75,1.0,0,-1
1891003,1925560,3,2.164042561333445,0.15,76,0.75,1.0,0,-1
1891003,1925592,14,5.169771222963971,0.7,285,0.9333333333333332,1.0,0,-1
1891003,1925597,14,5.169771222963971,0.7,285,0.9333333333333332,1.0,0,-1
1891003,1925600,14,5.169771222963971,0.7,285,0.9333333333333332,1.0,0,-1
1891003,1929583,14,5.169771222963971,0.7,285,0.9333333333333332,1.0,0,-1
1891003,1933745,14,5.169771222963971,0.7,285,0.9333333333333332,1.0,0,-1
1891003,1934404,14,5.169771222963971,0.7,285,0.9333333333333332,1.0,0,-1
1891003,1934512,14,5.169771222963971,0.7,285,0.9333333333333332,1.0,0,-1
1891045,1897647,0,0.0,0.0,54,0.0,1.0,1,-1
1891045,1906569,1,0.45511961331341866,0.09090909090909091,36,0.1111111111111111,0.5,2,-1
1891045,1916144,1,0.45511961331341866,0.07692307692307693,48,0.1111111111111111,0.5,0,-1
1891045,1943495,1,0.45511961331341866,0.07692307692307693,48,0.1111111111111111,0.5,2,-1
1891070,1906649,2,1.8204784532536746,0.5,9,0.6666666666666666,1.0,3,-1
1891070,1929529,2,1.8204784532536746,0.5,9,0.6666666666666666,1.0,3,-1
1891156,1899946,6,4.328085122666891,0.75,49,1.5,1.0,7,1
1891156,1907843,3,1.9565933832587141,0.375,28,0.6428571428571428,1.0,4,1
1891156,1933925,3,1.9565933832587141,0.375,28,0.6428571428571428,1.0,4,-1
1891156,1942103,3,1.9565933832587141,0.375,28,0.6428571428571428,1.0,4,-1
1891265,1891978,3,2.164042561333445,0.6,16,0.75,1.0,4,-1
1891265,1921017,3,2.164042561333445,0.6,16,0.75,1.0,4,-1
1891265,1925699,3,2.164042561333445,0.6,16,0.75,1.0,4,-1
1891265,1925839,3,2.164042561333445,0.6,16,0.75,1.0,4,-1
1891290,1895529,1,0.5138983423697507,0.16666666666666666,10,0.14285714285714285,0.5,2,-1
1891290,1905348,1,0.5138983423697507,0.16666666666666666,10,0.14285714285714285,0.5,2,-1
1891290,1929958,4,2.3779031460485864,0.6666666666666666,25,0.7428571428571429,1.0,8,-1
1891290,1929963,4,2.3779031460485864,0.6666666666666666,25,0.7428571428571429,1.0,5,-1
1891290,1934327,4,2.3779031460485864,0.6666666666666666,25,0.7428571428571429,1.0,8,-1
1891300,1928261,1,0.6213349345596119,0.25,6,0.2,0.5,0,-1
1891300,1936443,1,0.6213349345596119,0.25,6,0.2,0.5,0,-1
1891300,1939256,2,1.531574161186449,0.5,9,0.5333333333333333,1.0,4,-1
1891300,1939549,2,1.531574161186449,0.5,9,0.5333333333333333,1.0,4,-1
1891327,1894751,3,2.164042561333445,0.6,16,0.75,1.0,0,-1
1891327,1925198,3,2.164042561333445,0.6,16,0.75,1.0,0,-1
1891327,1925204,3,2.164042561333445,0.6,16,0.75,1.0,0,-1
1891327,1925261,3,2.164042561333445,0.6,16,0.75,1.0,0,-1
1891387,1928859,1,1.4426950408889634,0.3333333333333333,4,0.5,1.0,4,-1
1891664,1916235,2,1.8204784532536746,0.5,9,0.6666666666666666,1.0,6,-1
1891664,1933178,2,1.8204784532536746,0.5,9,0.6666666666666666,1.0,6,-1
1891664,1936762,2,1.8204784532536746,0.5,9,0.6666666666666666,1.0,6,-1
1891720,1894729,4,2.4853397382384474,0.6666666666666666,25,0.8,1.0,0,-1
1891720,1903287,4,2.4853397382384474,0.6666666666666666,25,0.8,1.0,0,-1
1891720,1910817,4,2.4853397382384474,0.6666666666666666,25,0.8,1.0,0,-1
1891720,1912734,4,2.4853397382384474,0.6666666666666666,25,0.8,1.0,2,-1
1891720,1919249,4,2.4853397382384474,0.6666666666666666,25,0.8,1.0,0,-1
1891769,1928295,2,1.8204784532536746,0.5,9,0.6666666666666666,1.0,3,-1
1891771,1892457,1,1.4426950408889634,0.3333333333333333,4,0.5,1.0,4,-1
1891771,1936341,1,1.4426950408889634,0.3333333333333333,4,0.5,1.0,4,-1
1891819,1925412,1,1.4426950408889634,0.3333333333333333,4,0.5,1.0,4,-1
1891819,1941884,1,1.4426950408889634,0.3333333333333333,4,0.5,1.0,4,-1
1891879,1895064,4,2.281678842633459,0.6666666666666666,25,0.6916666666666667,1.0,5,-1
1891879,1903591,1,0.48089834696298783,0.14285714285714285,15,0.125,0.5,0,-1
1891879,1904885,4,2.3449031506418234,0.5714285714285714,30,0.7250000000000001,1.0,5,-1
1891879,1905623,1,0.48089834696298783,0.14285714285714285,15,0.125,0.5,0,-1
1891879,1915693,4,2.422115430230083,0.4444444444444444,40,0.7666666666666666,1.0,5,-1
1891879,1921167,4,2.281678842633459,0.6666666666666666,25,0.6916666666666667,1.0,5,-1
1891879,1921718,4,2.281678842633459,0.6666666666666666,25,0.6916666666666667,1.0,5,-1
1891879,1925644,1,0.48089834696298783,0.14285714285714285,15,0.125,0.5,2,-1
1891978,1921017,3,2.164042561333445,0.6,16,0.75,1.0,4,-1
1891978,1925699,3,2.164042561333445,0.6,16,0.75,1.0,4,-1
1891978,1925839,3,2.164042561333445,0.6,16,0.75,1.0,4,-1
1892457,1936341,1,1.4426950408889634,0.3333333333333333,4,0.5,1.0,4,-1
1892473,1910605,5,2.7905531327562363,0.7142857142857143,36,0.8333333333333333,1.0,8,-1
1892473,1936093,5,2.7905531327562363,0.7142857142857143,36,0.8333333333333333,1.0,8,-1
1892473,1936500,5,2.7905531327562363,0.7142857142857143,36,0.8333333333333333,1.0,6,-1
1892473,1943838,5,2.7905531327562363,0.7142857142857143,36,0.8333333333333333,1.0,6,-1
1892473,1943989,5,2.7905531327562363,0.7142857142857143,36,0.8333333333333333,1.0,6,-1
1892473,1943996,5,2.7905531327562363,0.7142857142857143,36,0.8333333333333333,1.0,6,-1
1892551,1895158,1,1.4426950408889634,1.0,1,0.5,0.5,0,-1
1892551,1896699,0,0.0,0.0,2,0.0,1.0,0,-1
1892595,1894159,5,2.6348721105868336,0.7142857142857143,36,0.75,1.0,6,-1
1892595,1901711,1,0.40242960438184466,0.09090909090909091,36,0.08333333333333333,0.5,2,-1
1892595,1902310,5,2.6348721105868336,0.7142857142857143,36,0.7499999999999999,1.0,6,-1
1892595,1903341,1,0.40242960438184466,0.09090909090909091,36,0.08333333333333333,0.5,2,-1
1892595,1903692,1,0.40242960438184466,0.09090909090909091,36,0.08333333333333333,0.5,2,-1
1892595,1908841,5,2.7905531327562363,0.38461538461538464,72,0.8333333333333333,1.0,6,-1
1892595,1909376,5,2.6348721105868336,0.7142857142857143,36,0.7499999999999999,1.0,6,-1
1892595,1911245,1,0.40242960438184466,0.09090909090909091,36,0.08333333333333333,0.5,2,-1
1892595,1911249,1,0.40242960438184466,0.09090909090909091,36,0.08333333333333333,0.5,2,-1
1892595,1919540,5,2.6348721105868336,0.7142857142857143,36,0.75,1.0,6,-1
1892595,1921052,1,0.40242960438184466,0.09090909090909091,36,0.08333333333333333,0.5,2,-1
1892595,1925030,5,2.6348721105868336,0.7142857142857143,36,0.7499999999999999,1.0,6,-1
1892642,1893976,1,0.3898712452512801,0.08333333333333333,40,0.07692307692307693,0.5,4,-1
1892642,1894034,7,3.2752613270292072,0.7777777777777778,64,0.8269230769230769,1.0,16,-1
1892642,1895056,1,0.3898712452512801,0.08333333333333333,40,0.07692307692307693,0.5,4,-1
1892642,1895722,7,3.2752613270292072,0.7777777777777778,64,0.8269230769230769,1.0,16,-1
1892642,1896078,7,3.2752613270292072,0.7777777777777778,64,0.8269230769230769,1.0,16,-1
1892642,1896916,7,3.2752613270292072,0.7777777777777778,64,0.8269230769230769,1.0,16,-1
1892642,1902127,7,3.2752613270292072,0.7777777777777778,64,0.8269230769230769,1.0,16,-1
1892642,1904040,7,3.2752613270292072,0.7777777777777778,64,0.8269230769230769,1.0,16,-1
1892642,1906944,1,0.3898712452512801,0.08333333333333333,40,0.07692307692307693,0.5,4,-1
1892642,1910855,7,3.2752613270292072,0.7777777777777778,64,0.8269230769230769,1.0,16,-1
1892642,1921162,1,0.3898712452512801,0.08333333333333333,40,0.07692307692307693,0.5,4,-1
1892642,1925095,1,0.3898712452512801,0.08333333333333333,40,0.07692307692307693,0.5,4,-1
1892750,1901307,4,2.4853397382384474,0.6666666666666666,25,0.8,1.0,5,-1
1892750,1913657,4,2.4853397382384474,0.6666666666666666,25,0.8,1.0,5,-1
1892750,1921779,4,2.4853397382384474,0.6666666666666666,25,0.8,1.0,5,-1
1892750,1925227,4,2.4853397382384474,0.6666666666666666,25,0.8,1.0,5,-1
1892750,1925238,4,2.4853397382384474,0.6666666666666666,25,0.8,1.0,5,-1
1892795,1932840,1,1.4426950408889634,0.3333333333333333,4,0.5,1.0,2,-1
1892795,1935794,1,1.4426950408889634,0.3333333333333333,4,0.5,1.0,3,-1
1892880,1893507,4,2.4853397382384474,0.6666666666666666,25,0.8,1.0,0,-1
1892880,1917755,4,2.4853397382384474,0.6666666666666666,25,0.8,1.0,4,-1
1892880,1919532,4,2.4853397382384474,0.6666666666666666,25,0.8,1.0,4,-1
1892907,1903117,1,0.7213475204444817,0.5,2,0.25,0.5,0,-1
1892907,1903139,0,0.0,0.0,4,0.0,1.0,0,-1
1892907,1928307,1,0.7213475204444817,1.0,1,0.25,0.5,0,-1
1892907,1943986,1,0.7213475204444817,0.5,2,0.25,0.5,0,-1
1893046,1913564,2,1.8204784532536746,0.5,9,0.6666666666666666,1.0,2,-1
1893046,1919476,2,1.8204784532536746,0.5,9,0.6666666666666666,1.0,2,-1
1893046,1930414,2,1.8204784532536746,0.5,9,0.6666666666666666,1.0,0,-1
1893131,1893158,1,1.4426950408889634,0.3333333333333333,4,0.5,1.0,2,-1
1893135,1900057,1,1.4426950408889634,0.3333333333333333,4,0.5,1.0,2,-1
1893135,1918641,1,1.4426950408889634,0.3333333333333333,4,0.5,1.0,3,-1
1893280,1894245,6,3.083390054218504,0.75,49,0.857142857142857,1.0,13,-1
1893280,1925702,6,3.083390054218504,0.75,49,0.857142857142857,1.0,7,-1
1893280,1925709,6,3.083390054218504,0.75,49,0.857142857142857,1.0,13,-1
1893280,1925714,6,3.083390054218504,0.75,49,0.857142857142857,1.0,13,-1
1893280,1934557,6,3.083390054218504,0.75,49,0.857142857142857,1.0,13,-1
1893280,1941673,6,3.083390054218504,0.75,49,0.857142857142857,1.0,13,-1
1893339,1913593,1,1.4426950408889634,0.2,8,0.5,1.0,4,1
1893427,1904933,12,4.678454943015361,0.75,195,0.9230769230769229,1.0,0,-1
1893427,1905778,12,4.657853070832936,0.8571428571428571,169,0.9128205128205127,1.0,1,-1
1893427,1916596,12,4.657853070832936,0.8571428571428571,169,0.9128205128205127,1.0,0,-1
1893427,1924693,12,4.657853070832936,0.8571428571428571,169,0.9128205128205127,1.0,0,-1
1893427,1925498,12,4.657853070832936,0.8571428571428571,169,0.9128205128205127,1.0,0,-1
1893427,1925519,12,4.657853070832936,0.8571428571428571,169,0.9128205128205127,1.0,0,-1
1893427,1925522,12,4.657853070832936,0.8571428571428571,169,0.9128205128205127,1.0,0,-1
1893427,1929930,12,4.657853070832936,0.8571428571428571,169,0.9128205128205127,1.0,0,-1
1893427,1929956,12,4.657853070832936,0.8571428571428571,169,0.9128205128205127,1.0,0,-1
1893427,1930034,12,4.657853070832936,0.8571428571428571,169,0.9128205128205127,1.0,0,-1
1893427,1930036,12,4.657853070832936,0.8571428571428571,169,0.9128205128205127,1.0,0,-1
1893427,1930191,1,0.36926937306885504,0.07142857142857142,26,0.06666666666666667,0.5,0,-1
1893427,1934448,12,4.657853070832936,0.8571428571428571,169,0.9128205128205127,1.0,0,-1
1893427,1934453,12,4.657853070832936,0.8571428571428571,169,0.9128205128205127,1.0,0,-1
1893427,1934543,1,0.36926937306885504,0.07142857142857142,26,0.06666666666666667,0.5,0,-1
1893441,1900691,4,2.3779031460485864,0.6666666666666666,25,0.7428571428571429,1.0,7,-1
1893441,1912321,4,2.3779031460485864,0.6666666666666666,25,0.7428571428571429,1.0,7,-1
1893441,1921559,4,2.3779031460485864,0.6666666666666666,25,0.7428571428571429,1.0,7,-1
1893441,1930138,4,2.3779031460485864,0.6666666666666666,25,0.7428571428571429,1.0,4,-1
1893507,1917755,4,2.4853397382384474,0.6666666666666666,25,0.8,1.0,0,-1
1893507,1919532,4,2.4853397382384474,0.6666666666666666,25,0.8,1.0,0,-1
1893536,1894743,0,0.0,0.0,1,0.0,1.0,2,1
1893583,1894635,3,2.164042561333445,0.6,16,0.75,1.0,2,-1
1893583,1903559,3,2.164042561333445,0.6,16,0.75,1.0,0,-1
1893583,1911115,3,2.164042561333445,0.6,16,0.75,1.0,2,-1
1893583,1919386,3,2.164042561333445,0.6,16,0.75,1.0,0,-1
1893604,1897120,7,3.366288428740915,0.7777777777777778,64,0.875,1.0,8,-1
1893604,1903239,7,3.366288428740915,0.7777777777777778,64,0.875,1.0,8,-1
1893604,1903255,7,3.366288428740915,0.7777777777777778,64,0.875,1.0,8,-1
1893604,1903257,7,3.366288428740915,0.7777777777777778,64,0.875,1.0,8,-1
1893604,1904896,7,3.366288428740915,0.7777777777777778,64,0.875,1.0,8,-1
1893604,1911891,7,3.366288428740915,0.7777777777777778,64,0.875,1.0,8,-1
1893604,1920815,7,3.366288428740915,0.7777777777777778,64,0.875,1.0,8,-1
1893604,1920826,7,3.366288428740915,0.7777777777777778,64,0.875,1.0,8,-1
1893623,1896488,2,1.4683498531780845,0.2857142857142857,18,0.5,1.0,0,-1
1893623,1897238,2,1.4683498531780845,0.2857142857142857,18,0.5,1.0,0,-1
1893623,1902140,2,1.1162212531024944,0.5,9,0.3333333333333333,1.0,0,-1
1893623,1930205,2,1.1162212531024944,0.6666666666666666,6,0.3333333333333333,0.5,0,-1
1893638,1893659,9,3.8741261561712554,0.8181818181818182,100,0.8818181818181817,1.0,13,-1
1893638,1894077,9,3.8741261561712554,0.8181818181818182,100,0.8818181818181817,1.0,7,-1
1893638,1894350,9,3.8741261561712554,0.8181818181818182,100,0.8818181818181817,1.0,0,-1
1893638,1902036,9,3.8741261561712554,0.8181818181818182,100,0.8818181818181817,1.0,13,-1
1893638,1903277,9,3.8741261561712554,0.8181818181818182,100,0.8818181818181817,1.0,13,-1
1893638,1919235,9,3.891388246650261,0.75,110,0.8909090909090908,1.0,13,-1
1893638,1920011,2,0.8340647828484926,0.2,20,0.18181818181818182,0.5,6,-1
1893638,1921396,9,3.8741261561712554,0.8181818181818182,100,0.8818181818181817,1.0,13,-1
1893638,1921400,9,3.8741261561712554,0.8181818181818182,100,0.8818181818181817,1.0,0,-1
1893638,1929704,9,3.8741261561712554,0.8181818181818182,100,0.8818181818181817,1.0,0,-1
1893659,1894077,9,3.8741261561712554,0.8181818181818182,100,0.8818181818181817,1.0,7,-1
1893659,1894350,9,3.8741261561712554,0.8181818181818182,100,0.8818181818181817,1.0,0,-1
1893659,1902036,9,3.8741261561712554,0.8181818181818182,100,0.8818181818181817,1.0,13,-1
1893659,1903277,9,3.8741261561712554,0.8181818181818182,100,0.8818181818181817,1.0,13,-1
1893659,1919235,9,3.891388246650261,0.75,110,0.8909090909090908,1.0,13,-1
1893659,1920011,2,0.8340647828484926,0.2,20,0.18181818181818182,0.5,6,-1
1893659,1921396,9,3.8741261561712554,0.8181818181818182,100,0.8818181818181817,1.0,13,-1
1893659,1921400,9,3.8741261561712554,0.8181818181818182,100,0.8818181818181817,1.0,0,-1
1893659,1929704,9,3.8741261561712554,0.8181818181818182,100,0.8818181818181817,1.0,0,-1
1893671,1928893,3,2.164042561333445,0.6,16,0.75,1.0,8,-1
1893671,1930654,3,2.164042561333445,0.6,16,0.75,1.0,8,-1
1893671,1935243,3,2.164042561333445,0.6,16,0.75,1.0,8,-1
1893671,1942692,3,2.164042561333445,0.6,16,0.75,1.0,8,-1
1893713,1893723,4,2.4853397382384474,0.6666666666666666,25,0.8,1.0,5,-1
1893713,1913266,4,2.4853397382384474,0.6666666666666666,25,0.8,1.0,5,-1
1893713,1913270,4,2.4853397382384474,0.6666666666666666,25,0.8,1.0,8,-1
1893713,1921498,4,2.4853397382384474,0.6666666666666666,25,0.8,1.0,8,-1
1893713,1929722,4,2.4853397382384474,0.6666666666666666,25,0.8,1.0,8,-1
1893723,1913266,4,2.4853397382384474,0.6666666666666666,25,0.8,1.0,6,-1
1893723,1913270,4,2.4853397382384474,0.6666666666666666,25,0.8,1.0,5,-1
1893723,1921498,4,2.4853397382384474,0.6666666666666666,25,0.8,1.0,5,-1
1893723,1929722,4,2.4853397382384474,0.6666666666666666,25,0.8,1.0,5,-1
1893968,1893981,5,2.7905531327562363,0.7142857142857143,36,0.8333333333333333,1.0,6,-1
1893968,1903596,5,2.7905531327562363,0.7142857142857143,36,0.8333333333333333,1.0,6,-1
1893968,1903602,5,2.7905531327562363,0.7142857142857143,36,0.8333333333333333,1.0,6,-1
1893968,1912293,5,2.7905531327562363,0.7142857142857143,36,0.8333333333333333,1.0,6,-1
1893968,1919745,5,2.7905531327562363,0.7142857142857143,36,0.8333333333333333,1.0,6,-1
1893968,1925100,5,2.7905531327562363,0.7142857142857143,36,0.8333333333333333,1.0,6,-1
1893972,1925154,2,1.8204784532536746,0.5,9,0.6666666666666666,1.0,0,-1
1893972,1925181,2,1.8204784532536746,0.5,9,0.6666666666666666,1.0,0,-1
1893976,1894034,1,0.3898712452512801,0.08333333333333333,40,0.07692307692307693,0.5,4,-1
1893976,1895056,4,2.2538760489301155,0.6666666666666666,25,0.676923076923077,1.0,10,-1
1893976,1895722,1,0.3898712452512801,0.08333333333333333,40,0.07692307692307693,0.5,4,-1
1893976,1896078,1,0.3898712452512801,0.08333333333333333,40,0.07692307692307693,0.5,4,-1
1893976,1896916,1,0.3898712452512801,0.08333333333333333,40,0.07692307692307693,0.5,4,-1
1893976,1902127,1,0.3898712452512801,0.08333333333333333,40,0.07692307692307693,0.5,4,-1
1893976,1904040,1,0.3898712452512801,0.08333333333333333,40,0.07692307692307693,0.5,4,-1
1893976,1906944,4,2.2538760489301155,0.6666666666666666,25,0.676923076923077,1.0,10,-1
1893976,1910855,1,0.3898712452512801,0.08333333333333333,40,0.07692307692307693,0.5,4,-1
1893976,1921162,4,2.2538760489301155,0.6666666666666666,25,0.676923076923077,1.0,10,-1
1893976,1925095,4,2.2538760489301155,0.6666666666666666,25,0.676923076923077,1.0,10,-1
1893981,1903596,5,2.7905531327562363,0.7142857142857143,36,0.8333333333333333,1.0,6,-1
1893981,1903602,5,2.7905531327562363,0.7142857142857143,36,0.8333333333333333,1.0,6,-1
1893981,1912293,5,2.7905531327562363,0.7142857142857143,36,0.8333333333333333,1.0,6,-1
1893981,1919745,5,2.7905531327562363,0.7142857142857143,36,0.8333333333333333,1.0,6,-1
1893981,1925100,5,2.7905531327562363,0.7142857142857143,36,0.8333333333333333,1.0,6,-1
1894011,1894020,4,2.4853397382384474,0.6666666666666666,25,0.8,1.0,0,-1
1894011,1901548,4,2.4853397382384474,0.6666666666666666,25,0.8,1.0,0,-1
1894011,1913611,4,2.4853397382384474,0.6666666666666666,25,0.8,1.0,1,-1
1894011,1930090,4,2.4853397382384474,0.6666666666666666,25,0.8,1.0,0,-1
1894011,1930098,4,2.4853397382384474,0.6666666666666666,25,0.8,1.0,0,-1
1894020,1901548,4,2.4853397382384474,0.6666666666666666,25,0.8,1.0,6,-1
1894020,1913611,4,2.4853397382384474,0.6666666666666666,25,0.8,1.0,0,-1
1894020,1930090,4,2.4853397382384474,0.6666666666666666,25,0.8,1.0,6,-1
1894020,1930098,4,2.4853397382384474,0.6666666666666666,25,0.8,1.0,6,-1
1894034,1895056,1,0.3898712452512801,0.08333333333333333,40,0.07692307692307693,0.5,4,-1
1894034,1895722,7,3.2752613270292072,0.7777777777777778,64,0.8269230769230769,1.0,16,-1
1894034,1896078,7,3.2752613270292072,0.7777777777777778,64,0.8269230769230769,1.0,16,-1
1894034,1896916,7,3.2752613270292072,0.7777777777777778,64,0.8269230769230769,1.0,16,-1
1894034,1902127,7,3.2752613270292072,0.7777777777777778,64,0.8269230769230769,1.0,16,-1
1894034,1904040,7,3.2752613270292072,0.7777777777777778,64,0.8269230769230769,1.0,16,-1
1894034,1906944,1,0.3898712452512801,0.08333333333333333,40,0.07692307692307693,0.5,4,-1
1894034,1910855,7,3.2752613270292072,0.7777777777777778,64,0.8269230769230769,1.0,16,-1
1894034,1921162,1,0.3898712452512801,0.08333333333333333,40,0.07692307692307693,0.5,4,-1
1894034,1925095,1,0.3898712452512801,0.08333333333333333,40,0.07692307692307693,0.5,4,-1
1894049,1911916,4,2.4853397382384474,0.6666666666666666,25,0.8,1.0,5,-1
1894049,1912894,4,2.4853397382384474,0.6666666666666666,25,0.8,1.0,8,-1
1894049,1921361,4,2.4853397382384474,0.6666666666666666,25,0.8,1.0,8,-1
1894049,1929667,4,2.4853397382384474,0.6666666666666666,25,0.8,1.0,5,-1
1894049,1929670,4,2.4853397382384474,0.6666666666666666,25,0.8,1.0,8,-1
1894077,1894350,9,3.8741261561712554,0.8181818181818182,100,0.8818181818181817,1.0,0,-1
1894077,1902036,9,3.8741261561712554,0.8181818181818182,100,0.8818181818181817,1.0,7,-1
1894077,1903277,9,3.8741261561712554,0.8181818181818182,100,0.8818181818181817,1.0,7,-1
1894077,1919235,9,3.891388246650261,0.75,110,0.8909090909090908,1.0,7,-1
1894077,1920011,2,0.8340647828484926,0.2,20,0.18181818181818182,0.5,3,-1
1894077,1921396,9,3.8741261561712554,0.8181818181818182,100,0.8818181818181817,1.0,7,-1
1894077,1921400,9,3.8741261561712554,0.8181818181818182,100,0.8818181818181817,1.0,0,-1
1894077,1929704,9,3.8741261561712554,0.8181818181818182,100,0.8818181818181817,1.0,0,-1
1894092,1918614,2,1.8204784532536746,0.5,9,0.6666666666666666,1.0,0,-1
1894092,1918619,2,1.8204784532536746,0.5,9,0.6666666666666666,1.0,0,-1
1894092,1918627,2,1.8204784532536746,0.5,9,0.6666666666666666,1.0,2,-1
1894097,1900402,2,1.8204784532536746,0.5,9,0.6666666666666666,1.0,0,-1
1894097,1918609,2,1.8204784532536746,0.5,9,0.6666666666666666,1.0,0,-1
1894097,1920667,2,1.8204784532536746,0.5,9,0.6666666666666666,1.0,0,-1
1894105,1909097,4,2.4853397382384474,0.6666666666666666,25,0.8,1.0,5,-1
1894105,1909162,4,2.4853397382384474,0.6666666666666666,25,0.8,1.0,5,-1
1894105,1915343,4,2.4853397382384474,0.6666666666666666,25,0.8,1.0,5,-1
1894105,1917369,4,2.4853397382384474,0.6666666666666666,25,0.8,1.0,5,-1
1894123,1903020,8,3.640956906507349,0.8,81,0.8888888888888891,1.0,4,-1
1894123,1903322,8,3.640956906507349,0.8,81,0.8888888888888891,1.0,0,-1
1894123,1910859,8,3.640956906507349,0.8,81,0.8888888888888891,1.0,0,-1
1894123,1915355,8,3.640956906507349,0.8,81,0.8888888888888891,1.0,0,-1
1894123,1919585,8,3.640956906507349,0.8,81,0.8888888888888891,1.0,4,-1
1894123,1924824,8,3.640956906507349,0.8,81,0.8888888888888891,1.0,5,-1
1894123,1929772,8,3.640956906507349,0.8,81,0.8888888888888891,1.0,0,-1
1894127,1903326,3,2.164042561333445,0.6,16,0.75,1.0,0,-1
1894127,1921431,3,2.164042561333445,0.6,16,0.75,1.0,0,-1
1894127,1921447,3,2.164042561333445,0.6,16,0.75,1.0,0,-1
1894159,1901711,1,0.40242960438184466,0.09090909090909091,36,0.08333333333333333,0.5,2,-1
1894159,1902310,5,2.6348721105868336,0.7142857142857143,36,0.7499999999999999,1.0,8,-1
1894159,1903341,1,0.40242960438184466,0.09090909090909091,36,0.08333333333333333,0.5,2,-1
1894159,1903692,1,0.40242960438184466,0.09090909090909091,36,0.08333333333333333,0.5,2,-1
1894159,1908841,5,2.7905531327562363,0.38461538461538464,72,0.8333333333333333,1.0,6,-1
1894159,1909376,5,2.6348721105868336,0.7142857142857143,36,0.7499999999999999,1.0,6,-1
1894159,1911245,1,0.40242960438184466,0.09090909090909091,36,0.08333333333333333,0.5,2,-1
1894159,1911249,1,0.40242960438184466,0.09090909090909091,36,0.08333333333333333,0.5,2,-1
1894159,1919540,5,2.6348721105868336,0.7142857142857143,36,0.75,1.0,8,-1
1894159,1921052,1,0.40242960438184466,0.09090909090909091,36,0.08333333333333333,0.5,2,-1
1894159,1925030,5,2.6348721105868336,0.7142857142857143,36,0.7499999999999999,1.0,6,-1
1894245,1925702,6,3.083390054218504,0.75,49,0.857142857142857,1.0,7,-1
1894245,1925709,6,3.083390054218504,0.75,49,0.857142857142857,1.0,13,-1
1894245,1925714,6,3.083390054218504,0.75,49,0.857142857142857,1.0,13,-1
1894245,1934557,6,3.083390054218504,0.75,49,0.857142857142857,1.0,13,-1
1894245,1941673,6,3.083390054218504,0.75,49,0.857142857142857,1.0,13,-1
1894287,1902584,2,1.8204784532536746,0.5,9,0.6666666666666666,1.0,6,-1
1894334,1894358,2,1.8204784532536746,0.5,9,0.6666666666666666,1.0,0,-1
1894339,1934189,3,2.164042561333445,0.6,16,0.75,1.0,8,-1
1894339,1935065,3,2.164042561333445,0.6,16,0.75,1.0,8,-1
1894339,1942301,3,2.164042561333445,0.6,16,0.75,1.0,8,-1
1894339,1942326,3,2.164042561333445,0.6,16,0.75,1.0,8,-1
1894350,1902036,9,3.8741261561712554,0.8181818181818182,100,0.8818181818181817,1.0,0,-1
1894350,1903277,9,3.8741261561712554,0.8181818181818182,100,0.8818181818181817,1.0,0,-1
1894350,1919235,9,3.891388246650261,0.75,110,0.8909090909090908,1.0,0,-1
1894350,1920011,2,0.8340647828484926,0.2,20,0.18181818181818182,0.5,0,-1
1894350,1921396,9,3.8741261561712554,0.8181818181818182,100,0.8818181818181817,1.0,0,-1
1894350,1921400,9,3.8741261561712554,0.8181818181818182,100,0.8818181818181817,1.0,3,-1
1894350,1929704,9,3.8741261561712554,0.8181818181818182,100,0.8818181818181817,1.0,2,-1
1894380,1919277,5,2.7905531327562363,0.7142857142857143,36,0.8333333333333333,1.0,8,-1
1894380,1919304,5,2.7905531327562363,0.7142857142857143,36,0.8333333333333333,1.0,8,-1
1894380,1919576,5,2.7905531327562363,0.7142857142857143,36,0.8333333333333333,1.0,8,-1
1894380,1921423,5,2.7905531327562363,0.7142857142857143,36,0.8333333333333333,1.0,8,-1
1894413,1894420,8,3.640956906507349,0.8,81,0.8888888888888891,1.0,9,-1
1894413,1902124,8,3.640956906507349,0.8,81,0.8888888888888891,1.0,9,-1
1894413,1902196,8,3.640956906507349,0.8,81,0.8888888888888891,1.0,9,-1
1894413,1913225,8,3.640956906507349,0.8,81,0.8888888888888891,1.0,15,-1
1894413,1919338,8,3.640956906507349,0.8,81,0.8888888888888891,1.0,15,-1
1894413,1919343,8,3.640956906507349,0.8,81,0.8888888888888891,1.0,15,-1
1894413,1919357,8,3.640956906507349,0.8,81,0.8888888888888891,1.0,15,-1
1894413,1919624,8,3.640956906507349,0.8,81,0.8888888888888891,1.0,15,-1
1894413,1921455,8,3.640956906507349,0.8,81,0.8888888888888891,1.0,15,-1
1894420,1902124,8,3.640956906507349,0.8,81,0.8888888888888891,1.0,9,-1
1894420,1902196,8,3.640956906507349,0.8,81,0.8888888888888891,1.0,9,-1
1894420,1913225,8,3.640956906507349,0.8,81,0.8888888888888891,1.0,9,-1
1894420,1919338,8,3.640956906507349,0.8,81,0.8888888888888891,1.0,9,-1
1894420,1919343,8,3.640956906507349,0.8,81,0.8888888888888891,1.0,9,-1
1894420,1919357,8,3.640956906507349,0.8,81,0.8888888888888891,1.0,9,-1
1894420,1919624,8,3.640956906507349,0.8,81,0.8888888888888891,1.0,9,-1
1894420,1921455,8,3.640956906507349,0.8,81,0.8888888888888891,1.0,9,-1
1894434,1894450,7,3.366288428740915,0.7777777777777778,64,0.875,1.0,0,-1
1894434,1895695,7,3.366288428740915,0.7777777777777778,64,0.875,1.0,11,-1
1894434,1902712,7,3.366288428740915,0.7777777777777778,64,0.875,1.0,11,-1
1894434,1902725,7,3.366288428740915,0.7777777777777778,64,0.875,1.0,11,-1
1894434,1903059,7,3.366288428740915,0.7777777777777778,64,0.875,1.0,0,-1
1894434,1904099,7,3.366288428740915,0.7777777777777778,64,0.875,1.0,11,-1
1894439,1919212,0,0.0,0.0,1,0.0,1.0,2,-1
1894450,1895695,7,3.366288428740915,0.7777777777777778,64,0.875,1.0,0,-1
1894450,1902712,7,3.366288428740915,0.7777777777777778,64,0.875,1.0,0,-1
1894450,1902725,7,3.366288428740915,0.7777777777777778,64,0.875,1.0,0,-1
1894450,1903059,7,3.366288428740915,0.7777777777777778,64,0.875,1.0,0,-1
1894450,1904099,7,3.366288428740915,0.7777777777777778,64,0.875,1.0,0,-1
1894453,1894662,4,1.5594849810051203,0.3333333333333333,63,0.3076923076923077,0.5,0,-1
1894453,1894789,8,3.3799634342587948,0.8,81,0.7521367521367519,1.0,5,-1
1894453,1919384,8,3.4452118023209333,0.5714285714285714,117,0.7863247863247862,1.0,0,-1
1894453,1919657,8,3.4452118023209333,0.5714285714285714,117,0.7863247863247862,1.0,0,-1
1894453,1920945,8,3.3799634342587948,0.8,81,0.7521367521367519,1.0,5,-1
1894453,1920949,8,3.4452118023209333,0.5714285714285714,117,0.7863247863247862,1.0,0,-1
1894453,1921178,4,1.5594849810051203,0.3333333333333333,63,0.3076923076923077,0.5,0,-1
1894453,1925050,4,1.5594849810051203,0.3333333333333333,63,0.3076923076923077,0.5,0,-1
1894497,1894748,6,3.083390054218504,0.42857142857142855,91,0.857142857142857,1.0,0,-1
1894497,1895010,1,0.3898712452512801,0.125,14,0.07692307692307693,0.5,0,-1
1894497,1895461,6,2.9593629571000335,0.75,49,0.7912087912087911,1.0,0,-1
1894497,1902791,6,2.9593629571000335,0.75,49,0.7912087912087911,1.0,4,-1
1894497,1914331,6,2.9593629571000335,0.75,49,0.7912087912087911,1.0,5,-1
1894497,1929447,1,0.3898712452512801,0.1,28,0.07692307692307693,0.5,0,-1
1894497,1929532,1,0.3898712452512801,0.1,28,0.07692307692307693,0.5,0,-1
1894497,1929534,1,0.3898712452512801,0.1,28,0.07692307692307693,0.5,0,-1
1894497,1934373,1,0.3898712452512801,0.1,28,0.07692307692307693,0.5,0,-1
1894568,1894576,0,0.0,0.0,1,0.0,1.0,0,-1
1894575,1934925,0,0.0,0.0,7,0.0,1.0,2,-1
1894596,1902621,4,2.4853397382384474,0.6666666666666666,25,0.8,1.0,10,-1
1894603,1895642,6,3.083390054218504,0.75,49,0.857142857142857,1.0,7,-1
1894603,1903240,6,3.083390054218504,0.75,49,0.857142857142857,1.0,12,-1
1894603,1904249,6,3.083390054218504,0.75,49,0.857142857142857,1.0,12,-1
1894603,1911388,6,3.083390054218504,0.75,49,0.857142857142857,1.0,12,-1
1894613,1902658,1,1.4426950408889634,0.3333333333333333,4,0.5,1.0,4,1
1894613,1902662,1,1.4426950408889634,0.3333333333333333,4,0.5,1.0,4,1
1894635,1903559,3,2.164042561333445,0.6,16,0.75,1.0,0,-1
1894635,1911115,3,2.164042561333445,0.6,16,0.75,1.0,3,-1
1894635,1919386,3,2.164042561333445,0.6,16,0.75,1.0,0,-1
1894650,1894727,3,2.164042561333445,0.6,16,0.75,1.0,0,-1
1894650,1894882,3,2.164042561333445,0.6,16,0.75,1.0,4,-1
1894650,1904306,3,2.164042561333445,0.6,16,0.75,1.0,0,-1
1894659,1900636,4,2.4853397382384474,0.6666666666666666,25,0.8,1.0,6,-1
1894659,1902414,4,2.4853397382384474,0.6666666666666666,25,0.8,1.0,5,-1
1894659,1919966,4,2.4853397382384474,0.6666666666666666,25,0.8,1.0,5,-1
1894659,1925045,4,2.4853397382384474,0.6666666666666666,25,0.8,1.0,5,-1
1894662,1894789,4,1.5594849810051203,0.3333333333333333,63,0.3076923076923077,0.5,0,-1
1894662,1919384,6,2.7113087628630925,0.42857142857142855,91,0.6593406593406592,1.0,7,-1
1894662,1919657,6,2.7113087628630925,0.42857142857142855,91,0.6593406593406592,1.0,9,-1
1894662,1920945,4,1.5594849810051203,0.3333333333333333,63,0.3076923076923077,0.5,0,-1
1894662,1920949,6,2.7113087628630925,0.42857142857142855,91,0.6593406593406592,1.0,9,-1
1894662,1921178,6,2.5872816657446216,0.75,49,0.5934065934065933,1.0,7,-1
1894662,1925050,6,2.5872816657446216,0.75,49,0.5934065934065933,1.0,7,-1
1894664,1898361,2,1.8204784532536746,0.5,9,0.6666666666666666,1.0,3,-1
1894664,1917073,2,1.8204784532536746,0.5,9,0.6666666666666666,1.0,3,-1
1894664,1919982,2,1.8204784532536746,0.5,9,0.6666666666666666,1.0,4,-1
1894669,1903167,4,2.4853397382384474,0.6666666666666666,25,0.8,1.0,0,-1
1894669,1914383,4,2.4853397382384474,0.6666666666666666,25,0.8,1.0,0,-1
1894676,1920034,1,1.4426950408889634,0.3333333333333333,4,0.5,1.0,4,-1
1894676,1925140,1,1.4426950408889634,0.3333333333333333,4,0.5,1.0,4,-1
1894686,1903638,1,1.4426950408889634,0.3333333333333333,4,0.5,1.0,2,-1
1894686,1903651,1,1.4426950408889634,0.3333333333333333,4,0.5,1.0,2,-1
1894701,1919216,0,0.0,0.0,1,0.0,1.0,1,-1
1894704,1895630,0,0.0,0.0,2,0.0,1.0,2,-1
1894706,1902464,2,1.8204784532536746,0.5,9,0.6666666666666666,1.0,4,1
1894706,1903688,2,1.8204784532536746,0.5,9,0.6666666666666666,1.0,4,1
1894706,1919760,2,1.8204784532536746,0.5,9,0.6666666666666666,1.0,0,1
1894712,1894785,1,1.4426950408889634,0.3333333333333333,4,0.5,1.0,2,-1
1894713,1902136,1,1.4426950408889634,0.3333333333333333,4,0.5,1.0,2,-1
1894713,1910098,1,1.4426950408889634,0.3333333333333333,4,0.5,1.0,2,-1
1894727,1894882,3,2.164042561333445,0.6,16,0.75,1.0,0,-1
1894727,1904306,3,2.164042561333445,0.6,16,0.75,1.0,0,-1
1894729,1903287,4,2.4853397382384474,0.6666666666666666,25,0.8,1.0,3,-1
1894729,1910817,4,2.4853397382384474,0.6666666666666666,25,0.8,1.0,4,-1
1894729,1912734,4,2.4853397382384474,0.6666666666666666,25,0.8,1.0,0,-1
1894729,1919249,4,2.4853397382384474,0.6666666666666666,25,0.8,1.0,3,-1
1894748,1895010,1,1.4426950408889634,0.07142857142857142,26,0.5,1.0,0,-1
1894748,1895461,6,3.083390054218504,0.42857142857142855,91,0.857142857142857,1.0,2,-1
1894748,1902791,6,3.083390054218504,0.42857142857142855,91,0.857142857142857,1.0,0,-1
1894748,1914331,6,3.083390054218504,0.42857142857142855,91,0.857142857142857,1.0,0,-1
1894748,1929447,3,2.164042561333445,0.21428571428571427,52,0.75,1.0,4,-1
1894748,1929532,3,2.164042561333445,0.21428571428571427,52,0.75,1.0,0,-1
1894748,1929534,3,2.164042561333445,0.21428571428571427,52,0.75,1.0,4,-1
1894748,1934373,3,2.164042561333445,0.21428571428571427,52,0.75,1.0,0,-1
1894749,1913633,5,2.7905531327562363,0.7142857142857143,36,0.8333333333333333,1.0,0,-1
1894749,1918026,5,2.7905531327562363,0.7142857142857143,36,0.8333333333333333,1.0,3,-1
1894749,1919739,5,2.7905531327562363,0.7142857142857143,36,0.8333333333333333,1.0,3,-1
1894749,1919749,5,2.7905531327562363,0.7142857142857143,36,0.8333333333333333,1.0,3,-1
1894749,1925252,5,2.7905531327562363,0.7142857142857143,36,0.8333333333333333,1.0,0,-1
1894749,1925274,5,2.7905531327562363,0.7142857142857143,36,0.8333333333333333,1.0,0,-1
1894751,1925198,3,2.164042561333445,0.6,16,0.75,1.0,0,-1
1894751,1925204,3,2.164042561333445,0.6,16,0.75,1.0,0,-1
1894751,1925261,3,2.164042561333445,0.6,16,0.75,1.0,0,-1
1894756,1894959,3,2.164042561333445,0.42857142857142855,24,0.75,1.0,0,-1
1894756,1917122,3,2.0008056674402104,0.6,16,0.6666666666666666,1.0,0,-1
1894756,1921241,3,2.0008056674402104,0.6,16,0.6666666666666666,1.0,3,-1
1894767,1894771,4,2.4853397382384474,0.6666666666666666,25,0.8,1.0,0,-1
1894767,1903007,4,2.4853397382384474,0.6666666666666666,25,0.8,1.0,0,-1
1894767,1904354,4,2.4853397382384474,0.6666666666666666,25,0.8,1.0,0,-1
1894770,1919319,0,0.0,0.0,1,0.0,1.0,0,-1
1894771,1903007,4,2.4853397382384474,0.6666666666666666,25,0.8,1.0,8,-1
1894771,1904354,4,2.4853397382384474,0.6666666666666666,25,0.8,1.0,8,-1
1894782,1902747,2,1.531574161186449,0.5,9,0.5333333333333333,1.0,6,-1
1894782,1925185,1,0.6213349345596119,0.25,6,0.2,0.5,0,-1
1894782,1934431,1,0.6213349345596119,0.25,6,0.2,0.5,0,-1
1894789,1919384,8,3.4452118023209333,0.5714285714285714,117,0.7863247863247862,1.0,0,-1
1894789,1919657,8,3.4452118023209333,0.5714285714285714,117,0.7863247863247862,1.0,0,-1
1894789,1920945,8,3.3799634342587948,0.8,81,0.7521367521367519,1.0,5,-1
1894789,1920949,8,3.4452118023209333,0.5714285714285714,117,0.7863247863247862,1.0,0,-1
1894789,1921178,4,1.5594849810051203,0.3333333333333333,63,0.3076923076923077,0.5,0,-1
1894789,1925050,4,1.5594849810051203,0.3333333333333333,63,0.3076923076923077,0.5,0,-1
1894792,1895822,7,3.366288428740915,0.7777777777777778,64,0.875,1.0,9,-1
1894792,1895830,7,3.366288428740915,0.7777777777777778,64,0.875,1.0,0,-1
1894795,1904166,2,1.8204784532536746,0.5,9,0.6666666666666666,1.0,5,-1
1894795,1914375,2,1.8204784532536746,0.5,9,0.6666666666666666,1.0,5,-1
1894822,1894949,1,1.4426950408889634,0.3333333333333333,4,0.5,1.0,4,1
1894822,1903150,1,1.4426950408889634,0.3333333333333333,4,0.5,1.0,4,-1
1894824,1895993,3,2.164042561333445,0.6,16,0.75,1.0,0,-1
1894824,1903438,3,2.164042561333445,0.6,16,0.75,1.0,0,-1
1894824,1904403,3,2.164042561333445,0.6,16,0.75,1.0,0,-1
1894835,1897776,1,1.4426950408889634,0.3333333333333333,4,0.5,1.0,3,-1
1894835,1930317,1,1.4426950408889634,0.3333333333333333,4,0.5,1.0,2,-1
1894846,1903175,2,1.8204784532536746,0.5,9,0.6666666666666666,1.0,4,-1
1894846,1914710,2,1.8204784532536746,0.5,9,0.6666666666666666,1.0,3,-1
1894846,1914751,2,1.8204784532536746,0.5,9,0.6666666666666666,1.0,3,-1
1894882,1904306,3,2.164042561333445,0.6,16,0.75,1.0,0,-1
1894896,1895146,7,3.366288428740915,0.7777777777777778,64,0.875,1.0,4,-1
1894896,1896171,7,3.366288428740915,0.7777777777777778,64,0.875,1.0,5,-1
1894896,1902968,7,3.366288428740915,0.7777777777777778,64,0.875,1.0,0,-1
1894896,1902987,7,3.366288428740915,0.7777777777777778,64,0.875,1.0,0,-1
1894896,1914763,7,3.366288428740915,0.7777777777777778,64,0.875,1.0,0,-1
1894934,1902755,2,1.8204784532536746,0.5,9,0.6666666666666666,1.0,6,-1
1894934,1902762,2,1.8204784532536746,0.5,9,0.6666666666666666,1.0,6,-1
1894949,1903150,1,1.4426950408889634,0.3333333333333333,4,0.5,1.0,4,-1
1894959,1917122,3,2.164042561333445,0.42857142857142855,24,0.75,1.0,0,-1
1894959,1921241,3,2.164042561333445,0.42857142857142855,24,0.75,1.0,0,-1
1894991,1913547,3,2.164042561333445,0.6,16,0.75,1.0,4,-1
1894991,1926243,3,2.164042561333445,0.6,16,0.75,1.0,4,-1
1894991,1934244,3,2.164042561333445,0.6,16,0.75,1.0,4,-1
1894991,1935164,3,2.164042561333445,0.6,16,0.75,1.0,4,-1
1895004,1895012,4,2.3449031506418234,0.6666666666666666,25,0.7250000000000001,1.0,5,1
1895004,1895307,4,2.3449031506418234,0.6666666666666666,25,0.7250000000000001,1.0,5,1
1895004,1895353,4,2.3449031506418234,0.6666666666666666,25,0.7250000000000001,1.0,5,1
1895004,1904699,1,0.48089834696298783,0.14285714285714285,15,0.125,0.5,2,-1
1895004,1914969,4,2.4853397382384474,0.4444444444444444,40,0.8,1.0,5,1
1895004,1920276,1,0.48089834696298783,0.14285714285714285,15,0.125,0.5,2,-1
1895004,1943992,1,0.48089834696298783,0.14285714285714285,15,0.125,0.5,2,-1
1895010,1895461,1,0.3898712452512801,0.125,14,0.07692307692307693,0.5,0,-1
1895010,1902791,1,0.3898712452512801,0.125,14,0.07692307692307693,0.5,0,-1
1895010,1914331,1,0.3898712452512801,0.125,14,0.07692307692307693,0.5,0,-1
1895010,1929447,1,0.3898712452512801,0.2,8,0.07692307692307693,0.5,0,-1
1895010,1929532,1,0.3898712452512801,0.2,8,0.07692307692307693,0.5,0,-1
1895010,1929534,1,0.3898712452512801,0.2,8,0.07692307692307693,0.5,0,-1
1895010,1934373,1,0.3898712452512801,0.2,8,0.07692307692307693,0.5,0,-1
1895012,1895307,4,2.3449031506418234,0.6666666666666666,25,0.7250000000000001,1.0,5,1
1895012,1895353,4,2.3449031506418234,0.6666666666666666,25,0.7250000000000001,1.0,5,1
1895012,1904699,1,0.48089834696298783,0.14285714285714285,15,0.125,0.5,2,-1
1895012,1914969,4,2.4853397382384474,0.4444444444444444,40,0.8,1.0,5,1
1895012,1920276,1,0.48089834696298783,0.14285714285714285,15,0.125,0.5,2,-1
1895012,1943992,1,0.48089834696298783,0.14285714285714285,15,0.125,0.5,2,-1
1895016,1895350,3,2.164042561333445,0.6,16,0.75,1.0,8,-1
1895016,1903113,3,2.164042561333445,0.6,16,0.75,1.0,8,-1
1895016,1903128,3,2.164042561333445,0.6,16,0.75,1.0,8,-1
1895016,1903770,3,2.164042561333445,0.6,16,0.75,1.0,8,-1
1895029,1896007,3,2.164042561333445,0.6,16,0.75,1.0,7,-1
1895029,1904436,3,2.164042561333445,0.6,16,0.75,1.0,7,-1
1895033,1895048,4,2.4853397382384474,0.6666666666666666,25,0.8,1.0,4,-1
1895033,1902947,4,2.4853397382384474,0.6666666666666666,25,0.8,1.0,0,-1
1895033,1902951,4,2.4853397382384474,0.6666666666666666,25,0.8,1.0,4,-1
1895048,1902947,4,2.4853397382384474,0.6666666666666666,25,0.8,1.0,0,-1
1895048,1902951,4,2.4853397382384474,0.6666666666666666,25,0.8,1.0,4,-1
1895049,1902876,1,1.4426950408889634,0.3333333333333333,4,0.5,1.0,2,-1
1895049,1914691,1,1.4426950408889634,0.3333333333333333,4,0.5,1.0,2,-1
1895056,1895722,1,0.3898712452512801,0.08333333333333333,40,0.07692307692307693,0.5,4,-1
1895056,1896078,1,0.3898712452512801,0.08333333333333333,40,0.07692307692307693,0.5,4,-1
1895056,1896916,1,0.3898712452512801,0.08333333333333333,40,0.07692307692307693,0.5,4,-1
1895056,1902127,1,0.3898712452512801,0.08333333333333333,40,0.07692307692307693,0.5,4,-1
1895056,1904040,1,0.3898712452512801,0.08333333333333333,40,0.07692307692307693,0.5,4,-1
1895056,1906944,4,2.2538760489301155,0.6666666666666666,25,0.676923076923077,1.0,10,-1
1895056,1910855,1,0.3898712452512801,0.08333333333333333,40,0.07692307692307693,0.5,4,-1
1895056,1921162,4,2.2538760489301155,0.6666666666666666,25,0.676923076923077,1.0,10,-1
1895056,1925095,4,2.2538760489301155,0.6666666666666666,25,0.676923076923077,1.0,10,-1
1895064,1903591,1,0.48089834696298783,0.14285714285714285,15,0.125,0.5,0,-1
1895064,1904885,4,2.3449031506418234,0.5714285714285714,30,0.7250000000000001,1.0,5,-1
1895064,1905623,1,0.48089834696298783,0.14285714285714285,15,0.125,0.5,0,-1
1895064,1915693,4,2.422115430230083,0.4444444444444444,40,0.7666666666666666,1.0,5,-1
1895064,1921167,4,2.281678842633459,0.6666666666666666,25,0.6916666666666667,1.0,5,-1
1895064,1921718,4,2.281678842633459,0.6666666666666666,25,0.6916666666666667,1.0,5,-1
1895064,1925644,1,0.48089834696298783,0.14285714285714285,15,0.125,0.5,2,-1
1895083,1896200,1,1.4426950408889634,0.3333333333333333,4,0.5,1.0,0,-1
1895083,1911169,1,1.4426950408889634,0.3333333333333333,4,0.5,1.0,0,-1
1895139,1930160,0,0.0,0.0,1,0.0,1.0,2,-1
1895146,1896171,7,3.366288428740915,0.7777777777777778,64,0.875,1.0,4,-1
1895146,1902968,7,3.366288428740915,0.7777777777777778,64,0.875,1.0,0,-1
1895146,1902987,7,3.366288428740915,0.7777777777777778,64,0.875,1.0,0,-1
1895146,1914763,7,3.366288428740915,0.7777777777777778,64,0.875,1.0,0,-1
1895158,1896699,0,0.0,0.0,2,0.0,1.0,1,-1
1895169,1909432,0,0.0,0.0,8,0.0,1.0,0,-1
1895203,1895218,6,3.083390054218504,0.75,49,0.857142857142857,1.0,3,-1
1895203,1895250,6,3.083390054218504,0.75,49,0.857142857142857,1.0,0,-1
1895203,1895254,6,3.083390054218504,0.75,49,0.857142857142857,1.0,0,-1
1895203,1903386,6,3.083390054218504,0.75,49,0.857142857142857,1.0,3,-1
1895218,1895250,6,3.083390054218504,0.75,49,0.857142857142857,1.0,0,-1
1895218,1895254,6,3.083390054218504,0.75,49,0.857142857142857,1.0,0,-1
1895218,1903386,6,3.083390054218504,0.75,49,0.857142857142857,1.0,3,-1
1895235,1895244,4,2.4853397382384474,0.6666666666666666,25,0.8,1.0,4,-1
1895235,1895268,4,2.4853397382384474,0.6666666666666666,25,0.8,1.0,7,-1
1895235,1914957,4,2.4853397382384474,0.6666666666666666,25,0.8,1.0,7,-1
1895244,1895268,4,2.4853397382384474,0.6666666666666666,25,0.8,1.0,4,-1
1895244,1914957,4,2.4853397382384474,0.6666666666666666,25,0.8,1.0,4,-1
1895250,1895254,6,3.083390054218504,0.75,49,0.857142857142857,1.0,0,-1
1895250,1903386,6,3.083390054218504,0.75,49,0.857142857142857,1.0,0,-1
1895254,1903386,6,3.083390054218504,0.75,49,0.857142857142857,1.0,0,-1
1895268,1914957,4,2.4853397382384474,0.6666666666666666,25,0.8,1.0,7,-1
1895275,1895549,1,1.4426950408889634,0.3333333333333333,4,0.5,1.0,0,-1
1895285,1903410,1,1.4426950408889634,0.3333333333333333,4,0.5,1.0,4,-1
1895285,1904993,1,1.4426950408889634,0.3333333333333333,4,0.5,1.0,4,-1
1895307,1895353,4,2.3449031506418234,0.6666666666666666,25,0.7250000000000001,1.0,5,1
1895307,1904699,1,0.48089834696298783,0.14285714285714285,15,0.125,0.5,2,-1
1895307,1914969,4,2.4853397382384474,0.4444444444444444,40,0.8,1.0,5,1
1895307,1920276,1,0.48089834696298783,0.14285714285714285,15,0.125,0.5,2,-1
1895307,1943992,1,0.48089834696298783,0.14285714285714285,15,0.125,0.5,2,-1
1895350,1903113,3,2.164042561333445,0.6,16,0.75,1.0,8,-1
1895350,1903128,3,2.164042561333445,0.6,16,0.75,1.0,8,-1
1895350,1903770,3,2.164042561333445,0.6,16,0.75,1.0,8,-1
1895353,1904699,1,0.48089834696298783,0.14285714285714285,15,0.125,0.5,3,-1
1895353,1914969,4,2.4853397382384474,0.4444444444444444,40,0.8,1.0,5,1
1895353,1920276,1,0.48089834696298783,0.14285714285714285,15,0.125,0.5,2,-1
1895353,1943992,1,0.48089834696298783,0.14285714285714285,15,0.125,0.5,2,-1
1895368,1900088,1,0.40242960438184466,0.14285714285714285,16,0.08333333333333333,0.5,2,-1
1895368,1908485,1,0.40242960438184466,0.14285714285714285,16,0.08333333333333333,0.5,2,-1
1895368,1917784,1,0.40242960438184466,0.14285714285714285,16,0.08333333333333333,0.5,2,-1
1895368,1921457,1,0.40242960438184466,0.14285714285714285,16,0.08333333333333333,0.5,2,-1
1895401,1904756,4,2.4853397382384474,0.6666666666666666,25,0.8,1.0,10,1
1895401,1912702,4,2.4853397382384474,0.6666666666666666,25,0.8,1.0,10,-1
1895401,1915611,4,2.4853397382384474,0.6666666666666666,25,0.8,1.0,10,-1
1895411,1904164,2,1.8204784532536746,0.5,9,0.6666666666666666,1.0,3,-1
1895418,1904195,1,1.4426950408889634,0.3333333333333333,4,0.5,1.0,4,-1
1895440,1895458,8,3.640956906507349,0.8,81,0.8888888888888891,1.0,8,-1
1895440,1895766,8,3.640956906507349,0.8,81,0.8888888888888891,1.0,0,-1
1895440,1896796,8,3.640956906507349,0.8,81,0.8888888888888891,1.0,8,-1
1895440,1905167,8,3.640956906507349,0.8,81,0.8888888888888891,1.0,0,-1
1895440,1905177,8,3.640956906507349,0.8,81,0.8888888888888891,1.0,0,-1
1895440,1905187,8,3.640956906507349,0.8,81,0.8888888888888891,1.0,0,-1
1895440,1915495,8,3.640956906507349,0.8,81,0.8888888888888891,1.0,0,-1
1895458,1895766,8,3.640956906507349,0.8,81,0.8888888888888891,1.0,0,-1
1895458,1896796,8,3.640956906507349,0.8,81,0.8888888888888891,1.0,8,-1
1895458,1905167,8,3.640956906507349,0.8,81,0.8888888888888891,1.0,0,-1
1895458,1905177,8,3.640956906507349,0.8,81,0.8888888888888891,1.0,0,-1
1895458,1905187,8,3.640956906507349,0.8,81,0.8888888888888891,1.0,0,-1
1895458,1915495,8,3.640956906507349,0.8,81,0.8888888888888891,1.0,0,-1
1895461,1902791,6,2.9593629571000335,0.75,49,0.7912087912087911,1.0,0,-1
1895461,1914331,6,2.9593629571000335,0.75,49,0.7912087912087911,1.0,0,-1
1895461,1929447,1,0.3898712452512801,0.1,28,0.07692307692307693,0.5,4,-1
1895461,1929532,1,0.3898712452512801,0.1,28,0.07692307692307693,0.5,0,-1
1895461,1929534,1,0.3898712452512801,0.1,28,0.07692307692307693,0.5,4,-1
1895461,1934373,1,0.3898712452512801,0.1,28,0.07692307692307693,0.5,0,-1
1895486,1896647,6,3.2792512147713584,0.75,49,0.9619047619047617,1.0,0,1
1895486,1904233,6,3.2792512147713584,0.75,49,0.9619047619047617,1.0,0,1
1895499,1904000,3,1.923593387851951,0.6,16,0.625,1.0,0,-1
1895499,1924579,1,0.48089834696298783,0.14285714285714285,16,0.125,0.5,0,-1
1895499,1934219,1,0.48089834696298783,0.14285714285714285,16,0.125,0.5,0,-1
1895499,1934248,1,0.48089834696298783,0.14285714285714285,16,0.125,0.5,0,-1
1895505,1895793,3,2.164042561333445,0.6,16,0.75,1.0,5,-1
1895505,1895797,3,2.164042561333445,0.6,16,0.75,1.0,4,-1
1895505,1905259,3,2.164042561333445,0.6,16,0.75,1.0,4,-1
1895510,1895829,5,2.7905531327562363,0.7142857142857143,36,0.8333333333333333,1.0,9,-1
1895510,1895840,5,2.7905531327562363,0.7142857142857143,36,0.8333333333333333,1.0,9,-1
1895510,1895844,5,2.7905531327562363,0.7142857142857143,36,0.8333333333333333,1.0,0,-1
1895510,1903797,5,2.7905531327562363,0.7142857142857143,36,0.8333333333333333,1.0,5,-1
1895510,1905325,5,2.7905531327562363,0.7142857142857143,36,0.8333333333333333,1.0,9,-1
1895529,1905348,1,0.5138983423697507,0.3333333333333333,4,0.14285714285714285,1.0,3,-1
1895529,1929958,1,0.5138983423697507,0.16666666666666666,10,0.14285714285714285,0.5,2,-1
1895529,1929963,1,0.5138983423697507,0.16666666666666666,10,0.14285714285714285,0.5,2,-1
1895529,1934327,1,0.5138983423697507,0.16666666666666666,10,0.14285714285714285,0.5,2,-1
1895602,1902618,1,1.4426950408889634,0.3333333333333333,4,0.5,1.0,0,-1
1895602,1904226,1,1.4426950408889634,0.3333333333333333,4,0.5,1.0,0,-1
1895620,1896466,4,2.2956668142133534,0.5714285714285714,30,0.7,1.0,5,-1
1895620,1896486,5,3.0802386426662,0.7142857142857143,36,0.9833333333333333,1.0,11,1
1895642,1903240,6,3.083390054218504,0.75,49,0.857142857142857,1.0,7,-1
1895642,1904249,6,3.083390054218504,0.75,49,0.857142857142857,1.0,7,-1
1895642,1911388,6,3.083390054218504,0.75,49,0.857142857142857,1.0,7,-1
1895658,1895683,5,2.7905531327562363,0.7142857142857143,36,0.8333333333333333,1.0,8,-1
1895658,1896745,5,2.7905531327562363,0.7142857142857143,36,0.8333333333333333,1.0,6,-1
1895658,1903844,5,2.7905531327562363,0.7142857142857143,36,0.8333333333333333,1.0,8,-1
1895658,1903858,5,2.7905531327562363,0.7142857142857143,36,0.8333333333333333,1.0,6,-1
1895658,1915437,5,2.7905531327562363,0.7142857142857143,36,0.8333333333333333,1.0,6,-1
1895670,1895752,3,2.164042561333445,0.6,16,0.75,1.0,6,-1
1895670,1896755,3,2.164042561333445,0.6,16,0.75,1.0,6,-1
1895670,1905135,3,2.164042561333445,0.6,16,0.75,1.0,0,-1
1895670,1915423,3,2.164042561333445,0.6,16,0.75,1.0,6,-1
1895683,1896745,5,2.7905531327562363,0.7142857142857143,36,0.8333333333333333,1.0,6,-1
1895683,1903844,5,2.7905531327562363,0.7142857142857143,36,0.8333333333333333,1.0,8,-1
1895683,1903858,5,2.7905531327562363,0.7142857142857143,36,0.8333333333333333,1.0,6,-1
1895683,1915437,5,2.7905531327562363,0.7142857142857143,36,0.8333333333333333,1.0,6,-1
1895685,1902676,1,0.7213475204444817,0.3333333333333333,4,0.25,1.0,3,-1
1895693,1904350,3,2.164042561333445,0.6,16,0.75,1.0,0,-1
1895693,1914546,3,2.164042561333445,0.6,16,0.75,1.0,2,-1
1895695,1902712,7,3.366288428740915,0.7777777777777778,64,0.875,1.0,11,-1
1895695,1902725,7,3.366288428740915,0.7777777777777778,64,0.875,1.0,11,-1
1895695,1903059,7,3.366288428740915,0.7777777777777778,64,0.875,1.0,0,-1
1895695,1904099,7,3.366288428740915,0.7777777777777778,64,0.875,1.0,11,-1
1895697,1918896,4,2.3779031460485864,0.5,35,0.7428571428571429,1.0,8,-1
1895697,1920776,4,2.3779031460485864,0.5,35,0.7428571428571429,1.0,8,-1
1895697,1936440,4,2.3779031460485864,0.5,35,0.7428571428571429,1.0,8,-1
1895697,1944899,4,2.3779031460485864,0.5,35,0.7428571428571429,1.0,8,-1
1895722,1896078,7,3.2752613270292072,0.7777777777777778,64,0.8269230769230769,1.0,16,-1
1895722,1896916,7,3.2752613270292072,0.7777777777777778,64,0.8269230769230769,1.0,16,-1
1895722,1902127,7,3.2752613270292072,0.7777777777777778,64,0.8269230769230769,1.0,16,-1
1895722,1904040,7,3.2752613270292072,0.7777777777777778,64,0.8269230769230769,1.0,16,-1
1895722,1906944,1,0.3898712452512801,0.08333333333333333,40,0.07692307692307693,0.5,4,-1
1895722,1910855,7,3.2752613270292072,0.7777777777777778,64,0.8269230769230769,1.0,16,-1
1895722,1921162,1,0.3898712452512801,0.08333333333333333,40,0.07692307692307693,0.5,4,-1
1895722,1925095,1,0.3898712452512801,0.08333333333333333,40,0.07692307692307693,0.5,4,-1
1895723,1903623,4,2.4853397382384474,0.6666666666666666,25,0.8,1.0,0,-1
1895742,1903910,3,2.164042561333445,0.6,16,0.75,1.0,2,-1
1895742,1903990,3,2.164042561333445,0.6,16,0.75,1.0,0,-1
1895752,1896755,3,2.164042561333445,0.6,16,0.75,1.0,6,1
1895752,1905135,3,2.164042561333445,0.6,16,0.75,1.0,0,1
1895752,1915423,3,2.164042561333445,0.6,16,0.75,1.0,6,1
1895758,1895794,9,3.7613380289814673,0.5625,150,0.8242424242424242,1.0,19,-1
1895758,1895812,9,3.8263631378158642,0.42857142857142855,225,0.8575757575757575,1.0,19,-1
1895758,1896599,9,3.778600119460473,0.5294117647058824,165,0.8333333333333333,1.0,19,-1
1895758,1896831,9,3.7613380289814673,0.5625,150,0.8242424242424242,1.0,19,-1
1895758,1898027,1,0.36926937306885504,0.05555555555555555,60,0.06666666666666667,0.5,2,-1
1895758,1900407,3,1.648727520064584,0.1875,60,0.48333333333333334,1.0,8,-1
1895758,1903920,9,3.7613380289814673,0.5625,150,0.8242424242424242,1.0,19,-1
1895758,1905207,9,3.7613380289814673,0.5625,150,0.8242424242424242,1.0,10,-1
1895758,1915490,14,7.269863846145039,0.875,225,2.0242424242424244,1.0,29,1
1895758,1915500,9,3.7613380289814673,0.5625,150,0.8242424242424242,1.0,19,-1
1895758,1916997,2,0.7863017644931014,0.13333333333333333,30,0.1575757575757576,0.5,3,-1
1895758,1919353,5,3.2546594548467818,0.3125,90,1.0666666666666667,1.0,12,1
1895758,1919615,3,1.648727520064584,0.1875,60,0.48333333333333334,1.0,8,-1
1895758,1936660,1,0.36926937306885504,0.05555555555555555,60,0.06666666666666667,0.5,2,-1
1895758,1943505,1,0.36926937306885504,0.05555555555555555,60,0.06666666666666667,0.5,2,-1
1895758,1944057,1,0.36926937306885504,0.05555555555555555,60,0.06666666666666667,0.5,2,-1
1895766,1896796,8,3.640956906507349,0.8,81,0.8888888888888891,1.0,0,-1
1895766,1905167,8,3.640956906507349,0.8,81,0.8888888888888891,1.0,4,-1
1895766,1905177,8,3.640956906507349,0.8,81,0.8888888888888891,1.0,0,-1
1895766,1905187,8,3.640956906507349,0.8,81,0.8888888888888891,1.0,0,-1
1895766,1915495,8,3.640956906507349,0.8,81,0.8888888888888891,1.0,4,-1
1895786,1896117,2,1.3272716180510837,0.3333333333333333,15,0.4242424242424242,1.0,6,-1
1895786,1896130,2,1.3272716180510837,0.3333333333333333,15,0.4242424242424242,1.0,6,-1
1895786,1897211,2,1.8204784532536746,0.14285714285714285,55,0.6666666666666666,1.0,6,-1
1895786,1902499,1,0.4170323914242463,0.1,30,0.09090909090909091,0.5,4,-1
1895786,1912002,1,0.4170323914242463,0.1111111111111111,25,0.09090909090909091,0.5,0,-1
1895786,1913631,1,0.4170323914242463,0.08333333333333333,40,0.09090909090909091,0.5,0,-1
1895786,1913660,1,0.4170323914242463,0.08333333333333333,40,0.09090909090909091,0.5,2,-1
1895786,1921791,1,0.4170323914242463,0.1,30,0.09090909090909091,0.5,0,-1
1895786,1944137,1,1.4426950408889634,0.16666666666666666,10,0.5,1.0,3,-1
1895786,1944282,1,1.4426950408889634,0.16666666666666666,10,0.5,1.0,2,-1
1895793,1895797,3,2.164042561333445,0.6,16,0.75,1.0,4,-1
1895793,1905259,3,2.164042561333445,0.6,16,0.75,1.0,4,-1
1895794,1895812,9,3.7613380289814673,0.5625,150,0.8242424242424242,1.0,19,-1
1895794,1896599,9,3.713575010626076,0.75,110,0.7999999999999999,1.0,19,-1
1895794,1896831,9,3.6963129201470704,0.8181818181818182,100,0.7909090909090909,1.0,19,-1
1895794,1898027,1,0.36926937306885504,0.07692307692307693,40,0.06666666666666667,0.5,2,-1
1895794,1900407,2,0.7385387461377101,0.16666666666666666,40,0.13333333333333333,0.5,6,-1
1895794,1903920,9,3.6963129201470704,0.8181818181818182,100,0.7909090909090909,1.0,19,-1
1895794,1905207,9,3.6963129201470704,0.8181818181818182,100,0.7909090909090909,1.0,10,-1
1895794,1915490,9,3.7613380289814673,0.5625,150,0.8242424242424242,1.0,19,-1
1895794,1915500,9,3.6963129201470704,0.8181818181818182,100,0.7909090909090909,1.0,19,-1
1895794,1916997,2,0.7863017644931014,0.2,20,0.1575757575757576,0.5,3,-1
1895794,1919353,2,0.7385387461377101,0.14285714285714285,60,0.13333333333333333,0.5,6,-1
1895794,1919615,2,0.7385387461377101,0.16666666666666666,40,0.13333333333333333,0.5,6,-1
1895794,1936660,1,0.36926937306885504,0.07692307692307693,40,0.06666666666666667,0.5,2,-1
1895794,1943505,1,0.36926937306885504,0.07692307692307693,40,0.06666666666666667,0.5,2,-1
1895794,1944057,1,0.36926937306885504,0.07692307692307693,40,0.06666666666666667,0.5,2,-1
1895797,1905259,3,2.164042561333445,0.6,16,0.75,1.0,4,-1
1895799,1902793,3,2.164042561333445,0.6,16,0.75,1.0,4,-1
1895799,1902807,3,2.164042561333445,0.6,16,0.75,1.0,7,-1
1895812,1896599,10,5.221295160349436,0.625,165,1.3333333333333335,1.0,20,-1
1895812,1896831,9,3.7613380289814673,0.5625,150,0.8242424242424242,1.0,19,-1
1895812,1898027,3,2.164042561333445,0.1875,60,0.75,1.0,4,-1
1895812,1900407,2,0.7385387461377101,0.11764705882352941,60,0.13333333333333333,0.5,6,-1
1895812,1903920,9,3.7613380289814673,0.5625,150,0.8242424242424242,1.0,19,-1
1895812,1905207,9,3.7613380289814673,0.5625,150,0.8242424242424242,1.0,10,-1
1895812,1915490,9,3.8263631378158642,0.42857142857142855,225,0.8575757575757575,1.0,19,-1
1895812,1915500,9,3.7613380289814673,0.5625,150,0.8242424242424242,1.0,19,-1
1895812,1916997,1,0.4170323914242463,0.0625,30,0.09090909090909091,1.0,2,-1
1895812,1919353,2,0.7385387461377101,0.10526315789473684,90,0.13333333333333333,0.5,6,-1
1895812,1919615,2,0.7385387461377101,0.11764705882352941,60,0.13333333333333333,0.5,6,-1
1895812,1936660,3,2.164042561333445,0.1875,60,0.75,1.0,4,-1
1895812,1943505,3,2.164042561333445,0.1875,60,0.75,1.0,4,-1
1895812,1944057,3,2.164042561333445,0.1875,60,0.75,1.0,4,-1
1895822,1895830,7,3.366288428740915,0.7777777777777778,64,0.875,1.0,0,-1
1895827,1905553,3,1.5416950271092522,0.6,16,0.42857142857142855,1.0,0,-1
1895827,1919820,3,1.5416950271092522,0.5,20,0.42857142857142855,0.5,0,-1
1895827,1921662,3,1.7491442051839832,0.375,28,0.5357142857142857,1.0,0,-1
1895827,1929996,3,1.7491442051839832,0.375,28,0.5357142857142857,1.0,0,-1
1895827,1933844,3,1.5416950271092522,0.5,20,0.42857142857142855,0.5,0,-1
1895829,1895840,5,2.7905531327562363,0.7142857142857143,36,0.8333333333333333,1.0,9,-1
1895829,1895844,5,2.7905531327562363,0.7142857142857143,36,0.8333333333333333,1.0,0,-1
1895829,1903797,5,2.7905531327562363,0.7142857142857143,36,0.8333333333333333,1.0,5,-1
1895829,1905325,5,2.7905531327562363,0.7142857142857143,36,0.8333333333333333,1.0,9,-1
1895835,1895847,6,3.083390054218504,0.75,49,0.857142857142857,1.0,0,-1
1895835,1895861,6,3.083390054218504,0.75,49,0.857142857142857,1.0,0,-1
1895835,1895871,6,3.083390054218504,0.75,49,0.857142857142857,1.0,0,-1
1895835,1902683,6,3.083390054218504,0.75,49,0.857142857142857,1.0,0,-1
1895835,1902688,6,3.083390054218504,0.75,49,0.857142857142857,1.0,0,-1
1895840,1895844,5,2.7905531327562363,0.7142857142857143,36,0.8333333333333333,1.0,0,-1
1895840,1903797,5,2.7905531327562363,0.7142857142857143,36,0.8333333333333333,1.0,5,-1
1895840,1905325,5,2.7905531327562363,0.7142857142857143,36,0.8333333333333333,1.0,9,-1
1895844,1903797,5,2.7905531327562363,0.7142857142857143,36,0.8333333333333333,1.0,0,-1
1895844,1905325,5,2.7905531327562363,0.7142857142857143,36,0.8333333333333333,1.0,0,-1
1895847,1895861,6,3.083390054218504,0.75,49,0.857142857142857,1.0,4,-1
1895847,1895871,6,3.083390054218504,0.75,49,0.857142857142857,1.0,4,-1
1895847,1902683,6,3.083390054218504,0.75,49,0.857142857142857,1.0,4,-1
1895847,1902688,6,3.083390054218504,0.75,49,0.857142857142857,1.0,0,-1
1895848,1896660,5,2.666736988108241,0.7142857142857143,36,0.7666666666666666,1.0,0,-1
1895848,1896851,5,2.666736988108241,0.7142857142857143,36,0.7666666666666666,1.0,0,-1
1895848,1896864,5,2.7905531327562363,0.45454545454545453,60,0.8333333333333333,1.0,0,-1
1895848,1896869,5,2.666736988108241,0.7142857142857143,36,0.7666666666666666,1.0,0,-1
1895848,1904278,5,2.666736988108241,0.7142857142857143,36,0.7666666666666666,1.0,0,-1
1895859,1896116,5,2.1845459537376533,0.3333333333333333,84,0.5095238095238095,1.0,0,-1
1895859,1902902,5,2.1845459537376533,0.3333333333333333,84,0.5095238095238095,1.0,0,-1
1895859,1902907,5,2.1845459537376533,0.3333333333333333,84,0.5095238095238095,1.0,0,-1
1895859,1903056,5,2.0053585088763572,0.5555555555555556,48,0.41428571428571426,0.5,0,-1
1895859,1903302,3,1.1367695450698536,0.3333333333333333,36,0.21428571428571427,0.5,0,-1
1895859,1904904,5,2.0053585088763572,0.5555555555555556,48,0.41428571428571426,0.5,0,-1
1895859,1921755,3,1.1367695450698536,0.3333333333333333,36,0.21428571428571427,0.5,0,-1
1895859,1921767,3,1.1367695450698536,0.3333333333333333,36,0.21428571428571427,0.5,0,-1
1895859,1929743,5,2.0053585088763572,0.5555555555555556,48,0.41428571428571426,0.5,0,-1
1895861,1895871,6,3.083390054218504,0.75,49,0.857142857142857,1.0,7,-1
1895861,1902683,6,3.083390054218504,0.75,49,0.857142857142857,1.0,7,-1
1895861,1902688,6,3.083390054218504,0.75,49,0.857142857142857,1.0,0,-1
1895871,1902683,6,3.083390054218504,0.75,49,0.857142857142857,1.0,7,-1
1895871,1902688,6,3.083390054218504,0.75,49,0.857142857142857,1.0,0,-1
1895888,1903788,2,1.8204784532536746,0.5,9,0.6666666666666666,1.0,4,-1
1895905,1914993,3,1.9640173895637054,0.5,20,0.65,1.0,0,-1
1895912,1903935,1,0.9102392266268373,0.25,6,0.3333333333333333,1.0,4,1
1895912,1905535,2,2.8853900817779268,0.5,9,1.0,1.0,6,1
1895912,1930006,1,0.9102392266268373,0.25,6,0.3333333333333333,1.0,4,-1
1895926,1904574,1,1.4426950408889634,0.3333333333333333,4,0.5,1.0,2,-1
1895993,1903438,3,2.164042561333445,0.6,16,0.75,1.0,0,-1
1895993,1904403,3,2.164042561333445,0.6,16,0.75,1.0,0,-1
1896007,1904436,3,2.164042561333445,0.6,16,0.75,1.0,7,-1
1896073,1896414,8,4.551566923197243,0.8,81,1.3777777777777778,1.0,15,1
1896073,1896879,8,4.551566923197243,0.8,81,1.3777777777777778,1.0,15,1
1896073,1926044,5,2.584571106280579,0.5,54,0.7222222222222223,1.0,6,-1
1896073,1926051,5,2.5845711062805785,0.5,54,0.7222222222222221,1.0,6,-1
1896073,1929897,5,2.5845711062805785,0.5,54,0.7222222222222221,1.0,6,-1
1896073,1942498,5,2.5845711062805785,0.5,54,0.7222222222222221,1.0,9,-1
1896075,1905000,6,4.305818191492122,0.75,49,1.4666666666666666,1.0,7,1
1896075,1929707,2,1.424137568996588,0.25,21,0.47619047619047616,1.0,5,-1
1896075,1929728,2,1.424137568996588,0.25,21,0.47619047619047616,1.0,5,-1
1896076,1902852,2,1.8204784532536746,0.5,9,0.6666666666666666,1.0,6,-1
1896076,1904451,2,1.8204784532536746,0.5,9,0.6666666666666666,1.0,6,-1
1896076,1904479,2,1.8204784532536746,0.5,9,0.6666666666666666,1.0,6,-1
1896078,1896916,7,3.2752613270292072,0.7777777777777778,64,0.8269230769230769,1.0,16,-1
1896078,1902127,7,3.2752613270292072,0.7777777777777778,64,0.8269230769230769,1.0,16,-1
1896078,1904040,7,3.2752613270292072,0.7777777777777778,64,0.8269230769230769,1.0,16,1
1896078,1906944,1,0.3898712452512801,0.08333333333333333,40,0.07692307692307693,0.5,4,-1
1896078,1910855,7,3.2752613270292072,0.7777777777777778,64,0.8269230769230769,1.0,16,-1
1896078,1921162,1,0.3898712452512801,0.08333333333333333,40,0.07692307692307693,0.5,4,-1
1896078,1925095,1,0.3898712452512801,0.08333333333333333,40,0.07692307692307693,0.5,4,-1
1896099,1910966,3,1.669329392247009,0.42857142857142855,24,0.4935897435897436,1.0,4,-1
1896099,1921034,3,1.8375687735469761,0.21428571428571427,52,0.5833333333333333,1.0,4,-1
1896099,1921635,3,1.5060924983537745,0.6,16,0.41025641025641024,1.0,4,-1
1896099,1924131,3,1.669329392247009,0.42857142857142855,24,0.4935897435897436,1.0,4,-1
1896099,1924332,1,0.3898712452512801,0.16666666666666666,12,0.07692307692307693,0.5,2,-1
1896099,1928874,1,0.3898712452512801,0.14285714285714285,16,0.07692307692307693,0.5,2,-1
1896099,1929274,1,0.3898712452512801,0.14285714285714285,16,0.07692307692307693,0.5,2,-1
1896099,1936564,1,0.3898712452512801,0.16666666666666666,12,0.07692307692307693,0.5,2,-1
1896099,1936903,1,0.3898712452512801,0.14285714285714285,16,0.07692307692307693,0.5,0,-1
1896099,1944265,1,0.3898712452512801,0.16666666666666666,12,0.07692307692307693,0.5,2,-1
1896103,1896118,5,2.7905531327562363,0.7142857142857143,36,0.8333333333333333,1.0,6,-1
1896103,1896127,5,2.7905531327562363,0.7142857142857143,36,0.8333333333333333,1.0,6,-1
1896103,1905766,5,2.7905531327562363,0.7142857142857143,36,0.8333333333333333,1.0,9,-1
1896103,1915912,5,2.7905531327562363,0.7142857142857143,36,0.8333333333333333,1.0,9,-1
1896116,1902902,13,6.519769292655891,0.8666666666666667,196,1.7714285714285718,1.0,0,1
1896116,1902907,13,6.519769292655891,0.8666666666666667,196,1.7714285714285716,1.0,0,1
1896116,1903056,7,3.0691303680753697,0.4666666666666667,112,0.7178571428571427,1.0,0,-1
1896116,1903302,5,2.4321782430336443,0.3333333333333333,84,0.6428571428571428,1.0,0,-1
1896116,1904904,7,3.0691303680753697,0.4666666666666667,112,0.7178571428571427,1.0,0,-1
1896116,1921755,5,2.4321782430336443,0.3333333333333333,84,0.6428571428571428,1.0,0,-1
1896116,1921767,5,2.4321782430336443,0.3333333333333333,84,0.6428571428571428,1.0,0,1
1896116,1929743,7,3.0691303680753697,0.4666666666666667,112,0.7178571428571427,1.0,0,1
1896117,1896130,2,1.0383673259838582,0.5,9,0.2909090909090909,1.0,6,-1
1896117,1897211,2,1.531574161186449,0.16666666666666666,33,0.5333333333333333,1.0,6,-1
1896117,1902499,1,0.4170323914242463,0.125,18,0.09090909090909091,0.5,4,-1
1896117,1912002,1,0.4170323914242463,0.14285714285714285,15,0.09090909090909091,0.5,0,-1
1896117,1913631,1,0.4170323914242463,0.1,24,0.09090909090909091,0.5,0,-1
1896117,1913660,1,0.4170323914242463,0.1,24,0.09090909090909091,0.5,2,-1
1896117,1921791,1,0.4170323914242463,0.125,18,0.09090909090909091,0.5,0,-1
1896117,1944137,1,0.6213349345596119,0.25,6,0.2,0.5,4,-1
1896117,1944282,1,0.6213349345596119,0.25,6,0.2,0.5,2,-1
1896118,1896127,5,2.7905531327562363,0.7142857142857143,36,0.8333333333333333,1.0,6,-1
1896118,1905766,5,2.7905531327562363,0.7142857142857143,36,0.8333333333333333,1.0,6,-1
1896118,1915912,5,2.7905531327562363,0.7142857142857143,36,0.8333333333333333,1.0,6,-1
1896127,1905766,5,2.7905531327562363,0.7142857142857143,36,0.8333333333333333,1.0,6,-1
1896127,1915912,5,2.7905531327562363,0.7142857142857143,36,0.8333333333333333,1.0,6,-1
1896130,1897211,2,1.531574161186449,0.16666666666666666,33,0.5333333333333333,1.0,6,-1
1896130,1902499,1,0.4170323914242463,0.125,18,0.09090909090909091,0.5,4,-1
1896130,1912002,1,0.4170323914242463,0.14285714285714285,15,0.09090909090909091,0.5,0,-1
1896130,1913631,1,0.4170323914242463,0.1,24,0.09090909090909091,0.5,0,-1
1896130,1913660,1,0.4170323914242463,0.1,24,0.09090909090909091,0.5,2,-1
1896130,1921791,1,0.4170323914242463,0.125,18,0.09090909090909091,0.5,0,-1
1896130,1944137,1,0.6213349345596119,0.25,6,0.2,0.5,4,-1
1896130,1944282,1,0.6213349345596119,0.25,6,0.2,0.5,2,-1
1896171,1902968,7,3.366288428740915,0.7777777777777778,64,0.875,1.0,0,-1
1896171,1902987,7,3.366288428740915,0.7777777777777778,64,0.875,1.0,0,-1
1896171,1914763,7,3.366288428740915,0.7777777777777778,64,0.875,1.0,0,-1
1896177,1904986,4,2.4853397382384474,0.5,35,0.8,1.0,10,-1
1896177,1935839,4,2.4853397382384474,0.5,35,0.8,1.0,10,-1
1896177,1935849,4,2.4853397382384474,0.5,35,0.8,1.0,10,-1
1896177,1936583,4,2.4853397382384474,0.5,35,0.8,1.0,10,-1
1896177,1943901,1,1.4426950408889634,0.125,14,0.5,1.0,4,-1
1896177,1944337,4,2.4853397382384474,0.5,35,0.8,1.0,10,-1
1896200,1911169,1,1.4426950408889634,0.3333333333333333,4,0.5,1.0,1,-1
1896208,1896236,4,2.4853397382384474,0.6666666666666666,25,0.8,1.0,5,-1
1896369,1896648,1,1.4426950408889634,0.3333333333333333,4,0.5,1.0,0,-1
1896403,1896408,3,2.164042561333445,0.6,16,0.75,1.0,0,-1
1896403,1903781,3,2.164042561333445,0.6,16,0.75,1.0,2,-1
1896408,1903781,3,2.164042561333445,0.6,16,0.75,1.0,0,-1
1896414,1896879,8,4.551566923197243,0.8,81,1.3777777777777778,1.0,15,1
1896414,1926044,5,2.5845711062805785,0.5,54,0.7222222222222221,1.0,6,-1
1896414,1926051,5,2.5845711062805794,0.5,54,0.7222222222222222,1.0,6,-1
1896414,1929897,5,2.5845711062805785,0.5,54,0.7222222222222222,1.0,6,-1
1896414,1942498,5,2.5845711062805794,0.5,54,0.7222222222222222,1.0,9,-1
1896462,1896472,3,2.164042561333445,0.5,20,0.75,1.0,5,1
1896462,1905013,3,2.164042561333445,0.5,20,0.75,1.0,4,1
1896462,1934481,0,0.0,0.0,5,0.0,1.0,2,-1
1896462,1934962,3,2.164042561333445,0.5,20,0.75,1.0,4,-1
1896462,1935223,3,2.164042561333445,0.5,20,0.75,1.0,4,-1
1896466,1896486,4,2.2956668142133534,0.5714285714285714,30,0.7,1.0,5,-1
1896472,1905013,3,2.064029975448575,0.6,16,0.7,1.0,4,-1
1896472,1934481,1,0.6213349345596119,0.25,4,0.2,0.5,4,-1
1896472,1934962,3,2.064029975448575,0.6,16,0.7,1.0,4,-1
1896472,1935223,3,2.0640299754485754,0.6,16,0.7,1.0,4,-1
1896487,1909695,2,1.8204784532536746,0.5,9,0.6666666666666666,1.0,0,-1
1896487,1943411,2,1.8204784532536746,0.5,9,0.6666666666666666,1.0,4,-1
1896488,1897238,5,5.083651947396312,0.7142857142857143,36,1.8333333333333333,1.0,9,1
1896488,1902140,2,1.4683498531780845,0.2857142857142857,18,0.5,1.0,4,1
1896488,1930205,1,0.5581106265512472,0.14285714285714285,12,0.16666666666666666,1.0,4,-1
1896591,1896601,2,1.8204784532536746,0.5,9,0.6666666666666666,1.0,6,-1
1896591,1904037,2,1.8204784532536746,0.5,9,0.6666666666666666,1.0,6,1
1896599,1896831,9,3.713575010626076,0.75,110,0.7999999999999999,1.0,19,-1
1896599,1898027,1,0.36926937306885504,0.07142857142857142,44,0.06666666666666667,0.5,2,-1
1896599,1900407,2,0.7385387461377101,0.15384615384615385,44,0.13333333333333333,0.5,6,-1
1896599,1903920,9,3.713575010626076,0.75,110,0.7999999999999999,1.0,19,-1
1896599,1905207,9,3.713575010626076,0.75,110,0.7999999999999999,1.0,10,-1
1896599,1915490,9,3.778600119460473,0.5294117647058824,165,0.8333333333333333,1.0,19,-1
1896599,1915500,9,3.713575010626076,0.75,110,0.7999999999999999,1.0,19,-1
1896599,1916997,1,0.36926937306885504,0.08333333333333333,22,0.06666666666666667,1.0,2,-1
1896599,1919353,2,0.7385387461377101,0.13333333333333333,66,0.13333333333333333,0.5,6,-1
1896599,1919615,2,0.7385387461377101,0.15384615384615385,44,0.13333333333333333,0.5,6,-1
1896599,1936660,1,0.36926937306885504,0.07142857142857142,44,0.06666666666666667,0.5,2,-1
1896599,1943505,1,0.36926937306885504,0.07142857142857142,44,0.06666666666666667,0.5,2,-1
1896599,1944057,1,0.36926937306885504,0.07142857142857142,44,0.06666666666666667,0.5,2,-1
1896601,1904037,2,1.8204784532536746,0.5,9,0.6666666666666666,1.0,6,-1
1896612,1937015,0,0.0,0.0,3,0.0,1.0,2,-1
1896620,1904057,2,1.8204784532536746,0.5,9,0.6666666666666666,1.0,3,-1
1896620,1904063,2,1.8204784532536746,0.5,9,0.6666666666666666,1.0,5,-1
1896647,1904233,6,3.2792512147713584,0.75,49,0.9619047619047618,1.0,0,1
1896660,1896851,5,2.666736988108241,0.7142857142857143,36,0.7666666666666666,1.0,4,-1
1896660,1896864,5,2.7905531327562363,0.45454545454545453,60,0.8333333333333333,1.0,7,-1
1896660,1896869,5,2.666736988108241,0.7142857142857143,36,0.7666666666666666,1.0,7,-1
1896660,1904278,5,2.666736988108241,0.7142857142857143,36,0.7666666666666666,1.0,0,-1
1896682,1896696,2,1.8204784532536746,0.5,9,0.6666666666666666,1.0,3,-1
1896682,1904116,2,1.8204784532536746,0.5,9,0.6666666666666666,1.0,4,-1
1896696,1904116,2,1.8204784532536746,0.5,9,0.6666666666666666,1.0,3,-1
1896745,1903844,5,2.7905531327562363,0.7142857142857143,36,0.8333333333333333,1.0,6,-1
1896745,1903858,5,2.7905531327562363,0.7142857142857143,36,0.8333333333333333,1.0,6,-1
1896745,1915437,5,2.7905531327562363,0.7142857142857143,36,0.8333333333333333,1.0,6,-1
1896755,1905135,3,2.164042561333445,0.6,16,0.75,1.0,0,1
1896755,1915423,3,2.164042561333445,0.6,16,0.75,1.0,6,1
1896796,1905167,8,3.640956906507349,0.8,81,0.8888888888888891,1.0,0,-1
1896796,1905177,8,3.640956906507349,0.8,81,0.8888888888888891,1.0,0,-1
1896796,1905187,8,3.640956906507349,0.8,81,0.8888888888888891,1.0,0,-1
1896796,1915495,8,3.640956906507349,0.8,81,0.8888888888888891,1.0,0,-1
1896831,1898027,1,0.36926937306885504,0.07692307692307693,40,0.06666666666666667,0.5,2,-1
1896831,1900407,2,0.7385387461377101,0.16666666666666666,40,0.13333333333333333,0.5,6,-1
1896831,1903920,9,3.6963129201470704,0.8181818181818182,100,0.7909090909090909,1.0,19,-1
1896831,1905207,9,3.6963129201470704,0.8181818181818182,100,0.7909090909090909,1.0,10,-1
1896831,1915490,9,3.7613380289814673,0.5625,150,0.8242424242424242,1.0,19,-1
1896831,1915500,9,3.6963129201470704,0.8181818181818182,100,0.7909090909090909,1.0,19,-1
1896831,1916997,2,0.7863017644931014,0.2,20,0.1575757575757576,0.5,3,-1
1896831,1919353,2,0.7385387461377101,0.14285714285714285,60,0.13333333333333333,0.5,6,-1
1896831,1919615,2,0.7385387461377101,0.16666666666666666,40,0.13333333333333333,0.5,6,-1
1896831,1936660,1,0.36926937306885504,0.07692307692307693,40,0.06666666666666667,0.5,2,-1
1896831,1943505,1,0.36926937306885504,0.07692307692307693,40,0.06666666666666667,0.5,2,-1
1896831,1944057,1,0.36926937306885504,0.07692307692307693,40,0.06666666666666667,0.5,2,-1
1896851,1896864,5,2.7905531327562363,0.45454545454545453,60,0.8333333333333333,1.0,4,-1
1896851,1896869,5,2.666736988108241,0.7142857142857143,36,0.7666666666666666,1.0,4,-1
1896851,1904278,5,2.666736988108241,0.7142857142857143,36,0.7666666666666666,1.0,0,-1
1896864,1896869,5,2.7905531327562363,0.45454545454545453,60,0.8333333333333333,1.0,7,-1
1896864,1904278,5,2.7905531327562363,0.45454545454545453,60,0.8333333333333333,1.0,0,-1
1896869,1904278,5,2.666736988108241,0.7142857142857143,36,0.7666666666666666,1.0,0,-1
1896879,1926044,5,2.5845711062805785,0.5,54,0.7222222222222221,1.0,6,-1
1896879,1926051,5,2.584571106280579,0.5,54,0.7222222222222221,1.0,6,-1
1896879,1929897,5,2.5845711062805785,0.5,54,0.7222222222222221,1.0,6,-1
1896879,1942498,5,2.584571106280579,0.5,54,0.7222222222222221,1.0,9,-1
1896907,1896922,3,2.164042561333445,0.6,16,0.75,1.0,0,-1
1896907,1896942,3,2.164042561333445,0.6,16,0.75,1.0,2,-1
1896907,1905505,3,2.164042561333445,0.6,16,0.75,1.0,0,-1
1896907,1905882,3,2.164042561333445,0.6,16,0.75,1.0,0,-1
1896916,1902127,7,3.2752613270292072,0.7777777777777778,64,0.8269230769230769,1.0,16,-1
1896916,1904040,7,3.2752613270292072,0.7777777777777778,64,0.8269230769230769,1.0,16,-1
1896916,1906944,1,0.3898712452512801,0.08333333333333333,40,0.07692307692307693,0.5,4,-1
1896916,1910855,7,3.2752613270292072,0.7777777777777778,64,0.8269230769230769,1.0,16,-1
1896916,1921162,1,0.3898712452512801,0.08333333333333333,40,0.07692307692307693,0.5,4,-1
1896916,1925095,1,0.3898712452512801,0.08333333333333333,40,0.07692307692307693,0.5,4,-1
1896922,1896942,3,2.164042561333445,0.6,16,0.75,1.0,0,-1
1896922,1905505,3,2.164042561333445,0.6,16,0.75,1.0,4,-1
1896922,1905882,3,2.164042561333445,0.6,16,0.75,1.0,4,-1
1896927,1897715,1,0.9102392266268373,0.3333333333333333,4,0.3333333333333333,1.0,2,-1
1896927,1918973,1,0.9102392266268373,0.5,2,0.3333333333333333,0.5,4,-1
1896942,1905505,3,2.164042561333445,0.6,16,0.75,1.0,0,-1
1896942,1905882,3,2.164042561333445,0.6,16,0.75,1.0,0,-1
1896970,1911326,4,2.4853397382384474,0.6666666666666666,25,0.8,1.0,8,-1
1896970,1911335,4,2.4853397382384474,0.6666666666666666,25,0.8,1.0,0,-1
1896970,1911340,4,2.4853397382384474,0.6666666666666666,25,0.8,1.0,8,-1
1896970,1915382,4,2.4853397382384474,0.6666666666666666,25,0.8,1.0,8,-1
1896970,1921314,4,2.4853397382384474,0.6666666666666666,25,0.8,1.0,8,-1
1896992,1897898,14,5.140125121790224,0.875,225,0.9192982456140351,1.0,0,-1
1896992,1903785,14,5.140125121790224,0.875,225,0.9192982456140351,1.0,0,-1
1896992,1905685,1,0.3396232718951086,0.05555555555555555,60,0.05263157894736842,0.5,0,-1
1896992,1924623,1,0.3396232718951086,0.05555555555555555,60,0.05263157894736842,0.5,0,-1
1896992,1924629,1,0.3396232718951086,0.05555555555555555,60,0.05263157894736842,0.5,0,-1
1896992,1925560,1,0.3396232718951086,0.05555555555555555,60,0.05263157894736842,0.5,0,-1
1896992,1925592,14,5.140125121790224,0.875,225,0.9192982456140351,1.0,8,-1
1896992,1925597,14,5.140125121790224,0.875,225,0.9192982456140351,1.0,8,-1
1896992,1925600,14,5.140125121790224,0.875,225,0.9192982456140351,1.0,0,-1
1896992,1929583,14,5.140125121790224,0.875,225,0.9192982456140351,1.0,0,-1
1896992,1933745,14,5.140125121790224,0.875,225,0.9192982456140351,1.0,5,-1
1896992,1934404,14,5.140125121790224,0.875,225,0.9192982456140351,1.0,5,-1
1896992,1934512,14,5.140125121790224,0.875,225,0.9192982456140351,1.0,0,-1
1897097,1936368,0,0.0,0.0,3,0.0,1.0,2,-1
1897112,1906326,2,1.8204784532536746,0.5,9,0.6666666666666666,1.0,3,-1
1897112,1911183,2,1.8204784532536746,0.5,9,0.6666666666666666,1.0,5,-1
1897112,1925126,2,1.8204784532536746,0.5,9,0.6666666666666666,1.0,5,-1
1897120,1903239,7,3.366288428740915,0.7777777777777778,64,0.875,1.0,8,-1
1897120,1903255,7,3.366288428740915,0.7777777777777778,64,0.875,1.0,12,-1
1897120,1903257,7,3.366288428740915,0.7777777777777778,64,0.875,1.0,12,-1
1897120,1904896,7,3.366288428740915,0.7777777777777778,64,0.875,1.0,8,1
1897120,1911891,7,3.366288428740915,0.7777777777777778,64,0.875,1.0,12,-1
1897120,1920815,7,3.366288428740915,0.7777777777777778,64,0.875,1.0,8,-1
1897120,1920826,7,3.366288428740915,0.7777777777777778,64,0.875,1.0,12,-1
1897206,1897235,1,1.4426950408889634,0.3333333333333333,4,0.5,1.0,0,-1
1897211,1902499,5,2.558916293991458,0.4166666666666667,66,0.7083333333333333,1.0,3,-1
1897211,1912002,4,2.0640299754485754,0.3333333333333333,55,0.575,1.0,0,-1
1897211,1913631,7,3.8787984426989413,0.5833333333333334,88,1.15,1.0,0,-1
1897211,1913660,7,3.8787984426989413,0.5833333333333334,88,1.15,1.0,2,-1
1897211,1921791,5,2.558916293991458,0.4166666666666667,66,0.7083333333333333,1.0,0,-1
1897211,1944137,1,0.6213349345596119,0.08333333333333333,22,0.2,0.5,4,-1
1897211,1944282,1,0.6213349345596119,0.08333333333333333,22,0.2,0.5,2,-1
1897225,1904147,4,2.232442506204989,0.8,20,0.6666666666666666,0.5,0,-1
1897225,1905094,4,2.232442506204989,0.36363636363636365,44,0.6666666666666666,0.5,5,-1
1897225,1905107,3,1.6743318796537416,0.42857142857142855,24,0.5,1.0,4,-1
1897238,1902140,2,1.4683498531780845,0.2857142857142857,18,0.5,1.0,4,1
1897238,1930205,1,0.5581106265512472,0.14285714285714285,12,0.16666666666666666,1.0,4,-1
1897264,1903885,1,1.4426950408889634,0.3333333333333333,4,0.5,1.0,2,-1
1897520,1897525,4,2.4853397382384474,0.6666666666666666,25,0.8,1.0,6,1
1897520,1920856,4,2.4853397382384474,0.6666666666666666,25,0.8,1.0,6,-1
1897520,1920864,4,2.4853397382384474,0.6666666666666666,25,0.8,1.0,4,-1
1897520,1920876,4,2.4853397382384474,0.6666666666666666,25,0.8,1.0,0,-1
1897520,1921415,4,2.4853397382384474,0.6666666666666666,25,0.8,1.0,4,-1
1897525,1920856,4,2.4853397382384474,0.6666666666666666,25,0.8,1.0,6,-1
1897525,1920864,4,2.4853397382384474,0.6666666666666666,25,0.8,1.0,4,-1
1897525,1920876,4,2.4853397382384474,0.6666666666666666,25,0.8,1.0,0,-1
1897525,1921415,4,2.4853397382384474,0.6666666666666666,25,0.8,1.0,4,-1
1897557,1926236,3,2.164042561333445,0.6,16,0.75,1.0,0,-1
1897577,1934658,0,0.0,0.0,1,0.0,1.0,1,-1
1897579,1898600,3,2.164042561333445,0.6,16,0.75,1.0,0,-1
1897579,1898932,3,2.164042561333445,0.6,16,0.75,1.0,4,-1
1897579,1907180,3,2.164042561333445,0.6,16,0.75,1.0,4,-1
1897579,1929730,3,2.164042561333445,0.6,16,0.75,1.0,0,-1
1897647,1906569,5,2.2670840272712374,0.5,54,0.5527777777777778,1.0,5,-1
1897647,1916144,7,3.372092991598998,0.7,72,0.8801587301587299,1.0,0,1
1897647,1929486,1,0.36926937306885504,0.06666666666666667,63,0.06666666666666667,0.5,0,-1
1897647,1929916,1,0.36926937306885504,0.06666666666666667,63,0.06666666666666667,0.5,2,-1
1897647,1929972,1,0.36926937306885504,0.06666666666666667,63,0.06666666666666667,0.5,2,-1
1897647,1934426,1,0.36926937306885504,0.06666666666666667,63,0.06666666666666667,0.5,2,-1
1897647,1943495,7,3.372092991598998,0.7,72,0.8801587301587299,1.0,7,1
1897654,1934760,1,1.4426950408889634,0.3333333333333333,4,0.5,1.0,0,-1
1897654,1941920,1,1.4426950408889634,0.3333333333333333,4,0.5,1.0,0,-1
1897715,1918973,1,0.9102392266268373,0.5,2,0.3333333333333333,0.5,2,-1
1897776,1930317,1,1.4426950408889634,0.3333333333333333,4,0.5,1.0,2,-1
1897802,1934981,0,0.0,0.0,1,0.0,1.0,1,-1
1897898,1903785,14,5.140125121790224,0.875,225,0.9192982456140351,1.0,0,-1
1897898,1905685,1,0.3396232718951086,0.05555555555555555,60,0.05263157894736842,0.5,0,-1
1897898,1924623,1,0.3396232718951086,0.05555555555555555,60,0.05263157894736842,0.5,0,-1
1897898,1924629,1,0.3396232718951086,0.05555555555555555,60,0.05263157894736842,0.5,0,-1
1897898,1925560,1,0.3396232718951086,0.05555555555555555,60,0.05263157894736842,0.5,0,-1
1897898,1925592,14,5.140125121790224,0.875,225,0.9192982456140351,1.0,0,-1
1897898,1925597,14,5.140125121790224,0.875,225,0.9192982456140351,1.0,0,-1
1897898,1925600,14,5.140125121790224,0.875,225,0.9192982456140351,1.0,0,-1
1897898,1929583,14,5.140125121790224,0.875,225,0.9192982456140351,1.0,0,-1
1897898,1933745,14,5.140125121790224,0.875,225,0.9192982456140351,1.0,0,-1
1897898,1934404,14,5.140125121790224,0.875,225,0.9192982456140351,1.0,0,-1
1897898,1934512,14,5.140125121790224,0.875,225,0.9192982456140351,1.0,0,-1
1897931,1925258,2,1.8204784532536746,0.5,9,0.6666666666666666,1.0,0,-1
1897931,1930207,2,1.8204784532536746,0.5,9,0.6666666666666666,1.0,4,-1
1897931,1930242,2,1.8204784532536746,0.5,9,0.6666666666666666,1.0,4,-1
1898003,1944225,0,0.0,0.0,1,0.0,1.0,0,-1
1898027,1903920,1,0.36926937306885504,0.07692307692307693,40,0.06666666666666667,0.5,2,-1
1898027,1905207,1,0.36926937306885504,0.07692307692307693,40,0.06666666666666667,0.5,2,-1
1898027,1915490,1,0.36926937306885504,0.05555555555555555,60,0.06666666666666667,0.5,2,-1
1898027,1915500,1,0.36926937306885504,0.07692307692307693,40,0.06666666666666667,0.5,2,-1
1898027,1916997,1,0.36926937306885504,0.2,8,0.06666666666666667,0.5,2,-1
1898027,1936660,3,1.8119644139578184,0.6,16,0.5666666666666667,1.0,4,-1
1898027,1943505,3,1.8119644139578184,0.6,16,0.5666666666666667,1.0,4,-1
1898027,1944057,3,1.8119644139578184,0.6,16,0.5666666666666667,1.0,5,-1
1898205,1934468,0,0.0,0.0,1,0.0,1.0,2,-1
1898208,1898233,1,0.43429448190325176,0.07142857142857142,44,0.1,0.5,2,-1
1898208,1906639,1,0.43429448190325176,0.07142857142857142,44,0.1,0.5,2,-1
1898208,1906787,3,1.876989522792215,0.6,16,0.6,1.0,7,-1
1898208,1912330,1,0.43429448190325176,0.07692307692307693,40,0.1,0.5,2,-1
1898208,1930512,1,0.43429448190325176,0.14285714285714285,16,0.1,0.5,2,-1
1898208,1934756,1,0.43429448190325176,0.125,20,0.1,0.5,2,-1
1898208,1942129,3,1.876989522792215,0.6,16,0.6,1.0,4,-1
1898208,1942167,1,0.43429448190325176,0.1111111111111111,24,0.1,0.5,2,-1
1898233,1906639,10,5.338873757210597,0.8333333333333334,121,1.5309523809523808,1.0,18,-1
1898233,1906787,1,0.43429448190325176,0.07142857142857142,44,0.1,0.5,2,-1
1898233,1906967,6,2.9069202428065006,0.5,77,0.7623376623376623,1.0,13,-1
1898233,1911225,6,2.9069202428065006,0.5,77,0.7623376623376623,1.0,13,-1
1898233,1912330,9,4.600264146287111,0.75,110,1.2718614718614718,1.0,17,-1
1898233,1921752,6,2.9069202428065006,0.5,77,0.7623376623376623,1.0,13,-1
1898233,1925207,6,2.9069202428065006,0.5,77,0.7623376623376623,1.0,13,-1
1898233,1930133,6,2.9069202428065006,0.5,77,0.7623376623376623,1.0,7,-1
1898233,1930512,3,1.4094374998787453,0.25,44,0.35757575757575755,1.0,4,-1
1898233,1934756,4,1.843731981781997,0.3333333333333333,55,0.45757575757575764,1.0,5,-1
1898233,1942129,1,0.43429448190325176,0.07142857142857142,44,0.1,0.5,2,-1
1898233,1942167,5,2.6283038102348435,0.4166666666666667,66,0.740909090909091,1.0,9,-1
1898345,1899045,8,3.640956906507349,0.8,81,0.8888888888888891,1.0,9,-1
1898345,1906373,8,3.640956906507349,0.8,81,0.8888888888888891,1.0,9,-1
1898345,1906772,8,3.640956906507349,0.8,81,0.8888888888888891,1.0,9,-1
1898345,1917697,8,3.640956906507349,0.8,81,0.8888888888888891,1.0,9,-1
1898345,1938908,8,3.640956906507349,0.8,81,0.8888888888888891,1.0,9,-1
1898345,1938924,8,3.640956906507349,0.8,81,0.8888888888888891,1.0,9,-1
1898345,1940267,8,3.640956906507349,0.8,81,0.8888888888888891,1.0,9,-1
1898345,1940290,8,3.640956906507349,0.8,81,0.8888888888888891,1.0,9,-1
1898345,1940356,8,3.640956906507349,0.8,81,0.8888888888888891,1.0,10,-1
1898361,1917073,2,1.8204784532536746,0.5,9,0.6666666666666666,1.0,3,-1
1898361,1919982,2,1.8204784532536746,0.5,9,0.6666666666666666,1.0,3,-1
1898391,1925966,3,2.164042561333445,0.6,16,0.75,1.0,0,-1
1898391,1925978,3,2.164042561333445,0.6,16,0.75,1.0,0,-1
1898391,1930577,3,2.164042561333445,0.6,16,0.75,1.0,0,-1
1898391,1934116,3,2.164042561333445,0.6,16,0.75,1.0,0,-1
1898492,1906736,1,0.7213475204444817,0.3333333333333333,3,0.25,0.5,0,-1
1898492,1942343,2,1.631586747071319,0.5,9,0.5833333333333333,1.0,4,-1
1898600,1898932,3,2.164042561333445,0.6,16,0.75,1.0,0,-1
1898600,1907180,3,2.164042561333445,0.6,16,0.75,1.0,0,-1
1898600,1929730,3,2.164042561333445,0.6,16,0.75,1.0,2,-1
1898685,1906354,2,1.8204784532536746,0.5,9,0.6666666666666666,1.0,5,-1
1898685,1919522,2,1.8204784532536746,0.5,9,0.6666666666666666,1.0,3,-1
1898685,1921344,2,1.8204784532536746,0.5,9,0.6666666666666666,1.0,5,-1
1898932,1907180,3,2.164042561333445,0.6,16,0.75,1.0,4,1
1898932,1929730,3,2.164042561333445,0.6,16,0.75,1.0,0,-1
1899020,1942079,1,1.4426950408889634,0.3333333333333333,4,0.5,1.0,3,-1
1899045,1906373,8,3.640956906507349,0.8,81,0.8888888888888891,1.0,12,-1
1899045,1906772,8,3.640956906507349,0.8,81,0.8888888888888891,1.0,12,-1
1899045,1917697,8,3.640956906507349,0.8,81,0.8888888888888891,1.0,12,-1
1899045,1938908,8,3.640956906507349,0.8,81,0.8888888888888891,1.0,9,-1
1899045,1938924,8,3.640956906507349,0.8,81,0.8888888888888891,1.0,9,-1
1899045,1940267,8,3.640956906507349,0.8,81,0.8888888888888891,1.0,9,-1
1899045,1940290,8,3.640956906507349,0.8,81,0.8888888888888891,1.0,9,-1
1899045,1940356,8,3.640956906507349,0.8,81,0.8888888888888891,1.0,9,-1
1899103,1934878,0,0.0,0.0,1,0.0,1.0,2,-1
1899149,1912538,2,1.4683498531780845,0.5,9,0.5,1.0,3,-1
1899149,1916323,2,1.8204784532536746,0.2857142857142857,18,0.6666666666666666,1.0,3,-1
1899149,1925553,2,1.4683498531780845,0.5,9,0.5,1.0,3,-1
1899182,1912333,1,0.3789231816899512,0.3333333333333333,4,0.07142857142857142,1.0,4,-1
1899182,1913606,1,1.4426950408889634,0.06666666666666667,28,0.5,1.0,4,-1
1899182,1919399,1,0.3789231816899512,0.25,6,0.07142857142857142,0.5,4,-1
1899182,1935713,1,0.3789231816899512,0.1,18,0.07142857142857142,0.5,4,-1
1899182,1935732,1,0.3789231816899512,0.1,18,0.07142857142857142,0.5,0,-1
1899182,1936880,1,0.3789231816899512,0.1,18,0.07142857142857142,0.5,2,-1
1899182,1936885,1,0.3789231816899512,0.1,18,0.07142857142857142,0.5,4,-1
1899182,1936917,1,0.3789231816899512,0.1,18,0.07142857142857142,0.5,4,-1
1899182,1937253,1,0.3789231816899512,0.25,6,0.07142857142857142,0.5,4,-1
1899182,1944178,1,0.3789231816899512,0.1,18,0.07142857142857142,0.5,2,-1
1899182,1944180,1,0.3789231816899512,0.1,18,0.07142857142857142,0.5,0,-1
1899182,1944907,1,0.3789231816899512,0.25,6,0.07142857142857142,0.5,4,-1
1899276,1899383,2,1.8204784532536746,0.5,9,0.6666666666666666,1.0,3,-1
1899276,1925622,2,1.8204784532536746,0.5,9,0.6666666666666666,1.0,3,-1
1899276,1929551,2,1.8204784532536746,0.5,9,0.6666666666666666,1.0,3,-1
1899361,1918992,5,2.7905531327562363,0.7142857142857143,36,0.8333333333333333,1.0,11,1
1899361,1925844,5,2.7905531327562363,0.7142857142857143,36,0.8333333333333333,1.0,6,-1
1899361,1925960,5,2.7905531327562363,0.7142857142857143,36,0.8333333333333333,1.0,11,-1
1899361,1934809,5,2.7905531327562363,0.7142857142857143,36,0.8333333333333333,1.0,11,1
1899383,1925622,2,1.8204784532536746,0.5,9,0.6666666666666666,1.0,4,-1
1899383,1929551,2,1.8204784532536746,0.5,9,0.6666666666666666,1.0,3,-1
1899422,1920440,1,1.4426950408889634,0.3333333333333333,4,0.5,1.0,0,-1
1899660,1928028,0,0.0,0.0,2,0.0,1.0,1,-1
1899660,1937061,0,0.0,0.0,2,0.0,1.0,2,-1
1899687,1929932,1,1.4426950408889634,0.3333333333333333,4,0.5,1.0,0,-1
1899687,1930549,1,1.4426950408889634,0.3333333333333333,4,0.5,1.0,0,-1
1899796,1900391,0,0.0,0.0,1,0.0,1.0,2,-1
1899856,1909341,2,1.391137573589825,0.2222222222222222,24,0.4583333333333333,1.0,6,-1
1899856,1921830,2,1.391137573589825,0.2222222222222222,24,0.4583333333333333,1.0,6,-1
1899856,1934741,2,0.9617966939259757,0.5,9,0.25,1.0,6,-1
1899945,1907985,2,1.8204784532536746,0.5,9,0.6666666666666666,1.0,4,1
1899945,1920653,2,1.8204784532536746,0.5,9,0.6666666666666666,1.0,0,-1
1899946,1907843,3,1.9565933832587141,0.375,28,0.6428571428571428,1.0,7,1
1899946,1933925,3,1.9565933832587141,0.375,28,0.6428571428571428,1.0,7,-1
1899946,1942103,3,1.9565933832587141,0.375,28,0.6428571428571428,1.0,7,-1
1900057,1918641,1,1.4426950408889634,0.3333333333333333,4,0.5,1.0,2,-1
1900078,1920202,3,2.164042561333445,0.6,16,0.75,1.0,0,-1
1900078,1925528,3,2.164042561333445,0.6,16,0.75,1.0,0,-1
1900078,1925893,3,2.164042561333445,0.6,16,0.75,1.0,0,-1
1900078,1933699,3,2.164042561333445,0.6,16,0.75,1.0,2,-1
1900088,1908485,3,1.845124645270808,0.6,16,0.5833333333333333,1.0,6,1
1900088,1917784,3,1.845124645270808,0.6,16,0.5833333333333333,1.0,6,1
1900088,1921457,3,1.845124645270808,0.6,16,0.5833333333333333,1.0,4,1
1900159,1925385,6,3.083390054218504,0.75,49,0.857142857142857,1.0,7,-1
1900159,1925786,6,3.083390054218504,0.75,49,0.857142857142857,1.0,7,-1
1900159,1930230,6,3.083390054218504,0.75,49,0.857142857142857,1.0,7,-1
1900159,1934554,6,3.083390054218504,0.75,49,0.857142857142857,1.0,7,-1
1900159,1934648,6,3.083390054218504,0.75,49,0.857142857142857,1.0,7,-1
1900339,1912277,2,1.8204784532536746,0.5,9,0.6666666666666666,1.0,6,-1
1900339,1936547,2,1.8204784532536746,0.5,9,0.6666666666666666,1.0,6,-1
1900339,1944192,2,1.8204784532536746,0.5,9,0.6666666666666666,1.0,6,-1
1900402,1918609,2,1.8204784532536746,0.5,9,0.6666666666666666,1.0,0,-1
1900402,1920667,2,1.8204784532536746,0.5,9,0.6666666666666666,1.0,0,-1
1900407,1903920,2,0.7385387461377101,0.16666666666666666,40,0.13333333333333333,0.5,6,-1
1900407,1905207,2,0.7385387461377101,0.16666666666666666,40,0.13333333333333333,0.5,3,-1
1900407,1915490,3,1.648727520064584,0.1875,60,0.48333333333333334,1.0,8,-1
1900407,1915500,2,0.7385387461377101,0.16666666666666666,40,0.13333333333333333,0.5,6,-1
1900407,1919353,3,1.459886266582192,0.42857142857142855,24,0.3833333333333333,1.0,8,-1
1900407,1919615,3,1.2966493726889572,0.6,16,0.3,1.0,8,-1
1900589,1934866,1,1.4426950408889634,0.3333333333333333,4,0.5,1.0,0,-1
1900589,1934903,1,1.4426950408889634,0.3333333333333333,4,0.5,1.0,1,-1
1900636,1902414,4,2.4853397382384474,0.6666666666666666,25,0.8,1.0,5,-1
1900636,1919966,4,2.4853397382384474,0.6666666666666666,25,0.8,1.0,5,-1
1900636,1925045,4,2.4853397382384474,0.6666666666666666,25,0.8,1.0,5,-1
1900691,1912321,4,2.3779031460485864,0.6666666666666666,25,0.7428571428571429,1.0,7,-1
1900691,1921559,4,2.3779031460485864,0.6666666666666666,25,0.7428571428571429,1.0,7,-1
1900691,1930138,4,2.3779031460485864,0.6666666666666666,25,0.7428571428571429,1.0,4,-1
1900851,1903316,2,1.8204784532536746,0.5,9,0.6666666666666666,1.0,6,-1
1900851,1918695,2,1.8204784532536746,0.5,9,0.6666666666666666,1.0,6,-1
1900851,1930196,2,1.8204784532536746,0.5,9,0.6666666666666666,1.0,6,-1
1900873,1906095,1,0.9102392266268373,0.5,2,0.3333333333333333,0.5,2,-1
1900873,1918275,0,0.0,0.0,3,0.0,1.0,2,-1
1900970,1912347,4,2.4853397382384474,0.6666666666666666,25,0.8,1.0,5,-1
1900970,1912372,4,2.4853397382384474,0.6666666666666666,25,0.8,1.0,5,-1
1900970,1912754,4,2.4853397382384474,0.6666666666666666,25,0.8,1.0,6,-1
1900970,1921229,4,2.4853397382384474,0.6666666666666666,25,0.8,1.0,5,-1
1900970,1921256,4,2.4853397382384474,0.6666666666666666,25,0.8,1.0,5,-1
1901021,1903769,2,1.424137568996588,0.5,9,0.47619047619047616,1.0,0,-1
1901021,1910405,2,1.8204784532536746,0.25,21,0.6666666666666666,1.0,0,-1
1901021,1911548,2,1.424137568996588,0.5,9,0.47619047619047616,1.0,0,-1
1901021,1924563,1,0.5138983423697507,0.16666666666666666,12,0.14285714285714285,0.5,0,-1
1901021,1924591,1,0.5138983423697507,0.16666666666666666,12,0.14285714285714285,0.5,0,-1
1901021,1929831,1,0.5138983423697507,0.16666666666666666,12,0.14285714285714285,0.5,0,-1
1901021,1929879,1,0.5138983423697507,0.16666666666666666,12,0.14285714285714285,0.5,0,-1
1901307,1913657,4,2.4853397382384474,0.6666666666666666,25,0.8,1.0,9,-1
1901307,1921779,4,2.4853397382384474,0.6666666666666666,25,0.8,1.0,9,-1
1901307,1925227,4,2.4853397382384474,0.6666666666666666,25,0.8,1.0,9,-1
1901307,1925238,4,2.4853397382384474,0.6666666666666666,25,0.8,1.0,9,-1
1901318,1935546,6,3.083390054218504,0.75,49,0.857142857142857,1.0,7,-1
1901318,1935551,6,3.083390054218504,0.75,49,0.857142857142857,1.0,7,-1
1901318,1936314,6,3.083390054218504,0.75,49,0.857142857142857,1.0,8,-1
1901318,1943960,6,3.083390054218504,0.75,49,0.857142857142857,1.0,7,-1
1901548,1913611,4,2.4853397382384474,0.6666666666666666,25,0.8,1.0,0,-1
1901548,1930090,4,2.4853397382384474,0.6666666666666666,25,0.8,1.0,6,-1
1901548,1930098,4,2.4853397382384474,0.6666666666666666,25,0.8,1.0,6,-1
1901711,1902310,1,0.40242960438184466,0.09090909090909091,36,0.08333333333333333,0.5,2,-1
1901711,1903341,5,2.6348721105868336,0.7142857142857143,36,0.7499999999999999,1.0,6,-1
1901711,1903692,5,2.6348721105868336,0.7142857142857143,36,0.7499999999999999,1.0,6,-1
1901711,1908841,5,2.7905531327562363,0.38461538461538464,72,0.8333333333333333,1.0,6,-1
1901711,1909376,1,0.40242960438184466,0.09090909090909091,36,0.08333333333333333,0.5,2,-1
1901711,1911245,5,2.6348721105868336,0.7142857142857143,36,0.7499999999999999,1.0,6,-1
1901711,1911249,5,2.6348721105868336,0.7142857142857143,36,0.7499999999999999,1.0,6,-1
1901711,1919540,1,0.40242960438184466,0.09090909090909091,36,0.08333333333333333,0.5,2,-1
1901711,1921052,5,2.6348721105868336,0.7142857142857143,36,0.7499999999999999,1.0,6,-1
1901711,1925030,1,0.40242960438184466,0.09090909090909091,36,0.08333333333333333,0.5,2,-1
1901841,1906615,2,1.8204784532536746,0.5,9,0.6666666666666666,1.0,3,-1
1901841,1942456,2,1.8204784532536746,0.5,9,0.6666666666666666,1.0,3,-1
1901841,1942474,2,1.8204784532536746,0.5,9,0.6666666666666666,1.0,3,-1
1901932,1905277,4,2.4853397382384474,0.4444444444444444,40,0.8,1.0,0,-1
1901932,1926995,4,2.3449031506418234,0.6666666666666666,25,0.7250000000000001,1.0,0,-1
1901932,1927020,4,2.3449031506418234,0.6666666666666666,25,0.7250000000000001,1.0,0,-1
1901932,1934851,4,2.3449031506418234,0.6666666666666666,25,0.7250000000000001,1.0,0,-1
1902036,1903277,9,3.8741261561712554,0.8181818181818182,100,0.8818181818181817,1.0,13,-1
1902036,1919235,9,3.891388246650261,0.75,110,0.8909090909090908,1.0,13,-1
1902036,1920011,2,0.8340647828484926,0.2,20,0.18181818181818182,0.5,6,-1
1902036,1921396,9,3.8741261561712554,0.8181818181818182,100,0.8818181818181817,1.0,13,-1
1902036,1921400,9,3.8741261561712554,0.8181818181818182,100,0.8818181818181817,1.0,0,-1
1902036,1929704,9,3.8741261561712554,0.8181818181818182,100,0.8818181818181817,1.0,0,-1
1902058,1913145,1,1.4426950408889634,0.3333333333333333,4,0.5,1.0,4,-1
1902058,1929682,1,1.4426950408889634,0.3333333333333333,4,0.5,1.0,4,-1
1902092,1920884,1,1.4426950408889634,0.3333333333333333,4,0.5,1.0,4,-1
1902124,1902196,8,3.640956906507349,0.8,81,0.8888888888888891,1.0,9,-1
1902124,1913225,8,3.640956906507349,0.8,81,0.8888888888888891,1.0,9,-1
1902124,1919338,8,3.640956906507349,0.8,81,0.8888888888888891,1.0,9,-1
1902124,1919343,8,3.640956906507349,0.8,81,0.8888888888888891,1.0,9,-1
1902124,1919357,8,3.640956906507349,0.8,81,0.8888888888888891,1.0,9,-1
1902124,1919624,8,3.640956906507349,0.8,81,0.8888888888888891,1.0,9,-1
1902124,1921455,8,3.640956906507349,0.8,81,0.8888888888888891,1.0,9,-1
1902127,1904040,7,3.2752613270292072,0.7777777777777778,64,0.8269230769230769,1.0,16,-1
1902127,1906944,1,0.3898712452512801,0.08333333333333333,40,0.07692307692307693,0.5,4,-1
1902127,1910855,7,3.2752613270292072,0.7777777777777778,64,0.8269230769230769,1.0,16,-1
1902127,1921162,1,0.3898712452512801,0.08333333333333333,40,0.07692307692307693,0.5,4,-1
1902127,1925095,1,0.3898712452512801,0.08333333333333333,40,0.07692307692307693,0.5,4,-1
1902136,1910098,1,1.4426950408889634,0.3333333333333333,4,0.5,1.0,3,-1
1902140,1930205,2,1.1162212531024944,0.6666666666666666,6,0.3333333333333333,0.5,6,-1
1902153,1910812,2,1.8204784532536746,0.5,9,0.6666666666666666,1.0,2,-1
1902153,1913192,2,1.8204784532536746,0.5,9,0.6666666666666666,1.0,0,-1
1902153,1924802,2,1.8204784532536746,0.5,9,0.6666666666666666,1.0,0,-1
1902158,1924797,0,0.0,0.0,1,0.0,1.0,1,-1
1902169,1910141,2,1.8204784532536746,0.5,9,0.6666666666666666,1.0,4,-1
1902169,1919566,2,1.8204784532536746,0.5,9,0.6666666666666666,1.0,3,-1
1902169,1921421,2,1.8204784532536746,0.5,9,0.6666666666666666,1.0,3,-1
1902194,1921034,1,0.5581106265512472,0.07142857142857142,26,0.16666666666666666,0.5,1,-1
1902194,1924830,1,0.5581106265512472,0.3333333333333333,4,0.16666666666666666,1.0,1,1
1902194,1928874,1,0.5581106265512472,0.2,8,0.16666666666666666,0.5,1,-1
1902194,1929274,1,0.5581106265512472,0.2,8,0.16666666666666666,0.5,1,-1
1902194,1936903,1,0.5581106265512472,0.2,8,0.16666666666666666,0.5,0,-1
1902196,1913225,8,3.640956906507349,0.8,81,0.8888888888888891,1.0,9,-1
1902196,1919338,8,3.640956906507349,0.8,81,0.8888888888888891,1.0,9,-1
1902196,1919343,8,3.640956906507349,0.8,81,0.8888888888888891,1.0,9,-1
1902196,1919357,8,3.640956906507349,0.8,81,0.8888888888888891,1.0,9,-1
1902196,1919624,8,3.640956906507349,0.8,81,0.8888888888888891,1.0,9,-1
1902196,1921455,8,3.640956906507349,0.8,81,0.8888888888888891,1.0,9,-1
1902212,1923655,1,1.4426950408889634,0.3333333333333333,4,0.5,1.0,4,1
1902282,1936866,2,1.8204784532536746,0.5,9,0.6666666666666666,1.0,6,-1
1902282,1936883,2,1.8204784532536746,0.5,9,0.6666666666666666,1.0,6,-1
1902282,1944300,2,1.8204784532536746,0.5,9,0.6666666666666666,1.0,6,-1
1902298,1903629,0,0.0,0.0,3,0.0,1.0,1,-1
1902298,1935771,1,1.4426950408889634,0.25,6,0.5,1.0,2,-1
1902298,1937001,1,1.4426950408889634,0.25,6,0.5,1.0,2,-1
1902310,1903341,1,0.40242960438184466,0.09090909090909091,36,0.08333333333333333,0.5,2,-1
1902310,1903692,1,0.40242960438184466,0.09090909090909091,36,0.08333333333333333,0.5,2,-1
1902310,1908841,5,2.7905531327562363,0.38461538461538464,72,0.8333333333333333,1.0,6,-1
1902310,1909376,5,2.6348721105868336,0.7142857142857143,36,0.7499999999999999,1.0,6,-1
1902310,1911245,1,0.40242960438184466,0.09090909090909091,36,0.08333333333333333,0.5,2,-1
1902310,1911249,1,0.40242960438184466,0.09090909090909091,36,0.08333333333333333,0.5,2,-1
1902310,1919540,5,2.6348721105868336,0.7142857142857143,36,0.7499999999999999,1.0,8,-1
1902310,1921052,1,0.40242960438184466,0.09090909090909091,36,0.08333333333333333,0.5,2,-1
1902310,1925030,5,2.6348721105868336,0.7142857142857143,36,0.7499999999999999,1.0,6,-1
1902414,1919966,4,2.4853397382384474,0.6666666666666666,25,0.8,1.0,5,-1
1902414,1925045,4,2.4853397382384474,0.6666666666666666,25,0.8,1.0,5,-1
1902417,1909260,4,2.4853397382384474,0.6666666666666666,25,0.8,1.0,0,-1
1902417,1909270,4,2.4853397382384474,0.6666666666666666,25,0.8,1.0,0,-1
1902417,1909288,4,2.4853397382384474,0.6666666666666666,25,0.8,1.0,1,-1
1902417,1919125,4,2.4853397382384474,0.6666666666666666,25,0.8,1.0,0,-1
1902417,1920648,4,2.4853397382384474,0.6666666666666666,25,0.8,1.0,0,-1
1902420,1911033,3,2.164042561333445,0.6,16,0.75,1.0,4,-1
1902420,1914059,3,2.164042561333445,0.6,16,0.75,1.0,4,-1
1902420,1929795,3,2.164042561333445,0.6,16,0.75,1.0,4,-1
1902420,1942134,3,2.164042561333445,0.6,16,0.75,1.0,4,-1
1902454,1918456,4,2.4853397382384474,0.6666666666666666,25,0.8,1.0,9,-1
1902454,1918469,4,2.4853397382384474,0.6666666666666666,25,0.8,1.0,9,-1
1902454,1918473,4,2.4853397382384474,0.6666666666666666,25,0.8,1.0,9,-1
1902454,1919186,4,2.4853397382384474,0.6666666666666666,25,0.8,1.0,9,-1
1902454,1943833,4,2.4853397382384474,0.6666666666666666,25,0.8,1.0,5,-1
1902458,1911966,4,2.3449031506418234,0.6666666666666666,25,0.7250000000000001,1.0,5,-1
1902458,1919986,4,2.3449031506418234,0.6666666666666666,25,0.7250000000000001,1.0,7,-1
1902458,1921784,4,2.3449031506418234,0.6666666666666666,25,0.7250000000000001,1.0,5,-1
1902460,1902474,2,1.8204784532536746,0.5,9,0.6666666666666666,1.0,6,-1
1902460,1920089,2,1.8204784532536746,0.5,9,0.6666666666666666,1.0,6,-1
1902460,1925175,2,1.8204784532536746,0.5,9,0.6666666666666666,1.0,6,-1
1902464,1903688,2,1.8204784532536746,0.5,9,0.6666666666666666,1.0,4,1
1902464,1919760,2,1.8204784532536746,0.5,9,0.6666666666666666,1.0,0,1
1902474,1920089,2,1.8204784532536746,0.5,9,0.6666666666666666,1.0,6,-1
1902474,1925175,2,1.8204784532536746,0.5,9,0.6666666666666666,1.0,6,-1
1902499,1912002,4,1.85972743231321,0.5714285714285714,30,0.46590909090909094,0.5,0,-1
1902499,1913631,5,2.4950503384527165,0.5555555555555556,48,0.6742424242424242,1.0,0,-1
1902499,1913660,5,2.4950503384527165,0.5555555555555556,48,0.6742424242424242,1.0,2,-1
1902499,1921791,5,2.417838058864457,0.7142857142857143,36,0.6325757575757576,1.0,0,-1
1902528,1906038,3,2.0008056674402104,0.42857142857142855,24,0.6666666666666666,1.0,6,-1
1902528,1912588,3,1.8375687735469761,0.6,16,0.5833333333333333,1.0,0,-1
1902528,1913464,3,1.8375687735469761,0.6,16,0.5833333333333333,1.0,6,-1
1902528,1913474,3,2.0008056674402104,0.42857142857142855,24,0.6666666666666666,1.0,6,-1
1902618,1904226,1,1.4426950408889634,0.3333333333333333,4,0.5,1.0,1,-1
1902658,1902662,1,1.4426950408889634,0.3333333333333333,4,0.5,1.0,4,1
1902683,1902688,6,3.083390054218504,0.75,49,0.857142857142857,1.0,0,-1
1902712,1902725,7,3.366288428740915,0.7777777777777778,64,0.875,1.0,11,-1
1902712,1903059,7,3.366288428740915,0.7777777777777778,64,0.875,1.0,0,-1
1902712,1904099,7,3.366288428740915,0.7777777777777778,64,0.875,1.0,11,-1
1902725,1903059,7,3.366288428740915,0.7777777777777778,64,0.875,1.0,0,-1
1902725,1904099,7,3.366288428740915,0.7777777777777778,64,0.875,1.0,11,-1
1902745,1903744,7,3.366288428740915,0.4117647058823529,128,0.875,1.0,16,-1
1902745,1903774,7,3.366288428740915,0.4117647058823529,128,0.875,1.0,16,-1
1902745,1904068,7,3.366288428740915,0.4117647058823529,128,0.875,1.0,16,-1
1902745,1912415,7,3.366288428740915,0.4117647058823529,128,0.875,1.0,16,-1
1902745,1912420,7,3.366288428740915,0.4117647058823529,128,0.875,1.0,16,-1
1902745,1920161,7,3.366288428740915,0.4117647058823529,128,0.875,1.0,16,-1
1902745,1920171,7,3.366288428740915,0.4117647058823529,128,0.875,1.0,16,-1
1902745,1925254,7,3.366288428740915,0.4117647058823529,128,0.875,1.0,16,-1
1902747,1925185,1,0.6213349345596119,0.25,6,0.2,0.5,0,-1
1902747,1934431,1,0.6213349345596119,0.25,6,0.2,0.5,0,-1
1902755,1902762,2,1.8204784532536746,0.5,9,0.6666666666666666,1.0,6,-1
1902772,1914605,3,2.164042561333445,0.6,16,0.75,1.0,7,1
1902791,1914331,6,2.9593629571000335,0.75,49,0.7912087912087911,1.0,4,-1
1902791,1929447,1,0.3898712452512801,0.1,28,0.07692307692307693,0.5,0,-1
1902791,1929532,1,0.3898712452512801,0.1,28,0.07692307692307693,0.5,0,-1
1902791,1929534,1,0.3898712452512801,0.1,28,0.07692307692307693,0.5,0,-1
1902791,1934373,1,0.3898712452512801,0.1,28,0.07692307692307693,0.5,0,-1
1902793,1902807,3,2.164042561333445,0.6,16,0.75,1.0,4,-1
1902852,1904451,2,1.8204784532536746,0.5,9,0.6666666666666666,1.0,6,-1
1902852,1904479,2,1.8204784532536746,0.5,9,0.6666666666666666,1.0,6,-1
1902876,1914691,1,1.4426950408889634,0.3333333333333333,4,0.5,1.0,3,-1
1902902,1902907,13,6.519769292655891,0.8666666666666667,196,1.7714285714285716,1.0,13,1
1902902,1903056,7,3.0691303680753697,0.4666666666666667,112,0.7178571428571427,1.0,6,-1
1902902,1903302,5,2.4321782430336443,0.3333333333333333,84,0.6428571428571428,1.0,4,-1
1902902,1904904,7,3.0691303680753697,0.4666666666666667,112,0.7178571428571427,1.0,0,1
1902902,1921755,5,2.4321782430336443,0.3333333333333333,84,0.6428571428571428,1.0,0,-1
1902902,1921767,5,2.4321782430336443,0.3333333333333333,84,0.6428571428571428,1.0,4,1
1902902,1929743,7,3.0691303680753697,0.4666666666666667,112,0.7178571428571427,1.0,6,1
1902907,1903056,7,3.0691303680753697,0.4666666666666667,112,0.7178571428571427,1.0,6,-1
1902907,1903302,5,2.4321782430336443,0.3333333333333333,84,0.6428571428571428,1.0,4,-1
1902907,1904904,7,3.0691303680753697,0.4666666666666667,112,0.7178571428571427,1.0,0,1
1902907,1921755,5,2.4321782430336443,0.3333333333333333,84,0.6428571428571428,1.0,0,-1
1902907,1921767,5,2.4321782430336443,0.3333333333333333,84,0.6428571428571428,1.0,4,1
1902907,1929743,7,3.0691303680753697,0.4666666666666667,112,0.7178571428571427,1.0,6,1
1902947,1902951,4,2.4853397382384474,0.6666666666666666,25,0.8,1.0,0,-1
1902968,1902987,7,3.366288428740915,0.7777777777777778,64,0.875,1.0,0,-1
1902968,1914763,7,3.366288428740915,0.7777777777777778,64,0.875,1.0,0,-1
1902976,1911883,2,1.0556294164628637,0.18181818181818182,30,0.30000000000000004,1.0,6,-1
1902976,1911995,3,1.7769769369073452,0.2727272727272727,40,0.55,1.0,8,-1
1902976,1912004,3,1.7769769369073452,0.2727272727272727,40,0.55,1.0,8,-1
1902976,1913099,4,2.787228749419053,0.36363636363636365,50,0.9333333333333333,1.0,10,-1
1902976,1919139,9,5.764822334831649,0.8181818181818182,100,1.8666666666666665,1.0,20,1
1902987,1914763,7,3.366288428740915,0.7777777777777778,64,0.875,1.0,2,-1
1902991,1910772,2,1.8204784532536746,0.5,9,0.6666666666666666,1.0,6,-1
1902991,1913164,2,1.8204784532536746,0.5,9,0.6666666666666666,1.0,6,-1
1902991,1913169,2,1.8204784532536746,0.5,9,0.6666666666666666,1.0,6,-1
1902998,1913174,2,1.8204784532536746,0.5,9,0.6666666666666666,1.0,5,-1
1902998,1929697,2,1.8204784532536746,0.5,9,0.6666666666666666,1.0,5,-1
1903007,1904354,4,2.4853397382384474,0.6666666666666666,25,0.8,1.0,8,-1
1903020,1903322,8,3.640956906507349,0.8,81,0.8888888888888891,1.0,0,-1
1903020,1910859,8,3.640956906507349,0.8,81,0.8888888888888891,1.0,0,-1
1903020,1915355,8,3.640956906507349,0.8,81,0.8888888888888891,1.0,0,-1
1903020,1919585,8,3.640956906507349,0.8,81,0.8888888888888891,1.0,4,-1
1903020,1924824,8,3.640956906507349,0.8,81,0.8888888888888891,1.0,4,-1
1903020,1929772,8,3.640956906507349,0.8,81,0.8888888888888891,1.0,0,-1
1903044,1903355,5,2.7905531327562363,0.7142857142857143,36,0.8333333333333333,1.0,12,-1
1903044,1908324,5,2.7905531327562363,0.7142857142857143,36,0.8333333333333333,1.0,12,-1
1903044,1920898,5,2.7905531327562363,0.7142857142857143,36,0.8333333333333333,1.0,12,-1
1903044,1920903,5,2.7905531327562363,0.7142857142857143,36,0.8333333333333333,1.0,12,-1
1903044,1921446,5,2.7905531327562363,0.7142857142857143,36,0.8333333333333333,1.0,12,-1
1903048,1940250,0,0.0,0.0,2,0.0,1.0,1,-1
1903056,1903302,3,1.1367695450698536,0.2727272727272727,48,0.21428571428571427,0.5,4,-1
1903056,1904904,7,2.967155202802333,0.7777777777777778,64,0.6642857142857143,1.0,0,-1
1903056,1921755,3,1.1367695450698536,0.2727272727272727,48,0.21428571428571427,0.5,0,-1
1903056,1921767,3,1.1367695450698536,0.2727272727272727,48,0.21428571428571427,0.5,4,-1
1903056,1929743,7,2.967155202802333,0.7777777777777778,64,0.6642857142857143,1.0,7,-1
1903059,1904099,7,3.366288428740915,0.7777777777777778,64,0.875,1.0,0,-1
1903078,1919719,0,0.0,0.0,1,0.0,1.0,2,-1
1903113,1903128,3,2.164042561333445,0.6,16,0.75,1.0,8,-1
1903113,1903770,3,2.164042561333445,0.6,16,0.75,1.0,8,-1
1903117,1903139,1,1.4426950408889634,0.2,8,0.5,1.0,3,1
1903117,1928307,1,0.7213475204444817,0.5,2,0.25,0.5,0,1
1903117,1943986,1,0.7213475204444817,0.3333333333333333,4,0.25,1.0,2,-1
1903128,1903770,3,2.164042561333445,0.6,16,0.75,1.0,8,-1
1903139,1928307,0,0.0,0.0,4,0.0,1.0,0,1
1903139,1943986,1,1.4426950408889634,0.2,8,0.5,1.0,2,-1
1903167,1914383,4,2.4853397382384474,0.6666666666666666,25,0.8,1.0,7,-1
1903175,1914710,2,1.8204784532536746,0.5,9,0.6666666666666666,1.0,3,-1
1903175,1914751,2,1.8204784532536746,0.5,9,0.6666666666666666,1.0,3,-1
1903227,1929565,1,1.4426950408889634,0.3333333333333333,4,0.5,1.0,4,-1
1903239,1903255,7,3.366288428740915,0.7777777777777778,64,0.875,1.0,8,-1
1903239,1903257,7,3.366288428740915,0.7777777777777778,64,0.875,1.0,8,-1
1903239,1904896,7,3.366288428740915,0.7777777777777778,64,0.875,1.0,8,-1
1903239,1911891,7,3.366288428740915,0.7777777777777778,64,0.875,1.0,8,-1
1903239,1920815,7,3.366288428740915,0.7777777777777778,64,0.875,1.0,8,-1
1903239,1920826,7,3.366288428740915,0.7777777777777778,64,0.875,1.0,8,-1
1903240,1904249,6,3.083390054218504,0.75,49,0.857142857142857,1.0,12,-1
1903240,1911388,6,3.083390054218504,0.75,49,0.857142857142857,1.0,12,-1
1903255,1903257,7,3.366288428740915,0.7777777777777778,64,0.875,1.0,12,-1
1903255,1904896,7,3.366288428740915,0.7777777777777778,64,0.875,1.0,8,-1
1903255,1911891,7,3.366288428740915,0.7777777777777778,64,0.875,1.0,12,-1
1903255,1920815,7,3.366288428740915,0.7777777777777778,64,0.875,1.0,8,-1
1903255,1920826,7,3.366288428740915,0.7777777777777778,64,0.875,1.0,12,-1
1903257,1904896,7,3.366288428740915,0.7777777777777778,64,0.875,1.0,8,-1
1903257,1911891,7,3.366288428740915,0.7777777777777778,64,0.875,1.0,12,-1
1903257,1920815,7,3.366288428740915,0.7777777777777778,64,0.875,1.0,8,-1
1903257,1920826,7,3.366288428740915,0.7777777777777778,64,0.875,1.0,12,-1
1903271,1925053,0,0.0,0.0,1,0.0,1.0,2,-1
1903277,1919235,9,3.891388246650261,0.75,110,0.8909090909090908,1.0,13,-1
1903277,1920011,2,0.8340647828484926,0.2,20,0.18181818181818182,0.5,6,-1
1903277,1921396,9,3.8741261561712554,0.8181818181818182,100,0.8818181818181817,1.0,13,-1
1903277,1921400,9,3.8741261561712554,0.8181818181818182,100,0.8818181818181817,1.0,0,-1
1903277,1929704,9,3.8741261561712554,0.8181818181818182,100,0.8818181818181817,1.0,0,-1
1903287,1910817,4,2.4853397382384474,0.6666666666666666,25,0.8,1.0,3,-1
1903287,1912734,4,2.4853397382384474,0.6666666666666666,25,0.8,1.0,0,-1
1903287,1919249,4,2.4853397382384474,0.6666666666666666,25,0.8,1.0,3,-1
1903290,1903298,2,1.8204784532536746,0.5,9,0.6666666666666666,1.0,5,-1
1903290,1920049,2,1.8204784532536746,0.5,9,0.6666666666666666,1.0,5,-1
1903290,1920061,2,1.8204784532536746,0.5,9,0.6666666666666666,1.0,3,-1
1903298,1920049,2,1.8204784532536746,0.5,9,0.6666666666666666,1.0,5,-1
1903298,1920061,2,1.8204784532536746,0.5,9,0.6666666666666666,1.0,3,-1
1903302,1904904,3,1.1367695450698536,0.2727272727272727,48,0.21428571428571427,0.5,0,-1
1903302,1921755,5,2.2529907981723483,0.7142857142857143,36,0.5476190476190476,1.0,0,-1
1903302,1921767,5,2.2529907981723483,0.7142857142857143,36,0.5476190476190476,1.0,5,-1
1903302,1929743,3,1.1367695450698536,0.2727272727272727,48,0.21428571428571427,0.5,4,-1
1903307,1910869,0,0.0,0.0,1,0.0,1.0,1,-1
1903316,1918695,2,1.8204784532536746,0.5,9,0.6666666666666666,1.0,6,-1
1903316,1930196,2,1.8204784532536746,0.5,9,0.6666666666666666,1.0,6,-1
1903321,1903346,2,1.531574161186449,0.3333333333333333,15,0.5333333333333333,1.0,3,-1
1903321,1925212,2,1.2426698691192237,0.5,9,0.4,1.0,3,-1
1903321,1930199,2,1.531574161186449,0.3333333333333333,15,0.5333333333333333,1.0,3,-1
1903322,1910859,8,3.640956906507349,0.8,81,0.8888888888888891,1.0,0,-1
1903322,1915355,8,3.640956906507349,0.8,81,0.8888888888888891,1.0,0,-1
1903322,1919585,8,3.640956906507349,0.8,81,0.8888888888888891,1.0,0,-1
1903322,1924824,8,3.640956906507349,0.8,81,0.8888888888888891,1.0,0,-1
1903322,1929772,8,3.640956906507349,0.8,81,0.8888888888888891,1.0,0,-1
1903326,1921431,3,2.164042561333445,0.6,16,0.75,1.0,0,-1
1903326,1921447,3,2.164042561333445,0.6,16,0.75,1.0,0,-1
1903341,1903692,5,2.6348721105868336,0.7142857142857143,36,0.7499999999999999,1.0,6,-1
1903341,1908841,5,2.7905531327562363,0.38461538461538464,72,0.8333333333333333,1.0,6,-1
1903341,1909376,1,0.40242960438184466,0.09090909090909091,36,0.08333333333333333,0.5,2,-1
1903341,1911245,5,2.6348721105868336,0.7142857142857143,36,0.7499999999999999,1.0,6,-1
1903341,1911249,5,2.6348721105868336,0.7142857142857143,36,0.7499999999999999,1.0,7,-1
1903341,1919540,1,0.40242960438184466,0.09090909090909091,36,0.08333333333333333,0.5,2,-1
1903341,1921052,5,2.6348721105868336,0.7142857142857143,36,0.7499999999999999,1.0,6,-1
1903341,1925030,1,0.40242960438184466,0.09090909090909091,36,0.08333333333333333,0.5,2,-1
1903346,1925212,2,1.531574161186449,0.3333333333333333,15,0.5333333333333333,1.0,3,-1
1903346,1930199,4,3.6409569065073493,0.6666666666666666,25,1.3333333333333333,1.0,5,1
1903355,1908324,5,2.7905531327562363,0.7142857142857143,36,0.8333333333333333,1.0,12,-1
1903355,1920898,5,2.7905531327562363,0.7142857142857143,36,0.8333333333333333,1.0,12,-1
1903355,1920903,5,2.7905531327562363,0.7142857142857143,36,0.8333333333333333,1.0,12,-1
1903355,1921446,5,2.7905531327562363,0.7142857142857143,36,0.8333333333333333,1.0,12,-1
1903377,1925437,0,0.0,0.0,1,0.0,1.0,2,-1
1903410,1904993,1,1.4426950408889634,0.3333333333333333,4,0.5,1.0,4,-1
1903426,1903653,5,2.7905531327562363,0.7142857142857143,36,0.8333333333333333,1.0,6,-1
1903426,1903666,5,2.7905531327562363,0.7142857142857143,36,0.8333333333333333,1.0,8,-1
1903426,1905002,5,2.7905531327562363,0.7142857142857143,36,0.8333333333333333,1.0,6,-1
1903426,1915252,5,2.7905531327562363,0.7142857142857143,36,0.8333333333333333,1.0,6,-1
1903438,1904403,3,2.164042561333445,0.6,16,0.75,1.0,2,-1
1903454,1925351,2,1.8204784532536746,0.5,9,0.6666666666666666,1.0,3,-1
1903454,1925356,2,1.8204784532536746,0.5,9,0.6666666666666666,1.0,5,-1
1903454,1925377,2,1.8204784532536746,0.5,9,0.6666666666666666,1.0,5,-1
1903478,1930749,2,1.8204784532536746,0.5,9,0.6666666666666666,1.0,3,-1
1903478,1934862,2,1.8204784532536746,0.5,9,0.6666666666666666,1.0,3,-1
1903478,1942636,2,1.8204784532536746,0.5,9,0.6666666666666666,1.0,3,-1
1903485,1904079,2,1.8204784532536746,0.5,9,0.6666666666666666,1.0,6,-1
1903492,1903737,2,1.391137573589825,0.5,9,0.4583333333333333,1.0,2,-1
1903492,1907027,1,0.48089834696298783,0.16666666666666666,12,0.125,0.5,0,-1
1903492,1907363,1,0.48089834696298783,0.16666666666666666,12,0.125,0.5,0,-1
1903492,1914883,2,1.8204784532536746,0.2222222222222222,24,0.6666666666666666,1.0,0,-1
1903492,1915868,1,0.48089834696298783,0.14285714285714285,15,0.125,0.5,0,-1
1903492,1924835,1,0.48089834696298783,0.25,6,0.125,0.5,0,-1
1903492,1930532,1,0.48089834696298783,0.16666666666666666,12,0.125,0.5,0,-1
1903497,1903741,3,2.164042561333445,0.6,16,0.75,1.0,2,-1
1903555,1919712,1,1.4426950408889634,0.3333333333333333,4,0.5,1.0,2,-1
1903559,1911115,3,2.164042561333445,0.6,16,0.75,1.0,0,-1
1903559,1919386,3,2.164042561333445,0.6,16,0.75,1.0,0,-1
1903591,1904885,1,0.48089834696298783,0.125,18,0.125,0.5,0,-1
1903591,1905623,2,1.391137573589825,0.5,9,0.4583333333333333,1.0,2,-1
1903591,1915693,2,1.8204784532536746,0.2222222222222222,24,0.6666666666666666,1.0,0,-1
1903591,1921167,1,0.48089834696298783,0.14285714285714285,15,0.125,0.5,0,-1
1903591,1921718,1,0.48089834696298783,0.14285714285714285,15,0.125,0.5,0,-1
1903591,1925644,2,1.391137573589825,0.5,9,0.4583333333333333,1.0,0,-1
1903596,1903602,5,2.7905531327562363,0.7142857142857143,36,0.8333333333333333,1.0,6,-1
1903596,1912293,5,2.7905531327562363,0.7142857142857143,36,0.8333333333333333,1.0,6,-1
1903596,1919745,5,2.7905531327562363,0.7142857142857143,36,0.8333333333333333,1.0,6,-1
1903596,1925100,5,2.7905531327562363,0.7142857142857143,36,0.8333333333333333,1.0,6,-1
1903602,1912293,5,2.7905531327562363,0.7142857142857143,36,0.8333333333333333,1.0,6,-1
1903602,1919745,5,2.7905531327562363,0.7142857142857143,36,0.8333333333333333,1.0,6,-1
1903602,1925100,5,2.7905531327562363,0.7142857142857143,36,0.8333333333333333,1.0,6,-1
1903615,1904113,2,1.8204784532536746,1.0,4,0.6666666666666666,0.5,5,-1
1903615,1915354,1,0.9102392266268373,0.25,6,0.3333333333333333,1.0,2,-1
1903629,1935771,1,0.9102392266268373,0.5,2,0.3333333333333333,0.5,2,-1
1903629,1937001,1,0.9102392266268373,0.5,2,0.3333333333333333,0.5,2,-1
1903638,1903651,1,1.4426950408889634,0.3333333333333333,4,0.5,1.0,3,-1
1903653,1903666,5,2.7905531327562363,0.7142857142857143,36,0.8333333333333333,1.0,6,-1
1903653,1905002,5,2.7905531327562363,0.7142857142857143,36,0.8333333333333333,1.0,6,-1
1903653,1915252,5,2.7905531327562363,0.7142857142857143,36,0.8333333333333333,1.0,6,-1
1903666,1905002,5,2.7905531327562363,0.7142857142857143,36,0.8333333333333333,1.0,6,-1
1903666,1915252,5,2.7905531327562363,0.7142857142857143,36,0.8333333333333333,1.0,6,-1
1903688,1919760,2,1.8204784532536746,0.5,9,0.6666666666666666,1.0,0,1
1903692,1908841,5,2.7905531327562363,0.38461538461538464,72,0.8333333333333333,1.0,8,-1
1903692,1909376,1,0.40242960438184466,0.09090909090909091,36,0.08333333333333333,0.5,2,-1
1903692,1911245,5,2.6348721105868336,0.7142857142857143,36,0.7499999999999999,1.0,8,-1
1903692,1911249,5,2.6348721105868336,0.7142857142857143,36,0.7499999999999999,1.0,6,-1
1903692,1919540,1,0.40242960438184466,0.09090909090909091,36,0.08333333333333333,0.5,2,-1
1903692,1921052,5,2.6348721105868336,0.7142857142857143,36,0.7499999999999999,1.0,6,-1
1903692,1925030,1,0.40242960438184466,0.09090909090909091,36,0.08333333333333333,0.5,2,-1
1903709,1903713,3,2.164042561333445,0.6,16,0.75,1.0,0,-1
1903709,1914276,3,2.164042561333445,0.6,16,0.75,1.0,1,-1
1903713,1914276,3,2.164042561333445,0.6,16,0.75,1.0,0,-1
1903724,1905251,2,1.8204784532536746,0.5,9,0.6666666666666666,1.0,4,-1
1903724,1905255,2,1.8204784532536746,0.5,9,0.6666666666666666,1.0,3,-1
1903737,1907027,1,0.48089834696298783,0.16666666666666666,12,0.125,0.5,0,-1
1903737,1907363,1,0.48089834696298783,0.16666666666666666,12,0.125,0.5,0,-1
1903737,1914883,2,1.8204784532536746,0.2222222222222222,24,0.6666666666666666,1.0,0,-1
1903737,1915868,1,0.48089834696298783,0.14285714285714285,15,0.125,0.5,0,-1
1903737,1924835,1,0.48089834696298783,0.25,6,0.125,0.5,0,-1
1903737,1930532,1,0.48089834696298783,0.16666666666666666,12,0.125,0.5,0,-1
1903744,1903774,7,3.246063842000168,0.7777777777777778,64,0.8125,1.0,16,-1
1903744,1904068,7,3.246063842000168,0.7777777777777778,64,0.8125,1.0,16,-1
1903744,1912415,7,3.246063842000168,0.7777777777777778,64,0.8125,1.0,16,-1
1903744,1912420,7,3.246063842000168,0.7777777777777778,64,0.8125,1.0,16,-1
1903744,1920161,7,3.246063842000168,0.7777777777777778,64,0.8125,1.0,16,-1
1903744,1920171,7,3.246063842000168,0.7777777777777778,64,0.8125,1.0,16,-1
1903744,1925254,7,3.246063842000168,0.7777777777777778,64,0.8125,1.0,16,-1
1903751,1904101,2,1.8204784532536746,0.5,9,0.6666666666666666,1.0,0,-1
1903769,1910405,2,1.8204784532536746,0.25,21,0.6666666666666666,1.0,0,-1
1903769,1911548,2,1.424137568996588,0.5,9,0.47619047619047616,1.0,0,-1
1903769,1924563,1,0.5138983423697507,0.16666666666666666,12,0.14285714285714285,0.5,0,-1
1903769,1924591,1,0.5138983423697507,0.16666666666666666,12,0.14285714285714285,0.5,0,-1
1903769,1929831,1,0.5138983423697507,0.16666666666666666,12,0.14285714285714285,0.5,0,-1
1903769,1929879,1,0.5138983423697507,0.16666666666666666,12,0.14285714285714285,0.5,0,-1
1903774,1904068,7,3.246063842000168,0.7777777777777778,64,0.8125,1.0,16,-1
1903774,1912415,7,3.246063842000168,0.7777777777777778,64,0.8125,1.0,16,-1
1903774,1912420,7,3.246063842000168,0.7777777777777778,64,0.8125,1.0,16,-1
1903774,1920161,7,3.246063842000168,0.7777777777777778,64,0.8125,1.0,16,-1
1903774,1920171,7,3.246063842000168,0.7777777777777778,64,0.8125,1.0,16,-1
1903774,1925254,7,3.246063842000168,0.7777777777777778,64,0.8125,1.0,16,-1
1903785,1905685,1,0.3396232718951086,0.05555555555555555,60,0.05263157894736842,0.5,0,-1
1903785,1924623,1,0.3396232718951086,0.05555555555555555,60,0.05263157894736842,0.5,0,-1
1903785,1924629,1,0.3396232718951086,0.05555555555555555,60,0.05263157894736842,0.5,0,-1
1903785,1925560,1,0.3396232718951086,0.05555555555555555,60,0.05263157894736842,0.5,0,-1
1903785,1925592,14,5.140125121790224,0.875,225,0.9192982456140351,1.0,0,-1
1903785,1925597,14,5.140125121790224,0.875,225,0.9192982456140351,1.0,0,-1
1903785,1925600,14,5.140125121790224,0.875,225,0.9192982456140351,1.0,2,-1
1903785,1929583,14,5.140125121790224,0.875,225,0.9192982456140351,1.0,0,-1
1903785,1933745,14,5.140125121790224,0.875,225,0.9192982456140351,1.0,0,-1
1903785,1934404,14,5.140125121790224,0.875,225,0.9192982456140351,1.0,0,-1
1903785,1934512,14,5.140125121790224,0.875,225,0.9192982456140351,1.0,0,-1
1903786,1903817,4,2.4853397382384474,0.6666666666666666,25,0.8,1.0,5,-1
1903792,1904028,2,1.8204784532536746,0.5,9,0.6666666666666666,1.0,2,-1
1903792,1929411,2,1.8204784532536746,0.5,9,0.6666666666666666,1.0,2,-1
1903792,1929524,2,1.8204784532536746,0.5,9,0.6666666666666666,1.0,0,-1
1903797,1905325,5,2.7905531327562363,0.7142857142857143,36,0.8333333333333333,1.0,5,-1
1903802,1903807,2,1.8204784532536746,0.5,9,0.6666666666666666,1.0,4,-1
1903844,1903858,5,2.7905531327562363,0.7142857142857143,36,0.8333333333333333,1.0,6,-1
1903844,1915437,5,2.7905531327562363,0.7142857142857143,36,0.8333333333333333,1.0,6,-1
1903858,1915437,5,2.7905531327562363,0.7142857142857143,36,0.8333333333333333,1.0,6,-1
1903910,1903990,3,2.164042561333445,0.6,16,0.75,1.0,0,-1
1903920,1905207,9,3.6963129201470704,0.8181818181818182,100,0.7909090909090909,1.0,10,-1
1903920,1915490,9,3.7613380289814673,0.5625,150,0.8242424242424242,1.0,19,-1
1903920,1915500,9,3.6963129201470704,0.8181818181818182,100,0.7909090909090909,1.0,19,-1
1903920,1916997,2,0.7863017644931014,0.2,20,0.1575757575757576,0.5,3,-1
1903920,1919353,2,0.7385387461377101,0.14285714285714285,60,0.13333333333333333,0.5,6,-1
1903920,1919615,2,0.7385387461377101,0.16666666666666666,40,0.13333333333333333,0.5,6,-1
1903920,1936660,1,0.36926937306885504,0.07692307692307693,40,0.06666666666666667,0.5,2,-1
1903920,1943505,1,0.36926937306885504,0.07692307692307693,40,0.06666666666666667,0.5,2,-1
1903920,1944057,1,0.36926937306885504,0.07692307692307693,40,0.06666666666666667,0.5,2,-1
1903935,1905535,1,0.9102392266268373,0.25,6,0.3333333333333333,1.0,4,1
1903935,1930006,2,1.8204784532536746,1.0,4,0.6666666666666666,0.5,6,-1
1904000,1924579,1,0.48089834696298783,0.14285714285714285,16,0.125,0.5,2,-1
1904000,1934219,1,0.48089834696298783,0.14285714285714285,16,0.125,0.5,2,-1
1904000,1934248,1,0.48089834696298783,0.14285714285714285,16,0.125,0.5,2,-1
1904028,1929411,2,1.8204784532536746,0.5,9,0.6666666666666666,1.0,2,-1
1904028,1929524,2,1.8204784532536746,0.5,9,0.6666666666666666,1.0,0,-1
1904040,1906944,1,0.3898712452512801,0.08333333333333333,40,0.07692307692307693,0.5,4,-1
1904040,1910855,7,3.2752613270292072,0.7777777777777778,64,0.8269230769230769,1.0,16,-1
1904040,1921162,1,0.3898712452512801,0.08333333333333333,40,0.07692307692307693,0.5,4,-1
1904040,1925095,1,0.3898712452512801,0.08333333333333333,40,0.07692307692307693,0.5,4,-1
1904057,1904063,2,1.8204784532536746,0.5,9,0.6666666666666666,1.0,3,-1
1904068,1912415,7,3.246063842000168,0.7777777777777778,64,0.8125,1.0,16,-1
1904068,1912420,7,3.246063842000168,0.7777777777777778,64,0.8125,1.0,16,-1
1904068,1920161,7,3.246063842000168,0.7777777777777778,64,0.8125,1.0,16,-1
1904068,1920171,7,3.246063842000168,0.7777777777777778,64,0.8125,1.0,16,-1
1904068,1925254,7,3.246063842000168,0.7777777777777778,64,0.8125,1.0,16,-1
1904113,1915354,1,0.9102392266268373,0.25,6,0.3333333333333333,1.0,2,-1
1904125,1936812,2,1.8204784532536746,0.5,9,0.6666666666666666,1.0,3,-1
1904125,1936823,2,1.8204784532536746,0.5,9,0.6666666666666666,1.0,3,-1
1904147,1905094,4,2.232442506204989,0.3333333333333333,55,0.6666666666666666,1.0,0,-1
1904147,1905107,4,2.091364271077988,0.5714285714285714,30,0.5909090909090909,1.0,0,-1
1904166,1914375,2,1.8204784532536746,0.5,9,0.6666666666666666,1.0,5,-1
1904174,1930347,2,1.8204784532536746,0.4,12,0.6666666666666666,1.0,0,-1
1904174,1930362,2,1.8204784532536746,0.4,12,0.6666666666666666,1.0,0,-1
1904174,1930475,0,0.0,0.0,4,0.0,1.0,0,-1
1904174,1934613,2,1.8204784532536746,0.4,12,0.6666666666666666,1.0,0,-1
1904210,1905936,2,1.8204784532536746,0.2,27,0.6666666666666666,1.0,0,1
1904210,1943879,2,1.365358839940256,0.5,9,0.4444444444444444,1.0,0,-1
1904210,1944000,2,1.365358839940256,0.5,9,0.4444444444444444,1.0,0,-1
1904249,1911388,6,3.083390054218504,0.75,49,0.857142857142857,1.0,12,-1
1904317,1905301,2,1.8204784532536746,0.5,9,0.6666666666666666,1.0,0,1
1904317,1905315,2,1.8204784532536746,0.5,9,0.6666666666666666,1.0,2,1
1904350,1914546,3,2.164042561333445,0.6,16,0.75,1.0,0,-1
1904431,1926084,1,0.45511961331341866,0.125,20,0.1111111111111111,0.5,1,-1
1904431,1929643,4,2.319124416992254,0.6666666666666666,25,0.7111111111111112,1.0,4,-1
1904431,1929943,1,0.45511961331341866,0.125,20,0.1111111111111111,0.5,1,-1
1904431,1930649,1,0.45511961331341866,0.125,20,0.1111111111111111,0.5,2,-1
1904431,1934478,4,2.4853397382384474,0.4,45,0.8,1.0,0,-1
1904431,1942523,1,0.45511961331341866,0.125,20,0.1111111111111111,0.5,2,-1
1904451,1904479,2,1.8204784532536746,0.5,9,0.6666666666666666,1.0,6,-1
1904632,1905710,2,1.8204784532536746,0.5,9,0.6666666666666666,1.0,0,-1
1904699,1914969,2,1.8204784532536746,0.2222222222222222,24,0.6666666666666666,1.0,3,-1
1904699,1920276,2,1.391137573589825,0.5,9,0.4583333333333333,1.0,3,1
1904699,1943992,2,1.391137573589825,0.5,9,0.4583333333333333,1.0,3,-1
1904756,1912702,4,2.4853397382384474,0.6666666666666666,25,0.8,1.0,10,-1
1904756,1915611,4,2.4853397382384474,0.6666666666666666,25,0.8,1.0,10,-1
1904885,1905623,1,0.48089834696298783,0.125,18,0.125,0.5,0,-1
1904885,1915693,4,2.4853397382384474,0.4,48,0.8,1.0,5,-1
1904885,1921167,4,2.3449031506418234,0.5714285714285714,30,0.7250000000000001,1.0,5,-1
1904885,1921718,4,2.3449031506418234,0.5714285714285714,30,0.7250000000000001,1.0,5,-1
1904885,1925644,1,0.48089834696298783,0.125,18,0.125,0.5,2,-1
1904896,1911891,7,3.366288428740915,0.7777777777777778,64,0.875,1.0,8,-1
1904896,1920815,7,3.366288428740915,0.7777777777777778,64,0.875,1.0,8,-1
1904896,1920826,7,3.366288428740915,0.7777777777777778,64,0.875,1.0,8,-1
1904904,1921755,3,1.1367695450698536,0.2727272727272727,48,0.21428571428571427,0.5,0,-1
1904904,1921767,3,1.1367695450698536,0.2727272727272727,48,0.21428571428571427,0.5,0,-1
1904904,1929743,7,2.967155202802333,0.7777777777777778,64,0.6642857142857143,1.0,0,-1
1904933,1905778,12,4.678454943015361,0.75,195,0.9230769230769229,1.0,0,-1
1904933,1916596,12,4.678454943015361,0.75,195,0.9230769230769229,1.0,9,1
1904933,1924693,12,4.678454943015361,0.75,195,0.9230769230769229,1.0,9,1
1904933,1925498,12,4.678454943015361,0.75,195,0.9230769230769229,1.0,0,-1
1904933,1925519,12,4.678454943015361,0.75,195,0.9230769230769229,1.0,0,-1
1904933,1925522,12,4.678454943015361,0.75,195,0.9230769230769229,1.0,0,1
1904933,1929930,12,4.678454943015361,0.75,195,0.9230769230769229,1.0,9,-1
1904933,1929956,12,4.678454943015361,0.75,195,0.9230769230769229,1.0,9,1
1904933,1930034,12,4.678454943015361,0.75,195,0.9230769230769229,1.0,0,-1
1904933,1930036,12,4.678454943015361,0.75,195,0.9230769230769229,1.0,0,-1
1904933,1930191,1,1.4426950408889634,0.0625,30,0.5,1.0,4,-1
1904933,1934448,12,4.678454943015361,0.75,195,0.9230769230769229,1.0,0,-1
1904933,1934453,12,4.678454943015361,0.75,195,0.9230769230769229,1.0,5,-1
1904933,1934543,1,1.4426950408889634,0.0625,30,0.5,1.0,4,-1
1904963,1906224,2,1.8204784532536746,0.5,9,0.6666666666666666,1.0,5,1
1904963,1925969,2,1.8204784532536746,0.5,9,0.6666666666666666,1.0,3,-1
1904963,1925973,2,1.8204784532536746,0.5,9,0.6666666666666666,1.0,5,-1
1904983,1925872,6,3.083390054218504,0.75,49,0.857142857142857,1.0,11,-1
1904983,1930505,6,3.083390054218504,0.75,49,0.857142857142857,1.0,7,-1
1904983,1942042,6,3.083390054218504,0.75,49,0.857142857142857,1.0,11,-1
1904983,1942059,6,3.083390054218504,0.75,49,0.857142857142857,1.0,11,-1
1904986,1935839,4,2.3779031460485864,0.6666666666666666,25,0.7428571428571429,1.0,10,-1
1904986,1935849,4,2.3779031460485864,0.6666666666666666,25,0.7428571428571429,1.0,10,-1
1904986,1936583,4,2.3779031460485864,0.6666666666666666,25,0.7428571428571429,1.0,10,-1
1904986,1943901,1,0.5138983423697507,0.16666666666666666,10,0.14285714285714285,0.5,4,-1
1904986,1944337,4,2.3779031460485864,0.6666666666666666,25,0.7428571428571429,1.0,10,-1
1905000,1929707,2,1.424137568996588,0.25,21,0.47619047619047616,1.0,3,-1
1905000,1929728,2,1.424137568996588,0.25,21,0.47619047619047616,1.0,3,-1
1905002,1915252,5,2.7905531327562363,0.7142857142857143,36,0.8333333333333333,1.0,8,-1
1905013,1934481,1,0.6213349345596119,0.25,4,0.2,0.5,2,-1
1905013,1934962,3,2.064029975448575,0.6,16,0.7,1.0,4,-1
1905013,1935223,3,2.0640299754485754,0.6,16,0.7,1.0,4,-1
1905017,1915321,3,2.164042561333445,0.6,16,0.75,1.0,0,-1
1905094,1905107,4,2.2956668142133534,0.3076923076923077,66,0.7,1.0,4,-1
1905135,1915423,3,2.164042561333445,0.6,16,0.75,1.0,0,1
1905167,1905177,8,3.640956906507349,0.8,81,0.8888888888888891,1.0,0,-1
1905167,1905187,8,3.640956906507349,0.8,81,0.8888888888888891,1.0,0,-1
1905167,1915495,8,3.640956906507349,0.8,81,0.8888888888888891,1.0,4,-1
1905177,1905187,8,3.640956906507349,0.8,81,0.8888888888888891,1.0,1,-1
1905177,1915495,8,3.640956906507349,0.8,81,0.8888888888888891,1.0,0,-1
1905187,1915495,8,3.640956906507349,0.8,81,0.8888888888888891,1.0,0,-1
1905207,1915490,9,3.7613380289814673,0.5625,150,0.8242424242424242,1.0,10,-1
1905207,1915500,9,3.6963129201470704,0.8181818181818182,100,0.7909090909090909,1.0,10,-1
1905207,1916997,2,0.7863017644931014,0.2,20,0.1575757575757576,0.5,3,-1
1905207,1919353,2,0.7385387461377101,0.14285714285714285,60,0.13333333333333333,0.5,3,-1
1905207,1919615,2,0.7385387461377101,0.16666666666666666,40,0.13333333333333333,0.5,3,-1
1905207,1936660,1,0.36926937306885504,0.07692307692307693,40,0.06666666666666667,0.5,2,-1
1905207,1943505,1,0.36926937306885504,0.07692307692307693,40,0.06666666666666667,0.5,2,-1
1905207,1944057,1,0.36926937306885504,0.07692307692307693,40,0.06666666666666667,0.5,2,-1
1905251,1905255,2,1.8204784532536746,0.5,9,0.6666666666666666,1.0,3,-1
1905277,1926995,4,2.4853397382384474,0.4444444444444444,40,0.8,1.0,3,-1
1905277,1927020,4,2.4853397382384474,0.4444444444444444,40,0.8,1.0,3,-1
1905277,1934851,4,2.4853397382384474,0.4444444444444444,40,0.8,1.0,3,-1
1905301,1905315,2,1.8204784532536746,0.5,9,0.6666666666666666,1.0,0,1
1905348,1929958,1,0.5138983423697507,0.16666666666666666,10,0.14285714285714285,0.5,2,-1
1905348,1929963,1,0.5138983423697507,0.16666666666666666,10,0.14285714285714285,0.5,2,-1
1905348,1934327,1,0.5138983423697507,0.16666666666666666,10,0.14285714285714285,0.5,2,-1
1905505,1905882,3,2.164042561333445,0.6,16,0.75,1.0,4,-1
1905535,1930006,1,0.9102392266268373,0.25,6,0.3333333333333333,1.0,4,-1
1905553,1919820,3,1.5416950271092522,0.5,20,0.42857142857142855,0.5,8,-1
1905553,1921662,3,1.7491442051839832,0.375,28,0.5357142857142857,1.0,6,-1
1905553,1929996,3,1.7491442051839832,0.375,28,0.5357142857142857,1.0,6,-1
1905553,1933844,3,1.5416950271092522,0.5,20,0.42857142857142855,0.5,4,-1
1905609,1916705,5,2.7905531327562363,0.7142857142857143,36,0.8333333333333333,1.0,5,-1
1905609,1933410,5,2.7905531327562363,0.7142857142857143,36,0.8333333333333333,1.0,5,-1
1905609,1944109,5,2.7905531327562363,0.7142857142857143,36,0.8333333333333333,1.0,7,-1
1905609,1944119,5,2.7905531327562363,0.7142857142857143,36,0.8333333333333333,1.0,0,-1
1905609,1944171,5,2.7905531327562363,0.7142857142857143,36,0.8333333333333333,1.0,5,-1
1905609,1944310,5,2.7905531327562363,0.7142857142857143,36,0.8333333333333333,1.0,7,-1
1905623,1915693,2,1.8204784532536746,0.2222222222222222,24,0.6666666666666666,1.0,0,-1
1905623,1921167,1,0.48089834696298783,0.14285714285714285,15,0.125,0.5,0,-1
1905623,1921718,1,0.48089834696298783,0.14285714285714285,15,0.125,0.5,0,-1
1905623,1925644,2,1.391137573589825,0.5,9,0.4583333333333333,1.0,0,-1
1905634,1926260,3,2.164042561333445,0.6,16,0.75,1.0,0,-1
1905634,1934234,3,2.164042561333445,0.6,16,0.75,1.0,3,-1
1905634,1934932,3,2.164042561333445,0.6,16,0.75,1.0,3,-1
1905634,1935171,3,2.164042561333445,0.6,16,0.75,1.0,3,-1
1905685,1924623,3,1.782318312784072,0.6,16,0.5526315789473684,1.0,3,-1
1905685,1924629,3,1.782318312784072,0.6,16,0.5526315789473684,1.0,3,-1
1905685,1925560,3,1.782318312784072,0.6,16,0.5526315789473684,1.0,4,-1
1905685,1925592,1,0.3396232718951086,0.05555555555555555,60,0.05263157894736842,0.5,0,-1
1905685,1925597,1,0.3396232718951086,0.05555555555555555,60,0.05263157894736842,0.5,0,-1
1905685,1925600,1,0.3396232718951086,0.05555555555555555,60,0.05263157894736842,0.5,0,-1
1905685,1929583,1,0.3396232718951086,0.05555555555555555,60,0.05263157894736842,0.5,0,-1
1905685,1933745,1,0.3396232718951086,0.05555555555555555,60,0.05263157894736842,0.5,0,-1
1905685,1934404,1,0.3396232718951086,0.05555555555555555,60,0.05263157894736842,0.5,0,-1
1905685,1934512,1,0.3396232718951086,0.05555555555555555,60,0.05263157894736842,0.5,0,-1
1905695,1915883,2,1.8204784532536746,0.5,9,0.6666666666666666,1.0,6,-1
1905717,1905746,5,2.7905531327562363,0.7142857142857143,36,0.8333333333333333,1.0,0,1
1905717,1906377,5,2.7905531327562363,0.7142857142857143,36,0.8333333333333333,1.0,0,-1
1905717,1912382,5,2.7905531327562363,0.7142857142857143,36,0.8333333333333333,1.0,0,-1
1905717,1915142,5,2.7905531327562363,0.7142857142857143,36,0.8333333333333333,1.0,0,-1
1905717,1921793,5,2.7905531327562363,0.7142857142857143,36,0.8333333333333333,1.0,0,-1
1905717,1930204,5,2.7905531327562363,0.7142857142857143,36,0.8333333333333333,1.0,0,-1
1905746,1906377,5,2.7905531327562363,0.7142857142857143,36,0.8333333333333333,1.0,10,-1
1905746,1912382,5,2.7905531327562363,0.7142857142857143,36,0.8333333333333333,1.0,10,-1
1905746,1915142,5,2.7905531327562363,0.7142857142857143,36,0.8333333333333333,1.0,10,-1
1905746,1921793,5,2.7905531327562363,0.7142857142857143,36,0.8333333333333333,1.0,10,-1
1905746,1930204,5,2.7905531327562363,0.7142857142857143,36,0.8333333333333333,1.0,10,-1
1905766,1915912,5,2.7905531327562363,0.7142857142857143,36,0.8333333333333333,1.0,9,-1
1905778,1916596,12,4.657853070832936,0.8571428571428571,169,0.9128205128205127,1.0,0,-1
1905778,1924693,12,4.657853070832936,0.8571428571428571,169,0.9128205128205127,1.0,0,-1
1905778,1925498,12,4.657853070832936,0.8571428571428571,169,0.9128205128205127,1.0,0,-1
1905778,1925519,12,4.657853070832936,0.8571428571428571,169,0.9128205128205127,1.0,0,-1
1905778,1925522,12,4.657853070832936,0.8571428571428571,169,0.9128205128205127,1.0,0,-1
1905778,1929930,12,4.657853070832936,0.8571428571428571,169,0.9128205128205127,1.0,0,-1
1905778,1929956,12,4.657853070832936,0.8571428571428571,169,0.9128205128205127,1.0,0,-1
1905778,1930034,12,4.657853070832936,0.8571428571428571,169,0.9128205128205127,1.0,0,-1
1905778,1930036,12,4.657853070832936,0.8571428571428571,169,0.9128205128205127,1.0,0,-1
1905778,1930191,1,0.36926937306885504,0.07142857142857142,26,0.06666666666666667,0.5,0,-1
1905778,1934448,12,4.657853070832936,0.8571428571428571,169,0.9128205128205127,1.0,0,-1
1905778,1934453,12,4.657853070832936,0.8571428571428571,169,0.9128205128205127,1.0,0,-1
1905778,1934543,1,0.36926937306885504,0.07142857142857142,26,0.06666666666666667,0.5,0,-1
1905936,1943879,2,1.8204784532536746,0.2,27,0.6666666666666666,1.0,4,-1
1905936,1944000,2,1.8204784532536746,0.2,27,0.6666666666666666,1.0,4,-1
1906038,1912588,3,2.0008056674402104,0.42857142857142855,24,0.6666666666666666,1.0,0,-1
1906038,1913464,3,2.0008056674402104,0.42857142857142855,24,0.6666666666666666,1.0,6,-1
1906038,1913474,5,3.98452101458712,0.7142857142857143,36,1.4166666666666665,1.0,10,1
1906095,1918275,1,1.4426950408889634,0.25,6,0.5,1.0,2,-1
1906121,1912700,2,1.8204784532536746,0.4,12,0.6666666666666666,1.0,2,-1
1906121,1919922,2,1.631586747071319,0.5,9,0.5833333333333333,1.0,0,-1
1906121,1925378,1,0.7213475204444817,0.3333333333333333,3,0.25,0.5,0,-1
1906121,1930756,2,1.631586747071319,0.5,9,0.5833333333333333,1.0,0,-1
1906224,1925969,2,1.8204784532536746,0.5,9,0.6666666666666666,1.0,3,-1
1906224,1925973,2,1.8204784532536746,0.5,9,0.6666666666666666,1.0,5,-1
1906227,1906241,2,1.8204784532536746,0.5,9,0.6666666666666666,1.0,1,-1
1906326,1911183,2,1.8204784532536746,0.5,9,0.6666666666666666,1.0,3,-1
1906326,1925126,2,1.8204784532536746,0.5,9,0.6666666666666666,1.0,3,-1
1906354,1919522,2,1.8204784532536746,0.5,9,0.6666666666666666,1.0,3,-1
1906354,1921344,2,1.8204784532536746,0.5,9,0.6666666666666666,1.0,5,-1
1906373,1906772,8,3.640956906507349,0.8,81,0.8888888888888891,1.0,12,-1
1906373,1917697,8,3.640956906507349,0.8,81,0.8888888888888891,1.0,12,-1
1906373,1938908,8,3.640956906507349,0.8,81,0.8888888888888891,1.0,9,-1
1906373,1938924,8,3.640956906507349,0.8,81,0.8888888888888891,1.0,9,-1
1906373,1940267,8,3.640956906507349,0.8,81,0.8888888888888891,1.0,9,-1
1906373,1940290,8,3.640956906507349,0.8,81,0.8888888888888891,1.0,9,-1
1906373,1940356,8,3.640956906507349,0.8,81,0.8888888888888891,1.0,9,-1
1906377,1912382,5,2.7905531327562363,0.7142857142857143,36,0.8333333333333333,1.0,10,-1
1906377,1915142,5,2.7905531327562363,0.7142857142857143,36,0.8333333333333333,1.0,10,-1
1906377,1921793,5,2.7905531327562363,0.7142857142857143,36,0.8333333333333333,1.0,10,-1
1906377,1930204,5,2.7905531327562363,0.7142857142857143,36,0.8333333333333333,1.0,10,-1
1906480,1914789,0,0.0,0.0,1,0.0,1.0,2,-1
1906494,1944238,0,0.0,0.0,1,0.0,1.0,0,-1
1906498,1912319,0,0.0,0.0,1,0.0,1.0,2,-1
1906569,1916144,5,2.241305293621668,0.5555555555555556,48,0.5388888888888889,1.0,0,-1
1906569,1929486,1,0.36926937306885504,0.08333333333333333,42,0.06666666666666667,0.5,0,-1
1906569,1929916,1,0.36926937306885504,0.08333333333333333,42,0.06666666666666667,0.5,2,-1
1906569,1929972,1,0.36926937306885504,0.08333333333333333,42,0.06666666666666667,0.5,2,-1
1906569,1934426,1,0.36926937306885504,0.08333333333333333,42,0.06666666666666667,0.5,4,-1
1906569,1943495,5,2.241305293621668,0.5555555555555556,48,0.5388888888888889,1.0,5,-1
1906615,1942456,2,1.8204784532536746,0.5,9,0.6666666666666666,1.0,4,-1
1906615,1942474,2,1.8204784532536746,0.5,9,0.6666666666666666,1.0,3,-1
1906639,1906787,1,0.43429448190325176,0.07142857142857142,44,0.1,0.5,2,-1
1906639,1906967,6,2.9069202428065006,0.5,77,0.7623376623376623,1.0,13,-1
1906639,1911225,6,2.906920242806501,0.5,77,0.7623376623376622,1.0,13,-1
1906639,1912330,9,4.600264146287111,0.75,110,1.2718614718614716,1.0,17,-1
1906639,1921752,6,2.9069202428065006,0.5,77,0.7623376623376623,1.0,13,-1
1906639,1925207,6,2.9069202428065006,0.5,77,0.7623376623376623,1.0,13,-1
1906639,1930133,6,2.9069202428065006,0.5,77,0.7623376623376623,1.0,7,-1
1906639,1930512,3,1.4094374998787453,0.25,44,0.35757575757575755,1.0,4,-1
1906639,1934756,4,1.843731981781997,0.3333333333333333,55,0.4575757575757575,1.0,5,-1
1906639,1942129,1,0.43429448190325176,0.07142857142857142,44,0.1,0.5,2,-1
1906639,1942167,5,2.628303810234843,0.4166666666666667,66,0.740909090909091,1.0,9,-1
1906649,1929529,2,1.8204784532536746,0.5,9,0.6666666666666666,1.0,4,-1
1906663,1930136,0,0.0,0.0,1,0.0,1.0,2,-1
1906736,1942343,1,0.7213475204444817,0.3333333333333333,3,0.25,0.5,0,-1
1906772,1917697,8,3.640956906507349,0.8,81,0.8888888888888891,1.0,12,-1
1906772,1938908,8,3.640956906507349,0.8,81,0.8888888888888891,1.0,9,-1
1906772,1938924,8,3.640956906507349,0.8,81,0.8888888888888891,1.0,9,-1
1906772,1940267,8,3.640956906507349,0.8,81,0.8888888888888891,1.0,9,-1
1906772,1940290,8,3.640956906507349,0.8,81,0.8888888888888891,1.0,9,-1
1906772,1940356,8,3.640956906507349,0.8,81,0.8888888888888891,1.0,9,-1
1906776,1907521,5,2.7905531327562363,0.7142857142857143,36,0.8333333333333333,1.0,6,-1
1906776,1914202,5,2.7905531327562363,0.7142857142857143,36,0.8333333333333333,1.0,11,-1
1906776,1915048,5,2.7905531327562363,0.7142857142857143,36,0.8333333333333333,1.0,11,-1
1906776,1935669,5,2.7905531327562363,0.7142857142857143,36,0.8333333333333333,1.0,11,-1
1906776,1936375,5,2.7905531327562363,0.7142857142857143,36,0.8333333333333333,1.0,11,-1
1906776,1943630,5,2.7905531327562363,0.7142857142857143,36,0.8333333333333333,1.0,11,-1
1906787,1912330,1,0.43429448190325176,0.07692307692307693,40,0.1,0.5,2,-1
1906787,1930512,1,0.43429448190325176,0.14285714285714285,16,0.1,0.5,2,-1
1906787,1934756,1,0.43429448190325176,0.125,20,0.1,0.5,2,-1
1906787,1942129,3,1.876989522792215,0.6,16,0.6,1.0,4,-1
1906787,1942167,1,0.43429448190325176,0.1111111111111111,24,0.1,0.5,2,-1
1906789,1936428,4,2.4853397382384474,0.6666666666666666,25,0.8,1.0,7,-1
1906789,1936493,4,2.4853397382384474,0.6666666666666666,25,0.8,1.0,5,-1
1906789,1936816,4,2.4853397382384474,0.6666666666666666,25,0.8,1.0,7,-1
1906789,1943604,4,2.4853397382384474,0.6666666666666666,25,0.8,1.0,5,-1
1906789,1944123,4,2.4853397382384474,0.6666666666666666,25,0.8,1.0,5,-1
1906847,1913183,2,1.8204784532536746,0.5,9,0.6666666666666666,1.0,3,-1
1906847,1937369,2,1.8204784532536746,0.5,9,0.6666666666666666,1.0,3,-1
1906847,1937372,2,1.8204784532536746,0.5,9,0.6666666666666666,1.0,3,-1
1906944,1910855,1,0.3898712452512801,0.08333333333333333,40,0.07692307692307693,0.5,4,-1
1906944,1921162,4,2.2538760489301155,0.6666666666666666,25,0.676923076923077,1.0,10,-1
1906944,1925095,4,2.2538760489301155,0.6666666666666666,25,0.676923076923077,1.0,10,-1
1906967,1911225,6,2.8100542918609963,0.75,49,0.7103896103896105,1.0,13,-1
1906967,1912330,6,2.8896581523274953,0.5454545454545454,70,0.7532467532467533,1.0,13,-1
1906967,1921752,6,2.8100542918609968,0.75,49,0.7103896103896103,1.0,13,-1
1906967,1925207,6,2.8100542918609968,0.75,49,0.7103896103896103,1.0,13,-1
1906967,1930133,6,2.8100542918609968,0.75,49,0.7103896103896103,1.0,7,-1
1906967,1930512,2,0.8340647828484926,0.2222222222222222,28,0.18181818181818182,0.5,3,-1
1906967,1934756,3,1.2683592647517443,0.3333333333333333,35,0.28181818181818186,0.5,4,-1
1906967,1942167,3,1.2683592647517443,0.3,42,0.28181818181818186,0.5,8,-1
1907027,1907363,3,1.8235808019670814,0.6,16,0.575,1.0,4,-1
1907027,1914883,3,2.064029975448575,0.3333333333333333,32,0.7,1.0,6,-1
1907027,1915868,3,1.923593387851951,0.5,20,0.625,1.0,6,-1
1907027,1924835,2,1.1022332815225997,0.5,8,0.325,0.5,3,-1
1907027,1930532,3,1.8235808019670814,0.6,16,0.575,1.0,4,-1
1907180,1929730,3,2.164042561333445,0.6,16,0.75,1.0,0,-1
1907191,1912866,7,4.649382299571893,0.7777777777777778,64,1.55,1.0,11,1
1907191,1930697,4,2.3449031506418234,0.4444444444444444,40,0.7250000000000001,1.0,7,-1
1907191,1934913,4,2.3449031506418234,0.4444444444444444,40,0.7250000000000001,1.0,7,-1
1907191,1935231,4,2.3449031506418234,0.4444444444444444,40,0.7250000000000001,1.0,0,-1
1907191,1942688,4,2.3449031506418234,0.4444444444444444,40,0.7250000000000001,1.0,4,-1
1907363,1914883,3,2.064029975448575,0.3333333333333333,32,0.7,1.0,4,-1
1907363,1915868,3,1.923593387851951,0.5,20,0.625,1.0,4,-1
1907363,1924835,2,1.1022332815225997,0.5,8,0.325,0.5,3,-1
1907363,1930532,3,1.8235808019670814,0.6,16,0.575,1.0,4,-1
1907521,1914202,5,2.7905531327562363,0.7142857142857143,36,0.8333333333333333,1.0,6,-1
1907521,1915048,5,2.7905531327562363,0.7142857142857143,36,0.8333333333333333,1.0,6,-1
1907521,1935669,5,2.7905531327562363,0.7142857142857143,36,0.8333333333333333,1.0,6,-1
1907521,1936375,5,2.7905531327562363,0.7142857142857143,36,0.8333333333333333,1.0,6,-1
1907521,1943630,5,2.7905531327562363,0.7142857142857143,36,0.8333333333333333,1.0,6,-1
1907584,1924986,2,1.8204784532536746,0.5,9,0.6666666666666666,1.0,0,-1
1907584,1934366,2,1.8204784532536746,0.5,9,0.6666666666666666,1.0,0,-1
1907584,1934371,2,1.8204784532536746,0.5,9,0.6666666666666666,1.0,0,-1
1907843,1933925,3,1.7491442051839832,0.6,16,0.5357142857142857,1.0,7,-1
1907843,1942103,3,1.7491442051839832,0.6,16,0.5357142857142857,1.0,7,-1
1907921,1934362,1,1.4426950408889634,0.3333333333333333,4,0.5,1.0,2,-1
1907985,1920653,2,1.8204784532536746,0.5,9,0.6666666666666666,1.0,0,-1
1908085,1946175,3,2.164042561333445,0.6,16,0.75,1.0,6,-1
1908085,1946851,3,2.164042561333445,0.6,16,0.75,1.0,6,-1
1908085,1946858,3,2.164042561333445,0.6,16,0.75,1.0,0,-1
1908168,1914289,2,1.8204784532536746,0.5,9,0.6666666666666666,1.0,0,-1
1908168,1916378,2,1.8204784532536746,0.5,9,0.6666666666666666,1.0,1,-1
1908168,1929595,2,1.8204784532536746,0.5,9,0.6666666666666666,1.0,0,-1
1908324,1920898,5,2.7905531327562363,0.7142857142857143,36,0.8333333333333333,1.0,12,-1
1908324,1920903,5,2.7905531327562363,0.7142857142857143,36,0.8333333333333333,1.0,12,-1
1908324,1921446,5,2.7905531327562363,0.7142857142857143,36,0.8333333333333333,1.0,12,-1
1908424,1934454,0,0.0,0.0,1,0.0,1.0,1,-1
1908485,1917784,3,1.845124645270808,0.6,16,0.5833333333333333,1.0,6,1
1908485,1921457,3,1.845124645270808,0.6,16,0.5833333333333333,1.0,4,1
1908841,1909376,5,2.7905531327562363,0.38461538461538464,72,0.8333333333333333,1.0,6,-1
1908841,1911245,5,2.7905531327562363,0.38461538461538464,72,0.8333333333333333,1.0,8,-1
1908841,1911249,5,2.7905531327562363,0.38461538461538464,72,0.8333333333333333,1.0,6,-1
1908841,1919540,5,2.7905531327562363,0.38461538461538464,72,0.8333333333333333,1.0,6,-1
1908841,1921052,5,2.7905531327562363,0.38461538461538464,72,0.8333333333333333,1.0,6,-1
1908841,1925030,5,2.7905531327562363,0.38461538461538464,72,0.8333333333333333,1.0,6,-1
1908961,1929768,0,0.0,0.0,1,0.0,1.0,2,-1
1909097,1909162,4,2.4853397382384474,0.6666666666666666,25,0.8,1.0,8,-1
1909097,1915343,4,2.4853397382384474,0.6666666666666666,25,0.8,1.0,8,-1
1909097,1917369,4,2.4853397382384474,0.6666666666666666,25,0.8,1.0,8,-1
1909162,1915343,4,2.4853397382384474,0.6666666666666666,25,0.8,1.0,8,-1
1909162,1917369,4,2.4853397382384474,0.6666666666666666,25,0.8,1.0,8,-1
1909260,1909270,4,2.4853397382384474,0.6666666666666666,25,0.8,1.0,1,-1
1909260,1909288,4,2.4853397382384474,0.6666666666666666,25,0.8,1.0,0,-1
1909260,1919125,4,2.4853397382384474,0.6666666666666666,25,0.8,1.0,0,-1
1909260,1920648,4,2.4853397382384474,0.6666666666666666,25,0.8,1.0,0,-1
1909262,1921001,5,2.7905531327562363,0.7142857142857143,36,0.8333333333333333,1.0,12,-1
1909262,1925710,5,2.7905531327562363,0.7142857142857143,36,0.8333333333333333,1.0,12,-1
1909262,1926074,5,2.7905531327562363,0.7142857142857143,36,0.8333333333333333,1.0,12,-1
1909262,1926195,5,2.7905531327562363,0.7142857142857143,36,0.8333333333333333,1.0,12,-1
1909262,1930590,5,2.7905531327562363,0.7142857142857143,36,0.8333333333333333,1.0,12,-1
1909262,1942544,5,2.7905531327562363,0.7142857142857143,36,0.8333333333333333,1.0,12,-1
1909270,1909288,4,2.4853397382384474,0.6666666666666666,25,0.8,1.0,0,-1
1909270,1919125,4,2.4853397382384474,0.6666666666666666,25,0.8,1.0,0,-1
1909270,1920648,4,2.4853397382384474,0.6666666666666666,25,0.8,1.0,0,-1
1909279,1919093,1,1.4426950408889634,0.3333333333333333,4,0.5,1.0,0,-1
1909279,1920593,1,1.4426950408889634,0.3333333333333333,4,0.5,1.0,1,-1
1909288,1919125,4,2.4853397382384474,0.6666666666666666,25,0.8,1.0,0,-1
1909288,1920648,4,2.4853397382384474,0.6666666666666666,25,0.8,1.0,0,-1
1909341,1921830,7,4.6110315860099105,0.7777777777777778,64,1.5,1.0,12,1
1909341,1934741,2,1.391137573589825,0.2222222222222222,24,0.4583333333333333,1.0,6,-1
1909376,1911245,1,0.40242960438184466,0.09090909090909091,36,0.08333333333333333,0.5,2,-1
1909376,1911249,1,0.40242960438184466,0.09090909090909091,36,0.08333333333333333,0.5,2,-1
1909376,1919540,5,2.6348721105868336,0.7142857142857143,36,0.7499999999999999,1.0,6,-1
1909376,1921052,1,0.40242960438184466,0.09090909090909091,36,0.08333333333333333,0.5,2,-1
1909376,1925030,5,2.6348721105868336,0.7142857142857143,36,0.7499999999999999,1.0,6,-1
1909421,1929563,2,1.8204784532536746,0.5,9,0.6666666666666666,1.0,6,-1
1909421,1934574,2,1.8204784532536746,0.5,9,0.6666666666666666,1.0,6,-1
1909422,1919766,7,3.366288428740915,0.7777777777777778,64,0.875,1.0,15,-1
1909422,1919780,7,3.366288428740915,0.7777777777777778,64,0.875,1.0,15,-1
1909422,1919790,7,3.366288428740915,0.7777777777777778,64,0.875,1.0,15,-1
1909422,1920836,7,3.366288428740915,0.7777777777777778,64,0.875,1.0,15,-1
1909422,1923662,7,3.366288428740915,0.7777777777777778,64,0.875,1.0,8,-1
1909422,1936618,7,3.366288428740915,0.7777777777777778,64,0.875,1.0,15,-1
1909695,1943411,2,1.8204784532536746,0.5,9,0.6666666666666666,1.0,0,-1
1910141,1919566,2,1.8204784532536746,0.5,9,0.6666666666666666,1.0,3,-1
1910141,1921421,2,1.8204784532536746,0.5,9,0.6666666666666666,1.0,3,-1
1910146,1929724,1,1.4426950408889634,0.3333333333333333,4,0.5,1.0,4,-1
1910258,1931862,0,0.0,0.0,1,0.0,1.0,2,-1
1910405,1911548,2,1.8204784532536746,0.25,21,0.6666666666666666,1.0,0,-1
1910405,1924563,3,2.164042561333445,0.375,28,0.75,1.0,0,-1
1910405,1924591,3,2.164042561333445,0.375,28,0.75,1.0,0,-1
1910405,1929831,3,2.164042561333445,0.375,28,0.75,1.0,0,-1
1910405,1929879,3,2.164042561333445,0.375,28,0.75,1.0,0,-1
1910605,1936093,5,2.7905531327562363,0.7142857142857143,36,0.8333333333333333,1.0,8,-1
1910605,1936500,5,2.7905531327562363,0.7142857142857143,36,0.8333333333333333,1.0,6,-1
1910605,1943838,5,2.7905531327562363,0.7142857142857143,36,0.8333333333333333,1.0,6,-1
1910605,1943989,5,2.7905531327562363,0.7142857142857143,36,0.8333333333333333,1.0,6,-1
1910605,1943996,5,2.7905531327562363,0.7142857142857143,36,0.8333333333333333,1.0,6,-1
1910772,1913164,2,1.8204784532536746,0.5,9,0.6666666666666666,1.0,6,-1
1910772,1913169,2,1.8204784532536746,0.5,9,0.6666666666666666,1.0,6,-1
1910791,1919221,1,1.4426950408889634,0.3333333333333333,4,0.5,1.0,2,-1
1910812,1913192,2,1.8204784532536746,0.5,9,0.6666666666666666,1.0,0,-1
1910812,1924802,2,1.8204784532536746,0.5,9,0.6666666666666666,1.0,0,-1
1910817,1912734,4,2.4853397382384474,0.6666666666666666,25,0.8,1.0,0,-1
1910817,1919249,4,2.4853397382384474,0.6666666666666666,25,0.8,1.0,3,-1
1910855,1921162,1,0.3898712452512801,0.08333333333333333,40,0.07692307692307693,0.5,4,-1
1910855,1925095,1,0.3898712452512801,0.08333333333333333,40,0.07692307692307693,0.5,4,-1
1910859,1915355,8,3.640956906507349,0.8,81,0.8888888888888891,1.0,0,-1
1910859,1919585,8,3.640956906507349,0.8,81,0.8888888888888891,1.0,0,-1
1910859,1924824,8,3.640956906507349,0.8,81,0.8888888888888891,1.0,0,-1
1910859,1929772,8,3.640956906507349,0.8,81,0.8888888888888891,1.0,0,-1
1910966,1921034,5,3.443500708329174,0.35714285714285715,78,1.1666666666666665,1.0,10,1
1910966,1921635,3,1.669329392247009,0.42857142857142855,24,0.4935897435897436,1.0,7,-1
1910966,1924131,5,3.275261327029207,0.7142857142857143,36,1.0769230769230769,1.0,10,1
1910966,1924332,1,0.3898712452512801,0.125,18,0.07692307692307693,0.5,2,-1
1910966,1928874,1,0.3898712452512801,0.1111111111111111,24,0.07692307692307693,0.5,4,-1
1910966,1929274,1,0.3898712452512801,0.1111111111111111,24,0.07692307692307693,0.5,4,-1
1910966,1936564,1,0.3898712452512801,0.125,18,0.07692307692307693,0.5,4,-1
1910966,1936903,1,0.3898712452512801,0.1111111111111111,24,0.07692307692307693,0.5,0,-1
1910966,1944265,1,0.3898712452512801,0.125,18,0.07692307692307693,0.5,4,-1
1911033,1914059,3,2.164042561333445,0.6,16,0.75,1.0,4,-1
1911033,1929795,3,2.164042561333445,0.6,16,0.75,1.0,4,-1
1911033,1942134,3,2.164042561333445,0.6,16,0.75,1.0,4,-1
1911115,1919386,3,2.164042561333445,0.6,16,0.75,1.0,0,-1
1911119,1911128,1,1.4426950408889634,0.3333333333333333,4,0.5,1.0,4,-1
1911119,1920752,1,1.4426950408889634,0.3333333333333333,4,0.5,1.0,4,-1
1911128,1920752,1,1.4426950408889634,0.3333333333333333,4,0.5,1.0,4,-1
1911161,1916368,2,1.8204784532536746,0.5,9,0.6666666666666666,1.0,6,-1
1911161,1919996,2,1.8204784532536746,0.5,9,0.6666666666666666,1.0,6,-1
1911161,1921758,2,1.8204784532536746,0.5,9,0.6666666666666666,1.0,6,-1
1911183,1925126,2,1.8204784532536746,0.5,9,0.6666666666666666,1.0,5,-1
1911225,1912330,6,2.8896581523274953,0.5454545454545454,70,0.7532467532467532,1.0,13,-1
1911225,1921752,6,2.8100542918609963,0.75,49,0.7103896103896105,1.0,13,-1
1911225,1925207,6,2.8100542918609963,0.75,49,0.7103896103896105,1.0,13,-1
1911225,1930133,6,2.8100542918609963,0.75,49,0.7103896103896105,1.0,7,-1
1911225,1930512,2,0.8340647828484926,0.2222222222222222,28,0.18181818181818182,0.5,3,-1
1911225,1934756,3,1.2683592647517443,0.3333333333333333,35,0.28181818181818186,0.5,4,-1
1911225,1942167,3,1.2683592647517443,0.3,42,0.28181818181818186,0.5,8,-1
1911245,1911249,5,2.6348721105868336,0.7142857142857143,36,0.7499999999999999,1.0,6,-1
1911245,1919540,1,0.40242960438184466,0.09090909090909091,36,0.08333333333333333,0.5,2,-1
1911245,1921052,5,2.6348721105868336,0.7142857142857143,36,0.7499999999999999,1.0,6,-1
1911245,1925030,1,0.40242960438184466,0.09090909090909091,36,0.08333333333333333,0.5,2,-1
1911249,1919540,1,0.40242960438184466,0.09090909090909091,36,0.08333333333333333,0.5,2,-1
1911249,1921052,5,2.6348721105868336,0.7142857142857143,36,0.7499999999999999,1.0,6,-1
1911249,1925030,1,0.40242960438184466,0.09090909090909091,36,0.08333333333333333,0.5,2,-1
1911326,1911335,4,2.4853397382384474,0.6666666666666666,25,0.8,1.0,0,-1
1911326,1911340,4,2.4853397382384474,0.6666666666666666,25,0.8,1.0,8,-1
1911326,1915382,4,2.4853397382384474,0.6666666666666666,25,0.8,1.0,8,-1
1911326,1921314,4,2.4853397382384474,0.6666666666666666,25,0.8,1.0,8,-1
1911335,1911340,4,2.4853397382384474,0.6666666666666666,25,0.8,1.0,0,-1
1911335,1915382,4,2.4853397382384474,0.6666666666666666,25,0.8,1.0,0,-1
1911335,1921314,4,2.4853397382384474,0.6666666666666666,25,0.8,1.0,0,-1
1911340,1915382,4,2.4853397382384474,0.6666666666666666,25,0.8,1.0,8,-1
1911340,1921314,4,2.4853397382384474,0.6666666666666666,25,0.8,1.0,8,-1
1911548,1924563,1,0.5138983423697507,0.16666666666666666,12,0.14285714285714285,0.5,0,-1
1911548,1924591,1,0.5138983423697507,0.16666666666666666,12,0.14285714285714285,0.5,0,-1
1911548,1929831,1,0.5138983423697507,0.16666666666666666,12,0.14285714285714285,0.5,0,-1
1911548,1929879,1,0.5138983423697507,0.16666666666666666,12,0.14285714285714285,0.5,2,-1
1911610,1926179,5,2.7905531327562363,0.7142857142857143,36,0.8333333333333333,1.0,6,-1
1911610,1926342,5,2.7905531327562363,0.7142857142857143,36,0.8333333333333333,1.0,6,-1
1911610,1930056,5,2.7905531327562363,0.7142857142857143,36,0.8333333333333333,1.0,6,-1
1911610,1930737,5,2.7905531327562363,0.7142857142857143,36,0.8333333333333333,1.0,6,-1
1911610,1934924,5,2.7905531327562363,0.7142857142857143,36,0.8333333333333333,1.0,6,-1
1911610,1935260,5,2.7905531327562363,0.7142857142857143,36,0.8333333333333333,1.0,6,-1
1911667,1943731,1,1.4426950408889634,0.3333333333333333,4,0.5,1.0,2,-1
1911667,1944235,1,1.4426950408889634,0.3333333333333333,4,0.5,1.0,3,-1
1911813,1917104,3,1.876989522792215,0.6,16,0.6,1.0,6,-1
1911813,1919024,3,1.876989522792215,0.6,16,0.6,1.0,6,-1
1911813,1925288,1,0.43429448190325176,0.2,8,0.1,0.5,0,-1
1911813,1934501,3,1.876989522792215,0.6,16,0.6,1.0,0,-1
1911883,1911995,3,1.4899238983661154,0.75,12,0.4,0.5,8,-1
1911883,1912004,3,1.4899238983661154,0.75,12,0.4,0.5,8,-1
1911883,1913099,2,0.8685889638065035,0.3333333333333333,15,0.2,1.0,6,-1
1911883,1919139,2,1.0556294164628637,0.18181818181818182,30,0.30000000000000004,1.0,6,-1
1911891,1920815,7,3.366288428740915,0.7777777777777778,64,0.875,1.0,8,-1
1911891,1920826,7,3.366288428740915,0.7777777777777778,64,0.875,1.0,12,-1
1911915,1914590,5,2.7905531327562363,0.7142857142857143,36,0.8333333333333333,1.0,0,-1
1911915,1920136,5,2.7905531327562363,0.7142857142857143,36,0.8333333333333333,1.0,8,-1
1911915,1924605,5,2.7905531327562363,0.7142857142857143,36,0.8333333333333333,1.0,0,-1
1911915,1925074,5,2.7905531327562363,0.7142857142857143,36,0.8333333333333333,1.0,8,-1
1911915,1934412,5,2.7905531327562363,0.7142857142857143,36,0.8333333333333333,1.0,8,-1
1911915,1934419,5,2.7905531327562363,0.7142857142857143,36,0.8333333333333333,1.0,8,-1
1911916,1912894,4,2.4853397382384474,0.6666666666666666,25,0.8,1.0,5,-1
1911916,1921361,4,2.4853397382384474,0.6666666666666666,25,0.8,1.0,5,-1
1911916,1929667,4,2.4853397382384474,0.6666666666666666,25,0.8,1.0,5,-1
1911916,1929670,4,2.4853397382384474,0.6666666666666666,25,0.8,1.0,5,-1
1911925,1921389,0,0.0,0.0,1,0.0,1.0,2,-1
1911941,1918212,3,2.164042561333445,0.6,16,0.75,1.0,6,-1
1911941,1931224,3,2.164042561333445,0.6,16,0.75,1.0,6,1
1911941,1936268,3,2.164042561333445,0.6,16,0.75,1.0,6,-1
1911966,1919986,4,2.3449031506418234,0.6666666666666666,25,0.7250000000000001,1.0,5,-1
1911966,1921784,4,2.3449031506418234,0.6666666666666666,25,0.7250000000000001,1.0,5,-1
1911995,1912004,3,1.4899238983661154,0.6,16,0.4,1.0,8,-1
1911995,1913099,3,1.5899364842509853,0.5,20,0.45,1.0,8,-1
1911995,1919139,3,1.7769769369073454,0.2727272727272727,40,0.55,1.0,8,-1
1912002,1913631,4,2.000164019909834,0.4444444444444444,40,0.5409090909090909,1.0,0,-1
1912002,1913660,4,2.000164019909834,0.4444444444444444,40,0.5409090909090909,1.0,0,-1
1912002,1921791,4,1.85972743231321,0.5714285714285714,30,0.46590909090909094,0.5,0,-1
1912004,1913099,3,1.589936484250985,0.5,20,0.44999999999999996,1.0,8,-1
1912004,1919139,3,1.7769769369073454,0.2727272727272727,40,0.55,1.0,8,-1
1912047,1926183,1,1.4426950408889634,0.3333333333333333,4,0.5,1.0,2,-1
1912047,1942495,1,1.4426950408889634,0.3333333333333333,4,0.5,1.0,2,-1
1912078,1918435,1,1.4426950408889634,0.3333333333333333,4,0.5,1.0,4,-1
1912078,1944080,1,1.4426950408889634,0.3333333333333333,4,0.5,1.0,4,-1
1912277,1936547,2,1.8204784532536746,0.5,9,0.6666666666666666,1.0,6,-1
1912277,1944192,2,1.8204784532536746,0.5,9,0.6666666666666666,1.0,6,-1
1912293,1919745,5,2.7905531327562363,0.7142857142857143,36,0.8333333333333333,1.0,8,-1
1912293,1925100,5,2.7905531327562363,0.7142857142857143,36,0.8333333333333333,1.0,8,-1
1912321,1921559,4,2.3779031460485864,0.6666666666666666,25,0.7428571428571429,1.0,7,-1
1912321,1930138,4,2.3779031460485864,0.6666666666666666,25,0.7428571428571429,1.0,4,-1
1912330,1921752,6,2.8896581523274953,0.5454545454545454,70,0.7532467532467533,1.0,13,-1
1912330,1925207,6,2.8896581523274953,0.5454545454545454,70,0.7532467532467533,1.0,13,-1
1912330,1930133,6,2.8896581523274953,0.5454545454545454,70,0.7532467532467533,1.0,7,-1
1912330,1930512,4,1.8264698913029915,0.4,40,0.4484848484848485,0.5,5,-1
1912330,1934756,4,1.8264698913029918,0.36363636363636365,50,0.4484848484848485,1.0,5,-1
1912330,1942129,1,0.43429448190325176,0.07692307692307693,40,0.1,0.5,2,-1
1912330,1942167,4,1.8896941993113563,0.3333333333333333,60,0.4818181818181818,1.0,8,-1
1912333,1913606,1,1.4426950408889634,0.06666666666666667,28,0.5,1.0,4,-1
1912333,1919399,1,0.3789231816899512,0.25,6,0.07142857142857142,0.5,4,-1
1912333,1935713,1,0.3789231816899512,0.1,18,0.07142857142857142,0.5,4,-1
1912333,1935732,1,0.3789231816899512,0.1,18,0.07142857142857142,0.5,0,-1
1912333,1936880,1,0.3789231816899512,0.1,18,0.07142857142857142,0.5,2,-1
1912333,1936885,1,0.3789231816899512,0.1,18,0.07142857142857142,0.5,4,-1
1912333,1936917,1,0.3789231816899512,0.1,18,0.07142857142857142,0.5,4,-1
1912333,1937253,1,0.3789231816899512,0.25,6,0.07142857142857142,0.5,4,-1
1912333,1944178,1,0.3789231816899512,0.1,18,0.07142857142857142,0.5,2,-1
1912333,1944180,1,0.3789231816899512,0.1,18,0.07142857142857142,0.5,0,-1
1912333,1944907,1,0.3789231816899512,0.25,6,0.07142857142857142,0.5,4,-1
1912347,1912372,4,2.4853397382384474,0.6666666666666666,25,0.8,1.0,7,-1
1912347,1912754,4,2.4853397382384474,0.6666666666666666,25,0.8,1.0,5,-1
1912347,1921229,4,2.4853397382384474,0.6666666666666666,25,0.8,1.0,7,-1
1912347,1921256,4,2.4853397382384474,0.6666666666666666,25,0.8,1.0,5,-1
1912372,1912754,4,2.4853397382384474,0.6666666666666666,25,0.8,1.0,5,-1
1912372,1921229,4,2.4853397382384474,0.6666666666666666,25,0.8,1.0,7,-1
1912372,1921256,4,2.4853397382384474,0.6666666666666666,25,0.8,1.0,5,-1
1912382,1915142,5,2.7905531327562363,0.7142857142857143,36,0.8333333333333333,1.0,10,-1
1912382,1921793,5,2.7905531327562363,0.7142857142857143,36,0.8333333333333333,1.0,10,-1
1912382,1930204,5,2.7905531327562363,0.7142857142857143,36,0.8333333333333333,1.0,10,-1
1912415,1912420,7,3.246063842000168,0.7777777777777778,64,0.8125,1.0,16,-1
1912415,1920161,7,3.246063842000168,0.7777777777777778,64,0.8125,1.0,16,-1
1912415,1920171,7,3.246063842000168,0.7777777777777778,64,0.8125,1.0,16,-1
1912415,1925254,7,3.246063842000168,0.7777777777777778,64,0.8125,1.0,16,-1
1912420,1920161,7,3.246063842000168,0.7777777777777778,64,0.8125,1.0,16,-1
1912420,1920171,7,3.246063842000168,0.7777777777777778,64,0.8125,1.0,16,-1
1912420,1925254,7,3.246063842000168,0.7777777777777778,64,0.8125,1.0,16,-1
1912489,1933949,1,1.4426950408889634,0.3333333333333333,4,0.5,1.0,3,-1
1912538,1916323,2,1.8204784532536746,0.2857142857142857,18,0.6666666666666666,1.0,3,-1
1912538,1925553,2,1.4683498531780845,0.5,9,0.5,1.0,3,-1
1912588,1913464,3,1.8375687735469761,0.6,16,0.5833333333333333,1.0,0,-1
1912588,1913474,3,2.0008056674402104,0.42857142857142855,24,0.6666666666666666,1.0,0,-1
1912700,1919922,2,1.8204784532536746,0.4,12,0.6666666666666666,1.0,0,-1
1912700,1925378,0,0.0,0.0,4,0.0,1.0,0,-1
1912700,1930756,2,1.8204784532536746,0.4,12,0.6666666666666666,1.0,0,-1
1912702,1915611,4,2.4853397382384474,0.6666666666666666,25,0.8,1.0,10,-1
1912734,1919249,4,2.4853397382384474,0.6666666666666666,25,0.8,1.0,0,-1
1912754,1921229,4,2.4853397382384474,0.6666666666666666,25,0.8,1.0,5,-1
1912754,1921256,4,2.4853397382384474,0.6666666666666666,25,0.8,1.0,5,-1
1912866,1930697,4,2.3449031506418234,0.4444444444444444,40,0.7250000000000001,1.0,7,-1
1912866,1934913,4,2.3449031506418234,0.4444444444444444,40,0.7250000000000001,1.0,7,-1
1912866,1935231,4,2.3449031506418234,0.4444444444444444,40,0.7250000000000001,1.0,0,-1
1912866,1942688,4,2.3449031506418234,0.4444444444444444,40,0.7250000000000001,1.0,4,-1
1912894,1921361,4,2.4853397382384474,0.6666666666666666,25,0.8,1.0,8,-1
1912894,1929667,4,2.4853397382384474,0.6666666666666666,25,0.8,1.0,5,-1
1912894,1929670,4,2.4853397382384474,0.6666666666666666,25,0.8,1.0,8,-1
1912989,1936562,2,1.8204784532536746,0.5,9,0.6666666666666666,1.0,3,-1
1912989,1943661,2,1.8204784532536746,0.5,9,0.6666666666666666,1.0,3,-1
1912989,1943665,2,1.8204784532536746,0.5,9,0.6666666666666666,1.0,3,-1
1913046,1924679,1,0.7213475204444817,0.3333333333333333,3,0.25,0.5,4,-1
1913046,1930088,1,0.7213475204444817,0.3333333333333333,3,0.25,0.5,2,-1
1913099,1919139,4,2.787228749419053,0.36363636363636365,50,0.9333333333333333,1.0,10,-1
1913145,1929682,1,1.4426950408889634,0.3333333333333333,4,0.5,1.0,4,-1
1913164,1913169,2,1.8204784532536746,0.5,9,0.6666666666666666,1.0,6,-1
1913174,1929697,2,1.8204784532536746,0.5,9,0.6666666666666666,1.0,5,-1
1913183,1937369,2,1.8204784532536746,0.5,9,0.6666666666666666,1.0,5,-1
1913183,1937372,2,1.8204784532536746,0.5,9,0.6666666666666666,1.0,5,-1
1913192,1924802,2,1.8204784532536746,0.5,9,0.6666666666666666,1.0,0,-1
1913225,1919338,8,3.640956906507349,0.8,81,0.8888888888888891,1.0,15,-1
1913225,1919343,8,3.640956906507349,0.8,81,0.8888888888888891,1.0,15,-1
1913225,1919357,8,3.640956906507349,0.8,81,0.8888888888888891,1.0,15,-1
1913225,1919624,8,3.640956906507349,0.8,81,0.8888888888888891,1.0,15,-1
1913225,1921455,8,3.640956906507349,0.8,81,0.8888888888888891,1.0,15,-1
1913266,1913270,4,2.4853397382384474,0.6666666666666666,25,0.8,1.0,5,-1
1913266,1921498,4,2.4853397382384474,0.6666666666666666,25,0.8,1.0,5,-1
1913266,1929722,4,2.4853397382384474,0.6666666666666666,25,0.8,1.0,5,-1
1913270,1921498,4,2.4853397382384474,0.6666666666666666,25,0.8,1.0,8,-1
1913270,1929722,4,2.4853397382384474,0.6666666666666666,25,0.8,1.0,8,-1
1913279,1916796,2,1.8204784532536746,0.5,9,0.6666666666666666,1.0,0,-1
1913279,1921490,2,1.8204784532536746,0.5,9,0.6666666666666666,1.0,0,-1
1913464,1913474,3,2.0008056674402104,0.42857142857142855,24,0.6666666666666666,1.0,6,-1
1913547,1926243,3,2.164042561333445,0.6,16,0.75,1.0,4,-1
1913547,1934244,3,2.164042561333445,0.6,16,0.75,1.0,4,-1
1913547,1935164,3,2.164042561333445,0.6,16,0.75,1.0,5,-1
1913564,1919476,2,1.8204784532536746,0.5,9,0.6666666666666666,1.0,2,-1
1913564,1930414,2,1.8204784532536746,0.5,9,0.6666666666666666,1.0,0,-1
1913567,1913570,2,1.424137568996588,0.25,21,0.47619047619047616,1.0,0,-1
1913567,1915342,4,2.3779031460485864,0.5,35,0.7428571428571429,1.0,0,-1
1913567,1915347,2,1.424137568996588,0.25,21,0.47619047619047616,1.0,2,-1
1913567,1935437,4,2.3779031460485864,0.5,35,0.7428571428571429,1.0,0,-1
1913567,1935455,4,2.3779031460485864,0.5,35,0.7428571428571429,1.0,0,-1
1913570,1915342,2,1.0277966847395015,0.3333333333333333,15,0.2857142857142857,0.5,2,-1
1913570,1915347,2,1.0277966847395015,0.5,9,0.2857142857142857,1.0,0,-1
1913570,1935437,2,1.0277966847395015,0.3333333333333333,15,0.2857142857142857,0.5,0,-1
1913570,1935455,2,1.0277966847395015,0.3333333333333333,15,0.2857142857142857,0.5,0,-1
1913573,1913586,1,1.4426950408889634,0.3333333333333333,4,0.5,1.0,0,-1
1913573,1930065,1,1.4426950408889634,0.3333333333333333,4,0.5,1.0,0,-1
1913586,1930065,1,1.4426950408889634,0.3333333333333333,4,0.5,1.0,1,-1
1913606,1919399,2,1.8204784532536746,0.13333333333333333,42,0.6666666666666666,1.0,6,-1
1913606,1935713,8,3.640956906507349,0.5333333333333333,126,0.8888888888888891,1.0,11,-1
1913606,1935732,8,3.640956906507349,0.5333333333333333,126,0.8888888888888891,1.0,0,-1
1913606,1936880,8,3.640956906507349,0.5333333333333333,126,0.8888888888888891,1.0,7,-1
1913606,1936885,8,3.640956906507349,0.5333333333333333,126,0.8888888888888891,1.0,11,-1
1913606,1936917,8,3.640956906507349,0.5333333333333333,126,0.8888888888888891,1.0,11,-1
1913606,1937253,2,1.8204784532536746,0.13333333333333333,42,0.6666666666666666,1.0,6,-1
1913606,1944178,8,3.640956906507349,0.5333333333333333,126,0.8888888888888891,1.0,7,-1
1913606,1944180,8,3.640956906507349,0.5333333333333333,126,0.8888888888888891,1.0,0,-1
1913606,1944907,2,1.8204784532536746,0.13333333333333333,42,0.6666666666666666,1.0,6,-1
1913611,1930090,4,2.4853397382384474,0.6666666666666666,25,0.8,1.0,0,-1
1913611,1930098,4,2.4853397382384474,0.6666666666666666,25,0.8,1.0,0,-1
1913621,1920084,2,1.8204784532536746,0.5,9,0.6666666666666666,1.0,0,-1
1913621,1925158,2,1.8204784532536746,0.5,9,0.6666666666666666,1.0,0,-1
1913631,1913660,7,3.814932487160199,0.7777777777777778,64,1.115909090909091,1.0,0,-1
1913631,1921791,5,2.4950503384527165,0.5555555555555556,48,0.6742424242424242,1.0,0,-1
1913633,1918026,5,2.7905531327562363,0.7142857142857143,36,0.8333333333333333,1.0,0,-1
1913633,1919739,5,2.7905531327562363,0.7142857142857143,36,0.8333333333333333,1.0,0,-1
1913633,1919749,5,2.7905531327562363,0.7142857142857143,36,0.8333333333333333,1.0,0,-1
1913633,1925252,5,2.7905531327562363,0.7142857142857143,36,0.8333333333333333,1.0,2,-1
1913633,1925274,5,2.7905531327562363,0.7142857142857143,36,0.8333333333333333,1.0,2,-1
1913657,1921779,4,2.4853397382384474,0.6666666666666666,25,0.8,1.0,9,-1
1913657,1925227,4,2.4853397382384474,0.6666666666666666,25,0.8,1.0,9,-1
1913657,1925238,4,2.4853397382384474,0.6666666666666666,25,0.8,1.0,9,-1
1913660,1921791,5,2.4950503384527165,0.5555555555555556,48,0.6742424242424242,1.0,0,-1
1913677,1921804,6,3.083390054218504,0.75,49,0.857142857142857,1.0,11,-1
1913677,1930183,6,3.083390054218504,0.75,49,0.857142857142857,1.0,11,-1
1913677,1930212,6,3.083390054218504,0.75,49,0.857142857142857,1.0,11,-1
1913677,1930239,6,3.083390054218504,0.75,49,0.857142857142857,1.0,11,-1
1913742,1930306,0,0.0,0.0,1,0.0,1.0,2,-1
1913879,1929341,3,2.164042561333445,0.6,16,0.75,1.0,8,-1
1913879,1929880,3,2.164042561333445,0.6,16,0.75,1.0,8,-1
1913879,1929890,3,2.164042561333445,0.6,16,0.75,1.0,8,-1
1913879,1934269,3,2.164042561333445,0.6,16,0.75,1.0,8,-1
1913967,1919824,4,2.4853397382384474,0.6666666666666666,25,0.8,1.0,0,-1
1913967,1930816,4,2.4853397382384474,0.6666666666666666,25,0.8,1.0,0,-1
1913967,1930821,4,2.4853397382384474,0.6666666666666666,25,0.8,1.0,0,-1
1913967,1934284,4,2.4853397382384474,0.6666666666666666,25,0.8,1.0,0,-1
1913967,1935268,4,2.4853397382384474,0.6666666666666666,25,0.8,1.0,0,-1
1914059,1929795,3,2.164042561333445,0.6,16,0.75,1.0,6,-1
1914059,1942134,3,2.164042561333445,0.6,16,0.75,1.0,6,-1
1914081,1914456,1,0.43429448190325176,0.2,9,0.1,0.5,3,-1
1914081,1918156,2,1.1556420023477334,0.6666666666666666,6,0.35,0.5,4,-1
1914081,1925311,2,1.344533708530089,0.4,12,0.43333333333333335,1.0,3,-1
1914081,1934701,1,0.43429448190325176,0.2,9,0.1,0.5,2,-1
1914081,1936282,2,1.1556420023477334,0.5,9,0.35,1.0,3,-1
1914202,1915048,5,2.7905531327562363,0.7142857142857143,36,0.8333333333333333,1.0,11,-1
1914202,1935669,5,2.7905531327562363,0.7142857142857143,36,0.8333333333333333,1.0,11,-1
1914202,1936375,5,2.7905531327562363,0.7142857142857143,36,0.8333333333333333,1.0,11,-1
1914202,1943630,5,2.7905531327562363,0.7142857142857143,36,0.8333333333333333,1.0,11,-1
1914289,1916378,2,1.8204784532536746,0.5,9,0.6666666666666666,1.0,0,-1
1914289,1929595,2,1.8204784532536746,0.5,9,0.6666666666666666,1.0,2,-1
1914331,1929447,1,0.3898712452512801,0.1,28,0.07692307692307693,0.5,0,-1
1914331,1929532,1,0.3898712452512801,0.1,28,0.07692307692307693,0.5,0,-1
1914331,1929534,1,0.3898712452512801,0.1,28,0.07692307692307693,0.5,0,-1
1914331,1934373,1,0.3898712452512801,0.1,28,0.07692307692307693,0.5,0,-1
1914456,1918156,1,0.43429448190325176,0.25,6,0.1,0.5,3,-1
1914456,1925311,1,0.43429448190325176,0.16666666666666666,12,0.1,0.5,2,-1
1914456,1934701,2,1.344533708530089,0.5,9,0.43333333333333335,1.0,3,-1
1914456,1936282,1,0.43429448190325176,0.2,9,0.1,0.5,2,-1
1914590,1920136,5,2.7905531327562363,0.7142857142857143,36,0.8333333333333333,1.0,0,-1
1914590,1924605,5,2.7905531327562363,0.7142857142857143,36,0.8333333333333333,1.0,0,-1
1914590,1925074,5,2.7905531327562363,0.7142857142857143,36,0.8333333333333333,1.0,0,-1
1914590,1934412,5,2.7905531327562363,0.7142857142857143,36,0.8333333333333333,1.0,0,-1
1914590,1934419,5,2.7905531327562363,0.7142857142857143,36,0.8333333333333333,1.0,0,-1
1914600,1941723,0,0.0,0.0,1,0.0,1.0,2,-1
1914710,1914751,2,1.8204784532536746,0.5,9,0.6666666666666666,1.0,3,-1
1914807,1916059,1,1.4426950408889634,0.3333333333333333,4,0.5,1.0,4,-1
1914883,1915868,4,3.6067376022224082,0.4444444444444444,40,1.25,1.0,7,-1
1914883,1924835,1,0.6213349345596119,0.1111111111111111,16,0.2,1.0,2,-1
1914883,1930532,3,2.064029975448575,0.3333333333333333,32,0.7,1.0,4,-1
1914904,1936986,0,0.0,0.0,1,0.0,1.0,1,-1
1914969,1920276,2,1.8204784532536746,0.2222222222222222,24,0.6666666666666666,1.0,3,-1
1914969,1943992,2,1.8204784532536746,0.2222222222222222,24,0.6666666666666666,1.0,3,-1
1915048,1935669,5,2.7905531327562363,0.7142857142857143,36,0.8333333333333333,1.0,11,-1
1915048,1936375,5,2.7905531327562363,0.7142857142857143,36,0.8333333333333333,1.0,11,-1
1915048,1943630,5,2.7905531327562363,0.7142857142857143,36,0.8333333333333333,1.0,11,-1
1915120,1929687,1,0.9102392266268373,0.5,2,0.3333333333333333,0.5,0,-1
1915120,1930295,1,0.9102392266268373,0.5,2,0.3333333333333333,0.5,0,-1
1915142,1921793,5,2.7905531327562363,0.7142857142857143,36,0.8333333333333333,1.0,10,-1
1915142,1930204,5,2.7905531327562363,0.7142857142857143,36,0.8333333333333333,1.0,10,-1
1915342,1915347,2,1.0277966847395015,0.3333333333333333,15,0.2857142857142857,0.5,0,-1
1915342,1935437,4,2.2704665538587254,0.6666666666666666,25,0.6857142857142857,1.0,0,-1
1915342,1935455,4,2.270466553858725,0.6666666666666666,25,0.6857142857142857,1.0,0,-1
1915343,1917369,4,2.4853397382384474,0.6666666666666666,25,0.8,1.0,8,-1
1915347,1935437,2,1.0277966847395015,0.3333333333333333,15,0.2857142857142857,0.5,0,-1
1915347,1935455,2,1.0277966847395015,0.3333333333333333,15,0.2857142857142857,0.5,0,-1
1915355,1919585,8,3.640956906507349,0.8,81,0.8888888888888891,1.0,0,-1
1915355,1924824,8,3.640956906507349,0.8,81,0.8888888888888891,1.0,0,-1
1915355,1929772,8,3.640956906507349,0.8,81,0.8888888888888891,1.0,0,-1
1915382,1921314,4,2.4853397382384474,0.6666666666666666,25,0.8,1.0,8,-1
1915479,1927788,0,0.0,0.0,1,0.0,1.0,2,1
1915490,1915500,9,3.7613380289814673,0.5625,150,0.8242424242424242,1.0,19,-1
1915490,1916997,2,0.7863017644931014,0.13333333333333333,30,0.1575757575757576,0.5,3,-1
1915490,1919353,5,3.2546594548467818,0.3125,90,1.0666666666666667,1.0,12,1
1915490,1919615,3,1.648727520064584,0.1875,60,0.48333333333333334,1.0,8,-1
1915490,1936660,1,0.36926937306885504,0.05555555555555555,60,0.06666666666666667,0.5,2,-1
1915490,1943505,1,0.36926937306885504,0.05555555555555555,60,0.06666666666666667,0.5,2,-1
1915490,1944057,1,0.36926937306885504,0.05555555555555555,60,0.06666666666666667,0.5,2,-1
1915500,1916997,2,0.7863017644931014,0.2,20,0.1575757575757576,0.5,3,-1
1915500,1919353,2,0.7385387461377101,0.14285714285714285,60,0.13333333333333333,0.5,6,-1
1915500,1919615,2,0.7385387461377101,0.16666666666666666,40,0.13333333333333333,0.5,6,-1
1915500,1936660,1,0.36926937306885504,0.07692307692307693,40,0.06666666666666667,0.5,2,-1
1915500,1943505,1,0.36926937306885504,0.07692307692307693,40,0.06666666666666667,0.5,2,-1
1915500,1944057,1,0.36926937306885504,0.07692307692307693,40,0.06666666666666667,0.5,2,-1
1915522,1916607,3,1.631586747071319,0.6,16,0.4722222222222222,1.0,4,-1
1915522,1934594,3,1.631586747071319,0.6,16,0.4722222222222222,1.0,4,-1
1915693,1921167,4,2.422115430230083,0.4444444444444444,40,0.7666666666666666,1.0,5,-1
1915693,1921718,4,2.422115430230083,0.4444444444444444,40,0.7666666666666666,1.0,5,-1
1915693,1925644,2,1.8204784532536746,0.2222222222222222,24,0.6666666666666666,1.0,2,-1
1915868,1924835,1,0.48089834696298783,0.16666666666666666,10,0.125,1.0,2,-1
1915868,1930532,3,1.923593387851951,0.5,20,0.625,1.0,4,-1
1916144,1929486,1,0.36926937306885504,0.07142857142857142,56,0.06666666666666667,0.5,0,-1
1916144,1929916,1,0.36926937306885504,0.07142857142857142,56,0.06666666666666667,0.5,0,-1
1916144,1929972,1,0.36926937306885504,0.07142857142857142,56,0.06666666666666667,0.5,0,-1
1916144,1934426,1,0.36926937306885504,0.07142857142857142,56,0.06666666666666667,0.5,0,-1
1916144,1943495,7,3.3463142579494285,0.7777777777777778,64,0.8662698412698411,1.0,0,1
1916235,1933178,2,1.8204784532536746,0.5,9,0.6666666666666666,1.0,6,-1
1916235,1936762,2,1.8204784532536746,0.5,9,0.6666666666666666,1.0,6,-1
1916323,1925553,2,1.8204784532536746,0.2857142857142857,18,0.6666666666666666,1.0,3,-1
1916327,1918427,3,2.164042561333445,0.6,16,0.75,1.0,4,-1
1916327,1920601,3,2.164042561333445,0.6,16,0.75,1.0,7,-1
1916327,1920606,3,2.164042561333445,0.6,16,0.75,1.0,7,-1
1916327,1920611,3,2.164042561333445,0.6,16,0.75,1.0,7,-1
1916368,1919996,2,1.8204784532536746,0.5,9,0.6666666666666666,1.0,6,-1
1916368,1921758,2,1.8204784532536746,0.5,9,0.6666666666666666,1.0,6,-1
1916378,1929595,2,1.8204784532536746,0.5,9,0.6666666666666666,1.0,0,-1
1916487,1933601,3,2.064029975448575,0.5,20,0.7,1.0,6,-1
1916487,1934386,3,2.064029975448575,0.5,20,0.7,1.0,4,-1
1916596,1924693,12,4.657853070832936,0.8571428571428571,169,0.9128205128205127,1.0,9,1
1916596,1925498,12,4.657853070832936,0.8571428571428571,169,0.9128205128205127,1.0,0,-1
1916596,1925519,12,4.657853070832936,0.8571428571428571,169,0.9128205128205127,1.0,0,-1
1916596,1925522,12,4.657853070832936,0.8571428571428571,169,0.9128205128205127,1.0,0,1
1916596,1929930,12,4.657853070832936,0.8571428571428571,169,0.9128205128205127,1.0,9,-1
1916596,1929956,12,4.657853070832936,0.8571428571428571,169,0.9128205128205127,1.0,9,1
1916596,1930034,12,4.657853070832936,0.8571428571428571,169,0.9128205128205127,1.0,0,-1
1916596,1930036,12,4.657853070832936,0.8571428571428571,169,0.9128205128205127,1.0,0,-1
1916596,1930191,1,0.36926937306885504,0.07142857142857142,26,0.06666666666666667,0.5,4,-1
1916596,1934448,12,4.657853070832936,0.8571428571428571,169,0.9128205128205127,1.0,0,-1
1916596,1934453,12,4.657853070832936,0.8571428571428571,169,0.9128205128205127,1.0,5,-1
1916596,1934543,1,0.36926937306885504,0.07142857142857142,26,0.06666666666666667,0.5,4,-1
1916607,1934594,3,1.631586747071319,0.6,16,0.4722222222222222,1.0,4,-1
1916705,1933410,5,2.7905531327562363,0.7142857142857143,36,0.8333333333333333,1.0,5,-1
1916705,1944109,5,2.7905531327562363,0.7142857142857143,36,0.8333333333333333,1.0,5,-1
1916705,1944119,5,2.7905531327562363,0.7142857142857143,36,0.8333333333333333,1.0,0,-1
1916705,1944171,5,2.7905531327562363,0.7142857142857143,36,0.8333333333333333,1.0,5,-1
1916705,1944310,5,2.7905531327562363,0.7142857142857143,36,0.8333333333333333,1.0,5,-1
1916707,1924967,4,2.4853397382384474,0.6666666666666666,25,0.8,1.0,6,-1
1916707,1924984,4,2.4853397382384474,0.6666666666666666,25,0.8,1.0,5,-1
1916707,1936927,4,2.4853397382384474,0.6666666666666666,25,0.8,1.0,5,-1
1916796,1921490,2,1.8204784532536746,0.5,9,0.6666666666666666,1.0,0,-1
1916879,1917654,4,2.4853397382384474,0.6666666666666666,25,0.8,1.0,0,-1
1916879,1917682,4,2.4853397382384474,0.6666666666666666,25,0.8,1.0,0,-1
1916879,1917687,4,2.4853397382384474,0.6666666666666666,25,0.8,1.0,0,-1
1916879,1942366,4,2.4853397382384474,0.6666666666666666,25,0.8,1.0,0,-1
1916940,1933902,2,1.8204784532536746,0.5,9,0.6666666666666666,1.0,3,-1
1916940,1933909,2,1.8204784532536746,0.5,9,0.6666666666666666,1.0,3,-1
1916940,1941791,2,1.8204784532536746,0.5,9,0.6666666666666666,1.0,3,-1
1916997,1936660,1,0.36926937306885504,0.2,8,0.06666666666666667,0.5,2,-1
1916997,1943505,1,0.36926937306885504,0.2,8,0.06666666666666667,0.5,2,-1
1916997,1944057,1,0.36926937306885504,0.2,8,0.06666666666666667,0.5,2,-1
1917073,1919982,2,1.8204784532536746,0.5,9,0.6666666666666666,1.0,3,-1
1917104,1919024,3,1.876989522792215,0.6,16,0.6,1.0,6,-1
1917104,1925288,1,0.43429448190325176,0.2,8,0.1,0.5,0,-1
1917104,1934501,3,1.876989522792215,0.6,16,0.6,1.0,0,-1
1917122,1921241,3,2.0008056674402104,0.6,16,0.6666666666666666,1.0,0,-1
1917237,1917948,2,1.8204784532536746,0.5,9,0.6666666666666666,1.0,5,-1
1917237,1930352,2,1.8204784532536746,0.5,9,0.6666666666666666,1.0,5,-1
1917237,1942255,2,1.8204784532536746,0.5,9,0.6666666666666666,1.0,3,-1
1917263,1930256,2,1.8204784532536746,0.5,9,0.6666666666666666,1.0,6,-1
1917263,1934700,2,1.8204784532536746,0.5,9,0.6666666666666666,1.0,6,-1
1917654,1917682,4,2.4853397382384474,0.6666666666666666,25,0.8,1.0,6,-1
1917654,1917687,4,2.4853397382384474,0.6666666666666666,25,0.8,1.0,6,-1
1917654,1942366,4,2.4853397382384474,0.6666666666666666,25,0.8,1.0,6,-1
1917682,1917687,4,2.4853397382384474,0.6666666666666666,25,0.8,1.0,6,-1
1917682,1942366,4,2.4853397382384474,0.6666666666666666,25,0.8,1.0,6,-1
1917687,1942366,4,2.4853397382384474,0.6666666666666666,25,0.8,1.0,6,-1
1917697,1938908,8,3.640956906507349,0.8,81,0.8888888888888891,1.0,9,-1
1917697,1938924,8,3.640956906507349,0.8,81,0.8888888888888891,1.0,9,-1
1917697,1940267,8,3.640956906507349,0.8,81,0.8888888888888891,1.0,9,-1
1917697,1940290,8,3.640956906507349,0.8,81,0.8888888888888891,1.0,9,-1
1917697,1940356,8,3.640956906507349,0.8,81,0.8888888888888891,1.0,9,-1
1917755,1919532,4,2.4853397382384474,0.6666666666666666,25,0.8,1.0,4,-1
1917784,1921457,3,1.845124645270808,0.6,16,0.5833333333333333,1.0,4,1
1917948,1930352,2,1.8204784532536746,0.5,9,0.6666666666666666,1.0,5,-1
1917948,1942255,2,1.8204784532536746,0.5,9,0.6666666666666666,1.0,3,-1
1918009,1930325,2,1.8204784532536746,0.5,9,0.6666666666666666,1.0,0,-1
1918009,1934521,2,1.8204784532536746,0.5,9,0.6666666666666666,1.0,4,-1
1918009,1942064,2,1.8204784532536746,0.5,9,0.6666666666666666,1.0,4,-1
1918026,1919739,5,2.7905531327562363,0.7142857142857143,36,0.8333333333333333,1.0,5,1
1918026,1919749,5,2.7905531327562363,0.7142857142857143,36,0.8333333333333333,1.0,5,1
1918026,1925252,5,2.7905531327562363,0.7142857142857143,36,0.8333333333333333,1.0,0,-1
1918026,1925274,5,2.7905531327562363,0.7142857142857143,36,0.8333333333333333,1.0,0,-1
1918156,1925311,1,0.43429448190325176,0.2,8,0.1,1.0,2,-1
1918156,1934701,1,0.43429448190325176,0.25,6,0.1,0.5,2,-1
1918156,1936282,2,1.1556420023477334,0.6666666666666666,6,0.35,0.5,3,-1
1918212,1931224,3,2.164042561333445,0.6,16,0.75,1.0,6,-1
1918212,1936268,3,2.164042561333445,0.6,16,0.75,1.0,6,-1
1918420,1918440,3,1.8375687735469761,0.6,16,0.5833333333333333,1.0,7,-1
1918420,1920515,3,1.8375687735469761,0.6,16,0.5833333333333333,1.0,4,-1
1918427,1920601,3,2.164042561333445,0.6,16,0.75,1.0,4,-1
1918427,1920606,3,2.164042561333445,0.6,16,0.75,1.0,4,-1
1918427,1920611,3,2.164042561333445,0.6,16,0.75,1.0,4,-1
1918435,1944080,1,1.4426950408889634,0.3333333333333333,4,0.5,1.0,4,-1
1918440,1920515,3,1.8375687735469761,0.6,16,0.5833333333333333,1.0,4,-1
1918456,1918469,4,2.4853397382384474,0.6666666666666666,25,0.8,1.0,9,-1
1918456,1918473,4,2.4853397382384474,0.6666666666666666,25,0.8,1.0,9,-1
1918456,1919186,4,2.4853397382384474,0.6666666666666666,25,0.8,1.0,9,-1
1918456,1943833,4,2.4853397382384474,0.6666666666666666,25,0.8,1.0,5,-1
1918469,1918473,4,2.4853397382384474,0.6666666666666666,25,0.8,1.0,9,-1
1918469,1919186,4,2.4853397382384474,0.6666666666666666,25,0.8,1.0,9,-1
1918469,1943833,4,2.4853397382384474,0.6666666666666666,25,0.8,1.0,5,-1
1918473,1919186,4,2.4853397382384474,0.6666666666666666,25,0.8,1.0,9,-1
1918473,1943833,4,2.4853397382384474,0.6666666666666666,25,0.8,1.0,5,-1
1918609,1920667,2,1.8204784532536746,0.5,9,0.6666666666666666,1.0,0,-1
1918614,1918619,2,1.8204784532536746,0.5,9,0.6666666666666666,1.0,0,-1
1918614,1918627,2,1.8204784532536746,0.5,9,0.6666666666666666,1.0,0,-1
1918619,1918627,2,1.8204784532536746,0.5,9,0.6666666666666666,1.0,0,-1
1918695,1930196,2,1.8204784532536746,0.5,9,0.6666666666666666,1.0,6,-1
1918700,1937354,6,3.083390054218504,0.75,49,0.857142857142857,1.0,0,-1
1918700,1945000,6,3.083390054218504,0.75,49,0.857142857142857,1.0,0,-1
1918700,1945002,6,3.083390054218504,0.75,49,0.857142857142857,1.0,4,-1
1918700,1945005,6,3.083390054218504,0.75,49,0.857142857142857,1.0,4,-1
1918896,1920776,4,2.270466553858725,0.6666666666666666,25,0.6857142857142857,1.0,8,-1
1918896,1936440,4,2.270466553858725,0.6666666666666666,25,0.6857142857142857,1.0,8,-1
1918896,1944899,4,2.270466553858725,0.6666666666666666,25,0.6857142857142857,1.0,8,-1
1918992,1925844,5,2.7905531327562363,0.7142857142857143,36,0.8333333333333333,1.0,6,-1
1918992,1925960,5,2.7905531327562363,0.7142857142857143,36,0.8333333333333333,1.0,11,-1
1918992,1934809,5,2.7905531327562363,0.7142857142857143,36,0.8333333333333333,1.0,11,1
1919024,1925288,1,0.43429448190325176,0.2,8,0.1,0.5,0,-1
1919024,1934501,3,1.876989522792215,0.6,16,0.6,1.0,0,-1
1919052,1934783,1,1.4426950408889634,0.3333333333333333,4,0.5,1.0,2,-1
1919052,1934836,1,1.4426950408889634,0.3333333333333333,4,0.5,1.0,0,-1
1919093,1920593,1,1.4426950408889634,0.3333333333333333,4,0.5,1.0,0,-1
1919125,1920648,4,2.4853397382384474,0.6666666666666666,25,0.8,1.0,0,-1
1919186,1943833,4,2.4853397382384474,0.6666666666666666,25,0.8,1.0,5,-1
1919235,1920011,1,0.4170323914242463,0.08333333333333333,22,0.09090909090909091,1.0,4,-1
1919235,1921396,9,3.891388246650261,0.75,110,0.8909090909090908,1.0,13,-1
1919235,1921400,9,3.891388246650261,0.75,110,0.8909090909090908,1.0,0,-1
1919235,1929704,9,3.891388246650261,0.75,110,0.8909090909090908,1.0,0,-1
1919277,1919304,5,2.7905531327562363,0.7142857142857143,36,0.8333333333333333,1.0,8,-1
1919277,1919576,5,2.7905531327562363,0.7142857142857143,36,0.8333333333333333,1.0,8,-1
1919277,1921423,5,2.7905531327562363,0.7142857142857143,36,0.8333333333333333,1.0,8,-1
1919304,1919576,5,2.7905531327562363,0.7142857142857143,36,0.8333333333333333,1.0,8,-1
1919304,1921423,5,2.7905531327562363,0.7142857142857143,36,0.8333333333333333,1.0,8,-1
1919338,1919343,8,3.640956906507349,0.8,81,0.8888888888888891,1.0,15,-1
1919338,1919357,8,3.640956906507349,0.8,81,0.8888888888888891,1.0,15,-1
1919338,1919624,8,3.640956906507349,0.8,81,0.8888888888888891,1.0,15,-1
1919338,1921455,8,3.640956906507349,0.8,81,0.8888888888888891,1.0,15,-1
1919343,1919357,8,3.640956906507349,0.8,81,0.8888888888888891,1.0,15,-1
1919343,1919624,8,3.640956906507349,0.8,81,0.8888888888888891,1.0,15,-1
1919343,1921455,8,3.640956906507349,0.8,81,0.8888888888888891,1.0,15,-1
1919353,1919615,3,1.459886266582192,0.42857142857142855,24,0.3833333333333333,1.0,8,-1
1919357,1919624,8,3.640956906507349,0.8,81,0.8888888888888891,1.0,15,-1
1919357,1921455,8,3.640956906507349,0.8,81,0.8888888888888891,1.0,15,-1
1919384,1919657,12,5.566053539862074,0.8571428571428571,169,1.3919413919413919,1.0,7,-1
1919384,1920945,8,3.4452118023209333,0.5714285714285714,117,0.7863247863247862,1.0,0,-1
1919384,1920949,12,5.566053539862074,0.8571428571428571,169,1.3919413919413919,1.0,7,-1
1919384,1921178,6,2.7113087628630925,0.42857142857142855,91,0.6593406593406592,1.0,10,-1
1919384,1925050,6,2.7113087628630925,0.42857142857142855,91,0.6593406593406592,1.0,7,-1
1919399,1935713,1,0.3789231816899512,0.09090909090909091,27,0.07142857142857142,0.5,4,-1
1919399,1935732,1,0.3789231816899512,0.09090909090909091,27,0.07142857142857142,0.5,0,-1
1919399,1936880,1,0.3789231816899512,0.09090909090909091,27,0.07142857142857142,0.5,2,-1
1919399,1936885,1,0.3789231816899512,0.09090909090909091,27,0.07142857142857142,0.5,4,-1
1919399,1936917,1,0.3789231816899512,0.09090909090909091,27,0.07142857142857142,0.5,4,-1
1919399,1937253,2,1.2891624083167885,0.5,9,0.40476190476190477,1.0,6,-1
1919399,1944178,1,0.3789231816899512,0.09090909090909091,27,0.07142857142857142,0.5,2,-1
1919399,1944180,1,0.3789231816899512,0.09090909090909091,27,0.07142857142857142,0.5,0,-1
1919399,1944907,2,1.2891624083167885,0.5,9,0.40476190476190477,1.0,6,-1
1919476,1930414,2,1.8204784532536746,0.5,9,0.6666666666666666,1.0,0,-1
1919522,1921344,2,1.8204784532536746,0.5,9,0.6666666666666666,1.0,3,-1
1919540,1921052,1,0.40242960438184466,0.09090909090909091,36,0.08333333333333333,0.5,2,-1
1919540,1925030,5,2.6348721105868336,0.7142857142857143,36,0.7499999999999999,1.0,6,-1
1919546,1925984,3,2.164042561333445,0.6,16,0.75,1.0,7,-1
1919546,1935018,3,2.164042561333445,0.6,16,0.75,1.0,4,-1
1919566,1921421,2,1.8204784532536746,0.5,9,0.6666666666666666,1.0,4,-1
1919576,1921423,5,2.7905531327562363,0.7142857142857143,36,0.8333333333333333,1.0,8,-1
1919585,1924824,8,3.640956906507349,0.8,81,0.8888888888888891,1.0,4,-1
1919585,1929772,8,3.640956906507349,0.8,81,0.8888888888888891,1.0,0,-1
1919624,1921455,8,3.640956906507349,0.8,81,0.8888888888888891,1.0,15,-1
1919657,1920945,8,3.4452118023209333,0.5714285714285714,117,0.7863247863247862,1.0,0,-1
1919657,1920949,12,5.566053539862074,0.8571428571428571,169,1.3919413919413919,1.0,9,-1
1919657,1921178,6,2.7113087628630925,0.42857142857142855,91,0.6593406593406592,1.0,7,-1
1919657,1925050,6,2.7113087628630925,0.42857142857142855,91,0.6593406593406592,1.0,7,-1
1919739,1919749,5,2.7905531327562363,0.7142857142857143,36,0.8333333333333333,1.0,5,1
1919739,1925252,5,2.7905531327562363,0.7142857142857143,36,0.8333333333333333,1.0,0,-1
1919739,1925274,5,2.7905531327562363,0.7142857142857143,36,0.8333333333333333,1.0,0,-1
1919740,1919750,1,1.4426950408889634,0.3333333333333333,4,0.5,1.0,0,-1
1919745,1925100,5,2.7905531327562363,0.7142857142857143,36,0.8333333333333333,1.0,8,-1
1919749,1925252,5,2.7905531327562363,0.7142857142857143,36,0.8333333333333333,1.0,0,-1
1919749,1925274,5,2.7905531327562363,0.7142857142857143,36,0.8333333333333333,1.0,0,-1
1919766,1919780,7,3.366288428740915,0.7777777777777778,64,0.875,1.0,15,-1
1919766,1919790,7,3.366288428740915,0.7777777777777778,64,0.875,1.0,15,-1
1919766,1920836,7,3.366288428740915,0.7777777777777778,64,0.875,1.0,15,-1
1919766,1923662,7,3.366288428740915,0.7777777777777778,64,0.875,1.0,8,-1
1919766,1936618,7,3.366288428740915,0.7777777777777778,64,0.875,1.0,15,-1
1919780,1919790,7,3.366288428740915,0.7777777777777778,64,0.875,1.0,15,-1
1919780,1920836,7,3.366288428740915,0.7777777777777778,64,0.875,1.0,15,-1
1919780,1923662,7,3.366288428740915,0.7777777777777778,64,0.875,1.0,8,-1
1919780,1936618,7,3.366288428740915,0.7777777777777778,64,0.875,1.0,15,-1
1919790,1920836,7,3.366288428740915,0.7777777777777778,64,0.875,1.0,15,-1
1919790,1923662,7,3.366288428740915,0.7777777777777778,64,0.875,1.0,8,-1
1919790,1936618,7,3.366288428740915,0.7777777777777778,64,0.875,1.0,15,-1
1919820,1921662,4,2.2704665538587254,0.5,35,0.6857142857142857,1.0,9,-1
1919820,1929996,4,2.270466553858725,0.5,35,0.6857142857142857,1.0,9,-1
1919820,1933844,4,2.1630299616688644,0.6666666666666666,25,0.6285714285714286,1.0,5,-1
1919824,1930816,4,2.4853397382384474,0.6666666666666666,25,0.8,1.0,4,-1
1919824,1930821,4,2.4853397382384474,0.6666666666666666,25,0.8,1.0,7,-1
1919824,1934284,4,2.4853397382384474,0.6666666666666666,25,0.8,1.0,7,-1
1919824,1935268,4,2.4853397382384474,0.6666666666666666,25,0.8,1.0,7,-1
1919834,1921252,2,1.8204784532536746,0.5,9,0.6666666666666666,1.0,6,-1
1919834,1921780,2,1.8204784532536746,0.5,9,0.6666666666666666,1.0,6,-1
1919834,1925271,2,1.8204784532536746,0.5,9,0.6666666666666666,1.0,6,-1
1919922,1925378,1,0.7213475204444817,0.3333333333333333,3,0.25,0.5,0,-1
1919922,1930756,2,1.631586747071319,0.5,9,0.5833333333333333,1.0,0,-1
1919966,1925045,4,2.4853397382384474,0.6666666666666666,25,0.8,1.0,6,-1
1919986,1921784,4,2.3449031506418234,0.6666666666666666,25,0.7250000000000001,1.0,5,-1
1919996,1921758,2,1.8204784532536746,0.5,9,0.6666666666666666,1.0,6,-1
1920011,1921396,2,0.8340647828484926,0.2,20,0.18181818181818182,0.5,6,-1
1920011,1921400,2,0.8340647828484926,0.2,20,0.18181818181818182,0.5,0,-1
1920011,1929704,2,0.8340647828484926,0.2,20,0.18181818181818182,0.5,0,-1
1920034,1925140,1,1.4426950408889634,0.3333333333333333,4,0.5,1.0,4,-1
1920049,1920061,2,1.8204784532536746,0.5,9,0.6666666666666666,1.0,3,-1
1920084,1925158,2,1.8204784532536746,0.5,9,0.6666666666666666,1.0,0,-1
1920089,1925175,2,1.8204784532536746,0.5,9,0.6666666666666666,1.0,6,-1
1920136,1924605,5,2.7905531327562363,0.7142857142857143,36,0.8333333333333333,1.0,0,-1
1920136,1925074,5,2.7905531327562363,0.7142857142857143,36,0.8333333333333333,1.0,8,-1
1920136,1934412,5,2.7905531327562363,0.7142857142857143,36,0.8333333333333333,1.0,8,-1
1920136,1934419,5,2.7905531327562363,0.7142857142857143,36,0.8333333333333333,1.0,8,-1
1920144,1925652,1,1.4426950408889634,0.3333333333333333,4,0.5,1.0,3,-1
1920144,1931222,1,1.4426950408889634,0.3333333333333333,4,0.5,1.0,2,1
1920161,1920171,7,3.246063842000168,0.7777777777777778,64,0.8125,1.0,16,-1
1920161,1925254,7,3.246063842000168,0.7777777777777778,64,0.8125,1.0,16,-1
1920171,1925254,7,3.246063842000168,0.7777777777777778,64,0.8125,1.0,16,-1
1920202,1925528,3,2.164042561333445,0.6,16,0.75,1.0,2,-1
1920202,1925893,3,2.164042561333445,0.6,16,0.75,1.0,2,-1
1920202,1933699,3,2.164042561333445,0.6,16,0.75,1.0,0,-1
1920276,1943992,2,1.391137573589825,0.5,9,0.4583333333333333,1.0,3,-1
1920601,1920606,3,2.164042561333445,0.6,16,0.75,1.0,7,-1
1920601,1920611,3,2.164042561333445,0.6,16,0.75,1.0,7,-1
1920606,1920611,3,2.164042561333445,0.6,16,0.75,1.0,7,-1
1920776,1936440,4,2.270466553858725,0.6666666666666666,25,0.6857142857142857,1.0,8,-1
1920776,1944899,4,2.270466553858725,0.6666666666666666,25,0.6857142857142857,1.0,8,-1
1920815,1920826,7,3.366288428740915,0.7777777777777778,64,0.875,1.0,8,-1
1920836,1923662,7,3.366288428740915,0.7777777777777778,64,0.875,1.0,8,-1
1920836,1936618,7,3.366288428740915,0.7777777777777778,64,0.875,1.0,15,-1
1920856,1920864,4,2.4853397382384474,0.6666666666666666,25,0.8,1.0,4,-1
1920856,1920876,4,2.4853397382384474,0.6666666666666666,25,0.8,1.0,0,-1
1920856,1921415,4,2.4853397382384474,0.6666666666666666,25,0.8,1.0,4,-1
1920864,1920876,4,2.4853397382384474,0.6666666666666666,25,0.8,1.0,0,-1
1920864,1921415,4,2.4853397382384474,0.6666666666666666,25,0.8,1.0,5,-1
1920876,1921415,4,2.4853397382384474,0.6666666666666666,25,0.8,1.0,0,-1
1920893,1921464,0,0.0,0.0,1,0.0,1.0,2,-1
1920898,1920903,5,2.7905531327562363,0.7142857142857143,36,0.8333333333333333,1.0,12,-1
1920898,1921446,5,2.7905531327562363,0.7142857142857143,36,0.8333333333333333,1.0,12,-1
1920903,1921446,5,2.7905531327562363,0.7142857142857143,36,0.8333333333333333,1.0,12,-1
1920945,1920949,8,3.4452118023209333,0.5714285714285714,117,0.7863247863247862,1.0,0,-1
1920945,1921178,4,1.5594849810051203,0.3333333333333333,63,0.3076923076923077,0.5,0,-1
1920945,1925050,4,1.5594849810051203,0.3333333333333333,63,0.3076923076923077,0.5,0,-1
1920949,1921178,6,2.7113087628630925,0.42857142857142855,91,0.6593406593406592,1.0,7,-1
1920949,1925050,6,2.7113087628630925,0.42857142857142855,91,0.6593406593406592,1.0,7,-1
1921001,1925710,5,2.7905531327562363,0.7142857142857143,36,0.8333333333333333,1.0,12,-1
1921001,1926074,5,2.7905531327562363,0.7142857142857143,36,0.8333333333333333,1.0,12,-1
1921001,1926195,5,2.7905531327562363,0.7142857142857143,36,0.8333333333333333,1.0,12,-1
1921001,1930590,5,2.7905531327562363,0.7142857142857143,36,0.8333333333333333,1.0,12,-1
1921001,1942544,5,2.7905531327562363,0.7142857142857143,36,0.8333333333333333,1.0,12,-1
1921017,1925699,3,2.164042561333445,0.6,16,0.75,1.0,4,-1
1921017,1925839,3,2.164042561333445,0.6,16,0.75,1.0,5,-1
1921034,1921635,3,1.8375687735469761,0.21428571428571427,52,0.5833333333333333,1.0,7,1
1921034,1924131,5,3.443500708329174,0.35714285714285715,78,1.1666666666666667,1.0,10,1
1921034,1924332,2,1.8204784532536746,0.14285714285714285,39,0.6666666666666666,1.0,3,-1
1921034,1924830,1,0.5581106265512472,0.07142857142857142,26,0.16666666666666666,0.5,1,-1
1921034,1928874,3,2.0008056674402104,0.21428571428571427,52,0.6666666666666666,1.0,4,-1
1921034,1929274,3,2.0008056674402104,0.21428571428571427,52,0.6666666666666666,1.0,4,-1
1921034,1936564,2,1.8204784532536746,0.14285714285714285,39,0.6666666666666666,1.0,5,-1
1921034,1936903,3,2.0008056674402104,0.21428571428571427,52,0.6666666666666666,1.0,0,-1
1921034,1944265,2,1.8204784532536746,0.14285714285714285,39,0.6666666666666666,1.0,5,-1
1921052,1925030,1,0.40242960438184466,0.09090909090909091,36,0.08333333333333333,0.5,2,-1
1921162,1925095,4,2.2538760489301155,0.6666666666666666,25,0.676923076923077,1.0,10,-1
1921167,1921718,4,2.281678842633459,0.6666666666666666,25,0.6916666666666667,1.0,5,-1
1921167,1925644,1,0.48089834696298783,0.14285714285714285,15,0.125,0.5,2,-1
1921178,1925050,6,2.5872816657446216,0.75,49,0.5934065934065933,1.0,7,-1
1921229,1921256,4,2.4853397382384474,0.6666666666666666,25,0.8,1.0,5,-1
1921252,1921780,2,1.8204784532536746,0.5,9,0.6666666666666666,1.0,6,1
1921252,1925271,2,1.8204784532536746,0.5,9,0.6666666666666666,1.0,6,-1
1921361,1929667,4,2.4853397382384474,0.6666666666666666,25,0.8,1.0,5,-1
1921361,1929670,4,2.4853397382384474,0.6666666666666666,25,0.8,1.0,8,-1
1921396,1921400,9,3.8741261561712554,0.8181818181818182,100,0.8818181818181817,1.0,0,-1
1921396,1929704,9,3.8741261561712554,0.8181818181818182,100,0.8818181818181817,1.0,0,-1
1921400,1929704,9,3.8741261561712554,0.8181818181818182,100,0.8818181818181817,1.0,2,-1
1921431,1921447,3,2.164042561333445,0.6,16,0.75,1.0,4,-1
1921498,1929722,4,2.4853397382384474,0.6666666666666666,25,0.8,1.0,8,-1
1921559,1930138,4,2.3779031460485864,0.6666666666666666,25,0.7428571428571429,1.0,4,-1
1921635,1924131,3,1.669329392247009,0.42857142857142855,24,0.4935897435897436,1.0,7,-1
1921635,1924332,1,0.3898712452512801,0.16666666666666666,12,0.07692307692307693,0.5,2,-1
1921635,1928874,1,0.3898712452512801,0.14285714285714285,16,0.07692307692307693,0.5,4,-1
1921635,1929274,1,0.3898712452512801,0.14285714285714285,16,0.07692307692307693,0.5,4,-1
1921635,1936564,1,0.3898712452512801,0.16666666666666666,12,0.07692307692307693,0.5,4,-1
1921635,1936903,1,0.3898712452512801,0.14285714285714285,16,0.07692307692307693,0.5,0,-1
1921635,1944265,1,0.3898712452512801,0.16666666666666666,12,0.07692307692307693,0.5,4,-1
1921662,1929996,6,3.8205981869375503,0.75,49,1.2428571428571429,1.0,11,-1
1921662,1933844,4,2.270466553858725,0.5,35,0.6857142857142857,1.0,5,-1
1921718,1925644,1,0.48089834696298783,0.14285714285714285,15,0.125,0.5,2,-1
1921752,1925207,6,2.8100542918609968,0.75,49,0.7103896103896103,1.0,13,-1
1921752,1930133,6,2.8100542918609968,0.75,49,0.7103896103896103,1.0,7,-1
1921752,1930512,2,0.8340647828484926,0.2222222222222222,28,0.18181818181818182,0.5,3,-1
1921752,1934756,3,1.2683592647517443,0.3333333333333333,35,0.28181818181818186,0.5,4,-1
1921752,1942167,3,1.2683592647517443,0.3,42,0.28181818181818186,0.5,8,-1
1921755,1921767,5,2.2529907981723483,0.7142857142857143,36,0.5476190476190476,1.0,0,-1
1921755,1929743,3,1.1367695450698536,0.2727272727272727,48,0.21428571428571427,0.5,0,-1
1921767,1929743,3,1.1367695450698536,0.2727272727272727,48,0.21428571428571427,0.5,4,1
1921779,1925227,4,2.4853397382384474,0.6666666666666666,25,0.8,1.0,9,-1
1921779,1925238,4,2.4853397382384474,0.6666666666666666,25,0.8,1.0,9,-1
1921780,1925271,2,1.8204784532536746,0.5,9,0.6666666666666666,1.0,6,-1
1921793,1930204,5,2.7905531327562363,0.7142857142857143,36,0.8333333333333333,1.0,10,-1
1921804,1930183,6,3.083390054218504,0.75,49,0.857142857142857,1.0,11,-1
1921804,1930212,6,3.083390054218504,0.75,49,0.857142857142857,1.0,11,-1
1921804,1930239,6,3.083390054218504,0.75,49,0.857142857142857,1.0,11,-1
1921830,1934741,2,1.391137573589825,0.2222222222222222,24,0.4583333333333333,1.0,6,-1
1922122,1930825,2,1.8204784532536746,0.5,9,0.6666666666666666,1.0,4,1
1922122,1934990,2,1.8204784532536746,0.5,9,0.6666666666666666,1.0,0,1
1922122,1942542,2,1.8204784532536746,0.5,9,0.6666666666666666,1.0,4,-1
1922397,1922821,2,1.8204784532536746,0.5,9,0.6666666666666666,1.0,4,-1
1922397,1942598,2,1.8204784532536746,0.5,9,0.6666666666666666,1.0,4,-1
1922485,1941659,1,1.4426950408889634,0.3333333333333333,4,0.5,1.0,2,-1
1922485,1941668,1,1.4426950408889634,0.3333333333333333,4,0.5,1.0,0,-1
1922680,1927910,1,1.4426950408889634,0.3333333333333333,4,0.5,1.0,3,1
1922680,1936392,1,1.4426950408889634,0.3333333333333333,4,0.5,1.0,2,-1
1922821,1942598,2,1.8204784532536746,0.5,9,0.6666666666666666,1.0,4,-1
1923366,1934814,1,1.4426950408889634,0.125,14,0.5,1.0,0,-1
1923366,1934857,1,1.4426950408889634,0.125,14,0.5,1.0,0,-1
1923662,1936618,7,3.366288428740915,0.7777777777777778,64,0.875,1.0,8,-1
1923896,1933233,2,1.8204784532536746,0.5,9,0.6666666666666666,1.0,2,-1
1923896,1936497,2,1.8204784532536746,0.5,9,0.6666666666666666,1.0,0,-1
1924131,1924332,1,0.3898712452512801,0.125,18,0.07692307692307693,0.5,2,-1
1924131,1928874,1,0.3898712452512801,0.1111111111111111,24,0.07692307692307693,0.5,4,-1
1924131,1929274,1,0.3898712452512801,0.1111111111111111,24,0.07692307692307693,0.5,4,-1
1924131,1936564,1,0.3898712452512801,0.125,18,0.07692307692307693,0.5,4,-1
1924131,1936903,1,0.3898712452512801,0.1111111111111111,24,0.07692307692307693,0.5,0,-1
1924131,1944265,1,0.3898712452512801,0.125,18,0.07692307692307693,0.5,4,-1
1924332,1928874,1,0.3898712452512801,0.16666666666666666,12,0.07692307692307693,0.5,2,-1
1924332,1929274,1,0.3898712452512801,0.16666666666666666,12,0.07692307692307693,0.5,2,-1
1924332,1936564,2,1.3001104718781173,0.5,9,0.41025641025641024,1.0,3,-1
1924332,1936903,1,0.3898712452512801,0.16666666666666666,12,0.07692307692307693,0.5,0,-1
1924332,1944265,2,1.3001104718781173,0.5,9,0.41025641025641024,1.0,3,-1
1924515,1925488,4,2.152909095746061,0.4,45,0.6222222222222222,1.0,5,-1
1924515,1929427,4,2.152909095746061,0.4,45,0.6222222222222222,1.0,5,-1
1924515,1929441,4,2.152909095746061,0.4,45,0.6222222222222222,1.0,5,-1
1924515,1929885,4,1.986693774499868,0.6666666666666666,25,0.5333333333333333,1.0,5,-1
1924515,1933589,4,1.986693774499868,0.6666666666666666,25,0.5333333333333333,1.0,5,-1
1924530,1924535,3,2.164042561333445,0.6,16,0.75,1.0,6,-1
1924530,1925497,3,2.164042561333445,0.6,16,0.75,1.0,0,-1
1924530,1925501,3,2.164042561333445,0.6,16,0.75,1.0,6,-1
1924535,1925497,3,2.164042561333445,0.6,16,0.75,1.0,0,-1
1924535,1925501,3,2.164042561333445,0.6,16,0.75,1.0,6,-1
1924554,1924567,4,2.4853397382384474,0.6666666666666666,25,0.8,1.0,7,-1
1924554,1924660,4,2.4853397382384474,0.6666666666666666,25,0.8,1.0,5,-1
1924554,1924663,4,2.4853397382384474,0.6666666666666666,25,0.8,1.0,7,-1
1924554,1929483,4,2.4853397382384474,0.6666666666666666,25,0.8,1.0,5,-1
1924554,1933630,4,2.4853397382384474,0.6666666666666666,25,0.8,1.0,5,-1
1924563,1924591,3,1.9565933832587141,0.6,16,0.6428571428571428,1.0,0,-1
1924563,1929831,3,1.9565933832587141,0.6,16,0.6428571428571428,1.0,0,-1
1924563,1929879,3,1.9565933832587141,0.6,16,0.6428571428571428,1.0,0,-1
1924567,1924660,4,2.4853397382384474,0.6666666666666666,25,0.8,1.0,5,-1
1924567,1924663,4,2.4853397382384474,0.6666666666666666,25,0.8,1.0,7,-1
1924567,1929483,4,2.4853397382384474,0.6666666666666666,25,0.8,1.0,5,-1
1924567,1933630,4,2.4853397382384474,0.6666666666666666,25,0.8,1.0,5,-1
1924579,1934219,3,1.923593387851951,0.6,16,0.625,1.0,4,-1
1924579,1934248,3,1.923593387851951,0.6,16,0.625,1.0,4,-1
1924591,1929831,3,1.9565933832587141,0.6,16,0.6428571428571428,1.0,0,-1
1924591,1929879,3,1.9565933832587141,0.6,16,0.6428571428571428,1.0,0,-1
1924605,1925074,5,2.7905531327562363,0.7142857142857143,36,0.8333333333333333,1.0,0,-1
1924605,1934412,5,2.7905531327562363,0.7142857142857143,36,0.8333333333333333,1.0,0,-1
1924605,1934419,5,2.7905531327562363,0.7142857142857143,36,0.8333333333333333,1.0,0,-1
1924620,1924726,2,1.8204784532536746,0.5,9,0.6666666666666666,1.0,6,-1
1924620,1925118,2,1.8204784532536746,0.5,9,0.6666666666666666,1.0,6,-1
1924620,1929485,2,1.8204784532536746,0.5,9,0.6666666666666666,1.0,6,-1
1924623,1924629,3,1.782318312784072,0.6,16,0.5526315789473684,1.0,4,-1
1924623,1925560,3,1.782318312784072,0.6,16,0.5526315789473684,1.0,3,-1
1924623,1925592,1,0.3396232718951086,0.05555555555555555,60,0.05263157894736842,0.5,0,-1
1924623,1925597,1,0.3396232718951086,0.05555555555555555,60,0.05263157894736842,0.5,0,-1
1924623,1925600,1,0.3396232718951086,0.05555555555555555,60,0.05263157894736842,0.5,0,-1
1924623,1929583,1,0.3396232718951086,0.05555555555555555,60,0.05263157894736842,0.5,0,-1
1924623,1933745,1,0.3396232718951086,0.05555555555555555,60,0.05263157894736842,0.5,0,-1
1924623,1934404,1,0.3396232718951086,0.05555555555555555,60,0.05263157894736842,0.5,0,-1
1924623,1934512,1,0.3396232718951086,0.05555555555555555,60,0.05263157894736842,0.5,0,-1
1924629,1925560,3,1.782318312784072,0.6,16,0.5526315789473684,1.0,3,-1
1924629,1925592,1,0.3396232718951086,0.05555555555555555,60,0.05263157894736842,0.5,0,-1
1924629,1925597,1,0.3396232718951086,0.05555555555555555,60,0.05263157894736842,0.5,0,-1
1924629,1925600,1,0.3396232718951086,0.05555555555555555,60,0.05263157894736842,0.5,0,-1
1924629,1929583,1,0.3396232718951086,0.05555555555555555,60,0.05263157894736842,0.5,0,-1
1924629,1933745,1,0.3396232718951086,0.05555555555555555,60,0.05263157894736842,0.5,0,-1
1924629,1934404,1,0.3396232718951086,0.05555555555555555,60,0.05263157894736842,0.5,0,-1
1924629,1934512,1,0.3396232718951086,0.05555555555555555,60,0.05263157894736842,0.5,0,-1
1924651,1925164,3,2.164042561333445,0.6,16,0.75,1.0,7,-1
1924651,1929505,3,2.164042561333445,0.6,16,0.75,1.0,4,-1
1924651,1930071,3,2.164042561333445,0.6,16,0.75,1.0,7,-1
1924651,1934420,3,2.164042561333445,0.6,16,0.75,1.0,7,-1
1924656,1925572,0,0.0,0.0,1,0.0,1.0,2,-1
1924660,1924663,4,2.4853397382384474,0.6666666666666666,25,0.8,1.0,5,-1
1924660,1929483,4,2.4853397382384474,0.6666666666666666,25,0.8,1.0,5,-1
1924660,1933630,4,2.4853397382384474,0.6666666666666666,25,0.8,1.0,5,-1
1924663,1929483,4,2.4853397382384474,0.6666666666666666,25,0.8,1.0,5,-1
1924663,1933630,4,2.4853397382384474,0.6666666666666666,25,0.8,1.0,5,-1
1924679,1930088,2,1.631586747071319,0.5,9,0.5833333333333333,1.0,3,-1
1924693,1925498,12,4.657853070832936,0.8571428571428571,169,0.9128205128205127,1.0,0,-1
1924693,1925519,12,4.657853070832936,0.8571428571428571,169,0.9128205128205127,1.0,0,-1
1924693,1925522,12,4.657853070832936,0.8571428571428571,169,0.9128205128205127,1.0,0,1
1924693,1929930,12,4.657853070832936,0.8571428571428571,169,0.9128205128205127,1.0,9,-1
1924693,1929956,12,4.657853070832936,0.8571428571428571,169,0.9128205128205127,1.0,9,1
1924693,1930034,12,4.657853070832936,0.8571428571428571,169,0.9128205128205127,1.0,0,-1
1924693,1930036,12,4.657853070832936,0.8571428571428571,169,0.9128205128205127,1.0,0,-1
1924693,1930191,1,0.36926937306885504,0.07142857142857142,26,0.06666666666666667,0.5,4,-1
1924693,1934448,12,4.657853070832936,0.8571428571428571,169,0.9128205128205127,1.0,0,-1
1924693,1934453,12,4.657853070832936,0.8571428571428571,169,0.9128205128205127,1.0,5,-1
1924693,1934543,1,0.36926937306885504,0.07142857142857142,26,0.06666666666666667,0.5,4,-1
1924726,1925118,2,1.8204784532536746,0.5,9,0.6666666666666666,1.0,6,-1
1924726,1929485,2,1.8204784532536746,0.5,9,0.6666666666666666,1.0,6,-1
1924824,1929772,8,3.640956906507349,0.8,81,0.8888888888888891,1.0,0,-1
1924830,1928874,1,0.5581106265512472,0.2,8,0.16666666666666666,0.5,1,-1
1924830,1929274,1,0.5581106265512472,0.2,8,0.16666666666666666,0.5,1,-1
1924830,1936903,1,0.5581106265512472,0.2,8,0.16666666666666666,0.5,0,-1
1924835,1930532,2,1.1022332815225997,0.5,8,0.325,0.5,3,-1
1924967,1924984,4,2.4853397382384474,0.6666666666666666,25,0.8,1.0,5,-1
1924967,1936927,4,2.4853397382384474,0.6666666666666666,25,0.8,1.0,5,-1
1924984,1936927,4,2.4853397382384474,0.6666666666666666,25,0.8,1.0,5,-1
1924986,1934366,2,1.8204784532536746,0.5,9,0.6666666666666666,1.0,4,-1
1924986,1934371,2,1.8204784532536746,0.5,9,0.6666666666666666,1.0,4,-1
1925026,1925034,7,3.366288428740915,0.7777777777777778,64,0.875,1.0,8,-1
1925026,1925450,7,3.366288428740915,0.7777777777777778,64,0.875,1.0,8,-1
1925026,1925532,7,3.366288428740915,0.7777777777777778,64,0.875,1.0,8,-1
1925026,1929496,7,3.366288428740915,0.7777777777777778,64,0.875,1.0,8,-1
1925026,1929928,7,3.366288428740915,0.7777777777777778,64,0.875,1.0,8,-1
1925026,1929938,7,3.366288428740915,0.7777777777777778,64,0.875,1.0,8,-1
1925026,1933555,7,3.366288428740915,0.7777777777777778,64,0.875,1.0,8,-1
1925026,1933617,7,3.366288428740915,0.7777777777777778,64,0.875,1.0,8,-1
1925034,1925450,7,3.366288428740915,0.7777777777777778,64,0.875,1.0,8,-1
1925034,1925532,7,3.366288428740915,0.7777777777777778,64,0.875,1.0,11,-1
1925034,1929496,7,3.366288428740915,0.7777777777777778,64,0.875,1.0,8,-1
1925034,1929928,7,3.366288428740915,0.7777777777777778,64,0.875,1.0,8,-1
1925034,1929938,7,3.366288428740915,0.7777777777777778,64,0.875,1.0,11,-1
1925034,1933555,7,3.366288428740915,0.7777777777777778,64,0.875,1.0,11,-1
1925034,1933617,7,3.366288428740915,0.7777777777777778,64,0.875,1.0,8,-1
1925074,1934412,5,2.7905531327562363,0.7142857142857143,36,0.8333333333333333,1.0,8,-1
1925074,1934419,5,2.7905531327562363,0.7142857142857143,36,0.8333333333333333,1.0,8,-1
1925118,1929485,2,1.8204784532536746,0.5,9,0.6666666666666666,1.0,6,-1
1925154,1925181,2,1.8204784532536746,0.5,9,0.6666666666666666,1.0,2,-1
1925164,1929505,3,2.164042561333445,0.6,16,0.75,1.0,4,-1
1925164,1930071,3,2.164042561333445,0.6,16,0.75,1.0,7,-1
1925164,1934420,3,2.164042561333445,0.6,16,0.75,1.0,7,-1
1925185,1934431,1,0.6213349345596119,0.3333333333333333,4,0.2,1.0,2,-1
1925195,1946834,0,0.0,0.0,1,0.0,1.0,2,-1
1925198,1925204,3,2.164042561333445,0.6,16,0.75,1.0,1,-1
1925198,1925261,3,2.164042561333445,0.6,16,0.75,1.0,0,-1
1925204,1925261,3,2.164042561333445,0.6,16,0.75,1.0,0,-1
1925206,1925609,7,3.366288428740915,0.7777777777777778,64,0.875,1.0,7,-1
1925206,1929612,7,3.366288428740915,0.7777777777777778,64,0.875,1.0,7,-1
1925206,1929615,7,3.366288428740915,0.7777777777777778,64,0.875,1.0,7,-1
1925206,1930127,7,3.366288428740915,0.7777777777777778,64,0.875,1.0,7,-1
1925206,1930137,7,3.366288428740915,0.7777777777777778,64,0.875,1.0,7,-1
1925206,1933792,7,3.366288428740915,0.7777777777777778,64,0.875,1.0,0,-1
1925207,1930133,6,2.8100542918609968,0.75,49,0.7103896103896103,1.0,7,-1
1925207,1930512,2,0.8340647828484926,0.2222222222222222,28,0.18181818181818182,0.5,3,-1
1925207,1934756,3,1.2683592647517443,0.3333333333333333,35,0.28181818181818186,0.5,4,-1
1925207,1942167,3,1.2683592647517443,0.3,42,0.28181818181818186,0.5,8,-1
1925212,1930199,2,1.531574161186449,0.3333333333333333,15,0.5333333333333333,1.0,3,-1
1925227,1925238,4,2.4853397382384474,0.6666666666666666,25,0.8,1.0,9,-1
1925252,1925274,5,2.7905531327562363,0.7142857142857143,36,0.8333333333333333,1.0,2,-1
1925258,1930207,2,1.8204784532536746,0.5,9,0.6666666666666666,1.0,0,-1
1925258,1930242,2,1.8204784532536746,0.5,9,0.6666666666666666,1.0,0,-1
1925263,1925272,0,0.0,0.0,1,0.0,1.0,0,-1
1925288,1934501,1,0.43429448190325176,0.2,8,0.1,0.5,0,-1
1925311,1934701,1,0.43429448190325176,0.16666666666666666,12,0.1,0.5,2,-1
1925311,1936282,2,1.344533708530089,0.4,12,0.43333333333333335,1.0,3,-1
1925313,1925327,2,1.8204784532536746,0.5,9,0.6666666666666666,1.0,0,-1
1925313,1930251,2,1.8204784532536746,0.5,9,0.6666666666666666,1.0,0,-1
1925313,1941721,2,1.8204784532536746,0.5,9,0.6666666666666666,1.0,0,-1
1925327,1930251,2,1.8204784532536746,0.5,9,0.6666666666666666,1.0,2,-1
1925327,1941721,2,1.8204784532536746,0.5,9,0.6666666666666666,1.0,2,-1
1925342,1925732,2,1.8204784532536746,0.5,9,0.6666666666666666,1.0,6,-1
1925342,1934534,2,1.8204784532536746,0.5,9,0.6666666666666666,1.0,6,-1
1925342,1941765,2,1.8204784532536746,0.5,9,0.6666666666666666,1.0,6,-1
1925351,1925356,2,1.8204784532536746,0.5,9,0.6666666666666666,1.0,3,-1
1925351,1925377,2,1.8204784532536746,0.5,9,0.6666666666666666,1.0,3,-1
1925356,1925377,2,1.8204784532536746,0.5,9,0.6666666666666666,1.0,5,-1
1925362,1925727,5,2.7905531327562363,0.7142857142857143,36,0.8333333333333333,1.0,12,-1
1925362,1925759,5,2.7905531327562363,0.7142857142857143,36,0.8333333333333333,1.0,12,-1
1925362,1925780,5,2.7905531327562363,0.7142857142857143,36,0.8333333333333333,1.0,12,-1
1925362,1934635,5,2.7905531327562363,0.7142857142857143,36,0.8333333333333333,1.0,12,-1
1925362,1934638,5,2.7905531327562363,0.7142857142857143,36,0.8333333333333333,1.0,12,-1
1925362,1934645,5,2.7905531327562363,0.7142857142857143,36,0.8333333333333333,1.0,12,-1
1925378,1930756,1,0.7213475204444817,0.3333333333333333,3,0.25,0.5,0,-1
1925385,1925786,6,3.083390054218504,0.75,49,0.857142857142857,1.0,11,-1
1925385,1930230,6,3.083390054218504,0.75,49,0.857142857142857,1.0,11,-1
1925385,1934554,6,3.083390054218504,0.75,49,0.857142857142857,1.0,11,-1
1925385,1934648,6,3.083390054218504,0.75,49,0.857142857142857,1.0,11,-1
1925412,1941884,1,1.4426950408889634,0.3333333333333333,4,0.5,1.0,4,-1
1925449,1929526,4,2.4853397382384474,0.6666666666666666,25,0.8,1.0,0,-1
1925449,1929616,4,2.4853397382384474,0.6666666666666666,25,0.8,1.0,0,-1
1925449,1934524,4,2.4853397382384474,0.6666666666666666,25,0.8,1.0,6,-1
1925449,1934548,4,2.4853397382384474,0.6666666666666666,25,0.8,1.0,6,-1
1925450,1925532,7,3.366288428740915,0.7777777777777778,64,0.875,1.0,8,-1
1925450,1929496,7,3.366288428740915,0.7777777777777778,64,0.875,1.0,8,-1
1925450,1929928,7,3.366288428740915,0.7777777777777778,64,0.875,1.0,8,-1
1925450,1929938,7,3.366288428740915,0.7777777777777778,64,0.875,1.0,8,-1
1925450,1933555,7,3.366288428740915,0.7777777777777778,64,0.875,1.0,8,-1
1925450,1933617,7,3.366288428740915,0.7777777777777778,64,0.875,1.0,8,-1
1925465,1925799,2,1.8204784532536746,0.5,9,0.6666666666666666,1.0,6,-1
1925465,1925818,2,1.8204784532536746,0.5,9,0.6666666666666666,1.0,6,-1
1925465,1934750,2,1.8204784532536746,0.5,9,0.6666666666666666,1.0,6,-1
1925474,1925788,3,2.164042561333445,0.6,16,0.75,1.0,6,-1
1925474,1941930,3,2.164042561333445,0.6,16,0.75,1.0,0,-1
1925474,1941961,3,2.164042561333445,0.6,16,0.75,1.0,6,-1
1925488,1929427,8,4.551566923197244,0.8,81,1.377777777777778,1.0,9,1
1925488,1929441,8,4.551566923197243,0.8,81,1.377777777777778,1.0,9,1
1925488,1929885,4,2.152909095746061,0.4,45,0.6222222222222222,1.0,5,-1
1925488,1933589,4,2.152909095746061,0.4,45,0.6222222222222222,1.0,5,-1
1925497,1925501,3,2.164042561333445,0.6,16,0.75,1.0,0,-1
1925498,1925519,12,4.657853070832936,0.8571428571428571,169,0.9128205128205127,1.0,0,-1
1925498,1925522,12,4.657853070832936,0.8571428571428571,169,0.9128205128205127,1.0,0,-1
1925498,1929930,12,4.657853070832936,0.8571428571428571,169,0.9128205128205127,1.0,0,-1
1925498,1929956,12,4.657853070832936,0.8571428571428571,169,0.9128205128205127,1.0,0,-1
1925498,1930034,12,4.657853070832936,0.8571428571428571,169,0.9128205128205127,1.0,0,-1
1925498,1930036,12,4.657853070832936,0.8571428571428571,169,0.9128205128205127,1.0,2,-1
1925498,1930191,1,0.36926937306885504,0.07142857142857142,26,0.06666666666666667,0.5,0,-1
1925498,1934448,12,4.657853070832936,0.8571428571428571,169,0.9128205128205127,1.0,0,-1
1925498,1934453,12,4.657853070832936,0.8571428571428571,169,0.9128205128205127,1.0,0,-1
1925498,1934543,1,0.36926937306885504,0.07142857142857142,26,0.06666666666666667,0.5,0,-1
1925519,1925522,12,4.657853070832936,0.8571428571428571,169,0.9128205128205127,1.0,0,-1
1925519,1929930,12,4.657853070832936,0.8571428571428571,169,0.9128205128205127,1.0,0,-1
1925519,1929956,12,4.657853070832936,0.8571428571428571,169,0.9128205128205127,1.0,0,-1
1925519,1930034,12,4.657853070832936,0.8571428571428571,169,0.9128205128205127,1.0,4,-1
1925519,1930036,12,4.657853070832936,0.8571428571428571,169,0.9128205128205127,1.0,0,-1
1925519,1930191,1,0.36926937306885504,0.07142857142857142,26,0.06666666666666667,0.5,0,-1
1925519,1934448,12,4.657853070832936,0.8571428571428571,169,0.9128205128205127,1.0,4,-1
1925519,1934453,12,4.657853070832936,0.8571428571428571,169,0.9128205128205127,1.0,0,-1
1925519,1934543,1,0.36926937306885504,0.07142857142857142,26,0.06666666666666667,0.5,0,-1
1925522,1929930,12,4.657853070832936,0.8571428571428571,169,0.9128205128205127,1.0,0,-1
1925522,1929956,12,4.657853070832936,0.8571428571428571,169,0.9128205128205127,1.0,0,1
1925522,1930034,12,4.657853070832936,0.8571428571428571,169,0.9128205128205127,1.0,0,-1
1925522,1930036,12,4.657853070832936,0.8571428571428571,169,0.9128205128205127,1.0,0,-1
1925522,1930191,1,0.36926937306885504,0.07142857142857142,26,0.06666666666666667,0.5,0,-1
1925522,1934448,12,4.657853070832936,0.8571428571428571,169,0.9128205128205127,1.0,0,-1
1925522,1934453,12,4.657853070832936,0.8571428571428571,169,0.9128205128205127,1.0,0,-1
1925522,1934543,1,0.36926937306885504,0.07142857142857142,26,0.06666666666666667,0.5,0,-1
1925523,1925885,0,0.0,0.0,1,0.0,1.0,2,-1
1925528,1925893,3,2.164042561333445,0.6,16,0.75,1.0,2,-1
1925528,1933699,3,2.164042561333445,0.6,16,0.75,1.0,0,-1
1925532,1929496,7,3.366288428740915,0.7777777777777778,64,0.875,1.0,8,-1
1925532,1929928,7,3.366288428740915,0.7777777777777778,64,0.875,1.0,8,-1
1925532,1929938,7,3.366288428740915,0.7777777777777778,64,0.875,1.0,11,-1
1925532,1933555,7,3.366288428740915,0.7777777777777778,64,0.875,1.0,11,-1
1925532,1933617,7,3.366288428740915,0.7777777777777778,64,0.875,1.0,8,-1
1925550,1925577,2,1.8204784532536746,0.5,9,0.6666666666666666,1.0,3,-1
1925550,1942111,2,1.8204784532536746,0.5,9,0.6666666666666666,1.0,5,-1
1925550,1942361,2,1.8204784532536746,0.5,9,0.6666666666666666,1.0,5,-1
1925560,1925592,1,0.3396232718951086,0.05555555555555555,60,0.05263157894736842,0.5,0,-1
1925560,1925597,1,0.3396232718951086,0.05555555555555555,60,0.05263157894736842,0.5,0,-1
1925560,1925600,1,0.3396232718951086,0.05555555555555555,60,0.05263157894736842,0.5,0,-1
1925560,1929583,1,0.3396232718951086,0.05555555555555555,60,0.05263157894736842,0.5,0,-1
1925560,1933745,1,0.3396232718951086,0.05555555555555555,60,0.05263157894736842,0.5,0,-1
1925560,1934404,1,0.3396232718951086,0.05555555555555555,60,0.05263157894736842,0.5,0,-1
1925560,1934512,1,0.3396232718951086,0.05555555555555555,60,0.05263157894736842,0.5,0,-1
1925577,1942111,2,1.8204784532536746,0.5,9,0.6666666666666666,1.0,3,-1
1925577,1942361,2,1.8204784532536746,0.5,9,0.6666666666666666,1.0,3,-1
1925592,1925597,14,5.140125121790224,0.875,225,0.9192982456140351,1.0,8,-1
1925592,1925600,14,5.140125121790224,0.875,225,0.9192982456140351,1.0,0,-1
1925592,1929583,14,5.140125121790224,0.875,225,0.9192982456140351,1.0,0,-1
1925592,1933745,14,5.140125121790224,0.875,225,0.9192982456140351,1.0,5,-1
1925592,1934404,14,5.140125121790224,0.875,225,0.9192982456140351,1.0,5,-1
1925592,1934512,14,5.140125121790224,0.875,225,0.9192982456140351,1.0,0,-1
1925597,1925600,14,5.140125121790224,0.875,225,0.9192982456140351,1.0,0,-1
1925597,1929583,14,5.140125121790224,0.875,225,0.9192982456140351,1.0,0,-1
1925597,1933745,14,5.140125121790224,0.875,225,0.9192982456140351,1.0,5,-1
1925597,1934404,14,5.140125121790224,0.875,225,0.9192982456140351,1.0,5,-1
1925597,1934512,14,5.140125121790224,0.875,225,0.9192982456140351,1.0,0,-1
1925598,1929981,3,2.164042561333445,0.6,16,0.75,1.0,0,-1
1925598,1934380,3,2.164042561333445,0.6,16,0.75,1.0,0,-1
1925600,1929583,14,5.140125121790224,0.875,225,0.9192982456140351,1.0,0,-1
1925600,1933745,14,5.140125121790224,0.875,225,0.9192982456140351,1.0,0,-1
1925600,1934404,14,5.140125121790224,0.875,225,0.9192982456140351,1.0,0,-1
1925600,1934512,14,5.140125121790224,0.875,225,0.9192982456140351,1.0,0,-1
1925601,1925614,3,2.164042561333445,0.6,16,0.75,1.0,0,-1
1925601,1925618,3,2.164042561333445,0.6,16,0.75,1.0,0,-1
1925601,1928520,3,2.164042561333445,0.6,16,0.75,1.0,0,-1
1925601,1934991,3,2.164042561333445,0.6,16,0.75,1.0,0,-1
1925609,1929612,7,3.366288428740915,0.7777777777777778,64,0.875,1.0,11,-1
1925609,1929615,7,3.366288428740915,0.7777777777777778,64,0.875,1.0,11,-1
1925609,1930127,7,3.366288428740915,0.7777777777777778,64,0.875,1.0,7,-1
1925609,1930137,7,3.366288428740915,0.7777777777777778,64,0.875,1.0,11,-1
1925609,1933792,7,3.366288428740915,0.7777777777777778,64,0.875,1.0,0,-1
1925614,1925618,3,2.164042561333445,0.6,16,0.75,1.0,4,-1
1925614,1928520,3,2.164042561333445,0.6,16,0.75,1.0,3,-1
1925614,1934991,3,2.164042561333445,0.6,16,0.75,1.0,3,-1
1925618,1928520,3,2.164042561333445,0.6,16,0.75,1.0,3,-1
1925618,1934991,3,2.164042561333445,0.6,16,0.75,1.0,3,-1
1925622,1929551,2,1.8204784532536746,0.5,9,0.6666666666666666,1.0,3,-1
1925634,1929591,2,1.8204784532536746,0.5,9,0.6666666666666666,1.0,0,-1
1925645,1926000,6,3.083390054218504,0.75,49,0.857142857142857,1.0,0,-1
1925645,1926112,6,3.083390054218504,0.75,49,0.857142857142857,1.0,0,-1
1925645,1934147,6,3.083390054218504,0.75,49,0.857142857142857,1.0,0,-1
1925645,1934159,6,3.083390054218504,0.75,49,0.857142857142857,1.0,0,-1
1925645,1934788,6,3.083390054218504,0.75,49,0.857142857142857,1.0,0,-1
1925645,1935026,6,3.083390054218504,0.75,49,0.857142857142857,1.0,0,-1
1925645,1942242,6,3.083390054218504,0.75,49,0.857142857142857,1.0,0,-1
1925652,1931222,1,1.4426950408889634,0.3333333333333333,4,0.5,1.0,2,-1
1925669,1941651,0,0.0,0.0,1,0.0,1.0,2,-1
1925697,1929560,2,1.8204784532536746,0.5,9,0.6666666666666666,1.0,0,-1
1925697,1930203,2,1.8204784532536746,0.5,9,0.6666666666666666,1.0,4,-1
1925699,1925839,3,2.164042561333445,0.6,16,0.75,1.0,4,-1
1925702,1925709,6,3.083390054218504,0.75,49,0.857142857142857,1.0,7,-1
1925702,1925714,6,3.083390054218504,0.75,49,0.857142857142857,1.0,7,-1
1925702,1934557,6,3.083390054218504,0.75,49,0.857142857142857,1.0,7,-1
1925702,1941673,6,3.083390054218504,0.75,49,0.857142857142857,1.0,7,-1
1925709,1925714,6,3.083390054218504,0.75,49,0.857142857142857,1.0,13,-1
1925709,1934557,6,3.083390054218504,0.75,49,0.857142857142857,1.0,13,-1
1925709,1941673,6,3.083390054218504,0.75,49,0.857142857142857,1.0,13,-1
1925710,1926074,5,2.7905531327562363,0.7142857142857143,36,0.8333333333333333,1.0,12,-1
1925710,1926195,5,2.7905531327562363,0.7142857142857143,36,0.8333333333333333,1.0,12,-1
1925710,1930590,5,2.7905531327562363,0.7142857142857143,36,0.8333333333333333,1.0,12,-1
1925710,1942544,5,2.7905531327562363,0.7142857142857143,36,0.8333333333333333,1.0,12,-1
1925714,1934557,6,3.083390054218504,0.75,49,0.857142857142857,1.0,13,-1
1925714,1941673,6,3.083390054218504,0.75,49,0.857142857142857,1.0,13,-1
1925727,1925759,5,2.7905531327562363,0.7142857142857143,36,0.8333333333333333,1.0,12,-1
1925727,1925780,5,2.7905531327562363,0.7142857142857143,36,0.8333333333333333,1.0,12,-1
1925727,1934635,5,2.7905531327562363,0.7142857142857143,36,0.8333333333333333,1.0,12,-1
1925727,1934638,5,2.7905531327562363,0.7142857142857143,36,0.8333333333333333,1.0,12,-1
1925727,1934645,5,2.7905531327562363,0.7142857142857143,36,0.8333333333333333,1.0,12,-1
1925732,1934534,2,1.8204784532536746,0.5,9,0.6666666666666666,1.0,6,-1
1925732,1941765,2,1.8204784532536746,0.5,9,0.6666666666666666,1.0,6,-1
1925741,1933838,3,2.164042561333445,0.6,16,0.75,1.0,4,-1
1925741,1934511,3,2.164042561333445,0.6,16,0.75,1.0,4,-1
1925741,1934516,3,2.164042561333445,0.6,16,0.75,1.0,4,-1
1925741,1941690,3,2.164042561333445,0.6,16,0.75,1.0,4,-1
1925759,1925780,5,2.7905531327562363,0.7142857142857143,36,0.8333333333333333,1.0,12,-1
1925759,1934635,5,2.7905531327562363,0.7142857142857143,36,0.8333333333333333,1.0,12,-1
1925759,1934638,5,2.7905531327562363,0.7142857142857143,36,0.8333333333333333,1.0,12,-1
1925759,1934645,5,2.7905531327562363,0.7142857142857143,36,0.8333333333333333,1.0,12,-1
1925761,1925825,3,2.164042561333445,0.6,16,0.75,1.0,4,-1
1925761,1934584,3,2.164042561333445,0.6,16,0.75,1.0,4,-1
1925761,1934597,3,2.164042561333445,0.6,16,0.75,1.0,4,-1
1925761,1942142,3,2.164042561333445,0.6,16,0.75,1.0,4,-1
1925771,1930797,3,2.164042561333445,0.6,16,0.75,1.0,6,-1
1925771,1934959,3,2.164042561333445,0.6,16,0.75,1.0,6,-1
1925771,1942452,3,2.164042561333445,0.6,16,0.75,1.0,4,-1
1925771,1942466,3,2.164042561333445,0.6,16,0.75,1.0,4,-1
1925780,1934635,5,2.7905531327562363,0.7142857142857143,36,0.8333333333333333,1.0,12,-1
1925780,1934638,5,2.7905531327562363,0.7142857142857143,36,0.8333333333333333,1.0,12,-1
1925780,1934645,5,2.7905531327562363,0.7142857142857143,36,0.8333333333333333,1.0,12,-1
1925786,1930230,6,3.083390054218504,0.75,49,0.857142857142857,1.0,11,-1
1925786,1934554,6,3.083390054218504,0.75,49,0.857142857142857,1.0,11,-1
1925786,1934648,6,3.083390054218504,0.75,49,0.857142857142857,1.0,11,-1
1925788,1941930,3,2.164042561333445,0.6,16,0.75,1.0,0,-1
1925788,1941961,3,2.164042561333445,0.6,16,0.75,1.0,6,-1
1925799,1925818,2,1.8204784532536746,0.5,9,0.6666666666666666,1.0,6,-1
1925799,1934750,2,1.8204784532536746,0.5,9,0.6666666666666666,1.0,6,-1
1925814,1926233,2,1.8204784532536746,0.5,9,0.6666666666666666,1.0,2,-1
1925814,1934973,2,1.8204784532536746,0.5,9,0.6666666666666666,1.0,2,-1
1925818,1934750,2,1.8204784532536746,0.5,9,0.6666666666666666,1.0,6,-1
1925825,1934584,3,2.164042561333445,0.6,16,0.75,1.0,7,-1
1925825,1934597,3,2.164042561333445,0.6,16,0.75,1.0,7,-1
1925825,1942142,3,2.164042561333445,0.6,16,0.75,1.0,7,-1
1925836,1942001,0,0.0,0.0,1,0.0,1.0,0,-1
1925844,1925960,5,2.7905531327562363,0.7142857142857143,36,0.8333333333333333,1.0,6,-1
1925844,1934809,5,2.7905531327562363,0.7142857142857143,36,0.8333333333333333,1.0,6,-1
1925872,1930505,6,3.083390054218504,0.75,49,0.857142857142857,1.0,7,-1
1925872,1942042,6,3.083390054218504,0.75,49,0.857142857142857,1.0,11,-1
1925872,1942059,6,3.083390054218504,0.75,49,0.857142857142857,1.0,11,-1
1925875,1934641,3,1.8375687735469761,0.42857142857142855,24,0.5833333333333333,1.0,0,-1
1925875,1934739,3,1.8375687735469761,0.42857142857142855,24,0.5833333333333333,1.0,3,-1
1925875,1935842,3,1.8375687735469761,0.42857142857142855,24,0.5833333333333333,1.0,4,-1
1925875,1936549,3,1.8375687735469761,0.42857142857142855,24,0.5833333333333333,1.0,6,-1
1925893,1933699,3,2.164042561333445,0.6,16,0.75,1.0,0,-1
1925901,1925937,3,2.164042561333445,0.6,16,0.75,1.0,8,-1
1925901,1934703,3,2.164042561333445,0.6,16,0.75,1.0,8,-1
1925901,1934719,3,2.164042561333445,0.6,16,0.75,1.0,8,-1
1925937,1934703,3,2.164042561333445,0.6,16,0.75,1.0,8,-1
1925937,1934719,3,2.164042561333445,0.6,16,0.75,1.0,8,-1
1925960,1934809,5,2.7905531327562363,0.7142857142857143,36,0.8333333333333333,1.0,11,-1
1925966,1925978,3,2.164042561333445,0.6,16,0.75,1.0,0,-1
1925966,1930577,3,2.164042561333445,0.6,16,0.75,1.0,0,-1
1925966,1934116,3,2.164042561333445,0.6,16,0.75,1.0,2,-1
1925969,1925973,2,1.8204784532536746,0.5,9,0.6666666666666666,1.0,3,-1
1925978,1930577,3,2.164042561333445,0.6,16,0.75,1.0,1,-1
1925978,1934116,3,2.164042561333445,0.6,16,0.75,1.0,0,-1
1925984,1935018,3,2.164042561333445,0.6,16,0.75,1.0,4,-1
1926000,1926112,6,3.083390054218504,0.75,49,0.857142857142857,1.0,0,-1
1926000,1934147,6,3.083390054218504,0.75,49,0.857142857142857,1.0,0,-1
1926000,1934159,6,3.083390054218504,0.75,49,0.857142857142857,1.0,0,-1
1926000,1934788,6,3.083390054218504,0.75,49,0.857142857142857,1.0,0,-1
1926000,1935026,6,3.083390054218504,0.75,49,0.857142857142857,1.0,0,-1
1926000,1942242,6,3.083390054218504,0.75,49,0.857142857142857,1.0,0,-1
1926016,1930396,6,3.083390054218504,0.75,49,0.857142857142857,1.0,12,-1
1926016,1930418,6,3.083390054218504,0.75,49,0.857142857142857,1.0,12,-1
1926016,1934713,6,3.083390054218504,0.75,49,0.857142857142857,1.0,12,-1
1926016,1942083,6,3.083390054218504,0.75,49,0.857142857142857,1.0,0,-1
1926016,1942091,6,3.083390054218504,0.75,49,0.857142857142857,1.0,12,-1
1926035,1934820,3,2.164042561333445,0.6,16,0.75,1.0,8,-1
1926035,1934824,3,2.164042561333445,0.6,16,0.75,1.0,8,-1
1926035,1935076,3,2.164042561333445,0.6,16,0.75,1.0,8,-1
1926035,1942487,3,2.164042561333445,0.6,16,0.75,1.0,8,-1
1926044,1926051,5,2.4815800930427505,0.7142857142857143,36,0.6666666666666667,1.0,6,-1
1926044,1929897,5,2.48158009304275,0.7142857142857143,36,0.6666666666666667,1.0,7,-1
1926044,1942498,5,2.4815800930427505,0.7142857142857143,36,0.6666666666666667,1.0,6,-1
1926051,1929897,5,2.4815800930427505,0.7142857142857143,36,0.6666666666666667,1.0,6,-1
1926051,1942498,5,2.4815800930427505,0.7142857142857143,36,0.6666666666666667,1.0,6,-1
1926074,1926195,5,2.7905531327562363,0.7142857142857143,36,0.8333333333333333,1.0,12,-1
1926074,1930590,5,2.7905531327562363,0.7142857142857143,36,0.8333333333333333,1.0,12,-1
1926074,1942544,5,2.7905531327562363,0.7142857142857143,36,0.8333333333333333,1.0,12,-1
1926082,1934761,2,1.8204784532536746,0.5,9,0.6666666666666666,1.0,5,-1
1926082,1934934,2,1.8204784532536746,0.5,9,0.6666666666666666,1.0,5,-1
1926082,1942388,2,1.8204784532536746,0.5,9,0.6666666666666666,1.0,3,-1
1926084,1929643,1,0.45511961331341866,0.125,20,0.1111111111111111,0.5,1,-1
1926084,1929943,3,1.897814654202382,0.6,16,0.6111111111111112,1.0,3,-1
1926084,1930649,3,1.8978146542023822,0.6,16,0.6111111111111112,1.0,3,-1
1926084,1934478,3,2.164042561333445,0.3,36,0.75,1.0,0,-1
1926084,1942523,3,1.8978146542023822,0.6,16,0.6111111111111112,1.0,3,-1
1926087,1942198,2,1.8204784532536746,0.5,9,0.6666666666666666,1.0,3,-1
1926087,1942202,2,1.8204784532536746,0.5,9,0.6666666666666666,1.0,4,-1
1926112,1934147,6,3.083390054218504,0.75,49,0.857142857142857,1.0,10,-1
1926112,1934159,6,3.083390054218504,0.75,49,0.857142857142857,1.0,10,-1
1926112,1934788,6,3.083390054218504,0.75,49,0.857142857142857,1.0,10,-1
1926112,1935026,6,3.083390054218504,0.75,49,0.857142857142857,1.0,10,-1
1926112,1942242,6,3.083390054218504,0.75,49,0.857142857142857,1.0,10,-1
1926114,1930659,4,2.4853397382384474,0.6666666666666666,25,0.8,1.0,10,-1
1926114,1930678,4,2.4853397382384474,0.6666666666666666,25,0.8,1.0,10,-1
1926114,1930693,4,2.4853397382384474,0.6666666666666666,25,0.8,1.0,10,-1
1926114,1935111,4,2.4853397382384474,0.6666666666666666,25,0.8,1.0,10,-1
1926114,1942631,4,2.4853397382384474,0.6666666666666666,25,0.8,1.0,10,-1
1926156,1927353,2,1.8204784532536746,0.5,9,0.6666666666666666,1.0,6,-1
1926156,1930575,2,1.8204784532536746,0.5,9,0.6666666666666666,1.0,6,-1
1926156,1935058,2,1.8204784532536746,0.5,9,0.6666666666666666,1.0,6,-1
1926179,1926342,5,2.7905531327562363,0.7142857142857143,36,0.8333333333333333,1.0,7,-1
1926179,1930056,5,2.7905531327562363,0.7142857142857143,36,0.8333333333333333,1.0,6,-1
1926179,1930737,5,2.7905531327562363,0.7142857142857143,36,0.8333333333333333,1.0,6,-1
1926179,1934924,5,2.7905531327562363,0.7142857142857143,36,0.8333333333333333,1.0,6,-1
1926179,1935260,5,2.7905531327562363,0.7142857142857143,36,0.8333333333333333,1.0,6,-1
1926183,1942495,1,1.4426950408889634,0.3333333333333333,4,0.5,1.0,2,-1
1926195,1930590,5,2.7905531327562363,0.7142857142857143,36,0.8333333333333333,1.0,12,-1
1926195,1942544,5,2.7905531327562363,0.7142857142857143,36,0.8333333333333333,1.0,12,-1
1926223,1935115,0,0.0,0.0,1,0.0,1.0,1,-1
1926233,1934973,2,1.8204784532536746,0.5,9,0.6666666666666666,1.0,3,-1
1926243,1934244,3,2.164042561333445,0.6,16,0.75,1.0,5,-1
1926243,1935164,3,2.164042561333445,0.6,16,0.75,1.0,4,-1
1926260,1934234,3,2.164042561333445,0.6,16,0.75,1.0,0,-1
1926260,1934932,3,2.164042561333445,0.6,16,0.75,1.0,0,-1
1926260,1935171,3,2.164042561333445,0.6,16,0.75,1.0,0,-1
1926293,1926950,1,1.4426950408889634,0.3333333333333333,4,0.5,1.0,2,1
1926293,1934476,1,1.4426950408889634,0.3333333333333333,4,0.5,1.0,3,-1
1926342,1930056,5,2.7905531327562363,0.7142857142857143,36,0.8333333333333333,1.0,6,-1
1926342,1930737,5,2.7905531327562363,0.7142857142857143,36,0.8333333333333333,1.0,6,-1
1926342,1934924,5,2.7905531327562363,0.7142857142857143,36,0.8333333333333333,1.0,6,-1
1926342,1935260,5,2.7905531327562363,0.7142857142857143,36,0.8333333333333333,1.0,6,-1
1926378,1926383,4,2.4853397382384474,0.6666666666666666,25,0.8,1.0,5,-1
1926378,1926388,4,2.4853397382384474,0.6666666666666666,25,0.8,1.0,7,-1
1926378,1930089,4,2.4853397382384474,0.6666666666666666,25,0.8,1.0,5,-1
1926378,1935311,4,2.4853397382384474,0.6666666666666666,25,0.8,1.0,7,-1
1926378,1942772,4,2.4853397382384474,0.6666666666666666,25,0.8,1.0,5,-1
1926383,1926388,4,2.4853397382384474,0.6666666666666666,25,0.8,1.0,5,-1
1926383,1930089,4,2.4853397382384474,0.6666666666666666,25,0.8,1.0,7,-1
1926383,1935311,4,2.4853397382384474,0.6666666666666666,25,0.8,1.0,5,-1
1926383,1942772,4,2.4853397382384474,0.6666666666666666,25,0.8,1.0,7,-1
1926388,1930089,4,2.4853397382384474,0.6666666666666666,25,0.8,1.0,5,-1
1926388,1935311,4,2.4853397382384474,0.6666666666666666,25,0.8,1.0,7,-1
1926388,1942772,4,2.4853397382384474,0.6666666666666666,25,0.8,1.0,5,-1
1926710,1926714,4,2.4853397382384474,0.6666666666666666,25,0.8,1.0,7,-1
1926710,1929590,4,2.4853397382384474,0.6666666666666666,25,0.8,1.0,5,-1
1926710,1929711,4,2.4853397382384474,0.6666666666666666,25,0.8,1.0,5,-1
1926710,1930361,4,2.4853397382384474,0.6666666666666666,25,0.8,1.0,5,-1
1926710,1934629,4,2.4853397382384474,0.6666666666666666,25,0.8,1.0,7,-1
1926714,1929590,4,2.4853397382384474,0.6666666666666666,25,0.8,1.0,5,-1
1926714,1929711,4,2.4853397382384474,0.6666666666666666,25,0.8,1.0,5,-1
1926714,1930361,4,2.4853397382384474,0.6666666666666666,25,0.8,1.0,5,-1
1926714,1934629,4,2.4853397382384474,0.6666666666666666,25,0.8,1.0,7,-1
1926950,1934476,1,1.4426950408889634,0.3333333333333333,4,0.5,1.0,2,-1
1926995,1927020,4,2.3449031506418234,0.6666666666666666,25,0.7250000000000001,1.0,5,-1
1926995,1934851,4,2.3449031506418234,0.6666666666666666,25,0.7250000000000001,1.0,5,-1
1927020,1934851,4,2.3449031506418234,0.6666666666666666,25,0.7250000000000001,1.0,5,-1
1927037,1931578,0,0.0,0.0,1,0.0,1.0,1,-1
1927353,1930575,2,1.8204784532536746,0.5,9,0.6666666666666666,1.0,6,-1
1927353,1935058,2,1.8204784532536746,0.5,9,0.6666666666666666,1.0,6,-1
1927910,1936392,1,1.4426950408889634,0.3333333333333333,4,0.5,1.0,2,-1
1928028,1937061,1,1.4426950408889634,1.0,1,0.5,0.5,2,-1
1928261,1936443,1,0.6213349345596119,0.3333333333333333,4,0.2,1.0,4,-1
1928261,1939256,1,0.6213349345596119,0.25,6,0.2,0.5,0,-1
1928261,1939549,1,0.6213349345596119,0.25,6,0.2,0.5,0,-1
1928307,1943986,1,0.7213475204444817,0.5,2,0.25,0.5,0,-1
1928346,1934691,2,1.8204784532536746,0.5,9,0.6666666666666666,1.0,0,-1
1928520,1934991,3,2.164042561333445,0.6,16,0.75,1.0,3,-1
1928600,1933141,1,1.4426950408889634,0.3333333333333333,4,0.5,1.0,2,-1
1928600,1934275,1,1.4426950408889634,0.3333333333333333,4,0.5,1.0,0,-1
1928638,1936993,2,1.4683498531780845,0.5,9,0.5,1.0,4,-1
1928638,1937008,2,1.4683498531780845,0.5,9,0.5,1.0,0,-1
1928874,1929274,3,1.669329392247009,0.6,16,0.4935897435897436,1.0,4,-1
1928874,1936564,1,0.3898712452512801,0.16666666666666666,12,0.07692307692307693,0.5,4,-1
1928874,1936903,3,1.669329392247009,0.6,16,0.4935897435897436,1.0,0,-1
1928874,1944265,1,0.3898712452512801,0.16666666666666666,12,0.07692307692307693,0.5,4,-1
1928893,1930654,3,2.164042561333445,0.6,16,0.75,1.0,8,-1
1928893,1935243,3,2.164042561333445,0.6,16,0.75,1.0,8,-1
1928893,1942692,3,2.164042561333445,0.6,16,0.75,1.0,8,-1
1929274,1936564,1,0.3898712452512801,0.16666666666666666,12,0.07692307692307693,0.5,4,-1
1929274,1936903,3,1.669329392247009,0.6,16,0.49358974358974356,1.0,0,-1
1929274,1944265,1,0.3898712452512801,0.16666666666666666,12,0.07692307692307693,0.5,4,-1
1929341,1929880,3,2.164042561333445,0.6,16,0.75,1.0,8,-1
1929341,1929890,3,2.164042561333445,0.6,16,0.75,1.0,8,-1
1929341,1934269,3,2.164042561333445,0.6,16,0.75,1.0,8,-1
1929373,1934281,1,1.4426950408889634,0.3333333333333333,4,0.5,1.0,0,-1
1929373,1934317,1,1.4426950408889634,0.3333333333333333,4,0.5,1.0,0,-1
1929404,1934353,1,1.4426950408889634,0.3333333333333333,4,0.5,1.0,4,-1
1929404,1934425,1,1.4426950408889634,0.3333333333333333,4,0.5,1.0,4,-1
1929411,1929524,2,1.8204784532536746,0.5,9,0.6666666666666666,1.0,0,-1
1929425,1934236,1,1.4426950408889634,0.3333333333333333,4,0.5,1.0,3,-1
1929425,1934333,1,1.4426950408889634,0.3333333333333333,4,0.5,1.0,2,-1
1929427,1929441,8,4.551566923197244,0.8,81,1.377777777777778,1.0,9,1
1929427,1929885,4,2.152909095746061,0.4,45,0.6222222222222222,1.0,5,-1
1929427,1933589,4,2.152909095746061,0.4,45,0.6222222222222222,1.0,5,-1
1929441,1929885,4,2.152909095746061,0.4,45,0.6222222222222222,1.0,5,-1
1929441,1933589,4,2.152909095746061,0.4,45,0.6222222222222222,1.0,6,-1
1929447,1929532,3,1.8325662861402434,0.6,16,0.5769230769230769,1.0,0,-1
1929447,1929534,3,1.8325662861402434,0.6,16,0.5769230769230769,1.0,4,-1
1929447,1934373,3,1.8325662861402434,0.6,16,0.5769230769230769,1.0,0,-1
1929467,1934289,0,0.0,0.0,1,0.0,1.0,2,-1
1929483,1933630,4,2.4853397382384474,0.6666666666666666,25,0.8,1.0,5,-1
1929486,1929916,6,2.905761089510846,0.75,49,0.763095238095238,1.0,0,-1
1929486,1929972,6,2.905761089510846,0.75,49,0.763095238095238,1.0,0,-1
1929486,1934426,6,2.905761089510846,0.75,49,0.763095238095238,1.0,0,-1
1929486,1943495,1,0.36926937306885504,0.07142857142857142,56,0.06666666666666667,0.5,0,-1
1929496,1929928,7,3.366288428740915,0.7777777777777778,64,0.875,1.0,8,-1
1929496,1929938,7,3.366288428740915,0.7777777777777778,64,0.875,1.0,8,-1
1929496,1933555,7,3.366288428740915,0.7777777777777778,64,0.875,1.0,8,-1
1929496,1933617,7,3.366288428740915,0.7777777777777778,64,0.875,1.0,8,-1
1929505,1930071,3,2.164042561333445,0.6,16,0.75,1.0,4,-1
1929505,1934420,3,2.164042561333445,0.6,16,0.75,1.0,4,-1
1929509,1929991,1,0.3898712452512801,0.3333333333333333,4,0.07692307692307693,1.0,0,-1
1929526,1929616,4,2.4853397382384474,0.6666666666666666,25,0.8,1.0,2,-1
1929526,1934524,4,2.4853397382384474,0.6666666666666666,25,0.8,1.0,0,-1
1929526,1934548,4,2.4853397382384474,0.6666666666666666,25,0.8,1.0,0,-1
1929532,1929534,3,1.8325662861402434,0.6,16,0.5769230769230769,1.0,0,-1
1929532,1934373,3,1.8325662861402434,0.6,16,0.5769230769230769,1.0,2,-1
1929534,1934373,3,1.8325662861402434,0.6,16,0.5769230769230769,1.0,0,-1
1929560,1930203,2,1.8204784532536746,0.5,9,0.6666666666666666,1.0,0,-1
1929563,1934574,2,1.8204784532536746,0.5,9,0.6666666666666666,1.0,6,-1
1929583,1933745,14,5.140125121790224,0.875,225,0.9192982456140351,1.0,0,-1
1929583,1934404,14,5.140125121790224,0.875,225,0.9192982456140351,1.0,0,-1
1929583,1934512,14,5.140125121790224,0.875,225,0.9192982456140351,1.0,0,-1
1929590,1929711,4,2.4853397382384474,0.6666666666666666,25,0.8,1.0,5,-1
1929590,1930361,4,2.4853397382384474,0.6666666666666666,25,0.8,1.0,5,-1
1929590,1934629,4,2.4853397382384474,0.6666666666666666,25,0.8,1.0,5,-1
1929611,1934435,0,0.0,0.0,1,0.0,1.0,1,-1
1929612,1929615,7,3.366288428740915,0.7777777777777778,64,0.875,1.0,11,-1
1929612,1930127,7,3.366288428740915,0.7777777777777778,64,0.875,1.0,7,-1
1929612,1930137,7,3.366288428740915,0.7777777777777778,64,0.875,1.0,11,-1
1929612,1933792,7,3.366288428740915,0.7777777777777778,64,0.875,1.0,0,-1
1929615,1930127,7,3.366288428740915,0.7777777777777778,64,0.875,1.0,7,-1
1929615,1930137,7,3.366288428740915,0.7777777777777778,64,0.875,1.0,11,-1
1929615,1933792,7,3.366288428740915,0.7777777777777778,64,0.875,1.0,0,-1
1929616,1934524,4,2.4853397382384474,0.6666666666666666,25,0.8,1.0,0,-1
1929616,1934548,4,2.4853397382384474,0.6666666666666666,25,0.8,1.0,0,-1
1929643,1929943,1,0.45511961331341866,0.125,20,0.1111111111111111,0.5,1,-1
1929643,1930649,1,0.45511961331341866,0.125,20,0.1111111111111111,0.5,1,-1
1929643,1934478,4,2.4853397382384474,0.4,45,0.8,1.0,0,-1
1929643,1942523,1,0.45511961331341866,0.125,20,0.1111111111111111,0.5,1,-1
1929667,1929670,4,2.4853397382384474,0.6666666666666666,25,0.8,1.0,5,-1
1929687,1930295,1,0.9102392266268373,0.3333333333333333,4,0.3333333333333333,1.0,0,-1
1929703,1930210,3,2.064029975448575,0.6,16,0.7,1.0,8,-1
1929703,1934505,3,2.064029975448575,0.6,16,0.7,1.0,8,-1
1929703,1934625,3,2.064029975448575,0.6,16,0.7,1.0,8,-1
1929707,1929728,2,1.0277966847395015,0.5,9,0.2857142857142857,1.0,5,-1
1929711,1930361,4,2.4853397382384474,0.6666666666666666,25,0.8,1.0,5,-1
1929711,1934629,4,2.4853397382384474,0.6666666666666666,25,0.8,1.0,5,-1
1929721,1930369,2,1.8204784532536746,0.5,9,0.6666666666666666,1.0,0,-1
1929721,1931190,2,1.8204784532536746,0.5,9,0.6666666666666666,1.0,0,1
1929721,1934860,2,1.8204784532536746,0.5,9,0.6666666666666666,1.0,0,-1
1929795,1942134,3,2.164042561333445,0.6,16,0.75,1.0,6,-1
1929799,1930452,4,2.4853397382384474,0.6666666666666666,25,0.8,1.0,10,-1
1929799,1934743,4,2.4853397382384474,0.6666666666666666,25,0.8,1.0,10,-1
1929799,1934960,4,2.4853397382384474,0.6666666666666666,25,0.8,1.0,10,-1
1929799,1942171,4,2.4853397382384474,0.6666666666666666,25,0.8,1.0,10,-1
1929799,1942352,4,2.4853397382384474,0.6666666666666666,25,0.8,1.0,10,-1
1929831,1929879,3,1.9565933832587141,0.6,16,0.6428571428571428,1.0,0,-1
1929851,1929859,2,1.8204784532536746,0.5,9,0.6666666666666666,1.0,6,-1
1929851,1934980,2,1.8204784532536746,0.5,9,0.6666666666666666,1.0,6,-1
1929851,1942417,2,1.8204784532536746,0.5,9,0.6666666666666666,1.0,6,-1
1929859,1934980,2,1.8204784532536746,0.5,9,0.6666666666666666,1.0,6,-1
1929859,1942417,2,1.8204784532536746,0.5,9,0.6666666666666666,1.0,6,-1
1929880,1929890,3,2.164042561333445,0.6,16,0.75,1.0,8,-1
1929880,1934269,3,2.164042561333445,0.6,16,0.75,1.0,8,-1
1929885,1933589,4,1.9866937744998676,0.6666666666666666,25,0.5333333333333333,1.0,5,-1
1929890,1934269,3,2.164042561333445,0.6,16,0.75,1.0,8,-1
1929891,1934793,1,1.4426950408889634,0.3333333333333333,4,0.5,1.0,4,-1
1929891,1935044,1,1.4426950408889634,0.3333333333333333,4,0.5,1.0,4,-1
1929897,1942498,5,2.4815800930427505,0.7142857142857143,36,0.6666666666666667,1.0,6,-1
1929916,1929972,6,2.905761089510846,0.75,49,0.763095238095238,1.0,8,-1
1929916,1934426,6,2.905761089510846,0.75,49,0.763095238095238,1.0,6,-1
1929916,1943495,1,0.36926937306885504,0.07142857142857142,56,0.06666666666666667,0.5,2,-1
1929928,1929938,7,3.366288428740915,0.7777777777777778,64,0.875,1.0,8,-1
1929928,1933555,7,3.366288428740915,0.7777777777777778,64,0.875,1.0,8,-1
1929928,1933617,7,3.366288428740915,0.7777777777777778,64,0.875,1.0,8,-1
1929930,1929956,12,4.657853070832936,0.8571428571428571,169,0.9128205128205127,1.0,9,-1
1929930,1930034,12,4.657853070832936,0.8571428571428571,169,0.9128205128205127,1.0,0,-1
1929930,1930036,12,4.657853070832936,0.8571428571428571,169,0.9128205128205127,1.0,0,-1
1929930,1930191,1,0.36926937306885504,0.07142857142857142,26,0.06666666666666667,0.5,4,-1
1929930,1934448,12,4.657853070832936,0.8571428571428571,169,0.9128205128205127,1.0,0,-1
1929930,1934453,12,4.657853070832936,0.8571428571428571,169,0.9128205128205127,1.0,5,-1
1929930,1934543,1,0.36926937306885504,0.07142857142857142,26,0.06666666666666667,0.5,4,-1
1929932,1930549,1,1.4426950408889634,0.3333333333333333,4,0.5,1.0,0,-1
1929938,1933555,7,3.366288428740915,0.7777777777777778,64,0.875,1.0,11,-1
1929938,1933617,7,3.366288428740915,0.7777777777777778,64,0.875,1.0,8,-1
1929943,1930649,3,1.897814654202382,0.6,16,0.6111111111111112,1.0,3,-1
1929943,1934478,3,2.164042561333445,0.3,36,0.75,1.0,0,-1
1929943,1942523,3,1.897814654202382,0.6,16,0.6111111111111112,1.0,3,-1
1929956,1930034,12,4.657853070832936,0.8571428571428571,169,0.9128205128205127,1.0,0,-1
1929956,1930036,12,4.657853070832936,0.8571428571428571,169,0.9128205128205127,1.0,0,-1
1929956,1930191,1,0.36926937306885504,0.07142857142857142,26,0.06666666666666667,0.5,4,-1
1929956,1934448,12,4.657853070832936,0.8571428571428571,169,0.9128205128205127,1.0,0,-1
1929956,1934453,12,4.657853070832936,0.8571428571428571,169,0.9128205128205127,1.0,5,-1
1929956,1934543,1,0.36926937306885504,0.07142857142857142,26,0.06666666666666667,0.5,4,-1
1929958,1929963,4,2.3779031460485864,0.6666666666666666,25,0.7428571428571429,1.0,5,-1
1929958,1934327,4,2.3779031460485864,0.6666666666666666,25,0.7428571428571429,1.0,8,-1
1929963,1934327,4,2.3779031460485864,0.6666666666666666,25,0.7428571428571429,1.0,5,-1
1929972,1934426,6,2.905761089510846,0.75,49,0.763095238095238,1.0,6,-1
1929972,1943495,1,0.36926937306885504,0.07142857142857142,56,0.06666666666666667,0.5,2,-1
1929981,1934380,3,2.164042561333445,0.6,16,0.75,1.0,2,-1
1929996,1933844,4,2.270466553858725,0.5,35,0.6857142857142857,1.0,5,-1
1930034,1930036,12,4.657853070832936,0.8571428571428571,169,0.9128205128205127,1.0,0,-1
1930034,1930191,1,0.36926937306885504,0.07142857142857142,26,0.06666666666666667,0.5,0,-1
1930034,1934448,12,4.657853070832936,0.8571428571428571,169,0.9128205128205127,1.0,4,-1
1930034,1934453,12,4.657853070832936,0.8571428571428571,169,0.9128205128205127,1.0,0,-1
1930034,1934543,1,0.36926937306885504,0.07142857142857142,26,0.06666666666666667,0.5,0,-1
1930036,1930191,1,0.36926937306885504,0.07142857142857142,26,0.06666666666666667,0.5,0,-1
1930036,1934448,12,4.657853070832936,0.8571428571428571,169,0.9128205128205127,1.0,0,-1
1930036,1934453,12,4.657853070832936,0.8571428571428571,169,0.9128205128205127,1.0,0,-1
1930036,1934543,1,0.36926937306885504,0.07142857142857142,26,0.06666666666666667,0.5,0,-1
1930056,1930737,5,2.7905531327562363,0.7142857142857143,36,0.8333333333333333,1.0,8,-1
1930056,1934924,5,2.7905531327562363,0.7142857142857143,36,0.8333333333333333,1.0,6,-1
1930056,1935260,5,2.7905531327562363,0.7142857142857143,36,0.8333333333333333,1.0,8,-1
1930071,1934420,3,2.164042561333445,0.6,16,0.75,1.0,7,-1
1930089,1935311,4,2.4853397382384474,0.6666666666666666,25,0.8,1.0,5,-1
1930089,1942772,4,2.4853397382384474,0.6666666666666666,25,0.8,1.0,7,-1
1930090,1930098,4,2.4853397382384474,0.6666666666666666,25,0.8,1.0,6,-1
1930127,1930137,7,3.366288428740915,0.7777777777777778,64,0.875,1.0,7,-1
1930127,1933792,7,3.366288428740915,0.7777777777777778,64,0.875,1.0,0,-1
1930133,1930512,2,0.8340647828484926,0.2222222222222222,28,0.18181818181818182,0.5,3,-1
1930133,1934756,3,1.2683592647517443,0.3333333333333333,35,0.28181818181818186,0.5,4,-1
1930133,1942167,3,1.2683592647517443,0.3,42,0.28181818181818186,0.5,4,-1
1930137,1933792,7,3.366288428740915,0.7777777777777778,64,0.875,1.0,0,-1
1930183,1930212,6,3.083390054218504,0.75,49,0.857142857142857,1.0,11,-1
1930183,1930239,6,3.083390054218504,0.75,49,0.857142857142857,1.0,11,-1
1930191,1934448,1,0.36926937306885504,0.07142857142857142,26,0.06666666666666667,0.5,0,-1
1930191,1934453,1,0.36926937306885504,0.07142857142857142,26,0.06666666666666667,0.5,2,-1
1930191,1934543,1,0.36926937306885504,0.3333333333333333,4,0.06666666666666667,1.0,4,-1
1930207,1930242,2,1.8204784532536746,0.5,9,0.6666666666666666,1.0,4,-1
1930210,1934505,3,2.064029975448575,0.6,16,0.7,1.0,8,-1
1930210,1934625,3,2.064029975448575,0.6,16,0.7,1.0,8,-1
1930212,1930239,6,3.083390054218504,0.75,49,0.857142857142857,1.0,11,-1
1930230,1934554,6,3.083390054218504,0.75,49,0.857142857142857,1.0,11,-1
1930230,1934648,6,3.083390054218504,0.75,49,0.857142857142857,1.0,11,-1
1930251,1941721,2,1.8204784532536746,0.5,9,0.6666666666666666,1.0,3,-1
1930256,1934700,2,1.8204784532536746,0.5,9,0.6666666666666666,1.0,6,-1
1930325,1934521,2,1.8204784532536746,0.5,9,0.6666666666666666,1.0,0,-1
1930325,1942064,2,1.8204784532536746,0.5,9,0.6666666666666666,1.0,0,-1
1930347,1930362,2,1.631586747071319,0.5,9,0.5833333333333333,1.0,1,-1
1930347,1930475,1,0.7213475204444817,0.3333333333333333,3,0.25,0.5,0,-1
1930347,1934613,2,1.631586747071319,0.5,9,0.5833333333333333,1.0,0,-1
1930352,1942255,2,1.8204784532536746,0.5,9,0.6666666666666666,1.0,3,-1
1930361,1934629,4,2.4853397382384474,0.6666666666666666,25,0.8,1.0,5,-1
1930362,1930475,1,0.7213475204444817,0.3333333333333333,3,0.25,0.5,0,-1
1930362,1934613,2,1.631586747071319,0.5,9,0.5833333333333333,1.0,0,-1
1930369,1931190,2,1.8204784532536746,0.5,9,0.6666666666666666,1.0,0,-1
1930369,1934860,2,1.8204784532536746,0.5,9,0.6666666666666666,1.0,0,-1
1930396,1930418,6,3.083390054218504,0.75,49,0.857142857142857,1.0,12,-1
1930396,1934713,6,3.083390054218504,0.75,49,0.857142857142857,1.0,12,-1
1930396,1942083,6,3.083390054218504,0.75,49,0.857142857142857,1.0,0,-1
1930396,1942091,6,3.083390054218504,0.75,49,0.857142857142857,1.0,12,-1
1930418,1934713,6,3.083390054218504,0.75,49,0.857142857142857,1.0,12,-1
1930418,1942083,6,3.083390054218504,0.75,49,0.857142857142857,1.0,0,-1
1930418,1942091,6,3.083390054218504,0.75,49,0.857142857142857,1.0,12,-1
1930452,1934743,4,2.4853397382384474,0.6666666666666666,25,0.8,1.0,10,-1
1930452,1934960,4,2.4853397382384474,0.6666666666666666,25,0.8,1.0,10,-1
1930452,1942171,4,2.4853397382384474,0.6666666666666666,25,0.8,1.0,10,-1
1930452,1942352,4,2.4853397382384474,0.6666666666666666,25,0.8,1.0,10,-1
1930475,1934613,1,0.7213475204444817,0.3333333333333333,3,0.25,0.5,0,-1
1930479,1934677,7,3.366288428740915,0.7777777777777778,64,0.875,1.0,8,-1
1930479,1934806,7,3.366288428740915,0.7777777777777778,64,0.875,1.0,8,-1
1930479,1934808,7,3.366288428740915,0.7777777777777778,64,0.875,1.0,10,-1
1930505,1942042,6,3.083390054218504,0.75,49,0.857142857142857,1.0,7,-1
1930505,1942059,6,3.083390054218504,0.75,49,0.857142857142857,1.0,7,-1
1930512,1934756,4,1.8264698913029915,0.8,20,0.4484848484848485,0.5,5,-1
1930512,1942129,1,0.43429448190325176,0.14285714285714285,16,0.1,0.5,2,-1
1930512,1942167,3,1.2683592647517443,0.42857142857142855,24,0.28181818181818186,1.0,4,-1
1930575,1935058,2,1.8204784532536746,0.5,9,0.6666666666666666,1.0,6,-1
1930577,1934116,3,2.164042561333445,0.6,16,0.75,1.0,0,-1
1930590,1942544,5,2.7905531327562363,0.7142857142857143,36,0.8333333333333333,1.0,12,-1
1930649,1934478,3,2.164042561333445,0.3,36,0.75,1.0,0,-1
1930649,1942523,3,1.8978146542023822,0.6,16,0.6111111111111112,1.0,4,-1
1930654,1935243,3,2.164042561333445,0.6,16,0.75,1.0,8,-1
1930654,1942692,3,2.164042561333445,0.6,16,0.75,1.0,8,-1
1930659,1930678,4,2.4853397382384474,0.6666666666666666,25,0.8,1.0,10,-1
1930659,1930693,4,2.4853397382384474,0.6666666666666666,25,0.8,1.0,10,-1
1930659,1935111,4,2.4853397382384474,0.6666666666666666,25,0.8,1.0,10,-1
1930659,1942631,4,2.4853397382384474,0.6666666666666666,25,0.8,1.0,10,-1
1930678,1930693,4,2.4853397382384474,0.6666666666666666,25,0.8,1.0,10,-1
1930678,1935111,4,2.4853397382384474,0.6666666666666666,25,0.8,1.0,10,-1
1930678,1942631,4,2.4853397382384474,0.6666666666666666,25,0.8,1.0,10,-1
1930693,1935111,4,2.4853397382384474,0.6666666666666666,25,0.8,1.0,10,-1
1930693,1942631,4,2.4853397382384474,0.6666666666666666,25,0.8,1.0,10,-1
1930697,1934913,4,2.2044665630451994,0.6666666666666666,25,0.65,1.0,7,-1
1930697,1935231,4,2.2044665630451994,0.6666666666666666,25,0.65,1.0,0,-1
1930697,1942688,4,2.2044665630451994,0.6666666666666666,25,0.65,1.0,4,-1
1930725,1935159,2,1.8204784532536746,0.5,9,0.6666666666666666,1.0,3,-1
1930725,1935169,2,1.8204784532536746,0.5,9,0.6666666666666666,1.0,3,-1
1930725,1935188,2,1.8204784532536746,0.5,9,0.6666666666666666,1.0,3,-1
1930737,1934924,5,2.7905531327562363,0.7142857142857143,36,0.8333333333333333,1.0,6,-1
1930737,1935260,5,2.7905531327562363,0.7142857142857143,36,0.8333333333333333,1.0,8,-1
1930749,1934862,2,1.8204784532536746,0.5,9,0.6666666666666666,1.0,3,-1
1930749,1942636,2,1.8204784532536746,0.5,9,0.6666666666666666,1.0,3,-1
1930753,1930759,3,2.164042561333445,0.6,16,0.75,1.0,8,-1
1930753,1935196,3,2.164042561333445,0.6,16,0.75,1.0,8,-1
1930753,1942410,3,2.164042561333445,0.6,16,0.75,1.0,8,-1
1930753,1942439,3,2.164042561333445,0.6,16,0.75,1.0,8,-1
1930759,1935196,3,2.164042561333445,0.6,16,0.75,1.0,8,-1
1930759,1942410,3,2.164042561333445,0.6,16,0.75,1.0,8,-1
1930759,1942439,3,2.164042561333445,0.6,16,0.75,1.0,8,-1
1930797,1934959,3,2.164042561333445,0.6,16,0.75,1.0,6,-1
1930797,1942452,3,2.164042561333445,0.6,16,0.75,1.0,4,-1
1930797,1942466,3,2.164042561333445,0.6,16,0.75,1.0,4,-1
1930816,1930821,4,2.4853397382384474,0.6666666666666666,25,0.8,1.0,4,-1
1930816,1934284,4,2.4853397382384474,0.6666666666666666,25,0.8,1.0,4,-1
1930816,1935268,4,2.4853397382384474,0.6666666666666666,25,0.8,1.0,4,-1
1930821,1934284,4,2.4853397382384474,0.6666666666666666,25,0.8,1.0,7,-1
1930821,1935268,4,2.4853397382384474,0.6666666666666666,25,0.8,1.0,7,-1
1930825,1934990,2,1.8204784532536746,0.5,9,0.6666666666666666,1.0,0,1
1930825,1942542,2,1.8204784532536746,0.5,9,0.6666666666666666,1.0,4,-1
1930878,1935019,2,1.8204784532536746,0.5,9,0.6666666666666666,1.0,5,-1
1930878,1935298,2,1.8204784532536746,0.5,9,0.6666666666666666,1.0,3,-1
1930878,1935299,2,1.8204784532536746,0.5,9,0.6666666666666666,1.0,5,-1
1931190,1934860,2,1.8204784532536746,0.5,9,0.6666666666666666,1.0,0,-1
1931224,1936268,3,2.164042561333445,0.6,16,0.75,1.0,6,-1
1932210,1935607,2,1.8204784532536746,0.5,9,0.6666666666666666,1.0,3,-1
1932210,1944027,2,1.8204784532536746,0.5,9,0.6666666666666666,1.0,3,-1
1932210,1944250,2,1.8204784532536746,0.5,9,0.6666666666666666,1.0,3,-1
1932840,1935794,1,1.4426950408889634,0.3333333333333333,4,0.5,1.0,2,-1
1933141,1934275,1,1.4426950408889634,0.3333333333333333,4,0.5,1.0,0,-1
1933178,1936762,2,1.8204784532536746,0.5,9,0.6666666666666666,1.0,6,-1
1933233,1936497,2,1.8204784532536746,0.5,9,0.6666666666666666,1.0,0,-1
1933410,1944109,5,2.7905531327562363,0.7142857142857143,36,0.8333333333333333,1.0,5,-1
1933410,1944119,5,2.7905531327562363,0.7142857142857143,36,0.8333333333333333,1.0,0,-1
1933410,1944171,5,2.7905531327562363,0.7142857142857143,36,0.8333333333333333,1.0,5,-1
1933410,1944310,5,2.7905531327562363,0.7142857142857143,36,0.8333333333333333,1.0,5,-1
1933555,1933617,7,3.366288428740915,0.7777777777777778,64,0.875,1.0,8,-1
1933601,1934386,3,1.9640173895637054,0.6,16,0.65,1.0,4,-1
1933745,1934404,14,5.140125121790224,0.875,225,0.9192982456140351,1.0,5,-1
1933745,1934512,14,5.140125121790224,0.875,225,0.9192982456140351,1.0,0,-1
1933838,1934511,3,2.164042561333445,0.6,16,0.75,1.0,4,-1
1933838,1934516,3,2.164042561333445,0.6,16,0.75,1.0,6,-1
1933838,1941690,3,2.164042561333445,0.6,16,0.75,1.0,6,-1
1933902,1933909,2,1.8204784532536746,0.5,9,0.6666666666666666,1.0,5,-1
1933902,1941791,2,1.8204784532536746,0.5,9,0.6666666666666666,1.0,5,-1
1933909,1941791,2,1.8204784532536746,0.5,9,0.6666666666666666,1.0,5,-1
1933922,1934567,1,1.4426950408889634,0.3333333333333333,4,0.5,1.0,1,-1
1933922,1942067,1,1.4426950408889634,0.3333333333333333,4,0.5,1.0,0,-1
1933925,1942103,3,1.7491442051839832,0.6,16,0.5357142857142857,1.0,7,-1
1934016,1934837,4,2.4853397382384474,0.6666666666666666,25,0.8,1.0,10,-1
1934016,1934863,4,2.4853397382384474,0.6666666666666666,25,0.8,1.0,10,-1
1934016,1934900,4,2.4853397382384474,0.6666666666666666,25,0.8,1.0,10,-1
1934016,1942030,4,2.4853397382384474,0.6666666666666666,25,0.8,1.0,10,-1
1934016,1942292,4,2.4853397382384474,0.6666666666666666,25,0.8,1.0,10,-1
1934024,1934897,0,0.0,0.0,1,0.0,1.0,2,-1
1934090,1942168,1,1.4426950408889634,0.3333333333333333,4,0.5,1.0,0,1
1934133,1934153,2,1.8204784532536746,0.5,9,0.6666666666666666,1.0,0,-1
1934133,1934996,2,1.8204784532536746,0.5,9,0.6666666666666666,1.0,0,-1
1934133,1942260,2,1.8204784532536746,0.5,9,0.6666666666666666,1.0,0,-1
1934147,1934159,6,3.083390054218504,0.75,49,0.857142857142857,1.0,10,-1
1934147,1934788,6,3.083390054218504,0.75,49,0.857142857142857,1.0,10,-1
1934147,1935026,6,3.083390054218504,0.75,49,0.857142857142857,1.0,10,-1
1934147,1942242,6,3.083390054218504,0.75,49,0.857142857142857,1.0,10,-1
1934153,1934996,2,1.8204784532536746,0.5,9,0.6666666666666666,1.0,4,-1
1934153,1942260,2,1.8204784532536746,0.5,9,0.6666666666666666,1.0,4,-1
1934159,1934788,6,3.083390054218504,0.75,49,0.857142857142857,1.0,10,-1
1934159,1935026,6,3.083390054218504,0.75,49,0.857142857142857,1.0,10,-1
1934159,1942242,6,3.083390054218504,0.75,49,0.857142857142857,1.0,10,-1
1934189,1935065,3,2.164042561333445,0.6,16,0.75,1.0,8,-1
1934189,1942301,3,2.164042561333445,0.6,16,0.75,1.0,8,-1
1934189,1942326,3,2.164042561333445,0.6,16,0.75,1.0,8,-1
1934204,1934207,5,2.7905531327562363,0.7142857142857143,36,0.8333333333333333,1.0,5,-1
1934204,1934215,5,2.7905531327562363,0.7142857142857143,36,0.8333333333333333,1.0,5,-1
1934204,1935120,5,2.7905531327562363,0.7142857142857143,36,0.8333333333333333,1.0,7,-1
1934204,1935123,5,2.7905531327562363,0.7142857142857143,36,0.8333333333333333,1.0,5,-1
1934204,1935127,5,2.7905531327562363,0.7142857142857143,36,0.8333333333333333,1.0,0,-1
1934204,1942577,5,2.7905531327562363,0.7142857142857143,36,0.8333333333333333,1.0,7,-1
1934207,1934215,5,2.7905531327562363,0.7142857142857143,36,0.8333333333333333,1.0,5,-1
1934207,1935120,5,2.7905531327562363,0.7142857142857143,36,0.8333333333333333,1.0,5,-1
1934207,1935123,5,2.7905531327562363,0.7142857142857143,36,0.8333333333333333,1.0,6,-1
1934207,1935127,5,2.7905531327562363,0.7142857142857143,36,0.8333333333333333,1.0,0,-1
1934207,1942577,5,2.7905531327562363,0.7142857142857143,36,0.8333333333333333,1.0,5,-1
1934215,1935120,5,2.7905531327562363,0.7142857142857143,36,0.8333333333333333,1.0,5,-1
1934215,1935123,5,2.7905531327562363,0.7142857142857143,36,0.8333333333333333,1.0,5,-1
1934215,1935127,5,2.7905531327562363,0.7142857142857143,36,0.8333333333333333,1.0,0,-1
1934215,1942577,5,2.7905531327562363,0.7142857142857143,36,0.8333333333333333,1.0,5,-1
1934219,1934248,3,1.923593387851951,0.6,16,0.625,1.0,4,-1
1934234,1934932,3,2.164042561333445,0.6,16,0.75,1.0,3,-1
1934234,1935171,3,2.164042561333445,0.6,16,0.75,1.0,3,-1
1934236,1934333,1,1.4426950408889634,0.3333333333333333,4,0.5,1.0,2,-1
1934244,1935164,3,2.164042561333445,0.6,16,0.75,1.0,4,-1
1934281,1934317,1,1.4426950408889634,0.3333333333333333,4,0.5,1.0,2,-1
1934284,1935268,4,2.4853397382384474,0.6666666666666666,25,0.8,1.0,7,-1
1934353,1934425,1,1.4426950408889634,0.3333333333333333,4,0.5,1.0,4,-1
1934366,1934371,2,1.8204784532536746,0.5,9,0.6666666666666666,1.0,4,-1
1934404,1934512,14,5.140125121790224,0.875,225,0.9192982456140351,1.0,0,-1
1934412,1934419,5,2.7905531327562363,0.7142857142857143,36,0.8333333333333333,1.0,8,-1
1934426,1943495,1,0.36926937306885504,0.07142857142857142,56,0.06666666666666667,0.5,2,-1
1934448,1934453,12,4.657853070832936,0.8571428571428571,169,0.9128205128205127,1.0,0,-1
1934448,1934543,1,0.36926937306885504,0.07142857142857142,26,0.06666666666666667,0.5,0,-1
1934453,1934543,1,0.36926937306885504,0.07142857142857142,26,0.06666666666666667,0.5,2,-1
1934478,1942523,3,2.164042561333445,0.3,36,0.75,1.0,0,-1
1934481,1934962,1,0.6213349345596119,0.25,4,0.2,0.5,2,-1
1934481,1935223,1,0.6213349345596119,0.25,4,0.2,0.5,2,-1
1934505,1934625,3,2.064029975448575,0.6,16,0.7,1.0,8,-1
1934511,1934516,3,2.164042561333445,0.6,16,0.75,1.0,4,-1
1934511,1941690,3,2.164042561333445,0.6,16,0.75,1.0,4,-1
1934516,1941690,3,2.164042561333445,0.6,16,0.75,1.0,6,-1
1934521,1942064,2,1.8204784532536746,0.5,9,0.6666666666666666,1.0,4,-1
1934524,1934548,4,2.4853397382384474,0.6666666666666666,25,0.8,1.0,6,-1
1934534,1941765,2,1.8204784532536746,0.5,9,0.6666666666666666,1.0,6,-1
1934554,1934648,6,3.083390054218504,0.75,49,0.857142857142857,1.0,11,-1
1934557,1941673,6,3.083390054218504,0.75,49,0.857142857142857,1.0,13,-1
1934567,1942067,1,1.4426950408889634,0.3333333333333333,4,0.5,1.0,0,-1
1934573,1941836,2,1.8204784532536746,0.5,9,0.6666666666666666,1.0,3,-1
1934573,1941841,2,1.8204784532536746,0.5,9,0.6666666666666666,1.0,3,-1
1934573,1941850,2,1.8204784532536746,0.5,9,0.6666666666666666,1.0,3,-1
1934584,1934597,3,2.164042561333445,0.6,16,0.75,1.0,7,-1
1934584,1942142,3,2.164042561333445,0.6,16,0.75,1.0,7,-1
1934597,1942142,3,2.164042561333445,0.6,16,0.75,1.0,7,-1
1934635,1934638,5,2.7905531327562363,0.7142857142857143,36,0.8333333333333333,1.0,12,-1
1934635,1934645,5,2.7905531327562363,0.7142857142857143,36,0.8333333333333333,1.0,12,-1
1934638,1934645,5,2.7905531327562363,0.7142857142857143,36,0.8333333333333333,1.0,12,-1
1934641,1934739,3,1.6743318796537416,0.6,16,0.5,1.0,0,-1
1934641,1935842,3,1.6743318796537416,0.6,16,0.5,0.5,0,-1
1934641,1936549,3,1.6743318796537416,0.6,16,0.5,0.5,0,-1
1934677,1934806,7,3.366288428740915,0.7777777777777778,64,0.875,1.0,8,-1
1934677,1934808,7,3.366288428740915,0.7777777777777778,64,0.875,1.0,8,-1
1934701,1936282,1,0.43429448190325176,0.2,9,0.1,0.5,2,-1
1934703,1934719,3,2.164042561333445,0.6,16,0.75,1.0,8,-1
1934713,1942083,6,3.083390054218504,0.75,49,0.857142857142857,1.0,0,-1
1934713,1942091,6,3.083390054218504,0.75,49,0.857142857142857,1.0,12,-1
1934739,1935842,3,1.6743318796537416,0.6,16,0.5,0.5,4,-1
1934739,1936549,3,1.6743318796537416,0.6,16,0.5,0.5,4,-1
1934743,1934960,4,2.4853397382384474,0.6666666666666666,25,0.8,1.0,10,-1
1934743,1942171,4,2.4853397382384474,0.6666666666666666,25,0.8,1.0,10,-1
1934743,1942352,4,2.4853397382384474,0.6666666666666666,25,0.8,1.0,10,-1
1934748,1934770,1,1.4426950408889634,0.3333333333333333,4,0.5,1.0,4,-1
1934756,1942129,1,0.43429448190325176,0.125,20,0.1,0.5,2,-1
1934756,1942167,4,1.7026537466549962,0.5714285714285714,30,0.38181818181818183,1.0,5,-1
1934760,1941920,1,1.4426950408889634,0.3333333333333333,4,0.5,1.0,0,-1
1934761,1934934,2,1.8204784532536746,0.5,9,0.6666666666666666,1.0,5,-1
1934761,1942388,2,1.8204784532536746,0.5,9,0.6666666666666666,1.0,3,-1
1934783,1934836,1,1.4426950408889634,0.3333333333333333,4,0.5,1.0,0,-1
1934788,1935026,6,3.083390054218504,0.75,49,0.857142857142857,1.0,10,-1
1934788,1942242,6,3.083390054218504,0.75,49,0.857142857142857,1.0,10,-1
1934793,1935044,1,1.4426950408889634,0.3333333333333333,4,0.5,1.0,4,-1
1934806,1934808,7,3.366288428740915,0.7777777777777778,64,0.875,1.0,8,-1
1934814,1934857,1,0.5138983423697507,0.3333333333333333,4,0.14285714285714285,1.0,0,-1
1934820,1934824,3,2.164042561333445,0.6,16,0.75,1.0,8,-1
1934820,1935076,3,2.164042561333445,0.6,16,0.75,1.0,8,-1
1934820,1942487,3,2.164042561333445,0.6,16,0.75,1.0,8,-1
1934824,1935076,3,2.164042561333445,0.6,16,0.75,1.0,8,-1
1934824,1942487,3,2.164042561333445,0.6,16,0.75,1.0,8,-1
1934837,1934863,4,2.4853397382384474,0.6666666666666666,25,0.8,1.0,10,-1
1934837,1934900,4,2.4853397382384474,0.6666666666666666,25,0.8,1.0,10,-1
1934837,1942030,4,2.4853397382384474,0.6666666666666666,25,0.8,1.0,10,-1
1934837,1942292,4,2.4853397382384474,0.6666666666666666,25,0.8,1.0,10,-1
1934862,1942636,2,1.8204784532536746,0.5,9,0.6666666666666666,1.0,3,-1
1934863,1934900,4,2.4853397382384474,0.6666666666666666,25,0.8,1.0,10,-1
1934863,1942030,4,2.4853397382384474,0.6666666666666666,25,0.8,1.0,10,-1
1934863,1942292,4,2.4853397382384474,0.6666666666666666,25,0.8,1.0,10,-1
1934866,1934903,1,1.4426950408889634,0.3333333333333333,4,0.5,1.0,0,-1
1934900,1942030,4,2.4853397382384474,0.6666666666666666,25,0.8,1.0,10,-1
1934900,1942292,4,2.4853397382384474,0.6666666666666666,25,0.8,1.0,10,-1
1934913,1935231,4,2.2044665630451994,0.6666666666666666,25,0.65,1.0,0,-1
1934913,1942688,4,2.2044665630451994,0.6666666666666666,25,0.65,1.0,4,-1
1934924,1935260,5,2.7905531327562363,0.7142857142857143,36,0.8333333333333333,1.0,6,-1
1934932,1935171,3,2.164042561333445,0.6,16,0.75,1.0,3,-1
1934934,1942388,2,1.8204784532536746,0.5,9,0.6666666666666666,1.0,3,-1
1934959,1942452,3,2.164042561333445,0.6,16,0.75,1.0,4,-1
1934959,1942466,3,2.164042561333445,0.6,16,0.75,1.0,4,-1
1934960,1942171,4,2.4853397382384474,0.6666666666666666,25,0.8,1.0,10,-1
1934960,1942352,4,2.4853397382384474,0.6666666666666666,25,0.8,1.0,10,-1
1934961,1934992,1,1.4426950408889634,0.3333333333333333,4,0.5,1.0,4,-1
1934962,1935223,3,2.0640299754485754,0.6,16,0.7,1.0,5,-1
1934980,1942417,2,1.8204784532536746,0.5,9,0.6666666666666666,1.0,6,-1
1934990,1942542,2,1.8204784532536746,0.5,9,0.6666666666666666,1.0,0,-1
1934996,1942260,2,1.8204784532536746,0.5,9,0.6666666666666666,1.0,4,-1
1935019,1935298,2,1.8204784532536746,0.5,9,0.6666666666666666,1.0,3,-1
1935019,1935299,2,1.8204784532536746,0.5,9,0.6666666666666666,1.0,5,-1
1935026,1942242,6,3.083390054218504,0.75,49,0.857142857142857,1.0,10,-1
1935065,1942301,3,2.164042561333445,0.6,16,0.75,1.0,8,-1
1935065,1942326,3,2.164042561333445,0.6,16,0.75,1.0,8,-1
1935076,1942487,3,2.164042561333445,0.6,16,0.75,1.0,8,-1
1935111,1942631,4,2.4853397382384474,0.6666666666666666,25,0.8,1.0,10,-1
1935120,1935123,5,2.7905531327562363,0.7142857142857143,36,0.8333333333333333,1.0,5,-1
1935120,1935127,5,2.7905531327562363,0.7142857142857143,36,0.8333333333333333,1.0,0,-1
1935120,1942577,5,2.7905531327562363,0.7142857142857143,36,0.8333333333333333,1.0,7,-1
1935123,1935127,5,2.7905531327562363,0.7142857142857143,36,0.8333333333333333,1.0,0,-1
1935123,1942577,5,2.7905531327562363,0.7142857142857143,36,0.8333333333333333,1.0,5,-1
1935127,1942577,5,2.7905531327562363,0.7142857142857143,36,0.8333333333333333,1.0,0,-1
1935150,1942623,0,0.0,0.0,1,0.0,1.0,1,-1
1935159,1935169,2,1.8204784532536746,0.5,9,0.6666666666666666,1.0,5,-1
1935159,1935188,2,1.8204784532536746,0.5,9,0.6666666666666666,1.0,5,-1
1935169,1935188,2,1.8204784532536746,0.5,9,0.6666666666666666,1.0,5,-1
1935196,1942410,3,2.164042561333445,0.6,16,0.75,1.0,8,-1
1935196,1942439,3,2.164042561333445,0.6,16,0.75,1.0,8,-1
1935231,1942688,4,2.2044665630451994,0.6666666666666666,25,0.65,1.0,0,-1
1935243,1942692,3,2.164042561333445,0.6,16,0.75,1.0,8,-1
1935298,1935299,2,1.8204784532536746,0.5,9,0.6666666666666666,1.0,3,-1
1935311,1942772,4,2.4853397382384474,0.6666666666666666,25,0.8,1.0,5,-1
1935437,1935455,4,2.2704665538587254,0.6666666666666666,25,0.6857142857142857,1.0,3,-1
1935451,1936139,3,2.164042561333445,0.6,16,0.75,1.0,8,-1
1935451,1936142,3,2.164042561333445,0.6,16,0.75,1.0,8,-1
1935451,1936199,3,2.164042561333445,0.6,16,0.75,1.0,8,-1
1935451,1943870,3,2.164042561333445,0.6,16,0.75,1.0,8,-1
1935477,1935483,2,1.8204784532536746,0.5,9,0.6666666666666666,1.0,6,-1
1935477,1936563,2,1.8204784532536746,0.5,9,0.6666666666666666,1.0,6,-1
1935483,1936563,2,1.8204784532536746,0.5,9,0.6666666666666666,1.0,6,-1
1935515,1943909,3,2.164042561333445,0.6,16,0.75,1.0,5,-1
1935515,1943935,3,2.164042561333445,0.6,16,0.75,1.0,4,-1
1935515,1944075,3,2.164042561333445,0.6,16,0.75,1.0,4,-1
1935515,1944100,3,2.164042561333445,0.6,16,0.75,1.0,4,-1
1935546,1935551,6,3.083390054218504,0.75,49,0.857142857142857,1.0,10,-1
1935546,1936314,6,3.083390054218504,0.75,49,0.857142857142857,1.0,7,-1
1935546,1943960,6,3.083390054218504,0.75,49,0.857142857142857,1.0,10,-1
1935548,1936201,3,2.164042561333445,0.6,16,0.75,1.0,0,-1
1935548,1936223,3,2.164042561333445,0.6,16,0.75,1.0,0,-1
1935548,1936298,3,2.164042561333445,0.6,16,0.75,1.0,0,-1
1935548,1936311,3,2.164042561333445,0.6,16,0.75,1.0,0,-1
1935551,1936314,6,3.083390054218504,0.75,49,0.857142857142857,1.0,7,-1
1935551,1943960,6,3.083390054218504,0.75,49,0.857142857142857,1.0,10,-1
1935595,1936309,0,0.0,0.0,1,0.0,1.0,1,-1
1935607,1944027,2,1.8204784532536746,0.5,9,0.6666666666666666,1.0,3,-1
1935607,1944250,2,1.8204784532536746,0.5,9,0.6666666666666666,1.0,3,-1
1935619,1944018,2,1.8204784532536746,0.5,9,0.6666666666666666,1.0,6,-1
1935619,1944071,2,1.8204784532536746,0.5,9,0.6666666666666666,1.0,6,-1
1935619,1944157,2,1.8204784532536746,0.5,9,0.6666666666666666,1.0,6,-1
1935669,1936375,5,2.7905531327562363,0.7142857142857143,36,0.8333333333333333,1.0,11,-1
1935669,1943630,5,2.7905531327562363,0.7142857142857143,36,0.8333333333333333,1.0,11,-1
1935689,1944121,2,1.8204784532536746,0.5,9,0.6666666666666666,1.0,0,-1
1935689,1944130,2,1.8204784532536746,0.5,9,0.6666666666666666,1.0,0,-1
1935689,1944223,2,1.8204784532536746,0.5,9,0.6666666666666666,1.0,0,-1
1935713,1935732,8,3.5647604748838813,0.8,81,0.8492063492063493,1.0,0,-1
1935713,1936880,8,3.5647604748838813,0.8,81,0.8492063492063493,1.0,7,-1
1935713,1936885,8,3.5647604748838813,0.8,81,0.8492063492063493,1.0,11,-1
1935713,1936917,8,3.5647604748838813,0.8,81,0.8492063492063493,1.0,11,-1
1935713,1937253,1,0.3789231816899512,0.09090909090909091,27,0.07142857142857142,0.5,4,-1
1935713,1944178,8,3.5647604748838813,0.8,81,0.8492063492063493,1.0,7,-1
1935713,1944180,8,3.5647604748838813,0.8,81,0.8492063492063493,1.0,0,-1
1935713,1944907,1,0.3789231816899512,0.09090909090909091,27,0.07142857142857142,0.5,4,-1
1935732,1936880,8,3.5647604748838813,0.8,81,0.8492063492063493,1.0,0,-1
1935732,1936885,8,3.5647604748838813,0.8,81,0.8492063492063493,1.0,0,-1
1935732,1936917,8,3.5647604748838813,0.8,81,0.8492063492063493,1.0,0,-1
1935732,1937253,1,0.3789231816899512,0.09090909090909091,27,0.07142857142857142,0.5,0,-1
1935732,1944178,8,3.5647604748838813,0.8,81,0.8492063492063493,1.0,0,-1
1935732,1944180,8,3.5647604748838813,0.8,81,0.8492063492063493,1.0,0,-1
1935732,1944907,1,0.3789231816899512,0.09090909090909091,27,0.07142857142857142,0.5,0,-1
1935771,1937001,1,0.9102392266268373,0.3333333333333333,4,0.3333333333333333,1.0,3,-1
1935809,1937070,3,2.164042561333445,0.6,16,0.75,1.0,8,-1
1935809,1944535,3,2.164042561333445,0.6,16,0.75,1.0,8,-1
1935809,1944538,3,2.164042561333445,0.6,16,0.75,1.0,8,-1
1935839,1935849,4,2.3779031460485864,0.6666666666666666,25,0.7428571428571429,1.0,10,-1
1935839,1936583,4,2.3779031460485864,0.6666666666666666,25,0.7428571428571429,1.0,10,-1
1935839,1943901,1,0.5138983423697507,0.16666666666666666,10,0.14285714285714285,0.5,4,-1
1935839,1944337,4,2.3779031460485864,0.6666666666666666,25,0.7428571428571429,1.0,10,-1
1935842,1936549,3,1.6743318796537416,0.6,16,0.5,1.0,4,-1
1935849,1936583,4,2.3779031460485864,0.6666666666666666,25,0.7428571428571429,1.0,10,-1
1935849,1943901,1,0.5138983423697507,0.16666666666666666,10,0.14285714285714285,0.5,4,-1
1935849,1944337,4,2.3779031460485864,0.6666666666666666,25,0.7428571428571429,1.0,10,-1
1936093,1936500,5,2.7905531327562363,0.7142857142857143,36,0.8333333333333333,1.0,6,-1
1936093,1943838,5,2.7905531327562363,0.7142857142857143,36,0.8333333333333333,1.0,6,-1
1936093,1943989,5,2.7905531327562363,0.7142857142857143,36,0.8333333333333333,1.0,6,-1
1936093,1943996,5,2.7905531327562363,0.7142857142857143,36,0.8333333333333333,1.0,6,-1
1936139,1936142,3,2.164042561333445,0.6,16,0.75,1.0,8,-1
1936139,1936199,3,2.164042561333445,0.6,16,0.75,1.0,8,-1
1936139,1943870,3,2.164042561333445,0.6,16,0.75,1.0,8,-1
1936142,1936199,3,2.164042561333445,0.6,16,0.75,1.0,8,-1
1936142,1943870,3,2.164042561333445,0.6,16,0.75,1.0,8,-1
1936153,1943803,0,0.0,0.0,1,0.0,1.0,2,-1
1936172,1936576,5,2.7905531327562363,0.7142857142857143,36,0.8333333333333333,1.0,0,-1
1936172,1936585,5,2.7905531327562363,0.7142857142857143,36,0.8333333333333333,1.0,3,-1
1936172,1936697,5,2.7905531327562363,0.7142857142857143,36,0.8333333333333333,1.0,0,-1
1936172,1943435,5,2.7905531327562363,0.7142857142857143,36,0.8333333333333333,1.0,0,-1
1936172,1943924,5,2.7905531327562363,0.7142857142857143,36,0.8333333333333333,1.0,3,-1
1936172,1944051,5,2.7905531327562363,0.7142857142857143,36,0.8333333333333333,1.0,3,-1
1936199,1943870,3,2.164042561333445,0.6,16,0.75,1.0,8,-1
1936201,1936223,3,2.164042561333445,0.6,16,0.75,1.0,3,-1
1936201,1936298,3,2.164042561333445,0.6,16,0.75,1.0,3,-1
1936201,1936311,3,2.164042561333445,0.6,16,0.75,1.0,3,-1
1936223,1936298,3,2.164042561333445,0.6,16,0.75,1.0,3,-1
1936223,1936311,3,2.164042561333445,0.6,16,0.75,1.0,3,-1
1936235,1936644,2,1.8204784532536746,0.5,9,0.6666666666666666,1.0,6,-1
1936235,1943894,2,1.8204784532536746,0.5,9,0.6666666666666666,1.0,6,-1
1936240,1936336,1,1.4426950408889634,0.3333333333333333,4,0.5,1.0,2,-1
1936240,1936597,1,1.4426950408889634,0.3333333333333333,4,0.5,1.0,3,-1
1936269,1936717,2,1.8204784532536746,0.5,9,0.6666666666666666,1.0,2,-1
1936269,1944043,2,1.8204784532536746,0.5,9,0.6666666666666666,1.0,2,-1
1936269,1944204,2,1.8204784532536746,0.5,9,0.6666666666666666,1.0,0,-1
1936298,1936311,3,2.164042561333445,0.6,16,0.75,1.0,4,-1
1936314,1943960,6,3.083390054218504,0.75,49,0.857142857142857,1.0,7,-1
1936328,1936772,3,2.164042561333445,0.6,16,0.75,1.0,4,-1
1936328,1936818,3,2.164042561333445,0.6,16,0.75,1.0,4,-1
1936328,1936833,3,2.164042561333445,0.6,16,0.75,1.0,5,-1
1936328,1943568,3,2.164042561333445,0.6,16,0.75,1.0,4,-1
1936336,1936597,1,1.4426950408889634,0.3333333333333333,4,0.5,1.0,2,-1
1936363,1936856,1,1.4426950408889634,0.3333333333333333,4,0.5,1.0,4,-1
1936370,1936686,3,2.164042561333445,0.6,16,0.75,1.0,0,-1
1936370,1943517,3,2.164042561333445,0.6,16,0.75,1.0,0,-1
1936370,1944004,3,2.164042561333445,0.6,16,0.75,1.0,0,-1
1936370,1944155,3,2.164042561333445,0.6,16,0.75,1.0,0,-1
1936374,1936694,1,1.4426950408889634,0.3333333333333333,4,0.5,1.0,0,-1
1936375,1943630,5,2.7905531327562363,0.7142857142857143,36,0.8333333333333333,1.0,11,-1
1936428,1936493,4,2.4853397382384474,0.6666666666666666,25,0.8,1.0,5,-1
1936428,1936816,4,2.4853397382384474,0.6666666666666666,25,0.8,1.0,7,-1
1936428,1943604,4,2.4853397382384474,0.6666666666666666,25,0.8,1.0,5,-1
1936428,1944123,4,2.4853397382384474,0.6666666666666666,25,0.8,1.0,5,-1
1936439,1936929,2,1.8204784532536746,0.5,9,0.6666666666666666,1.0,6,-1
1936439,1936952,2,1.8204784532536746,0.5,9,0.6666666666666666,1.0,6,-1
1936439,1944256,2,1.8204784532536746,0.5,9,0.6666666666666666,1.0,6,-1
1936440,1944899,4,2.270466553858725,0.6666666666666666,25,0.6857142857142857,1.0,8,-1
1936443,1939256,1,0.6213349345596119,0.25,6,0.2,0.5,0,-1
1936443,1939549,1,0.6213349345596119,0.25,6,0.2,0.5,0,-1
1936451,1936924,4,2.4853397382384474,0.6666666666666666,25,0.8,1.0,0,-1
1936451,1936932,4,2.4853397382384474,0.6666666666666666,25,0.8,1.0,0,-1
1936451,1936953,4,2.4853397382384474,0.6666666666666666,25,0.8,1.0,2,-1
1936451,1944419,4,2.4853397382384474,0.6666666666666666,25,0.8,1.0,0,-1
1936451,1944429,4,2.4853397382384474,0.6666666666666666,25,0.8,1.0,3,-1
1936493,1936816,4,2.4853397382384474,0.6666666666666666,25,0.8,1.0,5,-1
1936493,1943604,4,2.4853397382384474,0.6666666666666666,25,0.8,1.0,7,-1
1936493,1944123,4,2.4853397382384474,0.6666666666666666,25,0.8,1.0,7,-1
1936500,1943838,5,2.7905531327562363,0.7142857142857143,36,0.8333333333333333,1.0,6,-1
1936500,1943989,5,2.7905531327562363,0.7142857142857143,36,0.8333333333333333,1.0,7,-1
1936500,1943996,5,2.7905531327562363,0.7142857142857143,36,0.8333333333333333,1.0,6,-1
1936547,1944192,2,1.8204784532536746,0.5,9,0.6666666666666666,1.0,6,-1
1936551,1943766,1,1.4426950408889634,0.3333333333333333,4,0.5,1.0,2,-1
1936562,1943661,2,1.8204784532536746,0.5,9,0.6666666666666666,1.0,3,-1
1936562,1943665,2,1.8204784532536746,0.5,9,0.6666666666666666,1.0,3,-1
1936564,1936903,1,0.3898712452512801,0.16666666666666666,12,0.07692307692307693,0.5,0,-1
1936564,1944265,2,1.3001104718781173,0.5,9,0.41025641025641024,1.0,5,-1
1936576,1936585,5,2.7905531327562363,0.7142857142857143,36,0.8333333333333333,1.0,0,-1
1936576,1936697,5,2.7905531327562363,0.7142857142857143,36,0.8333333333333333,1.0,0,-1
1936576,1943435,5,2.7905531327562363,0.7142857142857143,36,0.8333333333333333,1.0,0,-1
1936576,1943924,5,2.7905531327562363,0.7142857142857143,36,0.8333333333333333,1.0,0,-1
1936576,1944051,5,2.7905531327562363,0.7142857142857143,36,0.8333333333333333,1.0,0,-1
1936583,1943901,1,0.5138983423697507,0.16666666666666666,10,0.14285714285714285,0.5,4,-1
1936583,1944337,4,2.3779031460485864,0.6666666666666666,25,0.7428571428571429,1.0,10,-1
1936585,1936697,5,2.7905531327562363,0.7142857142857143,36,0.8333333333333333,1.0,0,-1
1936585,1943435,5,2.7905531327562363,0.7142857142857143,36,0.8333333333333333,1.0,0,-1
1936585,1943924,5,2.7905531327562363,0.7142857142857143,36,0.8333333333333333,1.0,3,-1
1936585,1944051,5,2.7905531327562363,0.7142857142857143,36,0.8333333333333333,1.0,3,-1
1936607,1943814,0,0.0,0.0,1,0.0,1.0,1,-1
1936615,1944215,2,1.8204784532536746,0.5,9,0.6666666666666666,1.0,6,-1
1936615,1944237,2,1.8204784532536746,0.5,9,0.6666666666666666,1.0,6,-1
1936615,1944246,2,1.8204784532536746,0.5,9,0.6666666666666666,1.0,6,-1
1936631,1936645,3,2.164042561333445,0.6,16,0.75,1.0,4,-1
1936631,1937065,3,2.164042561333445,0.6,16,0.75,1.0,4,-1
1936631,1944347,3,2.164042561333445,0.6,16,0.75,1.0,4,-1
1936631,1944350,3,2.164042561333445,0.6,16,0.75,1.0,4,-1
1936644,1943894,2,1.8204784532536746,0.5,9,0.6666666666666666,1.0,6,-1
1936645,1937065,3,2.164042561333445,0.6,16,0.75,1.0,4,-1
1936645,1944347,3,2.164042561333445,0.6,16,0.75,1.0,4,-1
1936645,1944350,3,2.164042561333445,0.6,16,0.75,1.0,4,-1
1936660,1943505,3,1.8119644139578184,0.6,16,0.5666666666666667,1.0,5,-1
1936660,1944057,3,1.8119644139578184,0.6,16,0.5666666666666667,1.0,4,-1
1936686,1943517,3,2.164042561333445,0.6,16,0.75,1.0,0,-1
1936686,1944004,3,2.164042561333445,0.6,16,0.75,1.0,4,-1
1936686,1944155,3,2.164042561333445,0.6,16,0.75,1.0,4,-1
1936697,1943435,5,2.7905531327562363,0.7142857142857143,36,0.8333333333333333,1.0,2,-1
1936697,1943924,5,2.7905531327562363,0.7142857142857143,36,0.8333333333333333,1.0,0,-1
1936697,1944051,5,2.7905531327562363,0.7142857142857143,36,0.8333333333333333,1.0,0,-1
1936717,1944043,2,1.8204784532536746,0.5,9,0.6666666666666666,1.0,3,-1
1936717,1944204,2,1.8204784532536746,0.5,9,0.6666666666666666,1.0,0,-1
1936721,1944061,1,1.4426950408889634,0.3333333333333333,4,0.5,1.0,2,-1
1936721,1944116,1,1.4426950408889634,0.3333333333333333,4,0.5,1.0,2,-1
1936725,1936731,4,2.4853397382384474,0.6666666666666666,25,0.8,1.0,9,-1
1936725,1943544,4,2.4853397382384474,0.6666666666666666,25,0.8,1.0,9,-1
1936725,1943548,4,2.4853397382384474,0.6666666666666666,25,0.8,1.0,9,-1
1936731,1943544,4,2.4853397382384474,0.6666666666666666,25,0.8,1.0,9,-1
1936731,1943548,4,2.4853397382384474,0.6666666666666666,25,0.8,1.0,9,-1
1936735,1944122,0,0.0,0.0,1,0.0,1.0,0,-1
1936772,1936818,3,2.164042561333445,0.6,16,0.75,1.0,4,-1
1936772,1936833,3,2.164042561333445,0.6,16,0.75,1.0,4,-1
1936772,1943568,3,2.164042561333445,0.6,16,0.75,1.0,4,-1
1936812,1936823,2,1.8204784532536746,0.5,9,0.6666666666666666,1.0,5,-1
1936816,1943604,4,2.4853397382384474,0.6666666666666666,25,0.8,1.0,5,-1
1936816,1944123,4,2.4853397382384474,0.6666666666666666,25,0.8,1.0,5,-1
1936818,1936833,3,2.164042561333445,0.6,16,0.75,1.0,4,-1
1936818,1943568,3,2.164042561333445,0.6,16,0.75,1.0,4,-1
1936833,1943568,3,2.164042561333445,0.6,16,0.75,1.0,4,-1
1936866,1936883,2,1.8204784532536746,0.5,9,0.6666666666666666,1.0,6,-1
1936866,1944300,2,1.8204784532536746,0.5,9,0.6666666666666666,1.0,6,-1
1936880,1936885,8,3.5647604748838813,0.8,81,0.8492063492063493,1.0,7,-1
1936880,1936917,8,3.5647604748838813,0.8,81,0.8492063492063493,1.0,7,-1
1936880,1937253,1,0.3789231816899512,0.09090909090909091,27,0.07142857142857142,0.5,2,-1
1936880,1944178,8,3.5647604748838813,0.8,81,0.8492063492063493,1.0,7,-1
1936880,1944180,8,3.5647604748838813,0.8,81,0.8492063492063493,1.0,0,-1
1936880,1944907,1,0.3789231816899512,0.09090909090909091,27,0.07142857142857142,0.5,2,-1
1936883,1944300,2,1.8204784532536746,0.5,9,0.6666666666666666,1.0,6,-1
1936885,1936917,8,3.5647604748838813,0.8,81,0.8492063492063493,1.0,11,-1
1936885,1937253,1,0.3789231816899512,0.09090909090909091,27,0.07142857142857142,0.5,4,-1
1936885,1944178,8,3.5647604748838813,0.8,81,0.8492063492063493,1.0,7,-1
1936885,1944180,8,3.5647604748838813,0.8,81,0.8492063492063493,1.0,0,-1
1936885,1944907,1,0.3789231816899512,0.09090909090909091,27,0.07142857142857142,0.5,4,-1
1936903,1944265,1,0.3898712452512801,0.16666666666666666,12,0.07692307692307693,0.5,0,-1
1936915,1944187,1,1.4426950408889634,0.3333333333333333,4,0.5,1.0,3,-1
1936917,1937253,1,0.3789231816899512,0.09090909090909091,27,0.07142857142857142,0.5,4,-1
1936917,1944178,8,3.5647604748838813,0.8,81,0.8492063492063493,1.0,7,-1
1936917,1944180,8,3.5647604748838813,0.8,81,0.8492063492063493,1.0,0,-1
1936917,1944907,1,0.3789231816899512,0.09090909090909091,27,0.07142857142857142,0.5,4,-1
1936924,1936932,4,2.4853397382384474,0.6666666666666666,25,0.8,1.0,4,-1
1936924,1936953,4,2.4853397382384474,0.6666666666666666,25,0.8,1.0,0,-1
1936924,1944419,4,2.4853397382384474,0.6666666666666666,25,0.8,1.0,4,-1
1936924,1944429,4,2.4853397382384474,0.6666666666666666,25,0.8,1.0,0,-1
1936929,1936952,2,1.8204784532536746,0.5,9,0.6666666666666666,1.0,6,-1
1936929,1944256,2,1.8204784532536746,0.5,9,0.6666666666666666,1.0,6,-1
1936932,1936953,4,2.4853397382384474,0.6666666666666666,25,0.8,1.0,0,-1
1936932,1944419,4,2.4853397382384474,0.6666666666666666,25,0.8,1.0,4,-1
1936932,1944429,4,2.4853397382384474,0.6666666666666666,25,0.8,1.0,0,-1
1936952,1944256,2,1.8204784532536746,0.5,9,0.6666666666666666,1.0,6,-1
1936953,1944419,4,2.4853397382384474,0.6666666666666666,25,0.8,1.0,0,-1
1936953,1944429,4,2.4853397382384474,0.6666666666666666,25,0.8,1.0,2,-1
1936970,1937006,4,2.4853397382384474,0.6666666666666666,25,0.8,1.0,10,-1
1936970,1944184,4,2.4853397382384474,0.6666666666666666,25,0.8,1.0,10,-1
1936970,1944194,4,2.4853397382384474,0.6666666666666666,25,0.8,1.0,10,-1
1936970,1944441,4,2.4853397382384474,0.6666666666666666,25,0.8,1.0,10,-1
1936970,1944447,4,2.4853397382384474,0.6666666666666666,25,0.8,1.0,10,-1
1936993,1937008,2,1.4683498531780845,0.5,9,0.5,1.0,0,-1
1937004,1944249,0,0.0,0.0,1,0.0,1.0,1,-1
1937006,1944184,4,2.4853397382384474,0.6666666666666666,25,0.8,1.0,10,-1
1937006,1944194,4,2.4853397382384474,0.6666666666666666,25,0.8,1.0,10,-1
1937006,1944441,4,2.4853397382384474,0.6666666666666666,25,0.8,1.0,10,-1
1937006,1944447,4,2.4853397382384474,0.6666666666666666,25,0.8,1.0,10,-1
1937065,1944347,3,2.164042561333445,0.6,16,0.75,1.0,4,-1
1937065,1944350,3,2.164042561333445,0.6,16,0.75,1.0,4,-1
1937070,1944535,3,2.164042561333445,0.6,16,0.75,1.0,8,-1
1937070,1944538,3,2.164042561333445,0.6,16,0.75,1.0,8,-1
1937253,1944178,1,0.3789231816899512,0.09090909090909091,27,0.07142857142857142,0.5,2,-1
1937253,1944180,1,0.3789231816899512,0.09090909090909091,27,0.07142857142857142,0.5,0,-1
1937253,1944907,2,1.2891624083167885,0.5,9,0.40476190476190477,1.0,6,-1
1937354,1945000,6,3.083390054218504,0.75,49,0.857142857142857,1.0,0,-1
1937354,1945002,6,3.083390054218504,0.75,49,0.857142857142857,1.0,0,-1
1937354,1945005,6,3.083390054218504,0.75,49,0.857142857142857,1.0,0,-1
1937369,1937372,2,1.8204784532536746,0.5,9,0.6666666666666666,1.0,5,-1
1937946,1938375,4,2.4853397382384474,0.6666666666666666,25,0.8,1.0,6,-1
1937946,1938396,4,2.4853397382384474,0.6666666666666666,25,0.8,1.0,4,-1
1937946,1938400,4,2.4853397382384474,0.6666666666666666,25,0.8,1.0,6,-1
1937946,1945686,4,2.4853397382384474,0.6666666666666666,25,0.8,1.0,4,-1
1937946,1945691,4,2.4853397382384474,0.6666666666666666,25,0.8,1.0,0,-1
1938375,1938396,4,2.4853397382384474,0.6666666666666666,25,0.8,1.0,4,-1
1938375,1938400,4,2.4853397382384474,0.6666666666666666,25,0.8,1.0,6,-1
1938375,1945686,4,2.4853397382384474,0.6666666666666666,25,0.8,1.0,4,-1
1938375,1945691,4,2.4853397382384474,0.6666666666666666,25,0.8,1.0,0,-1
1938396,1938400,4,2.4853397382384474,0.6666666666666666,25,0.8,1.0,4,-1
1938396,1945686,4,2.4853397382384474,0.6666666666666666,25,0.8,1.0,4,-1
1938396,1945691,4,2.4853397382384474,0.6666666666666666,25,0.8,1.0,0,-1
1938400,1945686,4,2.4853397382384474,0.6666666666666666,25,0.8,1.0,4,-1
1938400,1945691,4,2.4853397382384474,0.6666666666666666,25,0.8,1.0,0,-1
1938908,1938924,8,3.640956906507349,0.8,81,0.8888888888888891,1.0,12,-1
1938908,1940267,8,3.640956906507349,0.8,81,0.8888888888888891,1.0,12,-1
1938908,1940290,8,3.640956906507349,0.8,81,0.8888888888888891,1.0,12,-1
1938908,1940356,8,3.640956906507349,0.8,81,0.8888888888888891,1.0,9,-1
1938924,1940267,8,3.640956906507349,0.8,81,0.8888888888888891,1.0,12,-1
1938924,1940290,8,3.640956906507349,0.8,81,0.8888888888888891,1.0,12,-1
1938924,1940356,8,3.640956906507349,0.8,81,0.8888888888888891,1.0,9,-1
1939256,1939549,2,1.531574161186449,0.5,9,0.5333333333333333,1.0,4,-1
1940267,1940290,8,3.640956906507349,0.8,81,0.8888888888888891,1.0,12,-1
1940267,1940356,8,3.640956906507349,0.8,81,0.8888888888888891,1.0,9,-1
1940290,1940356,8,3.640956906507349,0.8,81,0.8888888888888891,1.0,9,-1
1941659,1941668,1,1.4426950408889634,0.3333333333333333,4,0.5,1.0,0,-1
1941836,1941841,2,1.8204784532536746,0.5,9,0.6666666666666666,1.0,5,-1
1941836,1941850,2,1.8204784532536746,0.5,9,0.6666666666666666,1.0,5,-1
1941841,1941850,2,1.8204784532536746,0.5,9,0.6666666666666666,1.0,5,-1
1941930,1941961,3,2.164042561333445,0.6,16,0.75,1.0,0,-1
1942030,1942292,4,2.4853397382384474,0.6666666666666666,25,0.8,1.0,10,-1
1942042,1942059,6,3.083390054218504,0.75,49,0.857142857142857,1.0,11,-1
1942083,1942091,6,3.083390054218504,0.75,49,0.857142857142857,1.0,0,-1
1942111,1942361,2,1.8204784532536746,0.5,9,0.6666666666666666,1.0,5,-1
1942129,1942167,1,0.43429448190325176,0.1111111111111111,24,0.1,0.5,2,-1
1942171,1942352,4,2.4853397382384474,0.6666666666666666,25,0.8,1.0,10,-1
1942198,1942202,2,1.8204784532536746,0.5,9,0.6666666666666666,1.0,3,-1
1942301,1942326,3,2.164042561333445,0.6,16,0.75,1.0,8,-1
1942410,1942439,3,2.164042561333445,0.6,16,0.75,1.0,8,-1
1942452,1942466,3,2.164042561333445,0.6,16,0.75,1.0,5,-1
1942456,1942474,2,1.8204784532536746,0.5,9,0.6666666666666666,1.0,3,-1
1943385,1943391,2,1.8204784532536746,0.5,9,0.6666666666666666,1.0,6,-1
1943385,1943812,2,1.8204784532536746,0.5,9,0.6666666666666666,1.0,6,-1
1943385,1943826,2,1.8204784532536746,0.5,9,0.6666666666666666,1.0,6,-1
1943391,1943812,2,1.8204784532536746,0.5,9,0.6666666666666666,1.0,6,-1
1943391,1943826,2,1.8204784532536746,0.5,9,0.6666666666666666,1.0,6,-1
1943435,1943924,5,2.7905531327562363,0.7142857142857143,36,0.8333333333333333,1.0,0,-1
1943435,1944051,5,2.7905531327562363,0.7142857142857143,36,0.8333333333333333,1.0,0,-1
1943492,1944053,2,1.8204784532536746,0.5,9,0.6666666666666666,1.0,6,-1
1943505,1944057,3,1.8119644139578184,0.6,16,0.5666666666666667,1.0,4,-1
1943517,1944004,3,2.164042561333445,0.6,16,0.75,1.0,0,-1
1943517,1944155,3,2.164042561333445,0.6,16,0.75,1.0,0,-1
1943521,1944017,2,1.8204784532536746,0.5,9,0.6666666666666666,1.0,5,-1
1943521,1944165,2,1.8204784532536746,0.5,9,0.6666666666666666,1.0,3,-1
1943521,1944173,2,1.8204784532536746,0.5,9,0.6666666666666666,1.0,5,-1
1943544,1943548,4,2.4853397382384474,0.6666666666666666,25,0.8,1.0,9,-1
1943604,1944123,4,2.4853397382384474,0.6666666666666666,25,0.8,1.0,7,-1
1943661,1943665,2,1.8204784532536746,0.5,9,0.6666666666666666,1.0,3,-1
1943731,1944235,1,1.4426950408889634,0.3333333333333333,4,0.5,1.0,2,-1
1943812,1943826,2,1.8204784532536746,0.5,9,0.6666666666666666,1.0,6,-1
1943838,1943989,5,2.7905531327562363,0.7142857142857143,36,0.8333333333333333,1.0,6,-1
1943838,1943996,5,2.7905531327562363,0.7142857142857143,36,0.8333333333333333,1.0,7,-1
1943879,1944000,2,1.365358839940256,0.5,9,0.4444444444444444,1.0,4,-1
1943881,1944008,1,1.4426950408889634,0.3333333333333333,4,0.5,1.0,2,-1
1943901,1944337,1,0.5138983423697507,0.16666666666666666,10,0.14285714285714285,0.5,4,-1
1943909,1943935,3,2.164042561333445,0.6,16,0.75,1.0,4,-1
1943909,1944075,3,2.164042561333445,0.6,16,0.75,1.0,4,-1
1943909,1944100,3,2.164042561333445,0.6,16,0.75,1.0,4,-1
1943924,1944051,5,2.7905531327562363,0.7142857142857143,36,0.8333333333333333,1.0,3,-1
1943935,1944075,3,2.164042561333445,0.6,16,0.75,1.0,6,-1
1943935,1944100,3,2.164042561333445,0.6,16,0.75,1.0,6,-1
1943989,1943996,5,2.7905531327562363,0.7142857142857143,36,0.8333333333333333,1.0,6,-1
1944004,1944155,3,2.164042561333445,0.6,16,0.75,1.0,4,-1
1944017,1944165,2,1.8204784532536746,0.5,9,0.6666666666666666,1.0,3,-1
1944017,1944173,2,1.8204784532536746,0.5,9,0.6666666666666666,1.0,5,-1
1944018,1944071,2,1.8204784532536746,0.5,9,0.6666666666666666,1.0,6,-1
1944018,1944157,2,1.8204784532536746,0.5,9,0.6666666666666666,1.0,6,-1
1944027,1944250,2,1.8204784532536746,0.5,9,0.6666666666666666,1.0,4,-1
1944043,1944204,2,1.8204784532536746,0.5,9,0.6666666666666666,1.0,0,-1
1944061,1944116,1,1.4426950408889634,0.3333333333333333,4,0.5,1.0,3,-1
1944071,1944157,2,1.8204784532536746,0.5,9,0.6666666666666666,1.0,6,-1
1944075,1944100,3,2.164042561333445,0.6,16,0.75,1.0,6,-1
1944084,1944202,0,0.0,0.0,1,0.0,1.0,2,-1
1944109,1944119,5,2.7905531327562363,0.7142857142857143,36,0.8333333333333333,1.0,0,-1
1944109,1944171,5,2.7905531327562363,0.7142857142857143,36,0.8333333333333333,1.0,5,-1
1944109,1944310,5,2.7905531327562363,0.7142857142857143,36,0.8333333333333333,1.0,7,-1
1944119,1944171,5,2.7905531327562363,0.7142857142857143,36,0.8333333333333333,1.0,0,-1
1944119,1944310,5,2.7905531327562363,0.7142857142857143,36,0.8333333333333333,1.0,0,-1
1944121,1944130,2,1.8204784532536746,0.5,9,0.6666666666666666,1.0,2,-1
1944121,1944223,2,1.8204784532536746,0.5,9,0.6666666666666666,1.0,2,-1
1944130,1944223,2,1.8204784532536746,0.5,9,0.6666666666666666,1.0,2,-1
1944137,1944282,1,0.6213349345596119,0.3333333333333333,4,0.2,1.0,2,-1
1944159,1944216,1,1.4426950408889634,0.3333333333333333,4,0.5,1.0,4,-1
1944165,1944173,2,1.8204784532536746,0.5,9,0.6666666666666666,1.0,3,-1
1944171,1944310,5,2.7905531327562363,0.7142857142857143,36,0.8333333333333333,1.0,5,-1
1944178,1944180,8,3.5647604748838813,0.8,81,0.8492063492063493,1.0,0,-1
1944178,1944907,1,0.3789231816899512,0.09090909090909091,27,0.07142857142857142,0.5,2,-1
1944180,1944907,1,0.3789231816899512,0.09090909090909091,27,0.07142857142857142,0.5,0,-1
1944184,1944194,4,2.4853397382384474,0.6666666666666666,25,0.8,1.0,10,-1
1944184,1944441,4,2.4853397382384474,0.6666666666666666,25,0.8,1.0,10,-1
1944184,1944447,4,2.4853397382384474,0.6666666666666666,25,0.8,1.0,10,-1
1944194,1944441,4,2.4853397382384474,0.6666666666666666,25,0.8,1.0,10,-1
1944194,1944447,4,2.4853397382384474,0.6666666666666666,25,0.8,1.0,10,-1
1944215,1944237,2,1.8204784532536746,0.5,9,0.6666666666666666,1.0,6,-1
1944215,1944246,2,1.8204784532536746,0.5,9,0.6666666666666666,1.0,6,-1
1944237,1944246,2,1.8204784532536746,0.5,9,0.6666666666666666,1.0,6,-1
1944335,1944376,0,0.0,0.0,1,0.0,1.0,0,-1
1944347,1944350,3,2.164042561333445,0.6,16,0.75,1.0,5,-1
1944394,1944404,0,0.0,0.0,1,0.0,1.0,2,-1
1944419,1944429,4,2.4853397382384474,0.6666666666666666,25,0.8,1.0,0,-1
1944441,1944447,4,2.4853397382384474,0.6666666666666666,25,0.8,1.0,10,-1
1944535,1944538,3,2.164042561333445,0.6,16,0.75,1.0,8,-1
1945000,1945002,6,3.083390054218504,0.75,49,0.857142857142857,1.0,0,-1
1945000,1945005,6,3.083390054218504,0.75,49,0.857142857142857,1.0,0,-1
1945002,1945005,6,3.083390054218504,0.75,49,0.857142857142857,1.0,4,-1
1945686,1945691,4,2.4853397382384474,0.6666666666666666,25,0.8,1.0,0,-1
1946175,1946851,3,2.164042561333445,0.6,16,0.75,1.0,6,-1
1946175,1946858,3,2.164042561333445,0.6,16,0.75,1.0,0,-1
1946851,1946858,3,2.164042561333445,0.6,16,0.75,1.0,0,-1
