id_author_1,id_author_2,CommonNeighbor,AdamicAdar,JaccardCoefficient,PreferentialAttachment,ResourceAllocation,ShortestPath,CommonCountry,Label
1827156,1888503,0,1.820478453,0.5,9,0.666666667,1,0,-1
1827156,1889223,2,1.820478453,0.5,9,0.666666667,1,2,-1
1827156,1896391,3,1.820478453,0.5,9,0.666666667,1,3,-1
1827163,1847341,2,1.442695041,0.333333333,4,0.5,1,2,-1
1827163,1886890,0,1.442695041,0.333333333,4,0.5,1,0,-1
1827181,1833039,0,2.885390082,0.4,12,1,1,0,-1
1827181,1848033,0,0.910239227,0.2,8,0.333333333,1,0,-1
1827181,1852350,1,0,0,4,0,1,1,-1
1827181,1895167,0,0.910239227,0.2,8,0.333333333,1,0,-1
1827182,1830630,4,2.636128574,0.714285714,36,0.75,1,4,-1
1827182,1835844,0,2.636128574,0.714285714,36,0.75,1,0,-1
1827182,1839919,4,2.713340853,0.555555556,48,0.791666667,1,4,-1
1827182,1840481,0,2.636128574,0.714285714,36,0.75,1,0,-1
1827182,1851422,4,2.713340853,0.555555556,48,0.791666667,1,4,-1
1827182,1896246,4,2.636128574,0.714285714,36,0.75,1,4,-1
1827182,1930849,3,0.961796694,0.285714286,18,0.25,0.5,3,-1
1827182,1935277,3,0.961796694,0.285714286,18,0.25,0.5,3,-1
1827204,1833416,0,0.910239227,0.2,8,0.333333333,0.5,0,-1
1827204,1839707,0,1.820478453,0.4,12,0.666666667,1,0,-1
1827204,1841359,2,0,0,12,0,1,2,-1
1827204,1841430,0,0.910239227,0.2,8,0.333333333,0.5,0,-1
1827204,1876873,0,1.820478453,0.4,12,0.666666667,1,0,-1
1827204,1926542,0,1.820478453,0.4,12,0.666666667,1,0,-1
1827207,1828189,0,2.164042561,0.375,28,0.75,1,0,-1
1827207,1828669,1,1.956593383,0.6,16,0.642857143,1,1,-1
1827207,1842991,0,1.956593383,0.6,16,0.642857143,1,0,-1
1827207,1845975,0,1.956593383,0.6,16,0.642857143,1,0,-1
1827207,1861952,0,0.513898342,0.125,20,0.142857143,0.5,0,-1
1827207,1896804,0,0.513898342,0.166666667,12,0.142857143,0.5,0,-1
1827207,1896809,0,0.513898342,0.166666667,12,0.142857143,0.5,0,-1
1827221,1839768,22,8.140696479,0.875,225,2.474242424,1,22,1
1827221,1839777,7,2.028971634,0.25,75,0.557575758,1,7,1
1827221,1840520,12,3.190793499,0.4375,120,0.782575758,1,12,1
1827221,1840528,12,3.190793499,0.4375,120,0.782575758,1,12,1
1827221,1850843,11,5.118664259,0.625,165,1.416666667,1,11,1
1827221,1872253,5,2.028971634,0.25,75,0.557575758,1,5,-1
1827221,1873855,8,1.711951828,0.1875,60,0.516666667,1,8,-1
1827221,1878699,8,2.722203641,0.25,75,0.9,1,8,-1
1827221,1878841,8,1.711951828,0.1875,60,0.516666667,1,8,-1
1827221,1887433,8,3.190793499,0.4375,120,0.782575758,1,8,-1
1827221,1887959,12,3.190793499,0.4375,120,0.782575758,1,12,-1
1827221,1888671,8,3.190793499,0.4375,120,0.782575758,1,8,-1
1827221,1895731,5,2.028971634,0.25,75,0.557575758,1,5,-1
1827221,1898536,0,0.990604308,0.125,45,0.266666667,1,0,-1
1827221,1904287,8,3.190793499,0.4375,120,0.782575758,1,8,-1
1827276,1929766,4,1.442695041,0.333333333,4,0.5,1,4,-1
1827276,1934891,4,1.442695041,0.333333333,4,0.5,1,4,-1
1827330,1835158,7,3.640956907,0.8,81,0.888888889,1,7,-1
1827330,1864243,8,3.640956907,0.8,81,0.888888889,1,8,-1
1827330,1868279,7,3.640956907,0.8,81,0.888888889,1,7,-1
1827330,1926454,7,3.640956907,0.8,81,0.888888889,1,7,-1
1827330,1934530,0,3.640956907,0.8,81,0.888888889,1,0,-1
1827330,1935161,7,3.640956907,0.8,81,0.888888889,1,7,-1
1827330,1935175,0,3.640956907,0.8,81,0.888888889,1,0,-1
1827330,1935623,7,3.640956907,0.8,81,0.888888889,1,7,-1
1827330,1935639,7,3.640956907,0.8,81,0.888888889,1,7,-1
1827361,1858710,0,0.345976256,0.058823529,56,0.055555556,0.5,0,-1
1827361,1859952,0,0.345976256,0.058823529,56,0.055555556,0.5,0,-1
1827361,1859992,0,0.345976256,0.058823529,56,0.055555556,0.5,0,-1
1827361,1869346,0,0.345976256,0.058823529,56,0.055555556,0.5,0,-1
1827361,1870380,0,0.345976256,0.058823529,56,0.055555556,0.5,0,-1
1827361,1871886,0,1.788671297,0.6,16,0.555555556,1,0,-1
1827361,1874476,0,1.788671297,0.6,16,0.555555556,1,0,-1
1827361,1901489,1,2.164042561,0.157894737,72,0.75,1,1,-1
1827361,1934439,0,1.788671297,0.6,16,0.555555556,1,0,-1
1827361,1934882,0,0.345976256,0.058823529,56,0.055555556,0.5,0,-1
1827361,1935516,0,0.345976256,0.058823529,56,0.055555556,0.5,0,-1
1827361,1935522,0,0.345976256,0.058823529,56,0.055555556,0.5,0,-1
1827361,1935533,0,0.345976256,0.058823529,56,0.055555556,0.5,0,-1
1827361,1935563,0,0.345976256,0.058823529,56,0.055555556,0.5,0,-1
1827361,1935573,0,0.345976256,0.058823529,56,0.055555556,0.5,0,-1
1827361,1943311,0,0.345976256,0.058823529,56,0.055555556,0.5,0,-1
1827361,1943374,0,0.345976256,0.058823529,56,0.055555556,0.5,0,-1
1827361,1943467,0,0.345976256,0.058823529,56,0.055555556,0.5,0,-1
1827442,1929315,5,1.820478453,0.5,9,0.666666667,1,5,-1
1827442,1929331,5,1.820478453,0.5,9,0.666666667,1,5,-1
1827442,1929468,3,1.820478453,0.5,9,0.666666667,1,3,-1
1827443,1839538,3,1.820478453,0.5,9,0.666666667,1,3,-1
1827443,1881477,3,1.820478453,0.5,9,0.666666667,1,3,-1
1827443,1881491,3,1.820478453,0.5,9,0.666666667,1,3,-1
1827459,1840800,10,2.485339738,0.666666667,25,0.8,1,10,1
1827459,1840805,10,2.485339738,0.666666667,25,0.8,1,10,1
1827459,1841829,10,2.485339738,0.666666667,25,0.8,1,10,1
1827459,1910787,10,2.485339738,0.666666667,25,0.8,1,10,1
1827459,1943751,10,2.485339738,0.666666667,25,0.8,1,10,-1
1827486,1834579,17,4.678454943,0.857142857,169,0.923076923,1,17,1
1827486,1835597,17,4.678454943,0.857142857,169,0.923076923,1,17,-1
1827486,1881441,12,4.678454943,0.857142857,169,0.923076923,1,12,-1
1827486,1887077,12,4.678454943,0.857142857,169,0.923076923,1,12,-1
1827486,1887379,0,4.678454943,0.857142857,169,0.923076923,1,0,-1
1827486,1894965,12,4.678454943,0.857142857,169,0.923076923,1,12,-1
1827486,1895962,12,4.678454943,0.857142857,169,0.923076923,1,12,-1
1827486,1896277,12,4.678454943,0.857142857,169,0.923076923,1,12,-1
1827486,1903364,12,4.678454943,0.857142857,169,0.923076923,1,12,-1
1827486,1904646,12,4.678454943,0.857142857,169,0.923076923,1,12,-1
1827486,1904651,17,4.678454943,0.857142857,169,0.923076923,1,17,-1
1827486,1914893,17,4.678454943,0.857142857,169,0.923076923,1,17,-1
1827486,1914898,17,4.678454943,0.857142857,169,0.923076923,1,17,-1
1827517,1835530,7,2.99161133,0.75,49,0.807539683,1,7,-1
1827517,1837046,7,3.024611325,0.666666667,56,0.825396825,1,7,-1
1827517,1837925,7,2.99161133,0.75,49,0.807539683,1,7,-1
1827517,1860671,7,2.99161133,0.75,49,0.807539683,1,7,-1
1827517,1860684,7,3.050390059,0.6,63,0.839285714,1,7,-1
1827517,1861856,7,2.99161133,0.75,49,0.807539683,1,7,-1
1827517,1861881,7,2.99161133,0.75,49,0.807539683,1,7,-1
1827517,1875815,0,0.455119613,0.058823529,77,0.111111111,0.5,0,-1
1827517,1884838,0,0.480898347,0.142857143,7,0.125,0.5,0,-1
1827517,1906992,0,0.455119613,0.125,14,0.111111111,0.5,0,-1
1827533,1841242,4,1.820478453,0.333333333,15,0.666666667,1,4,-1
1827533,1885854,3,1.531574161,0.5,9,0.533333333,1,3,-1
1827533,1886206,3,1.531574161,0.5,9,0.533333333,1,3,-1
1827533,1930771,0,0.621334935,0.25,6,0.2,0.5,0,-1
1827533,1935313,0,0.621334935,0.25,6,0.2,0.5,0,-1
1827539,1829789,2,0.378923182,0.076923077,45,0.071428571,0.5,2,-1
1827539,1830292,2,0.378923182,0.058823529,81,0.071428571,0.5,2,-1
1827539,1831240,7,3.499512107,0.8,81,0.815018315,1,7,-1
1827539,1837043,7,3.499512107,0.8,81,0.815018315,1,7,-1
1827539,1845892,2,0.378923182,0.076923077,45,0.071428571,0.5,2,-1
1827539,1850605,7,3.575708538,0.533333333,126,0.854700855,1,7,-1
1827539,1851396,2,0.378923182,0.066666667,63,0.071428571,0.5,2,-1
1827539,1853020,2,0.389871245,0.083333333,36,0.076923077,0.5,2,-1
1827539,1860531,7,3.564760475,0.571428571,117,0.849206349,1,7,-1
1827539,1867099,2,0.378923182,0.076923077,45,0.071428571,0.5,2,-1
1827539,1878313,2,0.389871245,0.083333333,36,0.076923077,0.5,2,-1
1827539,1879411,2,0.389871245,0.083333333,36,0.076923077,0.5,2,-1
1827539,1879592,2,0.389871245,0.083333333,36,0.076923077,0.5,2,-1
1827539,1925388,0,3.499512107,0.8,81,0.815018315,1,0,-1
1827539,1925402,0,3.499512107,0.8,81,0.815018315,1,0,-1
1827539,1925458,7,3.499512107,0.8,81,0.815018315,1,7,-1
1827539,1929405,7,3.499512107,0.8,81,0.815018315,1,7,-1
1827539,1934336,7,3.499512107,0.8,81,0.815018315,1,7,-1
1827554,1829152,0,4.759778176,0.325,546,0.850649351,1,0,-1
1827554,1830884,0,0.27295842,0.028571429,308,0.025641026,0.5,0,-1
1827554,1833784,0,4.709221144,0.565217391,308,0.830835831,1,0,-1
1827554,1835287,0,4.653813415,0.866666667,196,0.804861805,1,0,-1
1827554,1842318,8,4.653813415,0.866666667,196,0.804861805,1,8,-1
1827554,1844353,0,0.27295842,0.038461538,182,0.025641026,0.5,0,-1
1827554,1851005,0,0.27295842,0.028571429,308,0.025641026,0.5,0,-1
1827554,1851608,0,0.323515453,0.047619048,112,0.045454545,0.5,0,-1
1827554,1852595,0,0.27295842,0.038461538,182,0.025641026,0.5,0,-1
1827554,1856334,0,4.653813415,0.866666667,196,0.804861805,1,0,-1
1827554,1857260,0,0.27295842,0.041666667,154,0.025641026,0.5,0,-1
1827554,1861092,0,0.27295842,0.037037037,196,0.025641026,0.5,0,-1
1827554,1861956,0,0.27295842,0.041666667,154,0.025641026,0.5,0,-1
1827554,1864372,0,0.27295842,0.058823529,56,0.025641026,0.5,0,-1
1827554,1866992,0,0.27295842,0.041666667,154,0.025641026,0.5,0,-1
1827554,1867193,0,0.27295842,0.038461538,182,0.025641026,0.5,0,-1
1827554,1867232,0,0.27295842,0.038461538,182,0.025641026,0.5,0,-1
1827554,1867549,0,0.27295842,0.038461538,182,0.025641026,0.5,0,-1
1827554,1868474,0,0.27295842,0.038461538,182,0.025641026,0.5,0,-1
1827554,1868479,0,0.27295842,0.038461538,182,0.025641026,0.5,0,-1
1827554,1868641,0,0.27295842,0.038461538,182,0.025641026,0.5,0,-1
1827554,1868649,0,0.27295842,0.058823529,56,0.025641026,0.5,0,-1
1827554,1868674,0,0.27295842,0.038461538,182,0.025641026,0.5,0,-1
1827554,1870097,0,0.27295842,0.041666667,154,0.025641026,0.5,0,-1
1827554,1871018,0,0.27295842,0.03125,266,0.025641026,0.5,0,-1
1827554,1871971,8,4.653813415,0.866666667,196,0.804861805,1,8,-1
1827554,1873388,0,0.647030906,0.095238095,126,0.090909091,0.5,0,-1
1827554,1873546,0,0.647030906,0.095238095,126,0.090909091,0.5,0,-1
1827554,1873552,0,0.647030906,0.095238095,126,0.090909091,0.5,0,-1
1827554,1875336,0,0.323515453,0.047619048,112,0.045454545,0.5,0,-1
1827554,1875636,0,4.653813415,0.866666667,196,0.804861805,1,0,-1
1827554,1880020,0,0.27295842,0.03125,266,0.025641026,0.5,0,-1
1827554,1880352,0,0.647030906,0.095238095,126,0.090909091,0.5,0,-1
1827554,1880817,0,0.647030906,0.095238095,126,0.090909091,0.5,0,-1
1827554,1880825,0,4.709221144,0.565217391,308,0.830835831,1,0,-1
1827554,1880850,0,4.709221144,0.565217391,308,0.830835831,1,0,-1
1827554,1881172,0,0.647030906,0.095238095,126,0.090909091,0.5,0,-1
1827554,1881689,0,0.647030906,0.095238095,126,0.090909091,0.5,0,-1
1827554,1882472,0,0.647030906,0.060606061,294,0.090909091,0.5,0,-1
1827554,1885052,0,4.653813415,0.866666667,196,0.804861805,1,0,-1
1827554,1885313,0,4.653813415,0.866666667,196,0.804861805,1,0,-1
1827554,1885317,8,4.653813415,0.866666667,196,0.804861805,1,8,-1
1827554,1885741,8,4.653813415,0.866666667,196,0.804861805,1,8,-1
1827554,1885792,0,4.653813415,0.866666667,196,0.804861805,1,0,-1
1827554,1886571,0,0.27295842,0.058823529,56,0.025641026,0.5,0,-1
1827554,1886905,0,0.27295842,0.038461538,182,0.025641026,0.5,0,-1
1827554,1896000,0,0.323515453,0.047619048,112,0.045454545,0.5,0,-1
1827554,1903241,0,0.27295842,0.038461538,182,0.025641026,0.5,0,-1
1827554,1924616,0,0.27295842,0.041666667,154,0.025641026,0.5,0,-1
1827554,1929109,0,0.323515453,0.047619048,112,0.045454545,0.5,0,-1
1827554,1929119,0,0.323515453,0.047619048,112,0.045454545,0.5,0,-1
1827554,1929480,0,0.27295842,0.041666667,154,0.025641026,0.5,0,-1
1827554,1929628,0,0.323515453,0.047619048,112,0.045454545,0.5,0,-1
1827554,1929669,0,0.323515453,0.047619048,112,0.045454545,0.5,0,-1
1827554,1929692,0,0.323515453,0.047619048,112,0.045454545,0.5,0,-1
1827578,1857988,4,2.164042561,0.6,16,0.75,1,4,-1
1827578,1858920,4,2.164042561,0.6,16,0.75,1,4,-1
1827578,1875836,4,2.164042561,0.6,16,0.75,1,4,-1
1827578,1896688,4,2.164042561,0.6,16,0.75,1,4,-1
1827626,1833108,7,2.164042561,0.6,16,0.75,1,7,-1
1827626,1833212,4,2.164042561,0.6,16,0.75,1,4,-1
1827626,1833241,7,2.164042561,0.6,16,0.75,1,7,-1
1827626,1836333,7,2.164042561,0.6,16,0.75,1,7,-1
1827684,1832669,2,0.513898342,0.125,14,0.142857143,0.5,2,-1
1827684,1837024,10,3.23948451,0.75,49,0.93968254,1,10,-1
1827684,1847051,4,0.969017956,0.25,21,0.253968254,0.5,4,-1
1827684,1854830,2,0.513898342,0.125,14,0.142857143,0.5,2,-1
1827684,1854858,5,2.104251233,0.4,49,0.596825397,1,5,-1
1827684,1855455,10,3.298263239,0.6,63,0.971428571,1,10,-1
1827684,1870803,2,0.969017956,0.25,21,0.253968254,0.5,2,-1
1827684,1871946,5,1.99681464,0.5,35,0.53968254,1,5,-1
1827684,1874668,8,1.99681464,0.5,35,0.53968254,1,8,-1
1827684,1888807,10,3.23948451,0.75,49,0.93968254,1,10,-1
1827684,1916562,0,2.104251233,0.4,49,0.596825397,1,0,-1
1827729,1827731,7,2.611365688,0.294117647,96,0.738095238,1,7,-1
1827729,1827949,0,3.777768931,0.529411765,160,0.837037037,1,0,-1
1827729,1827956,1,3.777768931,0.529411765,160,0.837037037,1,1,-1
1827729,1828216,0,0.303413076,0.052631579,64,0.037037037,0.5,0,-1
1827729,1829208,0,0.303413076,0.05,80,0.037037037,0.5,0,-1
1827729,1829222,0,0.303413076,0.052631579,64,0.037037037,0.5,0,-1
1827729,1829459,0,3.908650337,0.264705882,432,0.9,1,0,-1
1827729,1829942,0,0.303413076,0.037037037,192,0.037037037,0.5,0,-1
1827729,1830089,0,0.303413076,0.037037037,192,0.037037037,0.5,0,-1
1827729,1831278,0,0.303413076,0.041666667,144,0.037037037,0.5,0,-1
1827729,1832739,0,3.777768931,0.529411765,160,0.837037037,1,0,-1
1827729,1833556,0,0.303413076,0.05,80,0.037037037,0.5,0,-1
1827729,1835593,0,0.303413076,0.045454545,112,0.037037037,0.5,0,-1
1827729,1836980,0,0.303413076,0.045454545,112,0.037037037,0.5,0,-1
1827729,1837036,0,3.777768931,0.529411765,160,0.837037037,1,0,-1
1827729,1842668,0,0.303413076,0.05,80,0.037037037,0.5,0,-1
1827729,1843273,0,2.611365688,0.294117647,96,0.738095238,1,0,-1
1827729,1846328,0,0.303413076,0.045454545,112,0.037037037,0.5,0,-1
1827729,1847880,0,0.303413076,0.05,80,0.037037037,0.5,0,-1
1827729,1851620,0,0.378923182,0.043478261,128,0.071428571,0.5,0,-1
1827729,1853972,0,0.303413076,0.05,80,0.037037037,0.5,0,-1
1827729,1854319,0,0.303413076,0.05,80,0.037037037,0.5,0,-1
1827729,1855421,0,0.303413076,0.045454545,112,0.037037037,0.5,0,-1
1827729,1859305,0,0.378923182,0.034482759,224,0.071428571,0.5,0,-1
1827729,1868603,0,3.777768931,0.529411765,160,0.837037037,1,0,-1
1827729,1870837,1,0.378923182,0.023809524,432,0.071428571,0.5,1,-1
1827729,1872614,1,0.378923182,0.043478261,128,0.071428571,0.5,1,-1
1827729,1878218,4,2.611365688,0.294117647,96,0.738095238,1,4,-1
1827729,1878596,7,2.611365688,0.294117647,96,0.738095238,1,7,-1
1827729,1878599,7,2.611365688,0.294117647,96,0.738095238,1,7,-1
1827729,1879139,0,0.378923182,0.043478261,128,0.071428571,0.5,0,-1
1827729,1879286,0,2.790553133,0.2,224,0.833333333,1,0,-1
1827729,1883675,1,0.378923182,0.043478261,128,0.071428571,0.5,1,-1
1827729,1883719,1,0.378923182,0.043478261,128,0.071428571,0.5,1,-1
1827729,1888391,0,0.303413076,0.05,80,0.037037037,0.5,0,-1
1827729,1907532,0,0.303413076,0.045454545,112,0.037037037,0.5,0,-1
1827729,1915092,0,0.378923182,0.043478261,128,0.071428571,0.5,0,-1
1827729,1920860,0,3.777768931,0.529411765,160,0.837037037,1,0,-1
1827729,1934076,0,3.777768931,0.529411765,160,0.837037037,1,0,-1
1827729,1934755,0,3.777768931,0.529411765,160,0.837037037,1,0,-1
1827729,1942345,0,3.777768931,0.529411765,160,0.837037037,1,0,-1
1827731,1827949,0,0.36067376,0.066666667,60,0.0625,0.5,0,-1
1827731,1827956,2,0.36067376,0.066666667,60,0.0625,0.5,2,-1
1827731,1829459,0,0.36067376,0.03125,162,0.0625,0.5,0,-1
1827731,1832739,0,0.36067376,0.066666667,60,0.0625,0.5,0,-1
1827731,1837036,0,0.36067376,0.066666667,60,0.0625,0.5,0,-1
1827731,1843273,0,2.413928822,0.714285714,36,0.633928571,1,0,-1
1827731,1851620,0,0.378923182,0.076923077,48,0.071428571,0.5,0,-1
1827731,1859305,0,0.378923182,0.052631579,84,0.071428571,0.5,0,-1
1827731,1868603,0,0.36067376,0.066666667,60,0.0625,0.5,0,-1
1827731,1870837,1,0.378923182,0.03125,162,0.071428571,0.5,1,-1
1827731,1872614,1,0.378923182,0.076923077,48,0.071428571,0.5,1,-1
1827731,1878218,4,2.413928822,0.714285714,36,0.633928571,1,4,-1
1827731,1878596,7,2.413928822,0.714285714,36,0.633928571,1,7,-1
1827731,1878599,7,2.413928822,0.714285714,36,0.633928571,1,7,-1
1827731,1879139,0,0.378923182,0.076923077,48,0.071428571,0.5,0,-1
1827731,1879286,0,2.593116266,0.333333333,84,0.729166667,1,0,-1
1827731,1883675,1,0.378923182,0.076923077,48,0.071428571,0.5,1,-1
1827731,1883719,1,0.378923182,0.076923077,48,0.071428571,0.5,1,-1
1827731,1915092,0,0.378923182,0.076923077,48,0.071428571,0.5,0,-1
1827731,1920860,0,0.36067376,0.066666667,60,0.0625,0.5,0,-1
1827731,1934076,0,0.36067376,0.066666667,60,0.0625,0.5,0,-1
1827731,1934755,0,0.36067376,0.066666667,60,0.0625,0.5,0,-1
1827731,1942345,0,0.36067376,0.066666667,60,0.0625,0.5,0,-1
1827759,1833561,0,3.302422473,0.777777778,64,0.840909091,1,0,-1
1827759,1842419,9,3.302422473,0.777777778,64,0.840909091,1,9,-1
1827759,1860591,9,3.302422473,0.777777778,64,0.840909091,1,9,-1
1827759,1862757,6,3.302422473,0.777777778,64,0.840909091,1,6,-1
1827759,1864834,6,3.302422473,0.777777778,64,0.840909091,1,6,-1
1827759,1865239,9,3.302422473,0.777777778,64,0.840909091,1,9,-1
1827759,1876809,6,3.366288429,0.583333333,88,0.875,1,6,-1
1827759,1878998,2,0.417032391,0.1,24,0.090909091,0.5,2,-1
1827759,1879009,0,0.417032391,0.1,24,0.090909091,0.5,0,-1
1827759,1879205,0,0.417032391,0.1,24,0.090909091,0.5,0,-1
1827759,1882031,0,3.302422473,0.777777778,64,0.840909091,1,0,-1
1827760,1827761,7,3.319684564,0.777777778,64,0.85,1,7,-1
1827760,1829530,7,3.319684564,0.777777778,64,0.85,1,7,-1
1827760,1830661,7,3.319684564,0.777777778,64,0.85,1,7,-1
1827760,1835028,7,3.366288429,0.636363636,80,0.875,1,7,-1
1827760,1837705,7,3.319684564,0.777777778,64,0.85,1,7,-1
1827760,1865723,2,0.434294482,0.111111111,16,0.1,0.5,2,-1
1827760,1897141,7,3.319684564,0.777777778,64,0.85,1,7,-1
1827760,1897154,7,3.319684564,0.777777778,64,0.85,1,7,-1
1827760,1907183,0,3.319684564,0.777777778,64,0.85,1,0,-1
1827760,1929997,0,0.434294482,0.111111111,16,0.1,0.5,0,-1
1827761,1829530,7,3.319684564,0.777777778,64,0.85,1,7,-1
1827761,1830661,7,3.319684564,0.777777778,64,0.85,1,7,-1
1827761,1835028,7,3.366288429,0.636363636,80,0.875,1,7,-1
1827761,1837705,7,3.319684564,0.777777778,64,0.85,1,7,-1
1827761,1865723,2,0.434294482,0.111111111,16,0.1,0.5,2,-1
1827761,1897141,7,3.319684564,0.777777778,64,0.85,1,7,-1
1827761,1897154,7,3.319684564,0.777777778,64,0.85,1,7,-1
1827761,1907183,0,3.319684564,0.777777778,64,0.85,1,0,-1
1827761,1929997,0,0.434294482,0.111111111,16,0.1,0.5,0,-1
1827774,1866072,2,2.790553133,0.714285714,36,0.833333333,1,2,-1
1827774,1876737,0,2.790553133,0.714285714,36,0.833333333,1,0,-1
1827774,1905335,0,2.790553133,0.714285714,36,0.833333333,1,0,-1
1827774,1925491,0,2.790553133,0.714285714,36,0.833333333,1,0,-1
1827774,1934672,0,2.790553133,0.714285714,36,0.833333333,1,0,-1
1827774,1934790,2,2.790553133,0.714285714,36,0.833333333,1,2,-1
1827840,1855935,1,0,0,1,0,1,1,-1
1827877,1828482,3,1.832566286,0.6,16,0.576923077,1,3,-1
1827877,1828489,0,1.832566286,0.6,16,0.576923077,1,0,-1
1827877,1829815,2,0.389871245,0.1,28,0.076923077,0.5,2,-1
1827877,1829820,2,0.389871245,0.1,28,0.076923077,0.5,2,-1
1827877,1832258,2,0.389871245,0.1,28,0.076923077,0.5,2,-1
1827877,1832620,3,1.832566286,0.6,16,0.576923077,1,3,-1
1827877,1833601,0,0.389871245,0.090909091,32,0.076923077,0.5,0,-1
1827877,1834898,3,2.164042561,0.214285714,52,0.75,1,3,-1
1827877,1837009,2,0.389871245,0.1,28,0.076923077,0.5,2,-1
1827877,1864538,2,0.389871245,0.1,28,0.076923077,0.5,2,-1
1827877,1878109,0,0.389871245,0.2,8,0.076923077,0.5,0,-1
1827877,1882672,2,0.389871245,0.1,28,0.076923077,0.5,2,-1
1827877,1883714,0,0.389871245,0.1,28,0.076923077,0.5,0,-1
1827900,1836536,0,2.164042561,0.428571429,24,0.75,1,0,-1
1827900,1836692,0,0.558110627,0.2,8,0.166666667,0.5,0,-1
1827900,1889435,0,2.000805667,0.6,16,0.666666667,1,0,-1
1827900,1897367,0,2.000805667,0.6,16,0.666666667,1,0,-1
1827900,1903577,0,0.558110627,0.2,8,0.166666667,0.5,0,-1
1827900,1917283,0,2.000805667,0.6,16,0.666666667,1,0,-1
1827906,1833696,0,2.164042561,0.6,16,0.75,1,0,-1
1827906,1844166,0,2.164042561,0.6,16,0.75,1,0,-1
1827906,1934744,1,2.164042561,0.6,16,0.75,1,1,-1
1827906,1942163,0,2.164042561,0.6,16,0.75,1,0,-1
1827907,1850350,0,0.804859209,0.181818182,42,0.166666667,0.5,0,-1
1827907,1877785,0,2.971921316,0.461538462,84,0.797619048,1,0,-1
1827907,1877971,0,0.804859209,0.181818182,42,0.166666667,0.5,0,-1
1827907,1878469,0,2.971921316,0.461538462,84,0.797619048,1,0,-1
1827907,1890292,6,2.860452578,0.75,49,0.738095238,1,6,-1
1827907,1890657,6,2.860452578,0.75,49,0.738095238,1,6,-1
1827907,1890666,4,2.860452578,0.75,49,0.738095238,1,4,-1
1827907,1890679,0,2.860452578,0.75,49,0.738095238,1,0,-1
1827907,1908343,4,2.860452578,0.75,49,0.738095238,1,4,-1
1827907,1924874,0,0.804859209,0.181818182,42,0.166666667,0.5,0,-1
1827907,1930911,0,0.804859209,0.181818182,42,0.166666667,0.5,0,-1
1827907,1934170,0,0.804859209,0.181818182,42,0.166666667,0.5,0,-1
1827930,1832265,0,2.485339738,0.307692308,60,0.8,1,0,-1
1827930,1843455,0,2.266434408,0.666666667,25,0.683333333,1,0,-1
1827930,1844560,0,2.266434408,0.666666667,25,0.683333333,1,0,-1
1827930,1860922,0,2.266434408,0.666666667,25,0.683333333,1,0,-1
1827930,1860954,0,0.402429604,0.090909091,35,0.083333333,0.5,0,-1
1827930,1862296,1,0.402429604,0.090909091,35,0.083333333,0.5,1,-1
1827930,1880600,0,0.402429604,0.090909091,35,0.083333333,0.5,0,-1
1827930,1881118,0,0.402429604,0.090909091,35,0.083333333,0.5,0,-1
1827930,1881131,0,0.402429604,0.090909091,35,0.083333333,0.5,0,-1
1827930,1882010,0,0.402429604,0.090909091,35,0.083333333,0.5,0,-1
1827930,1882830,0,0.402429604,0.090909091,35,0.083333333,0.5,0,-1
1827930,1924753,2,2.266434408,0.666666667,25,0.683333333,1,2,-1
1827932,1832207,0,0.695213803,0.046875,570,0.040123457,0.5,0,-1
1827932,1835400,0,0.695213803,0.06,430,0.040123457,0.5,0,-1
1827932,1836065,0,0.695213803,0.042253521,640,0.040123457,0.5,0,-1
1827932,1848756,6,3.300980694,0.818181818,100,0.640123457,1,6,-1
1827932,1858338,0,0.695213803,0.042253521,640,0.040123457,0.5,0,-1
1827932,1858342,0,0.695213803,0.043478261,620,0.040123457,0.5,0,-1
1827932,1859149,0,3.507715369,0.109756098,810,0.727777778,1,0,-1
1827932,1869098,0,0.227559807,0.0625,70,0.012345679,0.5,0,-1
1827932,1876129,0,3.501448178,0.123287671,720,0.726234568,1,0,-1
1827932,1876278,0,0.227559807,0.076923077,40,0.012345679,0.5,0,-1
1827932,1877279,6,3.300980694,0.818181818,100,0.640123457,1,6,-1
1827932,1881052,0,0.695213803,0.039473684,690,0.040123457,0.5,0,-1
1827932,1881731,0,0.695213803,0.043478261,620,0.040123457,0.5,0,-1
1827932,1884362,0,0.695213803,0.043478261,620,0.040123457,0.5,0,-1
1827932,1887302,0,0.695213803,0.039473684,690,0.040123457,0.5,0,-1
1827932,1887466,0,0.695213803,0.130434783,160,0.040123457,0.5,0,-1
1827932,1887505,0,0.695213803,0.05,530,0.040123457,0.5,0,-1
1827932,1889470,0,0.695213803,0.043478261,620,0.040123457,0.5,0,-1
1827932,1889477,0,0.695213803,0.043478261,620,0.040123457,0.5,0,-1
1827932,1889482,0,0.695213803,0.043478261,620,0.040123457,0.5,0,-1
1827932,1889485,0,0.695213803,0.043478261,620,0.040123457,0.5,0,-1
1827932,1889505,0,0.695213803,0.043478261,620,0.040123457,0.5,0,-1
1827932,1890150,0,0.695213803,0.052631579,500,0.040123457,0.5,0,-1
1827932,1890649,0,0.695213803,0.053571429,490,0.040123457,0.5,0,-1
1827932,1890818,0,0.695213803,0.043478261,620,0.040123457,0.5,0,-1
1827932,1894865,0,0.227559807,0.0625,70,0.012345679,0.5,0,-1
1827932,1895014,0,0.227559807,0.0625,70,0.012345679,0.5,0,-1
1827932,1895462,0,0.695213803,0.042253521,640,0.040123457,0.5,0,-1
1827932,1895700,0,0.695213803,0.042253521,640,0.040123457,0.5,0,-1
1827932,1895769,0,0.695213803,0.042253521,640,0.040123457,0.5,0,-1
1827932,1895781,0,0.695213803,0.042253521,640,0.040123457,0.5,0,-1
1827932,1896146,0,0.227559807,0.0625,70,0.012345679,0.5,0,-1
1827932,1896537,0,0.695213803,0.042253521,640,0.040123457,0.5,0,-1
1827932,1897377,0,0.695213803,0.045454545,590,0.040123457,0.5,0,-1
1827932,1897404,0,0.695213803,0.043478261,620,0.040123457,0.5,0,-1
1827932,1897437,0,0.695213803,0.043478261,620,0.040123457,0.5,0,-1
1827932,1897765,0,0.695213803,0.043478261,620,0.040123457,0.5,0,-1
1827932,1897769,0,0.695213803,0.043478261,620,0.040123457,0.5,0,-1
1827932,1897811,0,0.695213803,0.043478261,620,0.040123457,0.5,0,-1
1827932,1897828,0,0.695213803,0.043478261,620,0.040123457,0.5,0,-1
1827932,1897833,0,0.695213803,0.043478261,620,0.040123457,0.5,0,-1
1827932,1897940,0,0.695213803,0.06,430,0.040123457,0.5,0,-1
1827932,1898626,0,0.695213803,0.045454545,590,0.040123457,0.5,0,-1
1827932,1898636,0,0.695213803,0.053571429,490,0.040123457,0.5,0,-1
1827932,1898641,0,0.695213803,0.043478261,620,0.040123457,0.5,0,-1
1827932,1898899,0,0.695213803,0.053571429,490,0.040123457,0.5,0,-1
1827932,1898904,0,0.695213803,0.045454545,590,0.040123457,0.5,0,-1
1827932,1898908,0,0.695213803,0.043478261,620,0.040123457,0.5,0,-1
1827932,1903190,0,0.227559807,0.0625,70,0.012345679,0.5,0,-1
1827932,1903628,0,0.695213803,0.130434783,160,0.040123457,0.5,0,-1
1827932,1903641,0,0.695213803,0.042253521,640,0.040123457,0.5,0,-1
1827932,1904219,0,3.501448178,0.123287671,720,0.726234568,1,0,-1
1827932,1905172,0,0.695213803,0.042253521,640,0.040123457,0.5,0,-1
1827932,1905192,0,0.695213803,0.042253521,640,0.040123457,0.5,0,-1
1827932,1906005,0,0.695213803,0.043478261,620,0.040123457,0.5,0,-1
1827932,1906022,0,0.695213803,0.06,430,0.040123457,0.5,0,-1
1827932,1917292,0,0.695213803,0.043478261,620,0.040123457,0.5,0,-1
1827932,1917304,0,0.695213803,0.048387097,550,0.040123457,0.5,0,-1
1827932,1917317,0,0.695213803,0.043478261,620,0.040123457,0.5,0,-1
1827932,1923597,0,0.695213803,0.051724138,510,0.040123457,0.5,0,-1
1827932,1925101,0,0.695213803,0.06,430,0.040123457,0.5,0,-1
1827932,1925110,0,0.695213803,0.047619048,560,0.040123457,0.5,0,-1
1827932,1925114,0,0.695213803,0.06,430,0.040123457,0.5,0,-1
1827932,1925166,0,0.695213803,0.047619048,560,0.040123457,0.5,0,-1
1827932,1928898,0,0.227559807,0.076923077,40,0.012345679,0.5,0,-1
1827932,1929181,0,0.695213803,0.047619048,560,0.040123457,0.5,0,-1
1827932,1933179,0,0.227559807,0.076923077,40,0.012345679,0.5,0,-1
1827932,1933953,0,0.227559807,0.076923077,40,0.012345679,0.5,0,-1
1827932,1934006,0,0.695213803,0.044776119,600,0.040123457,0.5,0,-1
1827932,1935134,0,0.695213803,0.047619048,560,0.040123457,0.5,0,-1
1827932,1935550,0,0.695213803,0.051724138,510,0.040123457,0.5,0,-1
1827932,1935590,0,0.695213803,0.051724138,510,0.040123457,0.5,0,-1
1827932,1936015,0,0.695213803,0.051724138,510,0.040123457,0.5,0,-1
1827932,1936044,6,3.300980694,0.818181818,100,0.640123457,1,6,-1
1827932,1936070,6,3.300980694,0.818181818,100,0.640123457,1,6,-1
1827932,1936517,6,3.300980694,0.818181818,100,0.640123457,1,6,-1
1827932,1936521,0,3.300980694,0.818181818,100,0.640123457,1,0,-1
1827932,1942611,0,0.695213803,0.047619048,560,0.040123457,0.5,0,-1
1827932,1943348,0,0.695213803,0.051724138,510,0.040123457,0.5,0,-1
1827932,1943475,0,0.695213803,0.051724138,510,0.040123457,0.5,0,-1
1827932,1943922,6,3.300980694,0.818181818,100,0.640123457,1,6,-1
1827949,1827956,0,3.704148209,0.818181818,100,0.799537037,1,0,-1
1827949,1828216,0,0.303413076,0.076923077,40,0.037037037,0.5,0,-1
1827949,1829208,0,0.303413076,0.071428571,50,0.037037037,0.5,0,-1
1827949,1829222,0,0.303413076,0.076923077,40,0.037037037,0.5,0,-1
1827949,1829459,0,3.835029615,0.321428571,270,0.8625,1,0,-1
1827949,1829942,0,0.303413076,0.047619048,120,0.037037037,0.5,0,-1
1827949,1830089,0,0.303413076,0.047619048,120,0.037037037,0.5,0,-1
1827949,1831278,0,0.303413076,0.055555556,90,0.037037037,0.5,0,-1
1827949,1832739,1,3.704148209,0.818181818,100,0.799537037,1,1,-1
1827949,1833556,0,0.303413076,0.071428571,50,0.037037037,0.5,0,-1
1827949,1835593,0,0.303413076,0.0625,70,0.037037037,0.5,0,-1
1827949,1836980,0,0.303413076,0.0625,70,0.037037037,0.5,0,-1
1827949,1837036,0,3.704148209,0.818181818,100,0.799537037,1,0,-1
1827949,1842668,0,0.303413076,0.071428571,50,0.037037037,0.5,0,-1
1827949,1843273,0,0.36067376,0.066666667,60,0.0625,0.5,0,-1
1827949,1846328,0,0.303413076,0.0625,70,0.037037037,0.5,0,-1
1827949,1847880,0,0.303413076,0.071428571,50,0.037037037,0.5,0,-1
1827949,1853972,0,0.303413076,0.071428571,50,0.037037037,0.5,0,-1
1827949,1854319,0,0.303413076,0.071428571,50,0.037037037,0.5,0,-1
1827949,1855421,0,0.303413076,0.0625,70,0.037037037,0.5,0,-1
1827949,1868603,0,3.704148209,0.818181818,100,0.799537037,1,0,-1
1827949,1878218,0,0.36067376,0.066666667,60,0.0625,0.5,0,-1
1827949,1878596,0,0.36067376,0.066666667,60,0.0625,0.5,0,-1
1827949,1878599,0,0.36067376,0.066666667,60,0.0625,0.5,0,-1
1827949,1879286,0,0.36067376,0.043478261,140,0.0625,0.5,0,-1
1827949,1888391,0,0.303413076,0.071428571,50,0.037037037,0.5,0,-1
1827949,1907532,0,0.303413076,0.0625,70,0.037037037,0.5,0,-1
1827949,1920860,0,3.704148209,0.818181818,100,0.799537037,1,0,-1
1827949,1934076,0,3.704148209,0.818181818,100,0.799537037,1,0,-1
1827949,1934755,0,3.704148209,0.818181818,100,0.799537037,1,0,-1
1827949,1942345,0,3.704148209,0.818181818,100,0.799537037,1,0,-1
1827954,1841659,3,1.424137569,0.25,21,0.476190476,1,3,-1
1827954,1844812,3,1.424137569,0.25,21,0.476190476,1,3,1
1827954,1856674,6,4.305818191,0.75,49,1.466666667,1,6,1
1827954,1856691,4,2.377903146,0.5,35,0.742857143,1,4,1
1827954,1857831,0,2.377903146,0.5,35,0.742857143,1,0,1
1827954,1872477,4,2.377903146,0.5,35,0.742857143,1,4,1
1827954,1906964,5,2.377903146,0.5,35,0.742857143,1,5,-1
1827956,1828216,0,0.303413076,0.076923077,40,0.037037037,0.5,0,-1
1827956,1829208,0,0.303413076,0.071428571,50,0.037037037,0.5,0,-1
1827956,1829222,0,0.303413076,0.076923077,40,0.037037037,0.5,0,-1
1827956,1829459,0,3.835029615,0.321428571,270,0.8625,1,0,-1
1827956,1829942,0,0.303413076,0.047619048,120,0.037037037,0.5,0,-1
1827956,1830089,0,0.303413076,0.047619048,120,0.037037037,0.5,0,-1
1827956,1831278,0,0.303413076,0.055555556,90,0.037037037,0.5,0,-1
1827956,1832739,0,3.704148209,0.818181818,100,0.799537037,1,0,-1
1827956,1833556,0,0.303413076,0.071428571,50,0.037037037,0.5,0,-1
1827956,1835593,0,0.303413076,0.0625,70,0.037037037,0.5,0,-1
1827956,1836980,0,0.303413076,0.0625,70,0.037037037,0.5,0,-1
1827956,1837036,0,3.704148209,0.818181818,100,0.799537037,1,0,-1
1827956,1842668,0,0.303413076,0.071428571,50,0.037037037,0.5,0,-1
1827956,1843273,0,0.36067376,0.066666667,60,0.0625,0.5,0,-1
1827956,1846328,0,0.303413076,0.0625,70,0.037037037,0.5,0,-1
1827956,1847880,0,0.303413076,0.071428571,50,0.037037037,0.5,0,-1
1827956,1853972,0,0.303413076,0.071428571,50,0.037037037,0.5,0,-1
1827956,1854319,0,0.303413076,0.071428571,50,0.037037037,0.5,0,-1
1827956,1855421,0,0.303413076,0.0625,70,0.037037037,0.5,0,-1
1827956,1868603,0,3.704148209,0.818181818,100,0.799537037,1,0,-1
1827956,1878218,2,0.36067376,0.066666667,60,0.0625,0.5,2,-1
1827956,1878596,2,0.36067376,0.066666667,60,0.0625,0.5,2,-1
1827956,1878599,2,0.36067376,0.066666667,60,0.0625,0.5,2,-1
1827956,1879286,0,0.36067376,0.043478261,140,0.0625,0.5,0,-1
1827956,1888391,0,0.303413076,0.071428571,50,0.037037037,0.5,0,-1
1827956,1907532,0,0.303413076,0.0625,70,0.037037037,0.5,0,-1
1827956,1920860,0,3.704148209,0.818181818,100,0.799537037,1,0,-1
1827956,1934076,0,3.704148209,0.818181818,100,0.799537037,1,0,-1
1827956,1934755,0,3.704148209,0.818181818,100,0.799537037,1,0,-1
1827956,1942345,0,3.704148209,0.818181818,100,0.799537037,1,0,-1
1827958,1832399,0,1.36535884,0.5,9,0.444444444,1,0,-1
1827958,1870525,0,1.820478453,0.2,27,0.666666667,1,0,-1
1827958,1872930,0,0.455119613,0.125,18,0.111111111,0.5,0,-1
1827958,1879680,0,0.455119613,0.125,18,0.111111111,0.5,0,-1
1827958,1880683,0,0.455119613,0.0625,42,0.111111111,0.5,0,-1
1827958,1881272,1,0.455119613,0.125,18,0.111111111,0.5,1,-1
1827958,1882113,0,0.455119613,0.083333333,30,0.111111111,0.5,0,-1
1827958,1882128,0,0.455119613,0.125,18,0.111111111,0.5,0,-1
1827958,1943416,0,1.36535884,0.5,9,0.444444444,1,0,-1
1827978,1835083,0,1.677042323,0.222222222,85,0.372222222,1,0,-1
1827978,1837628,0,2.029998447,0.555555556,45,0.431045752,0.5,0,-1
1827978,1840710,0,0.352956124,0.076923077,45,0.058823529,0.5,0,-1
1827978,1842653,0,0.345976256,0.071428571,50,0.055555556,0.5,0,-1
1827978,1842670,0,1.684022191,0.210526316,90,0.375490196,1,0,-1
1827978,1849072,0,0.345976256,0.043478261,95,0.055555556,0.5,0,-1
1827978,1855791,0,1.5491001,0.444444444,40,0.306045752,1,0,-1
1827978,1860371,0,0.352956124,0.166666667,10,0.058823529,0.5,0,-1
1827978,1866057,0,0.345976256,0.071428571,50,0.055555556,0.5,0,-1
1827978,1866218,0,0.345976256,0.071428571,50,0.055555556,0.5,0,-1
1827978,1866221,0,0.345976256,0.052631579,75,0.055555556,0.5,0,-1
1827978,1866225,0,0.345976256,0.052631579,75,0.055555556,0.5,0,-1
1827978,1867313,0,0.345976256,0.052631579,75,0.055555556,0.5,0,-1
1827978,1867322,0,0.345976256,0.071428571,50,0.055555556,0.5,0,-1
1827978,1867336,0,0.345976256,0.052631579,75,0.055555556,0.5,0,-1
1827978,1867484,0,0.345976256,0.052631579,75,0.055555556,0.5,0,-1
1827978,1868605,0,0.722225497,0.222222222,30,0.125490196,0.5,0,-1
1827978,1869544,0,2.029998447,0.5,50,0.431045752,0.5,0,-1
1827978,1875758,0,1.5491001,0.444444444,40,0.306045752,1,0,-1
1827978,1878630,0,0.722225497,0.222222222,30,0.125490196,0.5,0,-1
1827978,1878795,0,1.660729074,0.25,75,0.364379085,1,0,-1
1827978,1879307,0,2.029998447,0.5,50,0.431045752,0.5,0,-1
1827978,1879325,0,0.722225497,0.222222222,30,0.125490196,0.5,0,-1
1827978,1879500,0,0.722225497,0.111111111,75,0.125490196,0.5,0,-1
1827978,1881220,0,0.352956124,0.125,20,0.058823529,0.5,0,-1
1827978,1881928,0,0.352956124,0.166666667,10,0.058823529,0.5,0,-1
1827978,1882179,0,0.352956124,0.125,20,0.058823529,0.5,0,-1
1827978,1896037,0,0.369269373,0.125,20,0.066666667,0.5,0,-1
1827978,1896072,0,0.369269373,0.125,20,0.066666667,0.5,0,-1
1827978,1896906,0,0.369269373,0.125,20,0.066666667,0.5,0,-1
1828043,1838878,5,2.790553133,0.5,54,0.833333333,1,5,-1
1828043,1841964,5,2.68756212,0.714285714,36,0.777777778,1,5,-1
1828043,1842575,0,2.68756212,0.714285714,36,0.777777778,1,0,-1
1828043,1843818,6,2.68756212,0.714285714,36,0.777777778,1,6,-1
1828043,1861983,2,0.455119613,0.125,18,0.111111111,0.5,2,-1
1828043,1863189,2,0.455119613,0.125,18,0.111111111,0.5,2,-1
1828043,1885493,5,2.68756212,0.714285714,36,0.777777778,1,5,-1
1828043,1885865,0,0.455119613,0.125,18,0.111111111,0.5,0,-1
1828043,1886067,5,2.68756212,0.714285714,36,0.777777778,1,5,-1
1828101,1828104,10,3.083390054,0.75,49,0.857142857,1,10,1
1828101,1842443,7,3.083390054,0.75,49,0.857142857,1,7,-1
1828101,1889769,10,3.083390054,0.75,49,0.857142857,1,10,-1
1828101,1896485,10,3.083390054,0.75,49,0.857142857,1,10,1
1828101,1897469,7,3.083390054,0.75,49,0.857142857,1,7,-1
1828101,1917029,7,3.083390054,0.75,49,0.857142857,1,7,-1
1828101,1917053,7,3.083390054,0.75,49,0.857142857,1,7,-1
1828104,1842443,7,3.083390054,0.75,49,0.857142857,1,7,-1
1828104,1889769,10,3.083390054,0.75,49,0.857142857,1,10,-1
1828104,1896485,10,3.083390054,0.75,49,0.857142857,1,10,1
1828104,1897469,7,3.083390054,0.75,49,0.857142857,1,7,-1
1828104,1917029,7,3.083390054,0.75,49,0.857142857,1,7,-1
1828104,1917053,7,3.083390054,0.75,49,0.857142857,1,7,-1
1828187,1835123,5,2.485339738,0.666666667,25,0.8,1,5,1
1828187,1844389,7,2.485339738,0.666666667,25,0.8,1,7,1
1828187,1881443,7,2.485339738,0.666666667,25,0.8,1,7,1
1828187,1882813,5,2.485339738,0.666666667,25,0.8,1,5,-1
1828187,1882835,5,2.485339738,0.666666667,25,0.8,1,5,-1
1828189,1828669,0,2.164042561,0.375,28,0.75,1,0,-1
1828189,1842991,2,2.164042561,0.375,28,0.75,1,2,-1
1828189,1845975,3,2.164042561,0.375,28,0.75,1,3,-1
1828189,1861952,3,1.820478453,0.2,35,0.666666667,1,3,-1
1828189,1863761,2,0.621334935,0.125,14,0.2,0.5,2,-1
1828189,1896804,3,1.531574161,0.25,21,0.533333333,1,3,-1
1828189,1896809,4,1.531574161,0.25,21,0.533333333,1,4,-1
1828189,1934890,2,0.621334935,0.125,14,0.2,0.5,2,-1
1828210,1884292,5,1.820478453,0.5,9,0.666666667,1,5,-1
1828210,1885837,5,1.820478453,0.5,9,0.666666667,1,5,-1
1828210,1885850,3,1.820478453,0.5,9,0.666666667,1,3,-1
1828216,1829208,2,0.303413076,0.125,20,0.037037037,0.5,2,1
1828216,1829222,3,1.108272284,0.6,16,0.203703704,1,3,1
1828216,1829459,3,1.526206729,0.107142857,108,0.416666667,1,3,1
1828216,1829942,0,1.4271902,0.230769231,48,0.37037037,1,0,-1
1828216,1830089,3,1.4271902,0.230769231,48,0.37037037,1,3,-1
1828216,1831278,0,0.303413076,0.083333333,36,0.037037037,0.5,0,-1
1828216,1832739,0,0.303413076,0.076923077,40,0.037037037,0.5,0,-1
1828216,1833556,0,0.303413076,0.125,20,0.037037037,0.5,0,-1
1828216,1835593,3,1.108272284,0.375,28,0.203703704,0.5,3,-1
1828216,1836980,3,1.108272284,0.375,28,0.203703704,0.5,3,-1
1828216,1837036,2,0.303413076,0.076923077,40,0.037037037,0.5,2,-1
1828216,1842668,0,1.108272284,0.5,20,0.203703704,0.5,0,-1
1828216,1846328,3,1.108272284,0.375,28,0.203703704,0.5,3,-1
1828216,1847880,0,1.108272284,0.5,20,0.203703704,0.5,0,-1
1828216,1853972,0,0.303413076,0.125,20,0.037037037,0.5,0,-1
1828216,1854319,2,0.303413076,0.125,20,0.037037037,0.5,2,-1
1828216,1855421,3,1.108272284,0.375,28,0.203703704,0.5,3,-1
1828216,1868603,2,0.303413076,0.076923077,40,0.037037037,0.5,2,-1
1828216,1888391,0,1.108272284,0.5,20,0.203703704,0.5,0,-1
1828216,1907532,3,1.108272284,0.375,28,0.203703704,0.5,3,-1
1828216,1920860,2,0.303413076,0.076923077,40,0.037037037,0.5,2,-1
1828216,1934076,2,0.303413076,0.076923077,40,0.037037037,0.5,2,-1
1828216,1934755,2,0.303413076,0.076923077,40,0.037037037,0.5,2,-1
1828216,1942345,2,0.303413076,0.076923077,40,0.037037037,0.5,2,-1
1828229,1829928,2,0.369269373,0.071428571,56,0.066666667,0.5,2,-1
1828229,1834570,5,3.254659455,0.777777778,64,0.816666667,1,5,-1
1828229,1844513,8,3.254659455,0.777777778,64,0.816666667,1,8,-1
1828229,1861835,0,3.366288429,0.4375,120,0.875,1,0,-1
1828229,1867258,1,0.369269373,0.071428571,56,0.066666667,0.5,1,-1
1828229,1877731,0,0.369269373,0.071428571,56,0.066666667,0.5,0,-1
1828229,1878023,5,3.254659455,0.777777778,64,0.816666667,1,5,-1
1828229,1878345,0,0.369269373,0.071428571,56,0.066666667,0.5,0,-1
1828229,1878532,0,3.254659455,0.777777778,64,0.816666667,1,0,-1
1828229,1878575,0,3.254659455,0.777777778,64,0.816666667,1,0,-1
1828229,1878700,8,3.254659455,0.777777778,64,0.816666667,1,8,-1
1828229,1878712,8,3.254659455,0.777777778,64,0.816666667,1,8,-1
1828229,1895972,0,0.369269373,0.071428571,56,0.066666667,0.5,0,-1
1828229,1904495,0,0.369269373,0.071428571,56,0.066666667,0.5,0,-1
1828229,1905583,0,0.369269373,0.071428571,56,0.066666667,0.5,0,-1
1828234,1832207,1,0.240449173,0.015625,456,0.015625,0.5,1,-1
1828234,1836065,1,0.240449173,0.014084507,512,0.015625,0.5,1,-1
1828234,1842016,10,3.125839255,0.636363636,80,0.765625,1,10,-1
1828234,1842040,4,0.434294482,0.111111111,16,0.1,0.5,4,-1
1828234,1858338,1,0.240449173,0.014084507,512,0.015625,0.5,1,-1
1828234,1858342,1,0.240449173,0.014492754,496,0.015625,0.5,1,-1
1828234,1859149,1,0.240449173,0.011363636,648,0.015625,0.5,1,-1
1828234,1862563,2,0.434294482,0.111111111,16,0.1,0.5,2,-1
1828234,1876129,0,0.240449173,0.012658228,576,0.015625,0.5,0,-1
1828234,1881052,1,0.240449173,0.013157895,552,0.015625,0.5,1,-1
1828234,1881731,0,0.240449173,0.014492754,496,0.015625,0.5,0,-1
1828234,1884362,1,0.240449173,0.014492754,496,0.015625,0.5,1,-1
1828234,1887302,1,0.240449173,0.013157895,552,0.015625,0.5,1,-1
1828234,1887505,1,0.240449173,0.016666667,424,0.015625,0.5,1,-1
1828234,1889470,1,0.240449173,0.014492754,496,0.015625,0.5,1,-1
1828234,1889477,1,0.240449173,0.014492754,496,0.015625,0.5,1,-1
1828234,1889482,1,0.240449173,0.014492754,496,0.015625,0.5,1,-1
1828234,1889485,1,0.240449173,0.014492754,496,0.015625,0.5,1,-1
1828234,1889505,1,0.240449173,0.014492754,496,0.015625,0.5,1,-1
1828234,1890649,1,0.240449173,0.017857143,392,0.015625,0.5,1,-1
1828234,1890818,2,0.240449173,0.014492754,496,0.015625,0.5,2,-1
1828234,1895462,0,0.240449173,0.014084507,512,0.015625,0.5,0,-1
1828234,1895700,0,3.319684564,0.107692308,512,0.85,1,0,-1
1828234,1895769,1,0.240449173,0.014084507,512,0.015625,0.5,1,-1
1828234,1895781,0,0.240449173,0.014084507,512,0.015625,0.5,0,-1
1828234,1896537,1,0.240449173,0.014084507,512,0.015625,0.5,1,-1
1828234,1897377,0,0.240449173,0.015151515,472,0.015625,0.5,0,-1
1828234,1897404,1,0.240449173,0.014492754,496,0.015625,0.5,1,-1
1828234,1897437,2,0.240449173,0.014492754,496,0.015625,0.5,2,-1
1828234,1897765,2,0.240449173,0.014492754,496,0.015625,0.5,2,-1
1828234,1897769,1,0.240449173,0.014492754,496,0.015625,0.5,1,-1
1828234,1897811,1,0.240449173,0.014492754,496,0.015625,0.5,1,-1
1828234,1897828,2,0.240449173,0.014492754,496,0.015625,0.5,2,-1
1828234,1897833,1,0.240449173,0.014492754,496,0.015625,0.5,1,-1
1828234,1898626,1,0.240449173,0.015151515,472,0.015625,0.5,1,-1
1828234,1898636,1,0.240449173,0.017857143,392,0.015625,0.5,1,-1
1828234,1898641,1,0.240449173,0.014492754,496,0.015625,0.5,1,-1
1828234,1898899,2,0.240449173,0.017857143,392,0.015625,0.5,2,-1
1828234,1898904,1,0.240449173,0.015151515,472,0.015625,0.5,1,-1
1828234,1898908,2,0.240449173,0.014492754,496,0.015625,0.5,2,-1
1828234,1903641,1,0.240449173,0.014084507,512,0.015625,0.5,1,-1
1828234,1904219,1,0.240449173,0.012658228,576,0.015625,0.5,1,-1
1828234,1905172,1,0.240449173,0.014084507,512,0.015625,0.5,1,-1
1828234,1905192,0,0.240449173,0.014084507,512,0.015625,0.5,0,-1
1828234,1906005,1,0.240449173,0.014492754,496,0.015625,0.5,1,-1
1828234,1917292,1,0.240449173,0.014492754,496,0.015625,0.5,1,-1
1828234,1917304,1,0.240449173,0.016129032,440,0.015625,0.5,1,-1
1828234,1917317,1,0.240449173,0.014492754,496,0.015625,0.5,1,-1
1828234,1923597,0,0.240449173,0.017241379,408,0.015625,0.5,0,-1
1828234,1925021,6,3.07923539,0.777777778,64,0.740625,1,6,-1
1828234,1925110,1,0.240449173,0.015873016,448,0.015625,0.5,1,-1
1828234,1925166,1,0.240449173,0.015873016,448,0.015625,0.5,1,-1
1828234,1929047,10,3.07923539,0.777777778,64,0.740625,1,10,-1
1828234,1929061,10,3.07923539,0.777777778,64,0.740625,1,10,-1
1828234,1929181,1,0.240449173,0.015873016,448,0.015625,0.5,1,-1
1828234,1929518,6,3.07923539,0.777777778,64,0.740625,1,6,-1
1828234,1933196,0,3.07923539,0.777777778,64,0.740625,1,0,-1
1828234,1933881,10,3.07923539,0.777777778,64,0.740625,1,10,-1
1828234,1934006,0,0.240449173,0.014925373,480,0.015625,0.5,0,-1
1828234,1935134,1,0.240449173,0.015873016,448,0.015625,0.5,1,-1
1828234,1935550,2,0.240449173,0.017241379,408,0.015625,0.5,2,-1
1828234,1935590,1,0.240449173,0.017241379,408,0.015625,0.5,1,-1
1828234,1936015,1,0.240449173,0.017241379,408,0.015625,0.5,1,-1
1828234,1942611,1,0.240449173,0.015873016,448,0.015625,0.5,1,-1
1828234,1943348,1,0.240449173,0.017241379,408,0.015625,0.5,1,-1
1828234,1943475,0,0.240449173,0.017241379,408,0.015625,0.5,0,-1
1828247,1830344,0,0.256949171,0.083333333,40,0.020408163,0.5,0,-1
1828247,1830457,0,3.366288429,0.14,392,0.875,1,0,-1
1828247,1831014,0,0.256949171,0.1,24,0.020408163,0.5,0,-1
1828247,1832016,1,0.256949171,0.083333333,40,0.020408163,0.5,1,-1
1828247,1838344,0,3.142339253,0.777777778,64,0.770408163,1,0,-1
1828247,1842257,0,0.256949171,0.083333333,40,0.020408163,0.5,0,-1
1828247,1842502,0,3.142339253,0.777777778,64,0.770408163,1,0,-1
1828247,1844454,0,0.256949171,0.032258065,192,0.020408163,0.5,0,-1
1828247,1844749,0,0.256949171,0.05,104,0.020408163,0.5,0,-1
1828247,1849170,0,0.256949171,0.1,24,0.020408163,0.5,0,-1
1828247,1853247,0,0.256949171,0.066666667,64,0.020408163,0.5,0,-1
1828247,1855626,0,0.256949171,0.041666667,136,0.020408163,0.5,0,-1
1828247,1856668,0,0.256949171,0.071428571,56,0.020408163,0.5,0,-1
1828247,1863952,3,3.142339253,0.777777778,64,0.770408163,1,3,-1
1828247,1864097,0,0.256949171,0.066666667,64,0.020408163,0.5,0,-1
1828247,1865866,0,0.256949171,0.071428571,56,0.020408163,0.5,0,-1
1828247,1874644,1,0.256949171,0.083333333,40,0.020408163,0.5,1,-1
1828247,1875493,1,0.256949171,0.083333333,40,0.020408163,0.5,1,-1
1828247,1875829,0,0.256949171,0.066666667,64,0.020408163,0.5,0,-1
1828247,1876773,0,0.256949171,0.066666667,64,0.020408163,0.5,0,-1
1828247,1878083,0,0.256949171,0.066666667,64,0.020408163,0.5,0,-1
1828247,1878091,0,0.256949171,0.066666667,64,0.020408163,0.5,0,-1
1828247,1879198,0,0.256949171,0.066666667,64,0.020408163,0.5,0,-1
1828247,1879358,0,0.256949171,0.066666667,64,0.020408163,0.5,0,-1
1828247,1882552,5,3.142339253,0.777777778,64,0.770408163,1,5,-1
1828247,1882975,0,3.142339253,0.777777778,64,0.770408163,1,0,-1
1828247,1884039,0,3.142339253,0.777777778,64,0.770408163,1,0,-1
1828247,1884679,5,3.142339253,0.777777778,64,0.770408163,1,5,-1
1828247,1886401,0,0.256949171,0.083333333,40,0.020408163,0.5,0,-1
1828247,1888700,0,0.256949171,0.1,24,0.020408163,0.5,0,-1
1828247,1895537,0,0.256949171,0.083333333,40,0.020408163,0.5,0,-1
1828247,1898194,0,0.256949171,0.071428571,56,0.020408163,0.5,0,-1
1828247,1899081,0,0.256949171,0.083333333,40,0.020408163,0.5,0,-1
1828247,1899136,0,0.256949171,0.083333333,40,0.020408163,0.5,0,-1
1828247,1905235,0,0.256949171,0.033333333,184,0.020408163,0.5,0,-1
1828247,1907645,0,0.256949171,0.071428571,56,0.020408163,0.5,0,-1
1828247,1907667,0,0.256949171,0.071428571,56,0.020408163,0.5,0,-1
1828247,1917549,0,0.256949171,0.071428571,56,0.020408163,0.5,0,-1
1828247,1924814,0,0.256949171,0.05,104,0.020408163,0.5,0,-1
1828247,1925647,0,0.256949171,0.05,104,0.020408163,0.5,0,-1
1828247,1925715,0,0.256949171,0.05,104,0.020408163,0.5,0,-1
1828247,1930129,0,0.256949171,0.05,104,0.020408163,0.5,0,-1
1828247,1930134,0,0.256949171,0.05,104,0.020408163,0.5,0,-1
1828247,1930156,1,0.256949171,0.05,104,0.020408163,0.5,1,-1
1828247,1930184,0,0.256949171,0.05,104,0.020408163,0.5,0,-1
1828247,1933814,0,0.256949171,0.05,104,0.020408163,0.5,0,-1
1828247,1934549,0,0.256949171,0.05,104,0.020408163,0.5,0,-1
1828247,1934551,0,0.256949171,0.05,104,0.020408163,0.5,0,-1
1828247,1941681,0,0.256949171,0.05,104,0.020408163,0.5,0,-1
1828273,1844825,7,2.377903146,0.666666667,25,0.742857143,1,7,-1
1828273,1848628,0,2.377903146,0.666666667,25,0.742857143,1,0,-1
1828273,1857270,7,2.485339738,0.5,35,0.8,1,7,-1
1828273,1868720,4,0.513898342,0.166666667,10,0.142857143,0.5,4,-1
1828273,1881369,4,2.377903146,0.666666667,25,0.742857143,1,4,-1
1828273,1881380,7,2.377903146,0.666666667,25,0.742857143,1,7,-1
1828273,1897216,2,0.513898342,0.166666667,10,0.142857143,0.5,2,-1
1828296,1861129,8,3.640956907,0.8,81,0.888888889,1,8,-1
1828296,1863521,8,3.640956907,0.8,81,0.888888889,1,8,-1
1828296,1880483,8,3.640956907,0.8,81,0.888888889,1,8,-1
1828296,1880490,0,3.640956907,0.8,81,0.888888889,1,0,-1
1828296,1881859,8,3.640956907,0.8,81,0.888888889,1,8,-1
1828296,1881882,8,3.640956907,0.8,81,0.888888889,1,8,-1
1828296,1881886,8,3.640956907,0.8,81,0.888888889,1,8,-1
1828296,1882660,8,3.640956907,0.8,81,0.888888889,1,8,-1
1828296,1882696,8,3.640956907,0.8,81,0.888888889,1,8,-1
1828428,1837112,10,3.843625228,0.818181818,100,0.866666667,1,10,-1
1828428,1844736,9,3.843625228,0.818181818,100,0.866666667,1,9,-1
1828428,1847678,2,0.369269373,0.071428571,50,0.066666667,0.5,2,-1
1828428,1847685,2,0.369269373,0.071428571,50,0.066666667,0.5,2,-1
1828428,1849191,9,3.908650337,0.5625,150,0.9,1,9,-1
1828428,1875445,9,3.843625228,0.818181818,100,0.866666667,1,9,-1
1828428,1876302,9,3.843625228,0.818181818,100,0.866666667,1,9,-1
1828428,1888130,2,0.369269373,0.071428571,50,0.066666667,0.5,2,-1
1828428,1889610,9,3.843625228,0.818181818,100,0.866666667,1,9,-1
1828428,1897956,9,3.843625228,0.818181818,100,0.866666667,1,9,-1
1828428,1905758,9,3.843625228,0.818181818,100,0.866666667,1,9,-1
1828428,1905762,9,3.843625228,0.818181818,100,0.866666667,1,9,-1
1828428,1917456,0,3.843625228,0.818181818,100,0.866666667,1,0,-1
1828428,1926252,2,0.369269373,0.071428571,50,0.066666667,0.5,2,-1
1828428,1935201,2,0.369269373,0.071428571,50,0.066666667,0.5,2,-1
1828445,1846839,2,1.531574161,0.25,21,0.533333333,1,2,1
1828445,1851935,5,3.352052614,0.5,35,1.2,1,5,-1
1828445,1859947,4,3.352052614,0.5,35,1.2,1,4,1
1828445,1862150,3,1.531574161,0.25,21,0.533333333,1,3,-1
1828445,1877527,3,1.242669869,0.25,21,0.4,1,3,-1
1828445,1889751,0,1.531574161,0.25,21,0.533333333,1,0,-1
1828445,1902503,3,1.531574161,0.25,21,0.533333333,1,3,-1
1828482,1828489,0,1.832566286,0.6,16,0.576923077,1,0,-1
1828482,1829815,2,0.389871245,0.1,28,0.076923077,0.5,2,-1
1828482,1829820,2,0.389871245,0.1,28,0.076923077,0.5,2,-1
1828482,1832258,2,0.389871245,0.1,28,0.076923077,0.5,2,-1
1828482,1832620,3,1.832566286,0.6,16,0.576923077,1,3,-1
1828482,1833601,0,0.389871245,0.090909091,32,0.076923077,0.5,0,-1
1828482,1834898,3,2.164042561,0.214285714,52,0.75,1,3,-1
1828482,1837009,2,0.389871245,0.1,28,0.076923077,0.5,2,-1
1828482,1864538,2,0.389871245,0.1,28,0.076923077,0.5,2,-1
1828482,1878109,0,0.389871245,0.2,8,0.076923077,0.5,0,-1
1828482,1882672,2,0.389871245,0.1,28,0.076923077,0.5,2,-1
1828482,1883714,0,0.389871245,0.1,28,0.076923077,0.5,0,-1
1828489,1829815,0,0.389871245,0.1,28,0.076923077,0.5,0,-1
1828489,1829820,0,0.389871245,0.1,28,0.076923077,0.5,0,-1
1828489,1832258,0,0.389871245,0.1,28,0.076923077,0.5,0,-1
1828489,1832620,0,1.832566286,0.6,16,0.576923077,1,0,-1
1828489,1833601,0,0.389871245,0.090909091,32,0.076923077,0.5,0,-1
1828489,1834898,0,2.164042561,0.214285714,52,0.75,1,0,-1
1828489,1837009,0,0.389871245,0.1,28,0.076923077,0.5,0,-1
1828489,1864538,0,0.389871245,0.1,28,0.076923077,0.5,0,-1
1828489,1878109,0,0.389871245,0.2,8,0.076923077,0.5,0,-1
1828489,1882672,0,0.389871245,0.1,28,0.076923077,0.5,0,-1
1828489,1883714,0,0.389871245,0.1,28,0.076923077,0.5,0,-1
1828493,1876881,5,2.713340853,0.714285714,36,0.791666667,1,5,-1
1828493,1876891,5,2.713340853,0.714285714,36,0.791666667,1,5,-1
1828493,1877401,5,2.713340853,0.714285714,36,0.791666667,1,5,-1
1828493,1877413,0,2.713340853,0.714285714,36,0.791666667,1,0,-1
1828493,1877935,5,2.790553133,0.555555556,48,0.833333333,1,5,-1
1828493,1877954,5,2.713340853,0.714285714,36,0.791666667,1,5,-1
1828493,1910994,2,0.480898347,0.142857143,12,0.125,0.5,2,-1
1828493,1916381,2,0.480898347,0.142857143,12,0.125,0.5,2,-1
1828526,1829374,0,2.485339738,0.666666667,25,0.8,1,0,-1
1828526,1860011,0,2.485339738,0.666666667,25,0.8,1,0,-1
1828526,1861128,0,2.485339738,0.666666667,25,0.8,1,0,-1
1828526,1877276,2,2.485339738,0.666666667,25,0.8,1,2,-1
1828526,1877551,0,2.485339738,0.666666667,25,0.8,1,0,-1
1828538,1828539,3,2.270466554,0.666666667,25,0.685714286,1,3,-1
1828538,1849909,0,2.270466554,0.666666667,25,0.685714286,1,0,-1
1828538,1872395,6,1.027796685,0.333333333,15,0.285714286,0.5,6,-1
1828538,1872417,5,2.377903146,0.5,35,0.742857143,1,5,-1
1828538,1875044,0,2.270466554,0.666666667,25,0.685714286,1,0,-1
1828538,1876578,6,1.027796685,0.333333333,15,0.285714286,0.5,6,-1
1828538,1877176,5,2.377903146,0.5,35,0.742857143,1,5,-1
1828539,1849909,0,2.270466554,0.666666667,25,0.685714286,1,0,-1
1828539,1872395,3,1.027796685,0.333333333,15,0.285714286,0.5,3,-1
1828539,1872417,3,2.377903146,0.5,35,0.742857143,1,3,-1
1828539,1875044,0,2.270466554,0.666666667,25,0.685714286,1,0,-1
1828539,1876578,3,1.027796685,0.333333333,15,0.285714286,0.5,3,-1
1828539,1877176,3,2.377903146,0.5,35,0.742857143,1,3,-1
1828606,1841354,0,1.820478453,0.5,9,0.666666667,1,0,1
1828606,1906025,2,1.820478453,0.5,9,0.666666667,1,2,1
1828606,1930926,2,1.820478453,0.5,9,0.666666667,1,2,-1
1828669,1842991,0,1.956593383,0.6,16,0.642857143,1,0,-1
1828669,1845975,0,1.956593383,0.6,16,0.642857143,1,0,-1
1828669,1861952,0,0.513898342,0.125,20,0.142857143,0.5,0,-1
1828669,1896804,0,0.513898342,0.166666667,12,0.142857143,0.5,0,-1
1828669,1896809,0,0.513898342,0.166666667,12,0.142857143,0.5,0,-1
1828698,1835942,10,3.083390054,0.75,49,0.857142857,1,10,-1
1828698,1836219,10,3.083390054,0.75,49,0.857142857,1,10,-1
1828698,1841777,6,3.083390054,0.75,49,0.857142857,1,6,-1
1828698,1852343,0,3.083390054,0.75,49,0.857142857,1,0,-1
1828698,1859419,10,3.083390054,0.75,49,0.857142857,1,10,-1
1828698,1859459,10,3.083390054,0.75,49,0.857142857,1,10,-1
1828698,1867470,6,3.083390054,0.75,49,0.857142857,1,6,-1
1828731,1831105,4,2.164042561,0.6,16,0.75,1,4,-1
1828731,1918538,3,2.164042561,0.6,16,0.75,1,3,-1
1828731,1924855,3,2.164042561,0.6,16,0.75,1,3,-1
1828731,1934616,0,2.164042561,0.6,16,0.75,1,0,-1
1828799,1829957,0,3.996904465,0.6,140,0.947222222,1,0,-1
1828799,1847160,4,3.941533165,0.818181818,100,0.918650794,1,4,-1
1828799,1857889,0,3.941533165,0.818181818,100,0.918650794,1,0,-1
1828799,1858548,4,3.941533165,0.818181818,100,0.918650794,1,4,-1
1828799,1873775,0,3.439809686,0.727272727,90,0.782539683,1,0,-1
1828799,1878328,0,3.941533165,0.818181818,100,0.918650794,1,0,-1
1828799,1878834,0,3.941533165,0.818181818,100,0.918650794,1,0,-1
1828799,1878975,0,2.984690073,0.636363636,80,0.671428571,1,0,-1
1828799,1878982,0,3.941533165,0.818181818,100,0.918650794,1,0,-1
1828799,1896164,0,3.439809686,0.727272727,90,0.782539683,1,0,-1
1828799,1926278,0,0.378923182,0.076923077,40,0.071428571,0.5,0,-1
1828799,1926302,0,0.378923182,0.071428571,50,0.071428571,0.5,0,-1
1828799,1930690,0,0.378923182,0.071428571,50,0.071428571,0.5,0,-1
1828799,1934267,0,0.378923182,0.076923077,40,0.071428571,0.5,0,-1
1828805,1829853,0,2.790553133,0.416666667,66,0.833333333,1,0,-1
1828805,1832618,0,0.417032391,0.1,30,0.090909091,0.5,0,-1
1828805,1834719,0,0.417032391,0.1,30,0.090909091,0.5,0,-1
1828805,1856316,0,2.649474898,0.714285714,36,0.757575758,1,0,-1
1828805,1867547,0,0.417032391,0.1,30,0.090909091,0.5,0,-1
1828805,1867842,0,0.417032391,0.1,30,0.090909091,0.5,0,-1
1828805,1886276,0,2.649474898,0.714285714,36,0.757575758,1,0,-1
1828805,1886295,0,2.649474898,0.714285714,36,0.757575758,1,0,-1
1828805,1886519,0,2.649474898,0.714285714,36,0.757575758,1,0,-1
1828805,1886725,0,2.649474898,0.714285714,36,0.757575758,1,0,-1
1828805,1934509,0,0.417032391,0.1,30,0.090909091,0.5,0,-1
1828826,1848869,2,2.485339738,0.666666667,25,0.8,1,2,-1
1828826,1850023,0,2.485339738,0.666666667,25,0.8,1,0,-1
1828826,1895760,0,2.485339738,0.666666667,25,0.8,1,0,-1
1828826,1927532,0,2.485339738,0.666666667,25,0.8,1,0,-1
1828826,1936263,0,2.485339738,0.666666667,25,0.8,1,0,-1
1828864,1829208,0,0.455119613,0.071428571,50,0.111111111,0.5,0,-1
1828864,1829459,0,0.455119613,0.027777778,270,0.111111111,0.5,0,-1
1828864,1830435,0,0.417032391,0.0625,70,0.090909091,0.5,0,-1
1828864,1830728,0,0.72134752,0.083333333,160,0.125,0.5,0,-1
1828864,1831278,4,2.164042561,0.1875,90,0.75,1,4,-1
1828864,1833556,4,0.455119613,0.071428571,50,0.111111111,0.5,4,-1
1828864,1841319,4,1.897814654,0.272727273,40,0.611111111,1,4,-1
1828864,1845717,0,2.254601165,0.454545455,60,0.549242424,1,0,-1
1828864,1847613,0,1.897814654,0.272727273,40,0.611111111,1,0,-1
1828864,1853972,0,0.455119613,0.071428571,50,0.111111111,0.5,0,-1
1828864,1854319,0,0.455119613,0.071428571,50,0.111111111,0.5,0,-1
1828864,1862273,0,0.72134752,0.105263158,110,0.125,0.5,0,-1
1828864,1863421,0,2.452038031,0.238095238,160,0.653409091,1,0,-1
1828864,1863616,0,0.72134752,0.105263158,110,0.125,0.5,0,-1
1828864,1863653,0,0.72134752,0.105263158,110,0.125,0.5,0,-1
1828864,1867211,0,0.72134752,0.105263158,110,0.125,0.5,0,-1
1828864,1870427,0,1.897814654,0.272727273,40,0.611111111,1,0,-1
1828864,1874416,0,2.3956794,0.3125,110,0.625,1,0,-1
1828864,1883969,0,0.417032391,0.071428571,50,0.090909091,0.5,0,-1
1828864,1888132,0,2.254601165,0.454545455,60,0.549242424,1,0,-1
1828864,1889481,0,2.254601165,0.454545455,60,0.549242424,1,0,-1
1828864,1889572,0,0.72134752,0.105263158,110,0.125,0.5,0,-1
1828864,1890933,0,0.72134752,0.105263158,110,0.125,0.5,0,-1
1828864,1890957,0,0.72134752,0.105263158,110,0.125,0.5,0,-1
1828864,1890984,0,0.72134752,0.105263158,110,0.125,0.5,0,-1
1828864,1898534,0,0.417032391,0.071428571,50,0.090909091,0.5,0,-1
1828864,1898624,0,0.417032391,0.071428571,50,0.090909091,0.5,0,-1
1828864,1904488,0,2.452038031,0.238095238,160,0.653409091,1,0,-1
1828864,1906123,0,0.72134752,0.105263158,110,0.125,0.5,0,-1
1828864,1908148,0,0.417032391,0.071428571,50,0.090909091,0.5,0,-1
1828892,1834057,4,0.31465798,0.076923077,48,0.041666667,0.5,4,-1
1828892,1836664,2,0.352956124,0.0625,72,0.058823529,0.5,2,-1
1828892,1849225,10,3.072105839,0.777777778,64,0.725490196,1,10,-1
1828892,1855806,7,3.072105839,0.777777778,64,0.725490196,1,7,-1
1828892,1863326,4,0.31465798,0.055555556,88,0.041666667,0.5,4,-1
1828892,1866951,4,0.352956124,0.0625,72,0.058823529,0.5,4,-1
1828892,1867125,4,0.31465798,0.076923077,48,0.041666667,0.5,4,-1
1828892,1870792,4,0.31465798,0.043478261,128,0.041666667,0.5,4,-1
1828892,1877696,2,0.31465798,0.055555556,88,0.041666667,0.5,2,-1
1828892,1877745,4,0.31465798,0.055555556,88,0.041666667,0.5,4,-1
1828892,1878071,10,3.238346206,0.28,192,0.808823529,1,10,-1
1828892,1878279,4,0.31465798,0.055555556,88,0.041666667,0.5,4,-1
1828892,1878287,2,0.31465798,0.055555556,88,0.041666667,0.5,2,-1
1828892,1878295,0,0.31465798,0.055555556,88,0.041666667,0.5,0,-1
1828892,1878305,6,0.667614104,0.076923077,160,0.100490196,0.5,6,-1
1828892,1878788,0,0.31465798,0.055555556,88,0.041666667,0.5,0,-1
1828892,1878813,2,0.31465798,0.055555556,88,0.041666667,0.5,2,-1
1828892,1878972,4,0.31465798,0.055555556,88,0.041666667,0.5,4,-1
1828892,1880631,10,3.200048062,0.388888889,136,0.791666667,1,10,-1
1828892,1880634,4,0.352956124,0.0625,72,0.058823529,0.5,4,-1
1828892,1881168,2,0.352956124,0.0625,72,0.058823529,0.5,2,-1
1828892,1881200,0,0.352956124,0.0625,72,0.058823529,0.5,0,-1
1828892,1882040,0,0.352956124,0.0625,72,0.058823529,0.5,0,-1
1828892,1882062,2,0.352956124,0.0625,72,0.058823529,0.5,2,-1
1828892,1882086,4,0.352956124,0.0625,72,0.058823529,0.5,4,-1
1828892,1887911,7,3.072105839,0.777777778,64,0.725490196,1,7,-1
1828892,1888561,7,3.072105839,0.777777778,64,0.725490196,1,7,-1
1828892,1896816,0,3.072105839,0.777777778,64,0.725490196,1,0,-1
1828892,1905222,7,3.072105839,0.777777778,64,0.725490196,1,7,-1
1828892,1936356,2,0.31465798,0.076923077,48,0.041666667,0.5,2,-1
1828892,1943649,2,0.31465798,0.076923077,48,0.041666667,0.5,2,-1
1828892,1943730,0,0.31465798,0.076923077,48,0.041666667,0.5,0,-1
1828943,1828953,11,3.083390054,0.75,49,0.857142857,1,11,-1
1828943,1847896,11,3.083390054,0.75,49,0.857142857,1,11,-1
1828943,1861529,11,3.083390054,0.75,49,0.857142857,1,11,-1
1828943,1897244,6,3.083390054,0.75,49,0.857142857,1,6,-1
1828943,1897253,11,3.083390054,0.75,49,0.857142857,1,11,-1
1828943,1898650,11,3.083390054,0.75,49,0.857142857,1,11,-1
1828943,1906146,0,3.083390054,0.75,49,0.857142857,1,0,-1
1828953,1847896,11,3.083390054,0.75,49,0.857142857,1,11,-1
1828953,1861529,11,3.083390054,0.75,49,0.857142857,1,11,-1
1828953,1897244,6,3.083390054,0.75,49,0.857142857,1,6,-1
1828953,1897253,11,3.083390054,0.75,49,0.857142857,1,11,-1
1828953,1898650,11,3.083390054,0.75,49,0.857142857,1,11,-1
1828953,1906146,0,3.083390054,0.75,49,0.857142857,1,0,-1
1828960,1829120,0,0.291206676,0.052631579,84,0.032258065,0.5,0,-1
1828960,1829235,0,0.605864657,0.0625,280,0.073924731,0.5,0,-1
1828960,1829358,0,4.551008286,0.764705882,224,0.759743547,1,0,-1
1828960,1829448,0,0.603090709,0.105263158,98,0.074390244,0.5,0,-1
1828960,1830132,0,0.560489184,0.071428571,224,0.056648308,0.5,0,-1
1828960,1832134,0,0.269282508,0.045454545,126,0.024390244,0.5,0,-1
1828960,1833093,0,4.597024066,0.52,336,0.78057688,1,0,-1
1828960,1833484,0,4.62047537,0.40625,434,0.789985482,1,0,-1
1828960,1833505,0,0.875147165,0.107142857,238,0.098314975,0.5,0,-1
1828960,1833954,0,0.310667467,0.035714286,210,0.04,0.5,0,-1
1828960,1835863,0,4.532758865,0.866666667,196,0.750814975,1,0,-1
1828960,1837011,0,0.269282508,0.047619048,112,0.024390244,0.5,0,-1
1828960,1838064,1,0.560489184,0.095238095,126,0.056648308,0.5,1,-1
1828960,1838543,1,0.31465798,0.047619048,112,0.041666667,0.5,1,-1
1828960,1840384,0,0.269282508,0.047619048,112,0.024390244,0.5,0,-1
1828960,1840421,0,0.269282508,0.034482759,224,0.024390244,0.5,0,-1
1828960,1843105,0,0.560489184,0.095238095,126,0.056648308,0.5,0,-1
1828960,1845379,0,0.603090709,0.105263158,98,0.074390244,0.5,0,-1
1828960,1849070,1,0.269282508,0.034482759,224,0.024390244,0.5,1,-1
1828960,1850116,0,4.532758865,0.866666667,196,0.750814975,1,0,-1
1828960,1850125,0,0.603090709,0.105263158,98,0.074390244,0.5,0,-1
1828960,1850145,0,4.577873846,0.619047619,280,0.772243547,1,0,-1
1828960,1850515,0,0.31465798,0.047619048,112,0.041666667,0.5,0,-1
1828960,1853412,0,0.291206676,0.038461538,182,0.032258065,0.5,0,-1
1828960,1854967,0,4.532758865,0.866666667,196,0.750814975,1,0,-1
1828960,1854987,0,0.560489184,0.095238095,126,0.056648308,0.5,0,-1
1828960,1855661,0,0.310667467,0.04,168,0.04,0.5,0,-1
1828960,1855704,0,0.601874143,0.086956522,154,0.072258065,0.5,0,-1
1828960,1856759,0,4.601014579,0.5,350,0.782243547,1,0,-1
1828960,1856892,0,0.291206676,0.052631579,84,0.032258065,0.5,0,-1
1828960,1863431,0,4.642399538,0.30952381,574,0.797853303,1,0,-1
1828960,1864125,0,0.31465798,0.047619048,112,0.041666667,0.5,0,-1
1828960,1864624,0,0.269282508,0.058823529,56,0.024390244,0.5,0,-1
1828960,1865754,0,0.560489184,0.071428571,224,0.056648308,0.5,0,-1
1828960,1871987,0,0.560489184,0.083333333,168,0.056648308,0.5,0,-1
1828960,1872579,0,4.532758865,0.866666667,196,0.750814975,1,0,-1
1828960,1877781,0,0.310667467,0.041666667,154,0.04,0.5,0,-1
1828960,1877786,0,0.310667467,0.05,98,0.04,0.5,0,-1
1828960,1877791,0,0.310667467,0.05,98,0.04,0.5,0,-1
1828960,1878011,0,0.310667467,0.05,98,0.04,0.5,0,-1
1828960,1878502,0,0.310667467,0.05,98,0.04,0.5,0,-1
1828960,1878612,0,0.310667467,0.05,98,0.04,0.5,0,-1
1828960,1880435,0,0.269282508,0.055555556,70,0.024390244,0.5,0,-1
1828960,1882308,0,0.291206676,0.05,98,0.032258065,0.5,0,-1
1828960,1882884,0,0.560489184,0.083333333,168,0.056648308,0.5,0,-1
1828960,1883730,0,0.291206676,0.05,98,0.032258065,0.5,0,-1
1828960,1884221,0,0.603090709,0.105263158,98,0.074390244,0.5,0,-1
1828960,1884484,0,0.269282508,0.047619048,112,0.024390244,0.5,0,-1
1828960,1884533,0,0.603090709,0.105263158,98,0.074390244,0.5,0,-1
1828960,1885090,0,0.291206676,0.052631579,84,0.032258065,0.5,0,-1
1828960,1885543,0,0.603090709,0.105263158,98,0.074390244,0.5,0,-1
1828960,1885568,0,0.269282508,0.047619048,112,0.024390244,0.5,0,-1
1828960,1885962,0,0.269282508,0.047619048,112,0.024390244,0.5,0,-1
1828960,1885975,0,0.269282508,0.047619048,112,0.024390244,0.5,0,-1
1828960,1886924,1,0.944614249,0.2,56,0.128556911,0.5,1,-1
1828960,1888879,0,4.532758865,0.866666667,196,0.750814975,1,0,-1
1828960,1893326,0,0.291206676,0.04,168,0.032258065,0.5,0,-1
1828960,1896254,0,4.532758865,0.866666667,196,0.750814975,1,0,-1
1828960,1896733,0,4.532758865,0.866666667,196,0.750814975,1,0,-1
1828960,1903029,0,0.944614249,0.2,56,0.128556911,0.5,0,-1
1828960,1905225,0,4.532758865,0.866666667,196,0.750814975,1,0,-1
1828960,1905337,1,0.310667467,0.055555556,70,0.04,0.5,1,-1
1828960,1929239,0,0.310667467,0.055555556,70,0.04,0.5,0,-1
1828960,1930831,0,0.31465798,0.047619048,112,0.041666667,0.5,0,-1
1828960,1934377,0,0.31465798,0.047619048,112,0.041666667,0.5,0,-1
1828960,1935420,0,0.31465798,0.047619048,112,0.041666667,0.5,0,-1
1829027,1831429,2,0.480898347,0.1,30,0.125,0.5,2,-1
1829027,1834597,2,0.480898347,0.041666667,114,0.125,0.5,2,-1
1829027,1837364,3,1.820478453,0.166666667,48,0.666666667,1,3,1
1829027,1838147,3,1.391137574,0.285714286,18,0.458333333,1,3,1
1829027,1863128,3,1.391137574,0.285714286,18,0.458333333,1,3,1
1829027,1873565,3,1.820478453,0.285714286,18,0.666666667,1,3,-1
1829027,1880318,2,0.480898347,0.090909091,36,0.125,0.5,2,-1
1829027,1880688,2,0.480898347,0.1,30,0.125,0.5,2,-1
1829027,1880731,2,0.480898347,0.1,30,0.125,0.5,2,-1
1829027,1897273,3,1.820478453,0.285714286,18,0.666666667,1,3,1
1829027,1898708,3,1.820478453,0.285714286,18,0.666666667,1,3,-1
1829050,1848129,8,2.959362957,0.75,49,0.791208791,1,8,-1
1829050,1848317,5,2.959362957,0.75,49,0.791208791,1,5,-1
1829050,1849607,8,2.959362957,0.75,49,0.791208791,1,8,-1
1829050,1860713,0,3.083390054,0.428571429,91,0.857142857,1,0,-1
1829050,1897446,0,0.389871245,0.083333333,42,0.076923077,0.5,0,-1
1829050,1897456,0,0.389871245,0.083333333,42,0.076923077,0.5,0,-1
1829050,1897470,0,0.389871245,0.083333333,42,0.076923077,0.5,0,-1
1829050,1898956,0,0.389871245,0.083333333,42,0.076923077,0.5,0,-1
1829050,1905367,8,2.959362957,0.75,49,0.791208791,1,8,-1
1829050,1906045,0,0.389871245,0.083333333,42,0.076923077,0.5,0,-1
1829050,1906396,0,0.389871245,0.083333333,42,0.076923077,0.5,0,-1
1829050,1906685,5,2.959362957,0.75,49,0.791208791,1,5,-1
1829050,1929935,0,2.959362957,0.75,49,0.791208791,1,0,-1
1829078,1877081,0,4.926001362,0.866666667,196,0.928571429,1,0,-1
1829078,1884397,0,4.926001362,0.866666667,196,0.928571429,1,0,-1
1829078,1884730,0,4.926001362,0.866666667,196,0.928571429,1,0,-1
1829078,1884782,1,4.926001362,0.866666667,196,0.928571429,1,1,-1
1829078,1884791,0,4.926001362,0.866666667,196,0.928571429,1,0,-1
1829078,1885017,0,4.926001362,0.866666667,196,0.928571429,1,0,-1
1829078,1885062,0,4.926001362,0.866666667,196,0.928571429,1,0,-1
1829078,1885448,0,4.926001362,0.866666667,196,0.928571429,1,0,-1
1829078,1885483,0,4.926001362,0.866666667,196,0.928571429,1,0,-1
1829078,1885530,0,4.926001362,0.866666667,196,0.928571429,1,0,-1
1829078,1885947,0,4.926001362,0.866666667,196,0.928571429,1,0,-1
1829078,1893279,0,4.926001362,0.866666667,196,0.928571429,1,0,-1
1829078,1901308,0,4.926001362,0.866666667,196,0.928571429,1,0,-1
1829078,1901313,0,4.926001362,0.866666667,196,0.928571429,1,0,-1
1829120,1829235,0,0.291206676,0.04,120,0.032258065,0.5,0,-1
1829120,1829358,0,0.291206676,0.047619048,96,0.032258065,0.5,0,-1
1829120,1830132,0,0.291206676,0.047619048,96,0.032258065,0.5,0,-1
1829120,1833093,0,0.291206676,0.034482759,144,0.032258065,0.5,0,-1
1829120,1833484,5,2.325554494,0.15625,186,0.584498834,1,5,-1
1829120,1833505,0,0.291206676,0.045454545,102,0.032258065,0.5,0,-1
1829120,1835863,2,0.291206676,0.052631579,84,0.032258065,0.5,2,-1
1829120,1838064,0,0.291206676,0.071428571,54,0.032258065,0.5,0,-1
1829120,1843105,0,0.291206676,0.071428571,54,0.032258065,0.5,0,-1
1829120,1850116,0,0.291206676,0.052631579,84,0.032258065,0.5,0,-1
1829120,1850145,0,0.291206676,0.04,120,0.032258065,0.5,0,-1
1829120,1852159,2,0.389871245,0.045454545,102,0.076923077,0.5,2,-1
1829120,1853412,5,2.226889925,0.357142857,78,0.539833822,1,5,-1
1829120,1854967,0,0.291206676,0.052631579,84,0.032258065,0.5,0,-1
1829120,1854987,0,0.291206676,0.071428571,54,0.032258065,0.5,0,-1
1829120,1855661,2,0.417032391,0.058823529,72,0.090909091,0.5,2,-1
1829120,1855704,5,2.199728779,0.416666667,66,0.525847808,1,5,-1
1829120,1856759,3,0.708239068,0.068965517,150,0.123167155,0.5,3,-1
1829120,1856892,0,2.058650544,0.714285714,36,0.450090232,1,0,-1
1829120,1863431,0,0.291206676,0.02173913,246,0.032258065,0.5,0,-1
1829120,1865754,0,0.291206676,0.047619048,96,0.032258065,0.5,0,-1
1829120,1871987,0,0.291206676,0.058823529,72,0.032258065,0.5,0,-1
1829120,1872579,2,0.291206676,0.052631579,84,0.032258065,0.5,2,-1
1829120,1873577,0,0.389871245,0.045454545,102,0.076923077,0.5,0,-1
1829120,1874998,0,0.402429604,0.055555556,78,0.083333333,0.5,0,-1
1829120,1877781,2,0.417032391,0.0625,66,0.090909091,0.5,2,-1
1829120,1882308,0,0.291206676,0.083333333,42,0.032258065,0.5,0,-1
1829120,1882884,0,0.291206676,0.058823529,72,0.032258065,0.5,0,-1
1829120,1883730,2,0.291206676,0.083333333,42,0.032258065,0.5,2,-1
1829120,1884542,2,0.389871245,0.083333333,42,0.076923077,0.5,2,-1
1829120,1884552,2,0.389871245,0.083333333,42,0.076923077,0.5,2,-1
1829120,1885090,5,2.058650544,0.714285714,36,0.450090232,1,5,-1
1829120,1885622,2,0.389871245,0.083333333,42,0.076923077,0.5,2,-1
1829120,1885624,2,0.389871245,0.083333333,42,0.076923077,0.5,2,-1
1829120,1886014,2,0.389871245,0.083333333,42,0.076923077,0.5,2,-1
1829120,1888879,0,0.291206676,0.052631579,84,0.032258065,0.5,0,-1
1829120,1893326,5,2.214331566,0.384615385,72,0.533423566,1,5,-1
1829120,1896254,0,0.291206676,0.052631579,84,0.032258065,0.5,0,-1
1829120,1896733,2,0.291206676,0.052631579,84,0.032258065,0.5,2,-1
1829120,1905225,2,0.291206676,0.052631579,84,0.032258065,0.5,2,-1
1829120,1905337,0,0.417032391,0.1,30,0.090909091,0.5,0,-1
1829120,1922500,0,0.402429604,0.090909091,36,0.083333333,0.5,0,-1
1829120,1924133,0,0.402429604,0.090909091,36,0.083333333,0.5,0,-1
1829120,1924142,0,0.402429604,0.090909091,36,0.083333333,0.5,0,-1
1829120,1924149,0,0.402429604,0.090909091,36,0.083333333,0.5,0,-1
1829120,1929239,2,0.417032391,0.1,30,0.090909091,0.5,2,-1
1829120,1933781,0,0.402429604,0.090909091,36,0.083333333,0.5,0,-1
1829137,1830457,0,0.31465798,0.018181818,343,0.041666667,0.5,0,-1
1829137,1832016,1,0.31465798,0.090909091,35,0.041666667,0.5,1,1
1829137,1837251,4,2.884149692,0.75,49,0.755952381,1,4,-1
1829137,1838369,4,2.884149692,0.75,49,0.755952381,1,4,-1
1829137,1843438,1,0.31465798,0.111111111,21,0.041666667,0.5,1,-1
1829137,1844454,0,3.083390054,0.24,168,0.857142857,1,0,1
1829137,1847310,1,0.31465798,0.066666667,63,0.041666667,0.5,1,-1
1829137,1861124,5,2.884149692,0.75,49,0.755952381,1,5,1
1829137,1874644,1,0.31465798,0.090909091,35,0.041666667,0.5,1,-1
1829137,1875132,0,2.884149692,0.75,49,0.755952381,1,0,-1
1829137,1875493,1,0.31465798,0.090909091,35,0.041666667,0.5,1,-1
1829137,1879500,1,0.31465798,0.047619048,105,0.041666667,0.5,1,-1
1829137,1879894,1,0.31465798,0.111111111,21,0.041666667,0.5,1,-1
1829137,1890382,1,0.31465798,0.111111111,21,0.041666667,0.5,1,-1
1829137,1895537,0,0.31465798,0.090909091,35,0.041666667,0.5,0,-1
1829137,1935212,0,0.31465798,0.066666667,63,0.041666667,0.5,0,-1
1829137,1935626,4,2.884149692,0.75,49,0.755952381,1,4,-1
1829137,1935652,0,2.884149692,0.75,49,0.755952381,1,0,-1
1829137,1942391,1,0.31465798,0.066666667,63,0.041666667,0.5,1,-1
1829137,1942919,1,0.31465798,0.066666667,63,0.041666667,0.5,1,-1
1829137,1943073,1,0.31465798,0.066666667,63,0.041666667,0.5,1,-1
1829137,1943143,1,0.31465798,0.066666667,63,0.041666667,0.5,1,-1
1829137,1943158,0,0.31465798,0.066666667,63,0.041666667,0.5,0,-1
1829137,1943162,1,0.31465798,0.066666667,63,0.041666667,0.5,1,-1
1829142,1881157,0,3.687788172,0.818181818,100,0.7875,1,0,-1
1829142,1881719,0,3.687788172,0.818181818,100,0.7875,1,0,-1
1829142,1881776,4,3.687788172,0.818181818,100,0.7875,1,4,-1
1829142,1882038,4,3.761408894,0.529411765,160,0.825,1,4,-1
1829142,1882080,0,3.687788172,0.818181818,100,0.7875,1,0,-1
1829142,1882115,0,3.687788172,0.818181818,100,0.7875,1,0,-1
1829142,1882631,4,3.761408894,0.529411765,160,0.825,1,4,-1
1829142,1882668,4,3.687788172,0.818181818,100,0.7875,1,4,-1
1829142,1883514,0,3.687788172,0.818181818,100,0.7875,1,0,-1
1829142,1883538,0,3.761408894,0.529411765,160,0.825,1,0,-1
1829142,1925066,3,1.082021281,0.2,80,0.1875,0.5,3,-1
1829142,1925078,3,1.082021281,0.2,80,0.1875,0.5,3,-1
1829142,1929389,3,1.082021281,0.2,80,0.1875,0.5,3,-1
1829142,1929520,3,1.082021281,0.2,80,0.1875,0.5,3,-1
1829142,1934407,3,1.082021281,0.2,80,0.1875,0.5,3,-1
1829142,1934415,3,1.082021281,0.2,80,0.1875,0.5,3,-1
1829143,1830049,5,3.083390054,0.75,49,0.857142857,1,5,-1
1829143,1832764,5,3.083390054,0.75,49,0.857142857,1,5,-1
1829143,1833802,5,3.083390054,0.75,49,0.857142857,1,5,-1
1829143,1833820,0,3.083390054,0.75,49,0.857142857,1,0,-1
1829143,1833826,5,3.083390054,0.75,49,0.857142857,1,5,-1
1829143,1849128,0,3.083390054,0.75,49,0.857142857,1,0,-1
1829143,1861089,5,3.083390054,0.75,49,0.857142857,1,5,-1
1829152,1830884,15,8.172463225,0.525,858,1.613754666,1,15,1
1829152,1833584,0,0.679246544,0.043478261,351,0.105263158,0.5,0,-1
1829152,1833784,7,4.815185905,0.270833333,858,0.876623377,1,7,-1
1829152,1835287,7,4.759778176,0.325,546,0.850649351,1,7,-1
1829152,1842318,0,4.759778176,0.325,546,0.850649351,1,0,-1
1829152,1844353,0,4.545743359,0.3,507,0.86013986,1,0,-1
1829152,1851005,15,8.172463225,0.525,858,1.613754666,1,15,1
1829152,1851608,2,0.323515453,0.02173913,312,0.045454545,0.5,2,-1
1829152,1852595,11,4.545743359,0.3,507,0.86013986,1,11,-1
1829152,1856334,7,4.759778176,0.325,546,0.850649351,1,7,-1
1829152,1857260,0,3.790362589,0.25,429,0.722146275,1,0,-1
1829152,1861092,9,5.99251436,0.325,546,1.491626794,1,9,-1
1829152,1861956,6,3.790362589,0.25,429,0.722146275,1,6,-1
1829152,1864372,4,1.821618223,0.075,156,0.571428571,1,4,-1
1829152,1866992,0,3.790362589,0.25,429,0.722146275,1,0,-1
1829152,1867193,11,4.545743359,0.3,507,0.86013986,1,11,-1
1829152,1867232,12,4.545743359,0.3,507,0.86013986,1,12,-1
1829152,1867549,0,4.545743359,0.3,507,0.86013986,1,0,-1
1829152,1868474,11,4.545743359,0.3,507,0.86013986,1,11,-1
1829152,1868479,11,4.545743359,0.3,507,0.86013986,1,11,-1
1829152,1868637,1,0.679246544,0.043478261,351,0.105263158,0.5,1,-1
1829152,1868641,11,4.545743359,0.3,507,0.86013986,1,11,-1
1829152,1868649,4,1.821618223,0.075,156,0.571428571,1,4,-1
1829152,1868674,11,4.545743359,0.3,507,0.86013986,1,11,-1
1829152,1870097,0,3.790362589,0.25,429,0.722146275,1,0,-1
1829152,1871018,0,3.867771708,0.208333333,741,0.760423787,1,0,-1
1829152,1871971,0,4.759778176,0.325,546,0.850649351,1,0,-1
1829152,1873388,0,0.647030906,0.043478261,351,0.090909091,0.5,0,-1
1829152,1873546,0,0.647030906,0.043478261,351,0.090909091,0.5,0,-1
1829152,1873552,0,0.647030906,0.043478261,351,0.090909091,0.5,0,-1
1829152,1875336,2,0.323515453,0.02173913,312,0.045454545,0.5,2,-1
1829152,1875636,7,4.759778176,0.325,546,0.850649351,1,7,-1
1829152,1879996,0,0.679246544,0.043478261,351,0.105263158,0.5,0,1
1829152,1880010,0,0.679246544,0.043478261,351,0.105263158,0.5,0,1
1829152,1880020,0,3.867771708,0.208333333,741,0.760423787,1,0,-1
1829152,1880352,0,0.647030906,0.043478261,351,0.090909091,0.5,0,-1
1829152,1880699,1,0.679246544,0.043478261,351,0.105263158,0.5,1,-1
1829152,1880702,1,0.679246544,0.043478261,351,0.105263158,0.5,1,-1
1829152,1880708,0,0.679246544,0.043478261,351,0.105263158,0.5,0,-1
1829152,1880817,0,0.647030906,0.043478261,351,0.090909091,0.5,0,-1
1829152,1880825,0,4.815185905,0.270833333,858,0.876623377,1,0,-1
1829152,1880850,0,4.815185905,0.270833333,858,0.876623377,1,0,-1
1829152,1881074,0,0.679246544,0.043478261,351,0.105263158,0.5,0,-1
1829152,1881172,0,0.647030906,0.043478261,351,0.090909091,0.5,0,-1
1829152,1881689,0,0.647030906,0.043478261,351,0.090909091,0.5,0,-1
1829152,1882472,0,0.647030906,0.034482759,819,0.090909091,0.5,0,-1
1829152,1885052,7,4.759778176,0.325,546,0.850649351,1,7,-1
1829152,1885313,7,4.759778176,0.325,546,0.850649351,1,7,-1
1829152,1885317,0,4.759778176,0.325,546,0.850649351,1,0,-1
1829152,1885741,0,4.759778176,0.325,546,0.850649351,1,0,-1
1829152,1885792,7,4.759778176,0.325,546,0.850649351,1,7,-1
1829152,1886571,4,1.821618223,0.075,156,0.571428571,1,4,-1
1829152,1886905,11,4.545743359,0.3,507,0.86013986,1,11,1
1829152,1896000,3,0.323515453,0.02173913,312,0.045454545,0.5,3,-1
1829152,1903241,11,4.545743359,0.3,507,0.86013986,1,11,-1
1829152,1924616,6,3.790362589,0.25,429,0.722146275,1,6,-1
1829152,1929109,2,0.323515453,0.02173913,312,0.045454545,0.5,2,-1
1829152,1929119,2,0.323515453,0.02173913,312,0.045454545,0.5,2,-1
1829152,1929480,6,3.790362589,0.25,429,0.722146275,1,6,-1
1829152,1929628,2,0.323515453,0.02173913,312,0.045454545,0.5,2,-1
1829152,1929669,3,0.323515453,0.02173913,312,0.045454545,0.5,3,-1
1829152,1929692,2,0.323515453,0.02173913,312,0.045454545,0.5,2,-1
1829163,1835022,6,2.790553133,0.714285714,36,0.833333333,1,6,-1
1829163,1858666,9,2.790553133,0.714285714,36,0.833333333,1,9,-1
1829163,1866914,6,2.790553133,0.714285714,36,0.833333333,1,6,-1
1829163,1880374,9,2.790553133,0.714285714,36,0.833333333,1,9,-1
1829163,1898771,6,2.790553133,0.714285714,36,0.833333333,1,6,-1
1829163,1907119,9,2.790553133,0.714285714,36,0.833333333,1,9,-1
1829172,1832944,2,1.076454548,0.333333333,15,0.311111111,1,2,-1
1829172,1833027,6,2.974269202,0.4,45,1.033333333,1,6,-1
1829172,1836802,0,2.808053881,0.666666667,25,0.944444444,1,0,-1
1829172,1858899,2,0.455119613,0.125,20,0.111111111,0.5,2,-1
1829172,1881857,0,0.455119613,0.125,20,0.111111111,0.5,0,-1
1829172,1882799,0,0.455119613,0.125,20,0.111111111,0.5,0,-1
1829172,1883606,0,0.455119613,0.125,20,0.111111111,0.5,0,-1
1829172,1935705,5,1.797802068,0.5,20,0.561111111,1,5,-1
1829172,1944113,3,1.797802068,0.5,20,0.561111111,1,3,-1
1829208,1829222,4,0.303413076,0.125,20,0.037037037,0.5,4,1
1829208,1829459,4,2.319124417,0.142857143,135,0.711111111,1,4,1
1829208,1829942,0,0.303413076,0.0625,60,0.037037037,0.5,0,-1
1829208,1830089,4,0.303413076,0.0625,60,0.037037037,0.5,4,-1
1829208,1831278,0,2.167417879,0.4,45,0.637037037,1,0,-1
1829208,1832739,0,0.303413076,0.071428571,50,0.037037037,0.5,0,-1
1829208,1833556,0,2.001202558,0.666666667,25,0.548148148,1,0,-1
1829208,1835593,2,0.303413076,0.090909091,35,0.037037037,0.5,2,-1
1829208,1836980,2,0.303413076,0.090909091,35,0.037037037,0.5,2,-1
1829208,1837036,2,0.303413076,0.071428571,50,0.037037037,0.5,2,-1
1829208,1841319,0,0.455119613,0.125,20,0.111111111,0.5,0,-1
1829208,1842668,0,0.303413076,0.111111111,25,0.037037037,0.5,0,-1
1829208,1846328,2,0.303413076,0.090909091,35,0.037037037,0.5,2,-1
1829208,1847613,0,0.455119613,0.125,20,0.111111111,0.5,0,-1
1829208,1847880,0,0.303413076,0.111111111,25,0.037037037,0.5,0,-1
1829208,1853972,0,2.001202558,0.666666667,25,0.548148148,1,0,-1
1829208,1854319,4,2.001202558,0.666666667,25,0.548148148,1,4,-1
1829208,1855421,4,0.303413076,0.090909091,35,0.037037037,0.5,4,-1
1829208,1868603,4,0.303413076,0.071428571,50,0.037037037,0.5,4,-1
1829208,1870427,0,0.455119613,0.125,20,0.111111111,0.5,0,-1
1829208,1888391,0,0.303413076,0.111111111,25,0.037037037,0.5,0,-1
1829208,1907532,2,0.303413076,0.090909091,35,0.037037037,0.5,2,-1
1829208,1920860,2,0.303413076,0.071428571,50,0.037037037,0.5,2,-1
1829208,1934076,2,0.303413076,0.071428571,50,0.037037037,0.5,2,-1
1829208,1934755,4,0.303413076,0.071428571,50,0.037037037,0.5,4,-1
1829208,1942345,2,0.303413076,0.071428571,50,0.037037037,0.5,2,-1
1829222,1829459,5,1.526206729,0.107142857,108,0.416666667,1,5,1
1829222,1829942,0,1.4271902,0.230769231,48,0.37037037,1,0,-1
1829222,1830089,5,1.4271902,0.230769231,48,0.37037037,1,5,-1
1829222,1831278,0,0.303413076,0.083333333,36,0.037037037,0.5,0,-1
1829222,1832739,0,0.303413076,0.076923077,40,0.037037037,0.5,0,-1
1829222,1833556,0,0.303413076,0.125,20,0.037037037,0.5,0,-1
1829222,1835593,3,1.108272284,0.375,28,0.203703704,0.5,3,-1
1829222,1836980,3,1.108272284,0.375,28,0.203703704,0.5,3,-1
1829222,1837036,2,0.303413076,0.076923077,40,0.037037037,0.5,2,-1
1829222,1842668,0,1.108272284,0.5,20,0.203703704,0.5,0,-1
1829222,1846328,3,1.108272284,0.375,28,0.203703704,0.5,3,-1
1829222,1847880,0,1.108272284,0.5,20,0.203703704,0.5,0,-1
1829222,1853972,0,0.303413076,0.125,20,0.037037037,0.5,0,-1
1829222,1854319,4,0.303413076,0.125,20,0.037037037,0.5,4,-1
1829222,1855421,6,1.108272284,0.375,28,0.203703704,0.5,6,-1
1829222,1868603,4,0.303413076,0.076923077,40,0.037037037,0.5,4,-1
1829222,1888391,0,1.108272284,0.5,20,0.203703704,0.5,0,-1
1829222,1907532,3,1.108272284,0.375,28,0.203703704,0.5,3,-1
1829222,1920860,2,0.303413076,0.076923077,40,0.037037037,0.5,2,-1
1829222,1934076,2,0.303413076,0.076923077,40,0.037037037,0.5,2,-1
1829222,1934755,4,0.303413076,0.076923077,40,0.037037037,0.5,4,-1
1829222,1942345,2,0.303413076,0.076923077,40,0.037037037,0.5,2,-1
1829235,1829358,1,0.605864657,0.058823529,320,0.073924731,0.5,1,-1
1829235,1830132,0,2.837492454,0.24137931,320,0.605962546,1,0,-1
1829235,1832134,0,0.72134752,0.074074074,180,0.125,0.5,0,-1
1829235,1833093,0,3.529552882,0.222222222,480,0.841081594,1,0,-1
1829235,1833484,0,3.221617518,0.186046512,620,0.677871148,1,0,-1
1829235,1833505,8,5.017461468,0.48,340,1.115591398,1,8,-1
1829235,1835863,0,0.605864657,0.0625,280,0.073924731,0.5,0,-1
1829235,1836925,0,0.72134752,0.086956522,100,0.125,0.5,0,-1
1829235,1837011,0,0.72134752,0.076923077,160,0.125,0.5,0,-1
1829235,1838064,0,2.170369529,0.260869565,180,0.382748261,0.5,0,-1
1829235,1838543,0,3.072105839,0.333333333,160,0.725490196,1,0,-1
1829235,1840384,4,0.72134752,0.076923077,160,0.125,0.5,4,-1
1829235,1840421,2,1.270912987,0.058823529,320,0.395833333,1,2,1
1829235,1843105,0,2.170369529,0.260869565,180,0.382748261,0.5,0,-1
1829235,1849070,0,1.270912987,0.058823529,320,0.395833333,1,0,-1
1829235,1850116,1,0.605864657,0.0625,280,0.073924731,0.5,1,-1
1829235,1850145,2,0.605864657,0.052631579,400,0.073924731,0.5,2,-1
1829235,1850515,8,3.072105839,0.333333333,160,0.725490196,1,8,-1
1829235,1853412,0,0.291206676,0.03125,260,0.032258065,0.5,0,-1
1829235,1854505,0,1.442695041,0.047619048,40,0.5,1,0,-1
1829235,1854967,2,0.605864657,0.0625,280,0.073924731,0.5,2,-1
1829235,1854987,4,2.170369529,0.260869565,180,0.382748261,0.5,4,-1
1829235,1855704,0,0.291206676,0.033333333,220,0.032258065,0.5,0,-1
1829235,1856759,0,0.605864657,0.046511628,500,0.073924731,0.5,0,-1
1829235,1856892,0,0.291206676,0.04,120,0.032258065,0.5,0,-1
1829235,1863431,6,3.20637503,0.173076923,820,0.549414927,0.5,6,-1
1829235,1864125,8,3.072105839,0.333333333,160,0.725490196,1,8,-1
1829235,1864624,0,0.72134752,0.090909091,80,0.125,0.5,0,-1
1829235,1865754,0,2.837492454,0.24137931,320,0.605962546,1,0,-1
1829235,1870837,2,0.72134752,0.044444444,540,0.125,0.5,2,-1
1829235,1871987,0,2.79573661,0.28,240,0.585129213,1,0,-1
1829235,1872579,0,0.605864657,0.0625,280,0.073924731,0.5,0,-1
1829235,1873192,0,0.72134752,0.086956522,100,0.125,0.5,0,-1
1829235,1879614,0,0.72134752,0.086956522,100,0.125,0.5,0,-1
1829235,1879828,0,0.72134752,0.086956522,100,0.125,0.5,0,-1
1829235,1880320,0,0.72134752,0.095238095,60,0.125,1,0,-1
1829235,1880435,0,0.72134752,0.086956522,100,0.125,0.5,0,-1
1829235,1882308,0,2.331311748,0.285714286,140,0.466781874,1,0,-1
1829235,1882884,0,2.79573661,0.28,240,0.585129213,1,0,-1
1829235,1883730,0,2.331311748,0.285714286,140,0.466781874,1,0,-1
1829235,1884484,0,0.72134752,0.076923077,160,0.125,0.5,0,-1
1829235,1885090,0,0.291206676,0.04,120,0.032258065,0.5,0,-1
1829235,1885568,0,0.72134752,0.076923077,160,0.125,0.5,0,-1
1829235,1885962,0,0.72134752,0.076923077,160,0.125,0.5,0,-1
1829235,1885975,0,0.72134752,0.076923077,160,0.125,0.5,0,-1
1829235,1886924,0,0.31465798,0.043478261,80,0.041666667,0.5,0,-1
1829235,1888879,2,0.605864657,0.0625,280,0.073924731,0.5,2,-1
1829235,1893326,0,0.291206676,0.032258065,240,0.032258065,0.5,0,-1
1829235,1896254,2,0.605864657,0.0625,280,0.073924731,0.5,2,-1
1829235,1896733,0,0.605864657,0.0625,280,0.073924731,0.5,0,-1
1829235,1899807,2,1.442695041,0.047619048,40,0.5,1,2,-1
1829235,1902691,2,0.72134752,0.090909091,80,0.125,0.5,2,-1
1829235,1903029,1,0.31465798,0.043478261,80,0.041666667,0.5,1,-1
1829235,1905225,0,0.605864657,0.0625,280,0.073924731,0.5,0,-1
1829235,1914218,0,0.72134752,0.090909091,80,0.125,0.5,0,-1
1829235,1930831,8,3.072105839,0.333333333,160,0.725490196,1,8,-1
1829235,1934377,0,3.072105839,0.333333333,160,0.725490196,1,0,-1
1829235,1935420,0,3.072105839,0.333333333,160,0.725490196,1,0,-1
1829238,1834592,0,0.910239227,0.333333333,4,0.333333333,1,0,-1
1829238,1867576,0,1.442695041,0.25,6,0.5,1,0,-1
1829238,1929352,0,0.910239227,0.5,2,0.333333333,0.5,0,-1
1829239,1847228,0,2.164042561,0.6,16,0.75,1,0,-1
1829239,1847502,0,2.164042561,0.6,16,0.75,1,0,-1
1829239,1847520,0,2.164042561,0.6,16,0.75,1,0,-1
1829239,1849887,0,2.164042561,0.6,16,0.75,1,0,-1
1829251,1829456,2,0,0,5,0,1,2,-1
1829251,1907881,2,0.621334935,0.25,4,0.2,0.5,2,-1
1829251,1924924,4,0.621334935,0.25,4,0.2,0.5,4,-1
1829251,1929335,4,0.621334935,0.25,4,0.2,0.5,4,-1
1829251,1933866,4,0.621334935,0.25,4,0.2,0.5,4,-1
1829337,1831550,0,0.558110627,0.2,9,0.166666667,0.5,0,-1
1829337,1841038,0,0.558110627,0.2,9,0.166666667,0.5,0,-1
1829337,1842066,0,0.558110627,0.2,9,0.166666667,0.5,0,-1
1829337,1845849,0,1.468349853,0.5,9,0.5,1,0,-1
1829337,1849691,0,1.820478453,0.285714286,18,0.666666667,1,0,-1
1829337,1886807,0,1.468349853,0.5,9,0.5,1,0,-1
1829351,1832541,0,2.164042561,0.375,28,0.75,1,0,-1
1829351,1856719,0,0.513898342,0.166666667,12,0.142857143,0.5,0,-1
1829351,1870680,0,1.956593383,0.6,16,0.642857143,1,0,-1
1829351,1924997,0,0.513898342,0.166666667,12,0.142857143,0.5,0,-1
1829351,1925001,0,0.513898342,0.166666667,12,0.142857143,0.5,0,-1
1829351,1925430,0,1.956593383,0.6,16,0.642857143,1,0,-1
1829351,1925870,0,1.956593383,0.6,16,0.642857143,1,0,-1
1829352,1837512,0,3.640956907,0.8,81,0.888888889,1,0,-1
1829352,1839160,0,3.640956907,0.8,81,0.888888889,1,0,-1
1829352,1839166,0,3.640956907,0.8,81,0.888888889,1,0,-1
1829352,1839670,0,3.640956907,0.8,81,0.888888889,1,0,-1
1829352,1839680,0,3.640956907,0.8,81,0.888888889,1,0,-1
1829352,1839684,0,3.640956907,0.8,81,0.888888889,1,0,1
1829352,1866157,2,3.640956907,0.8,81,0.888888889,1,2,-1
1829352,1867296,0,3.640956907,0.8,81,0.888888889,1,0,-1
1829352,1873844,0,3.640956907,0.8,81,0.888888889,1,0,1
1829358,1829448,3,0.603090709,0.095238095,112,0.074390244,0.5,3,-1
1829358,1830132,0,0.560489184,0.066666667,256,0.056648308,0.5,0,-1
1829358,1832134,0,0.269282508,0.041666667,144,0.024390244,0.5,0,-1
1829358,1833093,0,6.057968528,0.6,384,1.289505451,1,0,-1
1829358,1833484,0,4.638724792,0.382352941,496,0.798914053,1,0,-1
1829358,1833505,2,0.875147165,0.1,272,0.098314975,0.5,2,-1
1829358,1833954,0,0.310667467,0.033333333,240,0.04,0.5,0,-1
1829358,1835863,0,4.551008286,0.764705882,224,0.759743547,1,0,-1
1829358,1837011,0,0.269282508,0.043478261,128,0.024390244,0.5,0,-1
1829358,1838064,0,0.560489184,0.086956522,144,0.056648308,0.5,0,-1
1829358,1838543,0,0.31465798,0.043478261,128,0.041666667,0.5,0,-1
1829358,1840384,2,0.269282508,0.043478261,128,0.024390244,0.5,2,-1
1829358,1840421,2,0.269282508,0.032258065,256,0.024390244,0.5,2,-1
1829358,1843105,0,0.560489184,0.086956522,144,0.056648308,0.5,0,-1
1829358,1845379,3,0.603090709,0.095238095,112,0.074390244,0.5,3,-1
1829358,1849070,0,0.269282508,0.032258065,256,0.024390244,0.5,0,-1
1829358,1850116,7,4.551008286,0.764705882,224,0.759743547,1,7,-1
1829358,1850125,3,0.603090709,0.095238095,112,0.074390244,0.5,3,-1
1829358,1850145,6,4.596123267,0.565217391,320,0.781172118,1,6,-1
1829358,1850515,1,0.31465798,0.043478261,128,0.041666667,0.5,1,-1
1829358,1853412,0,0.291206676,0.035714286,208,0.032258065,0.5,0,-1
1829358,1854967,6,4.551008286,0.764705882,224,0.759743547,1,6,-1
1829358,1854987,2,0.560489184,0.086956522,144,0.056648308,0.5,2,-1
1829358,1855661,0,0.310667467,0.037037037,192,0.04,0.5,0,-1
1829358,1855704,0,0.601874143,0.08,176,0.072258065,0.5,0,-1
1829358,1856759,0,4.619264001,0.464285714,400,0.791172118,1,0,-1
1829358,1856892,0,0.291206676,0.047619048,96,0.032258065,0.5,0,-1
1829358,1863431,7,6.103344001,0.357142857,656,1.306781874,1,7,-1
1829358,1864125,1,0.31465798,0.043478261,128,0.041666667,0.5,1,-1
1829358,1864624,0,0.269282508,0.052631579,64,0.024390244,0.5,0,-1
1829358,1865754,0,0.560489184,0.066666667,256,0.056648308,0.5,0,-1
1829358,1871987,0,0.560489184,0.076923077,192,0.056648308,0.5,0,-1
1829358,1872579,0,4.551008286,0.764705882,224,0.759743547,1,0,-1
1829358,1877781,0,0.310667467,0.038461538,176,0.04,0.5,0,-1
1829358,1877786,0,0.310667467,0.045454545,112,0.04,0.5,0,-1
1829358,1877791,0,0.310667467,0.045454545,112,0.04,0.5,0,-1
1829358,1878011,0,0.310667467,0.045454545,112,0.04,0.5,0,-1
1829358,1878502,0,0.310667467,0.045454545,112,0.04,0.5,0,-1
1829358,1878612,0,0.310667467,0.045454545,112,0.04,0.5,0,-1
1829358,1880435,0,0.269282508,0.05,80,0.024390244,0.5,0,-1
1829358,1882308,0,0.291206676,0.045454545,112,0.032258065,0.5,0,-1
1829358,1882884,0,0.560489184,0.076923077,192,0.056648308,0.5,0,-1
1829358,1883730,0,0.291206676,0.045454545,112,0.032258065,0.5,0,-1
1829358,1884221,3,0.603090709,0.095238095,112,0.074390244,0.5,3,-1
1829358,1884484,0,0.269282508,0.043478261,128,0.024390244,0.5,0,-1
1829358,1884533,3,0.603090709,0.095238095,112,0.074390244,0.5,3,-1
1829358,1885090,0,0.291206676,0.047619048,96,0.032258065,0.5,0,-1
1829358,1885543,3,0.603090709,0.095238095,112,0.074390244,0.5,3,-1
1829358,1885568,0,0.269282508,0.043478261,128,0.024390244,0.5,0,-1
1829358,1885962,0,0.269282508,0.043478261,128,0.024390244,0.5,0,-1
1829358,1885975,0,0.269282508,0.043478261,128,0.024390244,0.5,0,-1
1829358,1886924,0,1.305288009,0.176470588,64,0.316056911,1,0,-1
1829358,1888879,6,4.551008286,0.764705882,224,0.759743547,1,6,-1
1829358,1893326,0,0.291206676,0.037037037,192,0.032258065,0.5,0,-1
1829358,1896254,6,4.551008286,0.764705882,224,0.759743547,1,6,-1
1829358,1896733,0,4.551008286,0.764705882,224,0.759743547,1,0,-1
1829358,1903029,3,1.305288009,0.176470588,64,0.316056911,1,3,-1
1829358,1905225,0,4.551008286,0.764705882,224,0.759743547,1,0,-1
1829358,1905337,0,0.310667467,0.05,80,0.04,0.5,0,-1
1829358,1929239,0,0.310667467,0.05,80,0.04,0.5,0,-1
1829358,1930831,1,0.31465798,0.043478261,128,0.041666667,0.5,1,-1
1829358,1934377,0,0.31465798,0.043478261,128,0.041666667,0.5,0,-1
1829358,1935420,0,0.31465798,0.043478261,128,0.041666667,0.5,0,-1
1829362,1831429,2,0.339623272,0.1,30,0.052631579,0.5,2,-1
1829362,1834597,6,2.790553133,0.25,114,0.833333333,1,6,-1
1829362,1837364,2,0.339623272,0.076923077,48,0.052631579,0.5,2,-1
1829362,1852324,0,0.339623272,0.05,90,0.052631579,0.5,0,-1
1829362,1867534,6,2.572065778,0.714285714,36,0.719298246,1,6,-1
1829362,1872321,2,0.339623272,0.032258065,156,0.052631579,0.5,2,-1
1829362,1877509,0,0.339623272,0.041666667,114,0.052631579,0.5,0,-1
1829362,1878589,0,0.339623272,0.071428571,54,0.052631579,0.5,0,-1
1829362,1878605,0,0.339623272,0.071428571,54,0.052631579,0.5,0,-1
1829362,1878616,0,0.339623272,0.071428571,54,0.052631579,0.5,0,-1
1829362,1878759,0,0.339623272,0.071428571,54,0.052631579,0.5,0,-1
1829362,1879747,2,0.339623272,0.076923077,48,0.052631579,0.5,2,-1
1829362,1880318,2,0.339623272,0.090909091,36,0.052631579,0.5,2,-1
1829362,1880688,2,0.339623272,0.1,30,0.052631579,0.5,2,-1
1829362,1880731,2,0.339623272,0.1,30,0.052631579,0.5,2,-1
1829362,1891679,6,2.572065778,0.714285714,36,0.719298246,1,6,-1
1829362,1899921,7,2.572065778,0.714285714,36,0.719298246,1,7,-1
1829362,1908443,6,2.572065778,0.714285714,36,0.719298246,1,6,-1
1829362,1908448,6,2.572065778,0.714285714,36,0.719298246,1,6,-1
1829374,1860011,2,2.485339738,0.666666667,25,0.8,1,2,-1
1829374,1861128,3,2.485339738,0.666666667,25,0.8,1,3,1
1829374,1877276,0,2.485339738,0.666666667,25,0.8,1,0,-1
1829374,1877551,0,2.485339738,0.666666667,25,0.8,1,0,-1
1829375,1842471,7,3.083390054,0.75,49,0.857142857,1,7,-1
1829375,1889688,7,3.083390054,0.75,49,0.857142857,1,7,-1
1829375,1889698,7,3.083390054,0.75,49,0.857142857,1,7,-1
1829375,1889708,7,3.083390054,0.75,49,0.857142857,1,7,-1
1829375,1889966,7,3.083390054,0.75,49,0.857142857,1,7,-1
1829375,1898704,9,3.083390054,0.75,49,0.857142857,1,9,-1
1829375,1906183,9,3.083390054,0.75,49,0.857142857,1,9,-1
1829422,1830737,5,2.485339738,0.666666667,25,0.8,1,5,-1
1829422,1849857,5,2.485339738,0.666666667,25,0.8,1,5,-1
1829422,1935894,5,2.485339738,0.666666667,25,0.8,1,5,-1
1829422,1936382,5,2.485339738,0.666666667,25,0.8,1,5,-1
1829422,1943205,5,2.485339738,0.666666667,25,0.8,1,5,-1
1829437,1832506,5,2.485339738,0.666666667,25,0.8,1,5,1
1829437,1850261,0,2.485339738,0.666666667,25,0.8,1,0,1
1829437,1868442,5,2.485339738,0.666666667,25,0.8,1,5,-1
1829437,1896924,0,2.485339738,0.666666667,25,0.8,1,0,-1
1829437,1934294,3,2.485339738,0.666666667,25,0.8,1,3,-1
1829448,1830132,0,0.269282508,0.045454545,112,0.024390244,0.5,0,-1
1829448,1832134,0,0.269282508,0.066666667,63,0.024390244,0.5,0,-1
1829448,1833093,0,0.603090709,0.068965517,168,0.074390244,0.5,0,-1
1829448,1833484,0,0.603090709,0.055555556,217,0.074390244,0.5,0,-1
1829448,1833505,4,0.269282508,0.043478261,119,0.024390244,0.5,4,-1
1829448,1835863,0,0.603090709,0.105263158,98,0.074390244,0.5,0,-1
1829448,1837011,0,0.269282508,0.071428571,56,0.024390244,0.5,0,-1
1829448,1838064,0,0.269282508,0.066666667,63,0.024390244,0.5,0,-1
1829448,1840384,4,0.269282508,0.071428571,56,0.024390244,0.5,4,-1
1829448,1840421,4,0.269282508,0.045454545,112,0.024390244,0.5,4,1
1829448,1843105,0,0.269282508,0.066666667,63,0.024390244,0.5,0,-1
1829448,1845379,12,2.658684078,0.75,49,0.645818815,1,12,-1
1829448,1849070,0,0.269282508,0.045454545,112,0.024390244,0.5,0,-1
1829448,1850116,3,0.603090709,0.105263158,98,0.074390244,0.5,3,-1
1829448,1850125,12,2.658684078,0.75,49,0.645818815,1,12,-1
1829448,1850145,12,2.83877422,0.285714286,140,0.738675958,1,12,-1
1829448,1854967,6,0.603090709,0.105263158,98,0.074390244,0.5,6,-1
1829448,1854987,4,0.269282508,0.066666667,63,0.024390244,0.5,4,-1
1829448,1856759,0,0.603090709,0.066666667,175,0.074390244,0.5,0,-1
1829448,1863431,12,2.903299913,0.142857143,287,0.764285714,1,12,-1
1829448,1864624,0,0.269282508,0.1,28,0.024390244,0.5,0,-1
1829448,1865754,0,0.269282508,0.045454545,112,0.024390244,0.5,0,-1
1829448,1871987,0,0.269282508,0.055555556,84,0.024390244,0.5,0,-1
1829448,1872579,0,0.603090709,0.105263158,98,0.074390244,0.5,0,-1
1829448,1880435,0,0.269282508,0.090909091,35,0.024390244,0.5,0,-1
1829448,1882884,0,0.269282508,0.055555556,84,0.024390244,0.5,0,-1
1829448,1884221,12,2.658684078,0.75,49,0.645818815,1,12,-1
1829448,1884484,0,0.269282508,0.071428571,56,0.024390244,0.5,0,-1
1829448,1884533,7,2.658684078,0.75,49,0.645818815,1,7,-1
1829448,1885543,7,2.658684078,0.75,49,0.645818815,1,7,-1
1829448,1885568,0,0.269282508,0.071428571,56,0.024390244,0.5,0,-1
1829448,1885962,0,0.269282508,0.071428571,56,0.024390244,0.5,0,-1
1829448,1885975,0,0.269282508,0.071428571,56,0.024390244,0.5,0,-1
1829448,1886924,0,0.269282508,0.1,28,0.024390244,0.5,0,-1
1829448,1888879,6,0.603090709,0.105263158,98,0.074390244,0.5,6,-1
1829448,1896254,6,0.603090709,0.105263158,98,0.074390244,0.5,6,-1
1829448,1896733,0,0.603090709,0.105263158,98,0.074390244,0.5,0,-1
1829448,1903029,2,0.269282508,0.1,28,0.024390244,0.5,2,-1
1829448,1905225,0,0.603090709,0.105263158,98,0.074390244,0.5,0,-1
1829453,1847813,3,2.485339738,0.666666667,25,0.8,1,3,-1
1829453,1878027,3,2.485339738,0.666666667,25,0.8,1,3,-1
1829453,1878565,0,2.485339738,0.666666667,25,0.8,1,0,-1
1829453,1879070,0,2.485339738,0.666666667,25,0.8,1,0,-1
1829453,1879258,3,2.485339738,0.666666667,25,0.8,1,3,-1
1829456,1907881,4,2.164042561,0.5,20,0.75,1,4,-1
1829456,1924924,7,2.164042561,0.5,20,0.75,1,7,-1
1829456,1929335,7,2.164042561,0.5,20,0.75,1,7,-1
1829456,1933866,7,2.164042561,0.5,20,0.75,1,7,-1
1829459,1829942,0,6.278621161,0.392857143,324,1.897619048,1,0,1
1829459,1830089,11,6.278621161,0.392857143,324,1.897619048,1,11,1
1829459,1831278,0,2.485339738,0.125,243,0.8,1,0,-1
1829459,1832739,0,3.835029615,0.321428571,270,0.8625,1,0,-1
1829459,1833556,0,2.319124417,0.142857143,135,0.711111111,1,0,-1
1829459,1835593,6,2.860452578,0.214285714,189,0.738095238,1,6,-1
1829459,1836980,6,2.860452578,0.214285714,189,0.738095238,1,6,-1
1829459,1837036,6,3.835029615,0.321428571,270,0.8625,1,6,-1
1829459,1841319,0,0.455119613,0.033333333,108,0.111111111,0.5,0,-1
1829459,1842668,0,2.047529078,0.142857143,135,0.566666667,1,0,-1
1829459,1843273,0,0.36067376,0.03125,162,0.0625,0.5,0,-1
1829459,1846328,6,2.860452578,0.214285714,189,0.738095238,1,6,-1
1829459,1847613,0,0.455119613,0.033333333,108,0.111111111,0.5,0,-1
1829459,1847880,0,2.047529078,0.142857143,135,0.566666667,1,0,1
1829459,1853972,0,2.319124417,0.142857143,135,0.711111111,1,0,-1
1829459,1854319,4,2.319124417,0.142857143,135,0.711111111,1,4,-1
1829459,1855421,8,2.860452578,0.214285714,189,0.738095238,1,8,-1
1829459,1868603,8,3.835029615,0.321428571,270,0.8625,1,8,1
1829459,1870427,0,0.455119613,0.033333333,108,0.111111111,0.5,0,-1
1829459,1878218,0,0.36067376,0.03125,162,0.0625,0.5,0,-1
1829459,1878596,0,0.36067376,0.03125,162,0.0625,0.5,0,-1
1829459,1878599,0,0.36067376,0.03125,162,0.0625,0.5,0,-1
1829459,1879286,0,0.36067376,0.025,378,0.0625,0.5,0,-1
1829459,1888391,0,2.047529078,0.142857143,135,0.566666667,1,0,-1
1829459,1907532,6,2.860452578,0.214285714,189,0.738095238,1,6,-1
1829459,1920860,6,3.835029615,0.321428571,270,0.8625,1,6,-1
1829459,1934076,6,3.835029615,0.321428571,270,0.8625,1,6,-1
1829459,1934755,8,3.835029615,0.321428571,270,0.8625,1,8,-1
1829459,1942345,6,3.835029615,0.321428571,270,0.8625,1,6,-1
1829465,1844219,3,0.779742491,0.166666667,45,0.153846154,0.5,3,-1
1829465,1846547,9,3.575708538,0.571428571,117,0.854700855,1,9,1
1829465,1850021,16,3.575708538,0.571428571,117,0.854700855,1,16,1
1829465,1872195,16,3.51046017,0.8,81,0.820512821,1,16,-1
1829465,1879114,16,3.51046017,0.8,81,0.820512821,1,16,-1
1829465,1879280,16,3.51046017,0.8,81,0.820512821,1,16,-1
1829465,1879781,16,3.51046017,0.8,81,0.820512821,1,16,-1
1829465,1879787,16,3.51046017,0.8,81,0.820512821,1,16,-1
1829465,1879800,9,3.51046017,0.8,81,0.820512821,1,9,-1
1829465,1880041,16,3.51046017,0.8,81,0.820512821,1,16,-1
1829465,1922857,3,0.779742491,0.166666667,45,0.153846154,0.5,3,-1
1829465,1923683,3,0.779742491,0.166666667,45,0.153846154,0.5,3,-1
1829465,1924403,3,0.779742491,0.166666667,45,0.153846154,0.5,3,-1
1829486,1837671,2,0.455119613,0.125,20,0.111111111,0.5,2,-1
1829486,1874623,3,2.164042561,0.3,36,0.75,1,3,-1
1829486,1875900,0,1.897814654,0.6,16,0.611111111,1,0,-1
1829486,1884190,2,0.455119613,0.125,20,0.111111111,0.5,2,-1
1829486,1884466,2,0.455119613,0.125,20,0.111111111,0.5,2,-1
1829486,1884794,2,0.455119613,0.125,20,0.111111111,0.5,2,-1
1829486,1884810,2,0.455119613,0.125,20,0.111111111,0.5,2,-1
1829486,1910810,3,1.897814654,0.6,16,0.611111111,1,3,-1
1829486,1912673,3,1.897814654,0.6,16,0.611111111,1,3,-1
1829506,1831939,2,1.820478453,0.166666667,33,0.666666667,1,2,-1
1829506,1859091,2,0.417032391,0.1,24,0.090909091,0.5,2,-1
1829506,1880683,0,0.417032391,0.0625,42,0.090909091,0.5,0,-1
1829506,1887482,0,1.327271618,0.5,9,0.424242424,1,0,-1
1829506,1890840,2,0.417032391,0.1,24,0.090909091,0.5,2,-1
1829506,1891398,0,0.417032391,0.1,24,0.090909091,0.5,0,-1
1829506,1895310,2,1.327271618,0.5,9,0.424242424,1,2,-1
1829506,1898457,0,0.417032391,0.1,24,0.090909091,0.5,0,-1
1829506,1899239,2,0.417032391,0.1,24,0.090909091,0.5,2,-1
1829506,1907153,0,0.417032391,0.1,24,0.090909091,0.5,0,-1
1829506,1907168,0,0.417032391,0.1,24,0.090909091,0.5,0,-1
1829516,1934092,1,0,0,1,0,1,1,-1
1829530,1830661,7,3.319684564,0.777777778,64,0.85,1,7,-1
1829530,1835028,7,3.366288429,0.636363636,80,0.875,1,7,-1
1829530,1837705,7,3.319684564,0.777777778,64,0.85,1,7,-1
1829530,1865723,2,0.434294482,0.111111111,16,0.1,0.5,2,-1
1829530,1897141,7,3.319684564,0.777777778,64,0.85,1,7,-1
1829530,1897154,7,3.319684564,0.777777778,64,0.85,1,7,-1
1829530,1907183,0,3.319684564,0.777777778,64,0.85,1,0,-1
1829530,1929997,0,0.434294482,0.111111111,16,0.1,0.5,0,-1
1829534,1829623,3,1.820478453,0.5,9,0.666666667,1,3,-1
1829534,1861532,5,1.820478453,0.5,9,0.666666667,1,5,-1
1829534,1878008,5,1.820478453,0.5,9,0.666666667,1,5,-1
1829541,1843196,2,1.442695041,0.333333333,4,0.5,1,2,-1
1829541,1888414,0,1.442695041,0.333333333,4,0.5,1,0,-1
1829576,1830046,2,1.468349853,0.285714286,18,0.5,1,2,-1
1829576,1832097,0,2.000805667,0.428571429,24,0.666666667,1,0,-1
1829576,1834079,2,1.468349853,0.285714286,18,0.5,1,2,-1
1829576,1840053,0,3.984521015,0.714285714,36,1.416666667,1,0,-1
1829576,1840056,2,2.000805667,0.428571429,24,0.666666667,1,2,-1
1829576,1942690,2,2.000805667,0.428571429,24,0.666666667,1,2,-1
1829590,1831133,4,0.480898347,0.142857143,15,0.125,0.5,4,-1
1829590,1887700,7,2.344903151,0.666666667,25,0.725,1,7,-1
1829590,1888155,0,0.480898347,0.142857143,15,0.125,0.5,0,-1
1829590,1895531,7,2.485339738,0.444444444,40,0.8,1,7,-1
1829590,1895621,0,2.344903151,0.666666667,25,0.725,1,0,-1
1829590,1896596,4,2.344903151,0.666666667,25,0.725,1,4,-1
1829590,1903669,7,2.344903151,0.666666667,25,0.725,1,7,-1
1829590,1915789,2,0.480898347,0.111111111,25,0.125,0.5,2,-1
1829601,1859209,0,2.790553133,0.714285714,36,0.833333333,1,0,-1
1829601,1883599,5,2.790553133,0.714285714,36,0.833333333,1,5,-1
1829601,1883655,5,2.790553133,0.714285714,36,0.833333333,1,5,-1
1829601,1884086,6,2.790553133,0.714285714,36,0.833333333,1,6,-1
1829601,1884674,5,2.790553133,0.714285714,36,0.833333333,1,5,-1
1829601,1885153,5,2.790553133,0.714285714,36,0.833333333,1,5,-1
1829623,1861532,3,1.820478453,0.5,9,0.666666667,1,3,-1
1829623,1878008,3,1.820478453,0.5,9,0.666666667,1,3,-1
1829717,1837757,0,0,0,1,0,1,0,1
1829789,1830292,5,2.135491393,0.4,45,0.614285714,1,5,-1
1829789,1831240,2,0.378923182,0.076923077,45,0.071428571,0.5,2,-1
1829789,1832348,3,0.513898342,0.166666667,10,0.142857143,0.5,3,-1
1829789,1837043,2,0.378923182,0.076923077,45,0.071428571,0.5,2,1
1829789,1845892,5,1.969276072,0.666666667,25,0.525396825,1,5,-1
1829789,1849032,3,0.513898342,0.166666667,10,0.142857143,0.5,3,-1
1829789,1850605,6,2.211687825,0.266666667,70,0.653968254,1,6,1
1829789,1851396,5,2.076712664,0.5,35,0.582539683,1,5,-1
1829789,1860531,2,0.378923182,0.058823529,65,0.071428571,0.5,2,-1
1829789,1867099,5,1.969276072,0.666666667,25,0.525396825,1,5,-1
1829789,1889060,2,0.455119613,0.125,20,0.111111111,0.5,2,-1
1829789,1896429,2,0.455119613,0.125,20,0.111111111,0.5,2,-1
1829789,1896884,2,0.455119613,0.125,20,0.111111111,0.5,2,-1
1829789,1896894,2,0.455119613,0.125,20,0.111111111,0.5,2,-1
1829789,1925388,0,0.378923182,0.076923077,45,0.071428571,0.5,0,-1
1829789,1925402,0,0.378923182,0.076923077,45,0.071428571,0.5,0,-1
1829789,1925458,2,0.378923182,0.076923077,45,0.071428571,0.5,2,-1
1829789,1929405,2,0.378923182,0.076923077,45,0.071428571,0.5,2,-1
1829789,1934336,2,0.378923182,0.076923077,45,0.071428571,0.5,2,-1
1829815,1829820,6,2.959362957,0.75,49,0.791208791,1,6,-1
1829815,1832258,6,2.959362957,0.75,49,0.791208791,1,6,-1
1829815,1832620,2,0.389871245,0.1,28,0.076923077,0.5,2,-1
1829815,1833601,0,0.389871245,0.071428571,56,0.076923077,0.5,0,-1
1829815,1834898,6,3.083390054,0.428571429,91,0.857142857,1,6,-1
1829815,1837009,6,2.959362957,0.75,49,0.791208791,1,6,-1
1829815,1864538,6,2.959362957,0.75,49,0.791208791,1,6,-1
1829815,1878109,0,0.389871245,0.125,14,0.076923077,0.5,0,-1
1829815,1882672,6,2.959362957,0.75,49,0.791208791,1,6,-1
1829815,1883714,0,2.959362957,0.75,49,0.791208791,1,0,-1
1829820,1832258,8,2.959362957,0.75,49,0.791208791,1,8,-1
1829820,1832620,2,0.389871245,0.1,28,0.076923077,0.5,2,-1
1829820,1833601,0,0.389871245,0.071428571,56,0.076923077,0.5,0,-1
1829820,1834898,6,3.083390054,0.428571429,91,0.857142857,1,6,-1
1829820,1837009,6,2.959362957,0.75,49,0.791208791,1,6,-1
1829820,1864538,8,2.959362957,0.75,49,0.791208791,1,8,-1
1829820,1878109,0,0.389871245,0.125,14,0.076923077,0.5,0,-1
1829820,1882672,6,2.959362957,0.75,49,0.791208791,1,6,-1
1829820,1883714,0,2.959362957,0.75,49,0.791208791,1,0,-1
1829822,1842253,0,0.738538746,0.2,35,0.133333333,0.5,0,-1
1829822,1853393,4,2.459725902,0.75,49,0.526190476,1,4,-1
1829822,1868582,0,0.738538746,0.222222222,28,0.133333333,0.5,0,-1
1829822,1876547,0,2.57119464,0.461538462,84,0.585714286,1,0,-1
1829822,1879457,0,1.945827559,0.263157895,119,0.383333333,0.5,0,-1
1829822,1883246,0,0.738538746,0.2,35,0.133333333,0.5,0,-1
1829822,1883254,0,2.604354871,0.375,105,0.602380952,1,0,-1
1829822,1883996,0,2.604354871,0.375,105,0.602380952,1,0,-1
1829822,1924220,0,2.57119464,0.461538462,84,0.585714286,1,0,-1
1829822,1928844,0,1.945827559,0.454545455,63,0.383333333,0.5,0,-1
1829822,1928951,0,1.945827559,0.454545455,63,0.383333333,0.5,0,-1
1829822,1928953,0,1.945827559,0.454545455,63,0.383333333,0.5,0,-1
1829822,1933744,0,2.57119464,0.461538462,84,0.585714286,1,0,-1
1829822,1933867,0,1.945827559,0.454545455,63,0.383333333,0.5,0,-1
1829822,1944183,4,2.459725902,0.75,49,0.526190476,1,4,-1
1829835,1833545,2,2.485339738,0.444444444,40,0.8,1,2,-1
1829835,1840538,0,1.820478453,0.222222222,24,0.666666667,1,0,-1
1829835,1880761,1,1.820478453,0.222222222,24,0.666666667,1,1,-1
1829835,1881095,0,1.820478453,0.222222222,24,0.666666667,1,0,-1
1829835,1942568,0,2.485339738,0.444444444,40,0.8,1,0,-1
1829835,1943263,3,2.485339738,0.444444444,40,0.8,1,3,-1
1829835,1943321,0,2.485339738,0.444444444,40,0.8,1,0,-1
1829835,1943324,0,2.485339738,0.444444444,40,0.8,1,0,-1
1829842,1830535,0,0.513898342,0.066666667,48,0.142857143,0.5,0,-1
1829842,1832709,0,2.164042561,0.75,12,0.75,0.5,0,-1
1829842,1834429,0,1.442695041,0.333333333,16,0.5,1,0,-1
1829842,1834907,0,0.513898342,0.027777778,132,0.142857143,0.5,0,-1
1829842,1836174,0,1.442695041,0.333333333,16,0.5,1,0,-1
1829842,1881059,0,0.513898342,0.111111111,24,0.142857143,0.5,0,-1
1829842,1881075,0,0.513898342,0.111111111,24,0.142857143,0.5,0,-1
1829842,1881359,0,0.513898342,0.111111111,24,0.142857143,0.5,0,-1
1829842,1881910,0,0,0,28,0,1,0,-1
1829842,1881917,0,0.513898342,0.111111111,24,0.142857143,0.5,0,-1
1829842,1885974,0,1.442695041,0.333333333,16,0.5,1,0,-1
1829853,1832618,5,2.485339738,0.333333333,55,0.8,1,5,-1
1829853,1834719,8,2.485339738,0.333333333,55,0.8,1,8,-1
1829853,1856316,6,2.790553133,0.416666667,66,0.833333333,1,6,-1
1829853,1867547,8,2.485339738,0.333333333,55,0.8,1,8,-1
1829853,1867842,8,2.485339738,0.333333333,55,0.8,1,8,-1
1829853,1886276,6,2.790553133,0.416666667,66,0.833333333,1,6,-1
1829853,1886295,0,2.790553133,0.416666667,66,0.833333333,1,0,-1
1829853,1886519,0,2.790553133,0.416666667,66,0.833333333,1,0,-1
1829853,1886725,6,2.790553133,0.416666667,66,0.833333333,1,6,-1
1829853,1934509,5,2.485339738,0.333333333,55,0.8,1,5,-1
1829878,1836791,6,3.083390054,0.375,105,0.857142857,1,6,-1
1829878,1842767,16,3.366288429,0.4375,120,0.875,1,16,1
1829878,1842803,16,3.366288429,0.4375,120,0.875,1,16,1
1829878,1842820,16,3.366288429,0.4375,120,0.875,1,16,1
1829878,1858696,8,3.083390054,0.375,105,0.857142857,1,8,-1
1829878,1866086,16,3.366288429,0.4375,120,0.875,1,16,1
1829878,1866284,16,3.366288429,0.4375,120,0.875,1,16,1
1829878,1867416,16,3.366288429,0.4375,120,0.875,1,16,1
1829878,1867541,16,3.366288429,0.4375,120,0.875,1,16,1
1829878,1867585,16,3.366288429,0.4375,120,0.875,1,16,1
1829878,1880257,6,3.083390054,0.375,105,0.857142857,1,6,-1
1829878,1932596,6,3.083390054,0.375,105,0.857142857,1,6,-1
1829878,1935532,8,3.083390054,0.375,105,0.857142857,1,8,-1
1829878,1936194,0,3.083390054,0.375,105,0.857142857,1,0,-1
1829878,1936296,6,3.083390054,0.375,105,0.857142857,1,6,-1
1829906,1830114,6,2.634872111,0.454545455,60,0.75,1,6,-1
1829906,1830152,0,2.164042561,0.272727273,40,0.75,1,0,-1
1829906,1848272,6,2.634872111,0.454545455,60,0.75,1,6,-1
1829906,1856620,2,0.402429604,0.066666667,60,0.083333333,0.5,2,-1
1829906,1859716,2,0.402429604,0.05,110,0.083333333,0.5,2,-1
1829906,1859828,2,0.402429604,0.05,110,0.083333333,0.5,2,-1
1829906,1877205,0,2.164042561,0.272727273,40,0.75,1,0,-1
1829906,1877537,0,2.164042561,0.272727273,40,0.75,1,0,-1
1829906,1877820,0,2.164042561,0.272727273,40,0.75,1,0,-1
1829906,1881474,2,0.402429604,0.05,110,0.083333333,0.5,2,-1
1829906,1881516,2,0.402429604,0.066666667,60,0.083333333,0.5,2,-1
1829906,1882348,6,2.790553133,0.294117647,120,0.833333333,1,6,-1
1829906,1883200,0,0.402429604,0.066666667,60,0.083333333,0.5,0,-1
1829906,1886914,6,2.634872111,0.454545455,60,0.75,1,6,-1
1829906,1886920,7,2.634872111,0.454545455,60,0.75,1,7,-1
1829906,1902832,6,2.634872111,0.454545455,60,0.75,1,6,1
1829928,1834570,1,0.369269373,0.071428571,56,0.066666667,0.5,1,-1
1829928,1844513,2,0.369269373,0.071428571,56,0.066666667,0.5,2,-1
1829928,1861835,0,3.083390054,0.375,105,0.857142857,1,0,-1
1829928,1867258,1,2.938761085,0.75,49,0.780952381,1,1,-1
1829928,1877731,0,2.938761085,0.75,49,0.780952381,1,0,-1
1829928,1878023,1,0.369269373,0.071428571,56,0.066666667,0.5,1,-1
1829928,1878345,0,2.938761085,0.75,49,0.780952381,1,0,-1
1829928,1878532,0,0.369269373,0.071428571,56,0.066666667,0.5,0,-1
1829928,1878575,0,0.369269373,0.071428571,56,0.066666667,0.5,0,-1
1829928,1878700,2,0.369269373,0.071428571,56,0.066666667,0.5,2,-1
1829928,1878712,2,0.369269373,0.071428571,56,0.066666667,0.5,2,-1
1829928,1895972,0,2.938761085,0.75,49,0.780952381,1,0,-1
1829928,1904495,0,2.938761085,0.75,49,0.780952381,1,0,-1
1829928,1905583,0,2.938761085,0.75,49,0.780952381,1,0,-1
1829942,1830089,0,6.179604632,0.846153846,144,1.851322751,1,0,1
1829942,1831278,0,0.303413076,0.05,108,0.037037037,0.5,0,-1
1829942,1832739,0,0.303413076,0.047619048,120,0.037037037,0.5,0,-1
1829942,1833556,0,0.303413076,0.0625,60,0.037037037,0.5,0,-1
1829942,1835593,0,2.761436049,0.461538462,84,0.691798942,1,0,-1
1829942,1836980,0,2.761436049,0.461538462,84,0.691798942,1,0,-1
1829942,1837036,0,0.303413076,0.047619048,120,0.037037037,0.5,0,-1
1829942,1842668,0,1.948512549,0.307692308,60,0.52037037,1,0,-1
1829942,1846328,0,2.761436049,0.461538462,84,0.691798942,1,0,-1
1829942,1847880,0,1.948512549,0.307692308,60,0.52037037,1,0,1
1829942,1853972,0,0.303413076,0.0625,60,0.037037037,0.5,0,-1
1829942,1854319,0,0.303413076,0.0625,60,0.037037037,0.5,0,-1
1829942,1855421,0,2.761436049,0.461538462,84,0.691798942,1,0,-1
1829942,1868603,0,0.303413076,0.047619048,120,0.037037037,0.5,0,1
1829942,1888391,0,1.948512549,0.307692308,60,0.52037037,1,0,-1
1829942,1907532,0,2.761436049,0.461538462,84,0.691798942,1,0,-1
1829942,1920860,0,0.303413076,0.047619048,120,0.037037037,0.5,0,-1
1829942,1934076,0,0.303413076,0.047619048,120,0.037037037,0.5,0,-1
1829942,1934755,0,0.303413076,0.047619048,120,0.037037037,0.5,0,-1
1829942,1942345,0,0.303413076,0.047619048,120,0.037037037,0.5,0,-1
1829957,1847160,0,3.996904465,0.6,140,0.947222222,1,0,-1
1829957,1857889,0,3.996904465,0.6,140,0.947222222,1,0,-1
1829957,1858548,0,3.996904465,0.6,140,0.947222222,1,0,-1
1829957,1873775,0,3.495180987,0.533333333,126,0.811111111,1,0,-1
1829957,1878328,0,3.996904465,0.6,140,0.947222222,1,0,-1
1829957,1878834,0,3.996904465,0.6,140,0.947222222,1,0,-1
1829957,1878975,0,3.040061373,0.466666667,112,0.7,1,0,-1
1829957,1878982,0,3.996904465,0.6,140,0.947222222,1,0,-1
1829957,1896164,0,3.495180987,0.533333333,126,0.811111111,1,0,-1
1829957,1926278,4,1.96401739,0.2,56,0.65,1,4,-1
1829957,1926302,4,2.064029975,0.1875,70,0.7,1,4,-1
1829957,1930690,4,2.064029975,0.1875,70,0.7,1,4,-1
1829957,1934267,4,1.96401739,0.2,56,0.65,1,4,-1
1829957,1936838,0,1.242669869,0.142857143,28,0.4,0.5,0,-1
1829961,1830998,2,0.303413076,0.038461538,182,0.037037037,0.5,2,-1
1829961,1840960,7,3.733345694,0.642857143,130,0.813960114,1,7,-1
1829961,1849638,17,6.130703198,0.857142857,169,1.67037037,1,17,-1
1829961,1851187,10,6.217161368,0.428571429,351,1.71025641,1,10,-1
1829961,1874761,3,0.303413076,0.05,104,0.037037037,0.5,3,-1
1829961,1882748,5,0.693284321,0.142857143,39,0.113960114,1,5,-1
1829961,1886973,2,0.303413076,0.05,104,0.037037037,0.5,2,-1
1829961,1886988,2,0.303413076,0.05,104,0.037037037,0.5,2,-1
1829961,1889167,2,0.303413076,0.058823529,65,0.037037037,0.5,2,-1
1829961,1889546,7,1.414631841,0.214285714,52,0.363960114,1,7,-1
1829961,1891726,0,0.303413076,0.066666667,39,0.037037037,0.5,0,-1
1829961,1895193,0,0.303413076,0.05,104,0.037037037,0.5,0,-1
1829961,1897724,2,0.303413076,0.058823529,65,0.037037037,0.5,2,-1
1829961,1898362,0,0.303413076,0.066666667,39,0.037037037,0.5,0,-1
1829961,1903082,2,0.303413076,0.05,104,0.037037037,0.5,2,-1
1829961,1905093,2,0.303413076,0.058823529,65,0.037037037,0.5,2,-1
1829961,1905121,2,0.303413076,0.058823529,65,0.037037037,0.5,2,-1
1829961,1906104,7,1.414631841,0.214285714,52,0.363960114,1,7,-1
1829961,1907362,11,3.733345694,0.642857143,130,0.813960114,1,11,-1
1829961,1914917,2,0.303413076,0.05,104,0.037037037,0.5,2,-1
1829961,1914950,2,0.303413076,0.05,104,0.037037037,0.5,2,-1
1829961,1935886,0,3.733345694,0.642857143,130,0.813960114,1,0,-1
1829961,1935896,0,3.733345694,0.642857143,130,0.813960114,1,0,-1
1829961,1943174,0,3.733345694,0.642857143,130,0.813960114,1,0,-1
1829961,1943671,7,3.733345694,0.642857143,130,0.813960114,1,7,-1
1829961,1943692,11,3.733345694,0.642857143,130,0.813960114,1,11,-1
1829961,1943771,11,3.733345694,0.642857143,130,0.813960114,1,11,-1
1829965,1830071,4,4.526085095,0.777777778,64,1.357142857,1,4,-1
1829965,1840153,0,3.050390059,0.666666667,56,0.839285714,1,0,-1
1829965,1890174,4,3.050390059,0.666666667,56,0.839285714,1,4,-1
1829965,1890194,0,3.050390059,0.666666667,56,0.839285714,1,0,-1
1829965,1898472,0,3.050390059,0.666666667,56,0.839285714,1,0,-1
1829965,1899664,3,3.050390059,0.666666667,56,0.839285714,1,3,-1
1829965,1906228,3,0.480898347,0.111111111,16,0.125,1,3,-1
1829965,1906427,0,3.050390059,0.666666667,56,0.839285714,1,0,-1
1829974,1832131,0,1.442695041,0.333333333,4,0.5,1,0,-1
1829974,1852745,0,1.442695041,0.333333333,4,0.5,1,0,-1
1829990,1830975,7,2.953524108,0.545454545,70,0.787337662,1,7,1
1829990,1834567,0,0.434294482,0.111111111,21,0.1,0.5,0,-1
1829990,1849030,9,2.873920247,0.75,49,0.744480519,1,9,1
1829990,1849065,9,2.873920247,0.75,49,0.744480519,1,9,1
1829990,1849628,7,2.970786198,0.5,77,0.796428571,1,7,1
1829990,1863961,2,0.417032391,0.1,28,0.090909091,0.5,2,-1
1829990,1871991,2,0.417032391,0.1,28,0.090909091,0.5,2,-1
1829990,1872016,2,0.417032391,0.1,28,0.090909091,0.5,2,-1
1829990,1872187,2,0.417032391,0.1,28,0.090909091,0.5,2,-1
1829990,1888262,0,0.434294482,0.111111111,21,0.1,0.5,0,-1
1829990,1893886,2,0.480898347,0.142857143,7,0.125,0.5,2,-1
1829990,1894284,7,2.906920243,0.666666667,56,0.762337662,1,7,-1
1829990,1905281,2,0.434294482,0.111111111,21,0.1,0.5,2,-1
1829990,1925915,7,2.873920247,0.75,49,0.744480519,1,7,-1
1829990,1942191,7,2.873920247,0.75,49,0.744480519,1,7,-1
1830046,1832097,0,1.116221253,0.4,12,0.333333333,0.5,0,-1
1830046,1834079,2,1.116221253,0.5,9,0.333333333,1,2,-1
1830046,1840053,0,1.468349853,0.285714286,18,0.5,1,0,-1
1830046,1840056,2,1.116221253,0.4,12,0.333333333,0.5,2,-1
1830046,1942690,2,1.116221253,0.4,12,0.333333333,0.5,2,-1
1830049,1832764,5,3.083390054,0.75,49,0.857142857,1,5,-1
1830049,1833802,5,3.083390054,0.75,49,0.857142857,1,5,-1
1830049,1833820,0,3.083390054,0.75,49,0.857142857,1,0,-1
1830049,1833826,5,3.083390054,0.75,49,0.857142857,1,5,-1
1830049,1849128,0,3.083390054,0.75,49,0.857142857,1,0,-1
1830049,1861089,5,3.083390054,0.75,49,0.857142857,1,5,-1
1830071,1840153,0,3.050390059,0.666666667,56,0.839285714,1,0,-1
1830071,1890174,3,3.050390059,0.666666667,56,0.839285714,1,3,-1
1830071,1890194,0,3.050390059,0.666666667,56,0.839285714,1,0,-1
1830071,1898472,0,3.050390059,0.666666667,56,0.839285714,1,0,-1
1830071,1899664,3,3.050390059,0.666666667,56,0.839285714,1,3,-1
1830071,1906228,2,0.480898347,0.111111111,16,0.125,1,2,-1
1830071,1906427,0,3.050390059,0.666666667,56,0.839285714,1,0,-1
1830089,1831278,0,0.303413076,0.05,108,0.037037037,0.5,0,-1
1830089,1832739,0,0.303413076,0.047619048,120,0.037037037,0.5,0,-1
1830089,1833556,0,0.303413076,0.0625,60,0.037037037,0.5,0,-1
1830089,1835593,6,2.761436049,0.461538462,84,0.691798942,1,6,-1
1830089,1836980,6,2.761436049,0.461538462,84,0.691798942,1,6,-1
1830089,1837036,2,0.303413076,0.047619048,120,0.037037037,0.5,2,-1
1830089,1842668,0,1.948512549,0.307692308,60,0.52037037,1,0,-1
1830089,1846328,6,2.761436049,0.461538462,84,0.691798942,1,6,-1
1830089,1847880,0,1.948512549,0.307692308,60,0.52037037,1,0,1
1830089,1853972,0,0.303413076,0.0625,60,0.037037037,0.5,0,-1
1830089,1854319,4,0.303413076,0.0625,60,0.037037037,0.5,4,-1
1830089,1855421,8,2.761436049,0.461538462,84,0.691798942,1,8,-1
1830089,1868603,4,0.303413076,0.047619048,120,0.037037037,0.5,4,1
1830089,1888391,0,1.948512549,0.307692308,60,0.52037037,1,0,-1
1830089,1907532,6,2.761436049,0.461538462,84,0.691798942,1,6,-1
1830089,1920860,2,0.303413076,0.047619048,120,0.037037037,0.5,2,-1
1830089,1934076,2,0.303413076,0.047619048,120,0.037037037,0.5,2,-1
1830089,1934755,4,0.303413076,0.047619048,120,0.037037037,0.5,4,-1
1830089,1942345,2,0.303413076,0.047619048,120,0.037037037,0.5,2,-1
1830112,1859253,8,2.485339738,0.666666667,25,0.8,1,8,-1
1830112,1926398,5,2.485339738,0.666666667,25,0.8,1,5,-1
1830112,1933220,5,2.485339738,0.666666667,25,0.8,1,5,-1
1830112,1935556,8,2.485339738,0.666666667,25,0.8,1,8,-1
1830112,1942305,8,2.485339738,0.666666667,25,0.8,1,8,-1
1830114,1830152,0,0.434294482,0.111111111,24,0.1,0.5,0,-1
1830114,1848272,6,2.511055966,0.714285714,36,0.683333333,1,6,-1
1830114,1856620,2,0.402429604,0.090909091,36,0.083333333,0.5,2,-1
1830114,1859716,2,0.402429604,0.0625,66,0.083333333,0.5,2,-1
1830114,1859828,2,0.402429604,0.0625,66,0.083333333,0.5,2,-1
1830114,1877205,0,0.434294482,0.111111111,24,0.1,0.5,0,-1
1830114,1877537,0,0.434294482,0.111111111,24,0.1,0.5,0,-1
1830114,1877820,0,0.434294482,0.111111111,24,0.1,0.5,0,-1
1830114,1881474,2,0.402429604,0.0625,66,0.083333333,0.5,2,-1
1830114,1881516,2,0.402429604,0.090909091,36,0.083333333,0.5,2,-1
1830114,1882348,6,2.666736988,0.384615385,72,0.766666667,1,6,-1
1830114,1883200,0,0.402429604,0.090909091,36,0.083333333,0.5,0,-1
1830114,1886914,6,2.511055966,0.714285714,36,0.683333333,1,6,-1
1830114,1886920,6,2.511055966,0.714285714,36,0.683333333,1,6,-1
1830114,1902832,6,2.511055966,0.714285714,36,0.683333333,1,6,-1
1830132,1832134,1,0.269282508,0.041666667,144,0.024390244,0.5,1,-1
1830132,1833093,0,1.247253509,0.111111111,384,0.165471838,0.5,0,-1
1830132,1833484,0,4.514735326,0.305555556,496,0.981428059,1,0,-1
1830132,1833505,0,3.425189194,0.375,272,0.669148308,1,0,-1
1830132,1835863,0,0.560489184,0.071428571,224,0.056648308,0.5,0,-1
1830132,1836925,5,2.224678564,0.235294118,80,0.6625,1,5,-1
1830132,1837011,0,0.269282508,0.043478261,128,0.024390244,0.5,0,-1
1830132,1838064,0,2.989217504,0.470588235,144,0.566860727,1,0,-1
1830132,1838543,0,0.686764325,0.090909091,128,0.108823529,0.5,0,-1
1830132,1840384,0,0.269282508,0.043478261,128,0.024390244,0.5,0,-1
1830132,1840421,0,0.603090709,0.066666667,256,0.074390244,0.5,0,-1
1830132,1843105,0,2.989217504,0.470588235,144,0.566860727,1,0,-1
1830132,1845379,0,0.269282508,0.045454545,112,0.024390244,0.5,0,-1
1830132,1849070,0,0.603090709,0.066666667,256,0.074390244,0.5,0,-1
1830132,1850116,0,0.560489184,0.071428571,224,0.056648308,0.5,0,-1
1830132,1850125,0,0.269282508,0.045454545,112,0.024390244,0.5,0,-1
1830132,1850145,0,0.560489184,0.058823529,320,0.056648308,0.5,0,-1
1830132,1850515,0,0.686764325,0.090909091,128,0.108823529,0.5,0,-1
1830132,1853412,0,0.291206676,0.035714286,208,0.032258065,0.5,0,-1
1830132,1854505,0,0.333808201,0.058823529,32,0.05,0.5,0,-1
1830132,1854967,0,0.560489184,0.071428571,224,0.056648308,0.5,0,-1
1830132,1854987,0,2.989217504,0.470588235,144,0.566860727,1,0,-1
1830132,1855704,0,0.291206676,0.038461538,176,0.032258065,0.5,0,-1
1830132,1856759,0,0.560489184,0.051282051,400,0.056648308,0.5,0,-1
1830132,1856892,0,0.291206676,0.047619048,96,0.032258065,0.5,0,-1
1830132,1863431,0,3.175054609,0.163265306,656,0.653581594,1,0,-1
1830132,1864125,0,0.686764325,0.090909091,128,0.108823529,0.5,0,-1
1830132,1864624,1,0.269282508,0.052631579,64,0.024390244,0.5,1,-1
1830132,1865754,8,6.930607981,0.882352941,256,1.751186124,1,8,-1
1830132,1871987,4,4.403512398,0.647058824,192,0.93035279,1,4,-1
1830132,1872579,0,0.560489184,0.071428571,224,0.056648308,0.5,0,-1
1830132,1873192,6,2.224678564,0.235294118,80,0.6625,1,6,-1
1830132,1879614,5,2.224678564,0.235294118,80,0.6625,1,5,-1
1830132,1879828,5,2.224678564,0.235294118,80,0.6625,1,5,-1
1830132,1880320,0,0.333808201,0.055555556,48,0.05,0.5,0,-1
1830132,1880435,0,0.269282508,0.05,80,0.024390244,0.5,0,-1
1830132,1882308,4,2.304446188,0.352941176,112,0.454281874,1,4,-1
1830132,1882884,4,4.403512398,0.647058824,192,0.93035279,1,4,-1
1830132,1883730,0,2.304446188,0.352941176,112,0.454281874,1,0,-1
1830132,1884221,0,0.269282508,0.045454545,112,0.024390244,0.5,0,-1
1830132,1884484,0,0.269282508,0.043478261,128,0.024390244,0.5,0,-1
1830132,1884533,0,0.269282508,0.045454545,112,0.024390244,0.5,0,-1
1830132,1885090,0,0.291206676,0.047619048,96,0.032258065,0.5,0,-1
1830132,1885543,0,0.269282508,0.045454545,112,0.024390244,0.5,0,-1
1830132,1885568,0,0.269282508,0.043478261,128,0.024390244,0.5,0,-1
1830132,1885962,0,0.269282508,0.043478261,128,0.024390244,0.5,0,-1
1830132,1885975,0,0.269282508,0.043478261,128,0.024390244,0.5,0,-1
1830132,1886924,0,0.269282508,0.052631579,64,0.024390244,0.5,0,-1
1830132,1888879,0,0.560489184,0.071428571,224,0.056648308,0.5,0,-1
1830132,1893326,0,0.291206676,0.037037037,192,0.032258065,0.5,0,-1
1830132,1896254,0,0.560489184,0.071428571,224,0.056648308,0.5,0,-1
1830132,1896733,0,0.560489184,0.071428571,224,0.056648308,0.5,0,-1
1830132,1899807,0,0.333808201,0.058823529,32,0.05,0.5,0,-1
1830132,1903029,0,0.269282508,0.052631579,64,0.024390244,0.5,0,-1
1830132,1905225,0,0.560489184,0.071428571,224,0.056648308,0.5,0,-1
1830132,1930831,0,0.686764325,0.090909091,128,0.108823529,0.5,0,-1
1830132,1934377,0,0.686764325,0.090909091,128,0.108823529,0.5,0,-1
1830132,1935420,0,0.686764325,0.090909091,128,0.108823529,0.5,0,-1
1830152,1848272,0,0.434294482,0.111111111,24,0.1,0.5,0,-1
1830152,1877205,6,1.876989523,0.6,16,0.6,1,6,-1
1830152,1877537,6,1.876989523,0.6,16,0.6,1,6,-1
1830152,1877820,6,1.876989523,0.6,16,0.6,1,6,-1
1830152,1882348,0,0.434294482,0.066666667,48,0.1,0.5,0,-1
1830152,1886914,0,0.434294482,0.111111111,24,0.1,0.5,0,-1
1830152,1886920,0,0.434294482,0.111111111,24,0.1,0.5,0,-1
1830152,1902832,0,0.434294482,0.111111111,24,0.1,0.5,0,-1
1830154,1837699,6,2.295666814,0.571428571,30,0.7,1,6,1
1830154,1842010,5,2.295666814,0.571428571,30,0.7,1,5,-1
1830154,1848780,5,3.080238643,0.714285714,36,0.983333333,1,5,1
1830154,1870898,5,3.080238643,0.714285714,36,0.983333333,1,5,1
1830154,1871888,5,3.080238643,0.714285714,36,0.983333333,1,5,1
1830154,1906495,0,1.67433188,0.428571429,24,0.5,1,0,-1
1830236,1859108,5,2.485339738,0.666666667,25,0.8,1,5,-1
1830236,1862155,5,2.485339738,0.666666667,25,0.8,1,5,-1
1830236,1933263,5,2.485339738,0.666666667,25,0.8,1,5,-1
1830236,1933269,5,2.485339738,0.666666667,25,0.8,1,5,-1
1830236,1933936,6,2.485339738,0.666666667,25,0.8,1,6,-1
1830292,1831240,2,0.378923182,0.058823529,81,0.071428571,0.5,2,-1
1830292,1832348,2,0.513898342,0.1,18,0.142857143,0.5,2,-1
1830292,1837043,2,0.378923182,0.058823529,81,0.071428571,0.5,2,-1
1830292,1845892,5,2.135491393,0.4,45,0.614285714,1,5,-1
1830292,1849032,2,0.513898342,0.1,18,0.142857143,0.5,2,-1
1830292,1850605,5,2.377903146,0.210526316,126,0.742857143,1,5,-1
1830292,1851396,5,2.242927985,0.333333333,63,0.671428571,1,5,-1
1830292,1860531,2,0.378923182,0.047619048,117,0.071428571,0.5,2,-1
1830292,1867099,5,2.135491393,0.4,45,0.614285714,1,5,-1
1830292,1889060,4,2.164042561,0.3,36,0.75,1,4,-1
1830292,1896429,4,2.164042561,0.3,36,0.75,1,4,-1
1830292,1896884,6,2.164042561,0.3,36,0.75,1,6,-1
1830292,1896894,6,2.164042561,0.3,36,0.75,1,6,-1
1830292,1925388,0,0.378923182,0.058823529,81,0.071428571,0.5,0,-1
1830292,1925402,0,0.378923182,0.058823529,81,0.071428571,0.5,0,-1
1830292,1925458,2,0.378923182,0.058823529,81,0.071428571,0.5,2,-1
1830292,1929405,2,0.378923182,0.058823529,81,0.071428571,0.5,2,-1
1830292,1934336,2,0.378923182,0.058823529,81,0.071428571,0.5,2,-1
1830326,1833647,0,3.588266898,0.8,81,0.861111111,1,0,-1
1830326,1837028,0,3.588266898,0.8,81,0.861111111,1,0,-1
1830326,1855175,0,3.588266898,0.8,81,0.861111111,1,0,-1
1830326,1872824,0,0.402429604,0.090909091,27,0.083333333,0.5,0,-1
1830326,1872990,0,3.640956907,0.615384615,108,0.888888889,1,0,-1
1830326,1873003,0,3.588266898,0.8,81,0.861111111,1,0,-1
1830326,1876340,0,3.588266898,0.8,81,0.861111111,1,0,-1
1830326,1881615,0,3.588266898,0.8,81,0.861111111,1,0,-1
1830326,1882143,0,3.588266898,0.8,81,0.861111111,1,0,-1
1830326,1883030,0,3.588266898,0.8,81,0.861111111,1,0,-1
1830326,1906091,0,0.402429604,0.090909091,27,0.083333333,0.5,0,-1
1830326,1907853,0,0.402429604,0.090909091,27,0.083333333,0.5,0,-1
1830344,1830457,5,2.485339738,0.08,245,0.8,1,5,-1
1830344,1831014,2,0.256949171,0.142857143,15,0.020408163,0.5,2,-1
1830344,1832016,0,0.256949171,0.111111111,25,0.020408163,0.5,0,-1
1830344,1838344,0,0.256949171,0.083333333,40,0.020408163,0.5,0,-1
1830344,1842257,5,2.120953975,0.666666667,25,0.620408163,1,5,-1
1830344,1842502,0,0.256949171,0.083333333,40,0.020408163,0.5,0,-1
1830344,1844454,0,0.256949171,0.035714286,120,0.020408163,0.5,0,-1
1830344,1844749,0,0.256949171,0.058823529,65,0.020408163,0.5,0,-1
1830344,1849170,2,0.256949171,0.142857143,15,0.020408163,0.5,2,-1
1830344,1853247,0,0.256949171,0.083333333,40,0.020408163,0.5,0,-1
1830344,1855626,0,0.256949171,0.047619048,85,0.020408163,0.5,0,-1
1830344,1856668,0,0.256949171,0.090909091,35,0.020408163,0.5,0,-1
1830344,1863952,0,0.256949171,0.083333333,40,0.020408163,0.5,0,-1
1830344,1864097,2,0.256949171,0.083333333,40,0.020408163,0.5,2,-1
1830344,1865866,2,0.256949171,0.090909091,35,0.020408163,0.5,2,-1
1830344,1874644,0,0.256949171,0.111111111,25,0.020408163,0.5,0,-1
1830344,1875493,0,0.256949171,0.111111111,25,0.020408163,0.5,0,-1
1830344,1875829,0,0.256949171,0.083333333,40,0.020408163,0.5,0,-1
1830344,1876773,0,0.256949171,0.083333333,40,0.020408163,0.5,0,-1
1830344,1878083,0,0.256949171,0.083333333,40,0.020408163,0.5,0,-1
1830344,1878091,0,0.256949171,0.083333333,40,0.020408163,0.5,0,-1
1830344,1879198,0,0.256949171,0.083333333,40,0.020408163,0.5,0,-1
1830344,1879358,0,0.256949171,0.083333333,40,0.020408163,0.5,0,-1
1830344,1882552,0,0.256949171,0.083333333,40,0.020408163,0.5,0,-1
1830344,1882975,0,0.256949171,0.083333333,40,0.020408163,0.5,0,-1
1830344,1884039,0,0.256949171,0.083333333,40,0.020408163,0.5,0,-1
1830344,1884679,0,0.256949171,0.083333333,40,0.020408163,0.5,0,-1
1830344,1886401,5,2.120953975,0.666666667,25,0.620408163,1,5,-1
1830344,1888700,0,0.256949171,0.142857143,15,0.020408163,0.5,0,-1
1830344,1895537,0,0.256949171,0.111111111,25,0.020408163,0.5,0,-1
1830344,1898194,0,0.256949171,0.090909091,35,0.020408163,0.5,0,-1
1830344,1899081,5,2.120953975,0.666666667,25,0.620408163,1,5,-1
1830344,1899136,5,2.120953975,0.666666667,25,0.620408163,1,5,-1
1830344,1905235,0,0.256949171,0.037037037,115,0.020408163,0.5,0,-1
1830344,1907645,0,0.256949171,0.090909091,35,0.020408163,0.5,0,-1
1830344,1907667,0,0.256949171,0.090909091,35,0.020408163,0.5,0,-1
1830344,1917549,0,0.256949171,0.090909091,35,0.020408163,0.5,0,-1
1830344,1924814,2,0.256949171,0.058823529,65,0.020408163,0.5,2,-1
1830344,1925647,0,0.256949171,0.058823529,65,0.020408163,0.5,0,-1
1830344,1925715,2,0.256949171,0.058823529,65,0.020408163,0.5,2,-1
1830344,1930129,0,0.256949171,0.058823529,65,0.020408163,0.5,0,-1
1830344,1930134,0,0.256949171,0.058823529,65,0.020408163,0.5,0,-1
1830344,1930156,0,0.256949171,0.058823529,65,0.020408163,0.5,0,-1
1830344,1930184,0,0.256949171,0.058823529,65,0.020408163,0.5,0,-1
1830344,1933814,0,0.256949171,0.058823529,65,0.020408163,0.5,0,-1
1830344,1934549,2,0.256949171,0.058823529,65,0.020408163,0.5,2,-1
1830344,1934551,0,0.256949171,0.058823529,65,0.020408163,0.5,0,-1
1830344,1941681,0,0.256949171,0.058823529,65,0.020408163,0.5,0,-1
1830367,1935172,2,1.442695041,0.333333333,4,0.5,1,2,-1
1830367,1942312,2,1.442695041,0.333333333,4,0.5,1,2,-1
1830381,1890304,0,1.442695041,0.25,6,0.5,1,0,-1
1830381,1905701,1,0,0,3,0,1,1,-1
1830381,1918300,1,1.442695041,0.25,6,0.5,1,1,-1
1830407,1839204,4,2.164042561,0.6,16,0.75,1,4,-1
1830407,1879264,4,2.164042561,0.6,16,0.75,1,4,-1
1830407,1933619,6,2.164042561,0.6,16,0.75,1,6,-1
1830407,1933622,6,2.164042561,0.6,16,0.75,1,6,-1
1830412,1840751,4,2.485339738,0.333333333,55,0.8,1,4,-1
1830412,1868666,7,2.790553133,0.416666667,66,0.833333333,1,7,-1
1830412,1868950,0,2.790553133,0.416666667,66,0.833333333,1,0,-1
1830412,1880514,7,2.790553133,0.416666667,66,0.833333333,1,7,-1
1830412,1888243,4,2.485339738,0.333333333,55,0.8,1,4,-1
1830412,1895419,4,2.485339738,0.333333333,55,0.8,1,4,1
1830412,1895451,4,2.485339738,0.333333333,55,0.8,1,4,-1
1830412,1896448,0,2.485339738,0.333333333,55,0.8,1,0,-1
1830412,1898474,5,2.790553133,0.416666667,66,0.833333333,1,5,1
1830412,1898919,5,2.790553133,0.416666667,66,0.833333333,1,5,-1
1830412,1899746,5,2.790553133,0.416666667,66,0.833333333,1,5,-1
1830435,1830780,2,1.442695041,0.083333333,42,0.5,1,2,-1
1830435,1845717,0,0.417032391,0.083333333,42,0.090909091,0.5,0,-1
1830435,1857311,3,0.558110627,0.125,14,0.166666667,1,3,-1
1830435,1863421,2,0.417032391,0.045454545,112,0.090909091,0.5,2,-1
1830435,1874416,5,2.485339738,0.285714286,77,0.8,1,5,-1
1830435,1883969,5,2.281037195,0.5,35,0.690909091,1,5,-1
1830435,1888132,2,0.417032391,0.083333333,42,0.090909091,0.5,2,-1
1830435,1889481,2,0.417032391,0.083333333,42,0.090909091,0.5,2,-1
1830435,1890429,0,0.558110627,0.1,28,0.166666667,0.5,0,-1
1830435,1898534,5,2.281037195,0.5,35,0.690909091,1,5,-1
1830435,1898592,2,0.558110627,0.1,28,0.166666667,0.5,2,-1
1830435,1898624,5,2.281037195,0.5,35,0.690909091,1,5,-1
1830435,1904488,2,0.417032391,0.045454545,112,0.090909091,0.5,2,-1
1830435,1907118,0,0.558110627,0.1,28,0.166666667,0.5,0,-1
1830435,1907131,2,0.558110627,0.1,28,0.166666667,0.5,2,-1
1830435,1908148,5,2.281037195,0.5,35,0.690909091,1,5,-1
1830440,1834334,5,2.485339738,0.571428571,30,0.8,1,5,-1
1830440,1839940,5,2.42211543,0.666666667,25,0.766666667,1,5,-1
1830440,1841374,0,0.558110627,0.066666667,55,0.166666667,0.5,0,-1
1830440,1846603,5,2.42211543,0.666666667,25,0.766666667,1,5,-1
1830440,1846715,5,2.42211543,0.666666667,25,0.766666667,1,5,-1
1830440,1848016,5,2.42211543,0.666666667,25,0.766666667,1,5,-1
1830457,1831014,2,1.820478453,0.04,147,0.666666667,1,2,-1
1830457,1832016,0,2.178662784,0.08,245,0.641666667,1,0,-1
1830457,1837251,0,0.31465798,0.018181818,343,0.041666667,0.5,0,-1
1830457,1838344,0,3.366288429,0.14,392,0.875,1,0,1
1830457,1838369,0,0.31465798,0.018181818,343,0.041666667,0.5,0,-1
1830457,1842257,5,2.485339738,0.08,245,0.8,1,5,-1
1830457,1842502,0,3.366288429,0.14,392,0.875,1,0,-1
1830457,1843438,0,0.31465798,0.019607843,147,0.041666667,0.5,0,-1
1830457,1844153,0,0.352956124,0.017857143,392,0.058823529,0.5,0,-1
1830457,1844182,0,0.352956124,0.017857143,392,0.058823529,0.5,0,-1
1830457,1844454,0,2.485339738,0.057971014,1176,0.8,1,0,-1
1830457,1844749,0,4.607512687,0.24,637,0.889632107,1,0,-1
1830457,1847310,0,0.31465798,0.01754386,441,0.041666667,0.5,0,-1
1830457,1849170,2,1.820478453,0.04,147,0.666666667,1,2,-1
1830457,1853247,0,3.366288429,0.14,392,0.875,1,0,-1
1830457,1855626,0,3.083390054,0.1,833,0.857142857,1,0,-1
1830457,1856668,0,2.922447836,0.12,343,0.773109244,1,0,-1
1830457,1857510,0,0.352956124,0.018181818,343,0.058823529,0.5,0,-1
1830457,1861124,0,0.31465798,0.018181818,343,0.041666667,0.5,0,-1
1830457,1863952,0,3.366288429,0.14,392,0.875,1,0,-1
1830457,1864097,2,3.366288429,0.14,392,0.875,1,2,1
1830457,1865866,2,2.922447836,0.12,343,0.773109244,1,2,-1
1830457,1874644,0,2.178662784,0.08,245,0.641666667,1,0,-1
1830457,1875132,0,0.31465798,0.018181818,343,0.041666667,0.5,0,-1
1830457,1875493,0,2.178662784,0.08,245,0.641666667,1,0,-1
1830457,1875829,0,3.366288429,0.14,392,0.875,1,0,-1
1830457,1876088,0,0.318928989,0.017241379,490,0.043478261,0.5,0,-1
1830457,1876773,0,3.366288429,0.14,392,0.875,1,0,1
1830457,1878083,0,3.366288429,0.14,392,0.875,1,0,1
1830457,1878091,0,3.366288429,0.14,392,0.875,1,0,-1
1830457,1879198,0,3.366288429,0.14,392,0.875,1,0,1
1830457,1879358,0,3.366288429,0.14,392,0.875,1,0,1
1830457,1879500,0,0.31465798,0.015873016,735,0.041666667,0.5,0,-1
1830457,1879894,0,0.31465798,0.019607843,147,0.041666667,0.5,0,-1
1830457,1880396,0,0.318928989,0.017241379,490,0.043478261,0.5,0,-1
1830457,1882552,0,3.366288429,0.14,392,0.875,1,0,-1
1830457,1882975,0,3.366288429,0.14,392,0.875,1,0,-1
1830457,1884039,0,3.366288429,0.14,392,0.875,1,0,-1
1830457,1884679,0,3.366288429,0.14,392,0.875,1,0,-1
1830457,1886401,5,2.485339738,0.08,245,0.8,1,5,-1
1830457,1887600,0,0.352956124,0.019607843,147,0.058823529,0.5,0,-1
1830457,1888700,0,1.820478453,0.04,147,0.666666667,1,0,-1
1830457,1890382,0,0.31465798,0.019607843,147,0.041666667,0.5,0,-1
1830457,1895537,0,2.178662784,0.08,245,0.641666667,1,0,-1
1830457,1898194,0,2.922447836,0.12,343,0.773109244,1,0,-1
1830457,1898958,0,0.352956124,0.019230769,196,0.058823529,0.5,0,-1
1830457,1899081,5,2.485339738,0.08,245,0.8,1,5,-1
1830457,1899136,6,2.485339738,0.08,245,0.8,1,6,-1
1830457,1903319,0,0.352956124,0.019607843,147,0.058823529,0.5,0,-1
1830457,1905235,0,4.678454943,0.2,1127,0.923076923,1,0,-1
1830457,1906947,0,0.318928989,0.017241379,490,0.043478261,0.5,0,-1
1830457,1907645,0,2.922447836,0.12,343,0.773109244,1,0,-1
1830457,1907667,0,2.922447836,0.12,343,0.773109244,1,0,-1
1830457,1914536,0,0.352956124,0.019607843,147,0.058823529,0.5,0,-1
1830457,1915799,0,0.318928989,0.017241379,490,0.043478261,0.5,0,-1
1830457,1917549,0,2.922447836,0.12,343,0.773109244,1,0,-1
1830457,1924555,1,0.352956124,0.019230769,196,0.058823529,0.5,1,-1
1830457,1924578,0,0.352956124,0.019230769,196,0.058823529,0.5,0,-1
1830457,1924814,3,4.607512687,0.24,637,0.889632107,1,3,-1
1830457,1925647,0,4.607512687,0.24,637,0.889632107,1,0,-1
1830457,1925715,3,4.607512687,0.24,637,0.889632107,1,3,-1
1830457,1930129,0,4.607512687,0.24,637,0.889632107,1,0,-1
1830457,1930134,0,4.607512687,0.24,637,0.889632107,1,0,-1
1830457,1930156,0,4.607512687,0.24,637,0.889632107,1,0,-1
1830457,1930184,0,4.607512687,0.24,637,0.889632107,1,0,-1
1830457,1933814,0,4.607512687,0.24,637,0.889632107,1,0,-1
1830457,1933912,0,0.352956124,0.019230769,196,0.058823529,0.5,0,-1
1830457,1934549,3,4.607512687,0.24,637,0.889632107,1,3,-1
1830457,1934551,0,4.607512687,0.24,637,0.889632107,1,0,-1
1830457,1935212,0,0.31465798,0.01754386,441,0.041666667,0.5,0,-1
1830457,1935626,0,0.31465798,0.018181818,343,0.041666667,0.5,0,-1
1830457,1935652,0,0.31465798,0.018181818,343,0.041666667,0.5,0,-1
1830457,1935974,0,0.318928989,0.017241379,490,0.043478261,0.5,0,-1
1830457,1936088,0,0.318928989,0.017241379,490,0.043478261,0.5,0,-1
1830457,1936096,0,0.318928989,0.017241379,490,0.043478261,0.5,0,-1
1830457,1941681,0,4.607512687,0.24,637,0.889632107,1,0,-1
1830457,1942391,0,0.31465798,0.01754386,441,0.041666667,0.5,0,-1
1830457,1942919,0,0.31465798,0.01754386,441,0.041666667,0.5,0,-1
1830457,1943073,0,0.31465798,0.01754386,441,0.041666667,0.5,0,-1
1830457,1943143,0,0.31465798,0.01754386,441,0.041666667,0.5,0,-1
1830457,1943158,0,0.31465798,0.01754386,441,0.041666667,0.5,0,-1
1830457,1943162,0,0.31465798,0.01754386,441,0.041666667,0.5,0,-1
1830457,1943781,0,0.318928989,0.017241379,490,0.043478261,0.5,0,-1
1830457,1943792,0,0.318928989,0.017241379,490,0.043478261,0.5,0,-1
1830457,1943862,0,0.318928989,0.017241379,490,0.043478261,0.5,0,-1
1830469,1838933,0,0.352956124,0.0625,72,0.058823529,0.5,0,-1
1830469,1847264,0,0.352956124,0.041666667,136,0.058823529,0.5,0,-1
1830469,1849260,0,0.352956124,0.058823529,80,0.058823529,0.5,0,-1
1830469,1863214,0,0.352956124,0.0625,72,0.058823529,0.5,0,-1
1830469,1866411,5,3.045343939,0.777777778,64,0.707175178,1,5,-1
1830469,1871826,5,3.13637104,0.5,104,0.755252101,1,5,-1
1830469,1873895,3,0.768794427,0.133333333,72,0.148351648,0.5,3,-1
1830469,1878604,2,0.378923182,0.076923077,48,0.071428571,0.5,2,-1
1830469,1878959,0,0.768794427,0.133333333,72,0.148351648,0.5,0,-1
1830469,1878963,0,0.378923182,0.076923077,48,0.071428571,0.5,0,-1
1830469,1879140,3,0.768794427,0.133333333,72,0.148351648,0.5,3,-1
1830469,1879652,2,0.378923182,0.076923077,48,0.071428571,0.5,2,-1
1830469,1879896,5,3.147319104,0.466666667,112,0.760746606,1,5,-1
1830469,1882347,5,3.045343939,0.777777778,64,0.707175178,1,5,-1
1830469,1882397,0,3.045343939,0.777777778,64,0.707175178,1,0,-1
1830469,1882810,0,0.352956124,0.0625,72,0.058823529,0.5,0,-1
1830469,1883311,0,3.173286162,0.388888889,136,0.773351648,1,0,-1
1830469,1883692,0,0.352956124,0.0625,72,0.058823529,0.5,0,-1
1830469,1883709,0,0.352956124,0.0625,72,0.058823529,0.5,0,-1
1830469,1884246,0,0.352956124,0.0625,72,0.058823529,0.5,0,-1
1830469,1884532,0,3.045343939,0.777777778,64,0.707175178,1,0,-1
1830469,1884563,5,3.045343939,0.777777778,64,0.707175178,1,5,-1
1830469,1884824,0,0.352956124,0.05,104,0.058823529,0.5,0,-1
1830469,1915739,2,0.389871245,0.083333333,40,0.076923077,0.5,2,-1
1830469,1924737,2,0.389871245,0.083333333,40,0.076923077,0.5,2,-1
1830479,1856692,0,0.36067376,0.066666667,55,0.0625,0.5,0,-1
1830479,1875566,0,4.059642991,0.833333333,121,0.85270979,1,0,-1
1830479,1875589,0,4.086804137,0.714285714,143,0.866695804,1,0,-1
1830479,1890345,0,4.059642991,0.833333333,121,0.85270979,1,0,-1
1830479,1890353,0,4.059642991,0.833333333,121,0.85270979,1,0,-1
1830479,1890661,0,0.36067376,0.066666667,55,0.0625,0.5,0,-1
1830479,1896045,0,0.779742491,0.166666667,33,0.153846154,0.5,0,-1
1830479,1898559,0,0.36067376,0.066666667,55,0.0625,0.5,0,-1
1830479,1898710,0,4.059642991,0.833333333,121,0.85270979,1,0,-1
1830479,1898730,0,4.059642991,0.833333333,121,0.85270979,1,0,-1
1830479,1898734,0,4.059642991,0.833333333,121,0.85270979,1,0,-1
1830479,1899832,0,0.36067376,0.066666667,55,0.0625,0.5,0,-1
1830479,1899930,0,4.116001622,0.588235294,176,0.881118881,1,0,-1
1830479,1900144,0,0.36067376,0.066666667,55,0.0625,0.5,0,-1
1830479,1903090,0,0.779742491,0.166666667,33,0.153846154,0.5,0,-1
1830479,1903103,0,4.086804137,0.714285714,143,0.866695804,1,0,-1
1830479,1907415,0,4.059642991,0.833333333,121,0.85270979,1,0,-1
1830479,1918369,0,4.059642991,0.833333333,121,0.85270979,1,0,-1
1830502,1888294,4,1.442695041,0.333333333,4,0.5,1,4,-1
1830502,1904353,4,1.442695041,0.333333333,4,0.5,1,4,-1
1830507,1860873,14,3.110403983,0.777777778,64,0.742647059,1,14,-1
1830507,1869439,14,3.110403983,0.777777778,64,0.742647059,1,14,-1
1830507,1879345,0,3.238346206,0.388888889,136,0.808823529,1,0,-1
1830507,1879355,0,0.705912248,0.125,80,0.117647059,0.5,0,-1
1830507,1887164,14,3.110403983,0.777777778,64,0.742647059,1,14,-1
1830507,1887174,14,3.238346206,0.388888889,136,0.808823529,1,14,-1
1830507,1888274,0,0.705912248,0.125,80,0.117647059,0.5,0,-1
1830507,1895433,14,3.110403983,0.777777778,64,0.742647059,1,14,-1
1830507,1895711,2,0.705912248,0.125,80,0.117647059,0.5,2,-1
1830507,1895980,4,0.705912248,0.125,80,0.117647059,0.5,4,-1
1830507,1896038,2,0.705912248,0.125,80,0.117647059,0.5,2,-1
1830507,1896086,14,3.110403983,0.777777778,64,0.742647059,1,14,-1
1830507,1897128,0,0.705912248,0.125,80,0.117647059,0.5,0,-1
1830507,1897133,0,0.705912248,0.125,80,0.117647059,0.5,0,-1
1830507,1903826,14,3.110403983,0.777777778,64,0.742647059,1,14,-1
1830507,1904543,2,0.705912248,0.125,80,0.117647059,0.5,2,-1
1830507,1904556,0,0.705912248,0.125,80,0.117647059,0.5,0,-1
1830535,1834907,8,5.305149791,0.323529412,396,1.399145299,1,8,-1
1830535,1834922,0,2.563542196,0.146341463,420,0.591353091,1,0,-1
1830535,1836240,0,0.62724267,0.125,72,0.084126984,0.5,0,-1
1830535,1843722,0,0.285999668,0.058823529,72,0.03030303,0.5,0,-1
1830535,1844003,1,0.62724267,0.125,72,0.084126984,0.5,1,-1
1830535,1845425,0,0.567266082,0.142857143,48,0.058874459,0.5,0,-1
1830535,1846035,0,2.330910268,0.461538462,84,0.477067377,1,0,-1
1830535,1847301,0,0.285999668,0.058823529,72,0.03030303,0.5,0,-1
1830535,1847423,0,0.285999668,0.058823529,72,0.03030303,0.5,0,-1
1830535,1847428,0,0.285999668,0.058823529,72,0.03030303,0.5,0,-1
1830535,1851735,0,0.957137327,0.176470588,96,0.135797536,0.5,0,-1
1830535,1852985,0,0.62724267,0.117647059,84,0.084126984,0.5,0,-1
1830535,1854197,1,0.62724267,0.08,180,0.084126984,0.5,1,-1
1830535,1859305,0,0.62724267,0.083333333,168,0.084126984,0.5,0,-1
1830535,1859796,0,2.454937365,0.315789474,156,0.543001443,1,0,-1
1830535,1862170,0,2.330910268,0.461538462,84,0.477067377,1,0,-1
1830535,1864420,0,0.957137327,0.176470588,96,0.135797536,0.5,0,-1
1830535,1865626,0,0.62724267,0.117647059,84,0.084126984,0.5,0,-1
1830535,1868188,0,0.285999668,0.058823529,72,0.03030303,0.5,0,-1
1830535,1869012,0,0.567266082,0.105263158,108,0.058874459,0.5,0,-1
1830535,1879054,0,0.957137327,0.176470588,96,0.135797536,0.5,0,-1
1830535,1881059,7,2.47422989,0.384615385,72,0.673160173,1,7,-1
1830535,1881075,5,2.47422989,0.384615385,72,0.673160173,1,5,-1
1830535,1881359,5,2.47422989,0.384615385,72,0.673160173,1,5,-1
1830535,1881910,5,2.518442174,0.357142857,84,0.696969697,1,5,-1
1830535,1881917,0,2.47422989,0.384615385,72,0.673160173,1,0,-1
1830535,1884974,2,0.567266082,0.142857143,48,0.058874459,0.5,2,-1
1830535,1885077,0,0.567266082,0.111111111,96,0.058874459,0.5,0,-1
1830535,1885343,0,0.567266082,0.111111111,96,0.058874459,0.5,0,-1
1830535,1885374,0,0.567266082,0.111111111,96,0.058874459,0.5,0,-1
1830535,1885810,0,0.567266082,0.111111111,96,0.058874459,0.5,0,-1
1830535,1885817,0,0.567266082,0.105263158,108,0.058874459,0.5,0,-1
1830535,1887874,1,0.62724267,0.117647059,84,0.084126984,0.5,1,-1
1830535,1888229,0,2.498832354,0.25,216,0.564368964,1,0,-1
1830535,1890196,4,0.957137327,0.136363636,156,0.135797536,0.5,4,-1
1830535,1893453,0,0.567266082,0.111111111,96,0.058874459,0.5,0,-1
1830535,1901328,4,0.567266082,0.142857143,48,0.058874459,0.5,4,-1
1830535,1903849,0,0.62724267,0.117647059,84,0.084126984,0.5,0,-1
1830535,1903933,1,0.62724267,0.125,72,0.084126984,0.5,1,-1
1830535,1904178,0,0.62724267,0.117647059,84,0.084126984,0.5,0,-1
1830535,1904908,1,0.62724267,0.125,72,0.084126984,0.5,1,-1
1830535,1906811,0,0.957137327,0.176470588,96,0.135797536,0.5,0,-1
1830535,1906854,4,0.957137327,0.176470588,96,0.135797536,0.5,4,-1
1830535,1930940,2,2.330910268,0.461538462,84,0.477067377,1,2,-1
1830535,1941823,0,0.281266414,0.071428571,36,0.028571429,0.5,0,-1
1830537,1838496,1,0.389871245,0.083333333,40,0.076923077,0.5,1,-1
1830537,1840714,0,3.366288429,0.5,104,0.875,1,0,-1
1830537,1841832,1,0.389871245,0.083333333,40,0.076923077,0.5,1,-1
1830537,1845644,6,3.275261327,0.777777778,64,0.826923077,1,6,-1
1830537,1867971,6,3.275261327,0.777777778,64,0.826923077,1,6,-1
1830537,1873869,1,0.389871245,0.083333333,40,0.076923077,0.5,1,-1
1830537,1877368,6,3.275261327,0.777777778,64,0.826923077,1,6,-1
1830537,1886960,0,0.389871245,0.083333333,40,0.076923077,0.5,0,-1
1830537,1895870,0,0.389871245,0.083333333,40,0.076923077,0.5,0,-1
1830537,1898387,0,3.275261327,0.777777778,64,0.826923077,1,0,-1
1830537,1898856,6,3.275261327,0.777777778,64,0.826923077,1,6,-1
1830537,1898989,6,3.275261327,0.777777778,64,0.826923077,1,6,-1
1830537,1906836,6,3.275261327,0.777777778,64,0.826923077,1,6,-1
1830588,1830635,5,2.485339738,0.666666667,25,0.8,1,5,-1
1830588,1864746,5,2.485339738,0.666666667,25,0.8,1,5,-1
1830588,1864845,5,2.485339738,0.666666667,25,0.8,1,5,-1
1830588,1892839,5,2.485339738,0.666666667,25,0.8,1,5,-1
1830588,1941711,5,2.485339738,0.666666667,25,0.8,1,5,-1
1830630,1835844,0,2.636128574,0.714285714,36,0.75,1,0,-1
1830630,1839919,6,2.713340853,0.555555556,48,0.791666667,1,6,-1
1830630,1840481,0,2.636128574,0.714285714,36,0.75,1,0,-1
1830630,1851422,6,2.713340853,0.555555556,48,0.791666667,1,6,-1
1830630,1896246,4,2.636128574,0.714285714,36,0.75,1,4,-1
1830630,1930849,3,0.961796694,0.285714286,18,0.25,0.5,3,-1
1830630,1935277,6,0.961796694,0.285714286,18,0.25,0.5,6,-1
1830632,1836210,0,2.485339738,0.666666667,25,0.8,1,0,-1
1830632,1854555,4,2.485339738,0.666666667,25,0.8,1,4,-1
1830632,1889003,7,2.485339738,0.666666667,25,0.8,1,7,-1
1830632,1898118,7,2.485339738,0.666666667,25,0.8,1,7,-1
1830632,1898123,7,2.485339738,0.666666667,25,0.8,1,7,-1
1830635,1864746,7,2.485339738,0.666666667,25,0.8,1,7,1
1830635,1864845,5,2.485339738,0.666666667,25,0.8,1,5,1
1830635,1892839,7,2.485339738,0.666666667,25,0.8,1,7,-1
1830635,1941711,5,2.485339738,0.666666667,25,0.8,1,5,-1
1830646,1834790,10,3.083390054,0.75,49,0.857142857,1,10,-1
1830646,1873536,7,3.083390054,0.75,49,0.857142857,1,7,-1
1830646,1876626,10,3.083390054,0.75,49,0.857142857,1,10,-1
1830646,1881034,7,3.083390054,0.75,49,0.857142857,1,7,-1
1830646,1883322,7,3.083390054,0.75,49,0.857142857,1,7,-1
1830646,1883358,7,3.083390054,0.75,49,0.857142857,1,7,-1
1830646,1883368,10,3.083390054,0.75,49,0.857142857,1,10,-1
1830661,1835028,7,3.366288429,0.636363636,80,0.875,1,7,-1
1830661,1837705,7,3.319684564,0.777777778,64,0.85,1,7,-1
1830661,1865723,2,0.434294482,0.111111111,16,0.1,0.5,2,-1
1830661,1897141,7,3.319684564,0.777777778,64,0.85,1,7,-1
1830661,1897154,7,3.319684564,0.777777778,64,0.85,1,7,-1
1830661,1907183,0,3.319684564,0.777777778,64,0.85,1,0,-1
1830661,1929997,0,0.434294482,0.111111111,16,0.1,0.5,0,-1
1830695,1832380,3,1.820478453,0.5,9,0.666666667,1,3,-1
1830695,1845785,3,1.820478453,0.5,9,0.666666667,1,3,-1
1830695,1894780,3,1.820478453,0.5,9,0.666666667,1,3,-1
1830713,1831836,3,0.769988515,0.095238095,60,0.14973262,0.5,3,-1
1830713,1837526,2,0.352956124,0.038461538,140,0.058823529,0.5,2,-1
1830713,1840658,2,0.434294482,0.043478261,80,0.1,0.5,2,-1
1830713,1845890,4,2.790553133,0.2,200,0.833333333,1,4,-1
1830713,1847115,4,2.666736988,0.238095238,120,0.766666667,1,4,-1
1830713,1847691,3,0.72134752,0.074074074,180,0.125,0.5,3,-1
1830713,1850667,2,0.36067376,0.037037037,160,0.0625,0.5,2,-1
1830713,1852947,0,0.352956124,0.038461538,140,0.058823529,0.5,0,-1
1830713,1855734,2,0.352956124,0.038461538,140,0.058823529,0.5,2,-1
1830713,1855805,0,0.434294482,0.033333333,220,0.1,0.5,0,-1
1830713,1856288,0,5.831196553,0.619047619,280,1.408661192,1,0,1
1830713,1856292,7,2.959998134,0.333333333,160,0.662337662,1,7,1
1830713,1856361,0,2.666736988,0.238095238,120,0.766666667,1,0,1
1830713,1856835,2,0.352956124,0.038461538,140,0.058823529,0.5,2,-1
1830713,1861430,6,3.212222703,0.233333333,340,0.796266234,1,6,1
1830713,1861958,10,3.080222721,0.24137931,320,0.724837662,1,10,-1
1830713,1862199,5,2.787472675,0.2,320,0.701680672,1,5,1
1830713,1863276,2,0.36067376,0.045454545,60,0.0625,0.5,2,-1
1830713,1864017,8,3.376820214,0.347826087,220,0.755252101,1,8,-1
1830713,1866559,10,2.959998134,0.333333333,160,0.662337662,1,10,1
1830713,1869815,2,0.434294482,0.043478261,80,0.1,0.5,2,-1
1830713,1871897,7,3.080222721,0.24137931,320,0.724837662,1,7,-1
1830713,1872494,0,2.634248093,0.285714286,140,0.621323529,1,0,1
1830713,1873460,0,0.72134752,0.057142857,340,0.125,0.5,0,-1
1830713,1873522,5,2.634248093,0.285714286,140,0.621323529,1,5,1
1830713,1874544,2,0.352956124,0.038461538,140,0.058823529,0.5,2,-1
1830713,1874605,2,0.434294482,0.043478261,80,0.1,0.5,2,-1
1830713,1884027,5,0.72134752,0.074074074,180,0.125,0.5,5,-1
1830713,1884367,3,0.72134752,0.074074074,180,0.125,0.5,3,-1
1830713,1884654,5,0.72134752,0.074074074,180,0.125,0.5,5,-1
1830713,1884680,3,0.72134752,0.074074074,180,0.125,0.5,3,-1
1830713,1884686,3,0.72134752,0.074074074,180,0.125,0.5,3,-1
1830713,1885486,3,0.769988515,0.071428571,200,0.14973262,0.5,3,-1
1830713,1885632,3,0.72134752,0.074074074,180,0.125,0.5,3,-1
1830713,1888318,2,0.36067376,0.043478261,80,0.0625,0.5,2,-1
1830713,1888323,2,0.36067376,0.04,120,0.0625,0.5,2,-1
1830713,1889251,7,2.959998134,0.333333333,160,0.662337662,1,7,-1
1830713,1889585,5,2.634248093,0.285714286,140,0.621323529,1,5,-1
1830713,1889702,0,0.352956124,0.038461538,140,0.058823529,0.5,0,-1
1830713,1890316,4,2.666736988,0.238095238,120,0.766666667,1,4,-1
1830713,1896080,2,0.36067376,0.04,120,0.0625,0.5,2,-1
1830713,1897666,10,2.959998134,0.333333333,160,0.662337662,1,10,-1
1830713,1898802,4,2.666736988,0.238095238,120,0.766666667,1,4,-1
1830713,1903693,0,2.666736988,0.238095238,120,0.766666667,1,0,-1
1830713,1904345,2,0.36067376,0.04,120,0.0625,0.5,2,-1
1830713,1905066,5,2.634248093,0.285714286,140,0.621323529,1,5,-1
1830713,1905820,2,0.352956124,0.038461538,140,0.058823529,0.5,2,-1
1830713,1929413,2,0.36067376,0.041666667,100,0.0625,0.5,2,-1
1830713,1935893,2,0.36067376,0.045454545,60,0.0625,0.5,2,-1
1830713,1942739,2,0.36067376,0.045454545,60,0.0625,0.5,2,-1
1830725,1884394,2,1.820478453,0.5,9,0.666666667,1,2,-1
1830725,1885675,0,1.820478453,0.5,9,0.666666667,1,0,-1
1830725,1885682,2,1.820478453,0.5,9,0.666666667,1,2,-1
1830728,1838964,5,2.266434408,0.235294118,80,0.683333333,1,5,-1
1830728,1845717,0,0.72134752,0.1,96,0.125,0.5,0,-1
1830728,1862273,10,4.057606652,0.588235294,176,0.852272727,1,10,-1
1830728,1863421,12,4.113965283,0.454545455,256,0.880681818,1,12,-1
1830728,1863616,10,4.057606652,0.588235294,176,0.852272727,1,10,-1
1830728,1863653,10,4.057606652,0.588235294,176,0.852272727,1,10,-1
1830728,1867211,10,4.057606652,0.588235294,176,0.852272727,1,10,-1
1830728,1874416,3,0.72134752,0.08,176,0.125,0.5,3,-1
1830728,1884751,7,2.266434408,0.235294118,80,0.683333333,1,7,-1
1830728,1885072,7,2.266434408,0.235294118,80,0.683333333,1,7,-1
1830728,1885834,5,2.266434408,0.235294118,80,0.683333333,1,5,-1
1830728,1888132,3,0.72134752,0.1,96,0.125,0.5,3,-1
1830728,1889481,3,0.72134752,0.1,96,0.125,0.5,3,-1
1830728,1889572,10,4.057606652,0.588235294,176,0.852272727,1,10,-1
1830728,1890933,10,4.057606652,0.588235294,176,0.852272727,1,10,-1
1830728,1890957,0,4.057606652,0.588235294,176,0.852272727,1,0,-1
1830728,1890984,10,4.057606652,0.588235294,176,0.852272727,1,10,-1
1830728,1893443,5,2.485339738,0.166666667,192,0.8,1,5,-1
1830728,1904488,10,4.113965283,0.454545455,256,0.880681818,1,10,-1
1830728,1906123,12,4.057606652,0.588235294,176,0.852272727,1,12,-1
1830728,1935020,0,0.402429604,0.045454545,112,0.083333333,0.5,0,-1
1830728,1935036,2,0.402429604,0.045454545,112,0.083333333,0.5,2,-1
1830728,1936097,2,0.402429604,0.045454545,112,0.083333333,0.5,2,-1
1830728,1936103,2,0.402429604,0.045454545,112,0.083333333,0.5,2,-1
1830728,1936170,2,0.402429604,0.045454545,112,0.083333333,0.5,2,-1
1830728,1943434,2,0.402429604,0.045454545,112,0.083333333,0.5,2,-1
1830728,1943571,2,0.402429604,0.045454545,112,0.083333333,0.5,2,-1
1830737,1849857,5,2.485339738,0.666666667,25,0.8,1,5,-1
1830737,1935894,7,2.485339738,0.666666667,25,0.8,1,7,-1
1830737,1936382,5,2.485339738,0.666666667,25,0.8,1,5,-1
1830737,1943205,7,2.485339738,0.666666667,25,0.8,1,7,-1
1830742,1830746,4,1.442695041,0.142857143,12,0.5,1,4,-1
1830742,1835683,3,2.000805667,0.428571429,24,0.666666667,1,3,1
1830742,1835986,3,2.000805667,0.428571429,24,0.666666667,1,3,-1
1830742,1838531,0,0.558110627,0.142857143,12,0.166666667,0.5,0,-1
1830742,1839079,0,0.558110627,0.142857143,12,0.166666667,0.5,0,-1
1830742,1854860,0,2.000805667,0.428571429,24,0.666666667,1,0,-1
1830742,1869456,4,1.442695041,0.142857143,12,0.5,1,4,1
1830742,1873053,3,2.164042561,0.333333333,36,0.75,1,3,-1
1830744,1833790,3,1.820478453,0.5,9,0.666666667,1,3,-1
1830744,1862975,3,1.820478453,0.5,9,0.666666667,1,3,-1
1830744,1879086,3,1.820478453,0.5,9,0.666666667,1,3,-1
1830746,1835683,2,0.558110627,0.2,8,0.166666667,0.5,2,-1
1830746,1835986,2,0.558110627,0.2,8,0.166666667,0.5,2,-1
1830746,1854860,0,0.558110627,0.2,8,0.166666667,0.5,0,-1
1830746,1869456,4,0.558110627,0.333333333,4,0.166666667,1,4,-1
1830746,1873053,2,0.558110627,0.142857143,12,0.166666667,0.5,2,-1
1830772,1842622,0,2.487549543,0.454545455,60,0.671428571,1,0,-1
1830772,1847321,0,2.542920843,0.333333333,84,0.7,1,0,-1
1830772,1856976,0,1.247512145,0.157894737,96,0.271428571,0.5,0,-1
1830772,1866132,0,1.247512145,0.428571429,24,0.271428571,0.5,0,-1
1830772,1867247,0,2.487549543,0.454545455,60,0.671428571,1,0,-1
1830772,1867276,0,1.247512145,0.428571429,24,0.271428571,0.5,0,-1
1830772,1872680,0,0.378923182,0.111111111,24,0.071428571,0.5,0,-1
1830772,1879250,0,0.378923182,0.111111111,24,0.071428571,0.5,0,-1
1830772,1879729,5,2.363733399,0.714285714,36,0.604761905,1,5,-1
1830772,1885649,0,0.378923182,0.111111111,24,0.071428571,0.5,0,-1
1830772,1886080,0,0.378923182,0.111111111,24,0.071428571,0.5,0,-1
1830772,1906467,0,1.247512145,0.428571429,24,0.271428571,0.5,0,-1
1830772,1942656,5,2.363733399,0.714285714,36,0.604761905,1,5,-1
1830772,1942834,3,2.363733399,0.714285714,36,0.604761905,1,3,-1
1830780,1857311,2,0.513898342,0.142857143,12,0.142857143,1,2,-1
1830780,1874416,2,0.513898342,0.0625,66,0.142857143,0.5,2,-1
1830780,1883969,3,0.513898342,0.1,30,0.142857143,0.5,3,-1
1830780,1890429,0,2.164042561,0.428571429,24,0.75,1,0,-1
1830780,1898534,2,0.513898342,0.1,30,0.142857143,0.5,2,-1
1830780,1898592,2,2.164042561,0.428571429,24,0.75,1,2,-1
1830780,1898624,2,0.513898342,0.1,30,0.142857143,0.5,2,-1
1830780,1907118,0,2.164042561,0.428571429,24,0.75,1,0,-1
1830780,1907131,3,2.164042561,0.428571429,24,0.75,1,3,-1
1830780,1908148,2,0.513898342,0.1,30,0.142857143,0.5,2,-1
1830806,1831839,2,0.31465798,0.083333333,40,0.041666667,0.5,2,-1
1830806,1832118,0,0.693581162,0.25,25,0.113095238,0.5,0,-1
1830806,1832273,4,1.95005179,0.16,120,0.519047619,1,4,-1
1830806,1834820,2,0.31465798,0.066666667,55,0.041666667,0.5,2,-1
1830806,1844269,0,0.31465798,0.125,20,0.041666667,0.5,0,-1
1830806,1860353,3,0.693581162,0.25,25,0.113095238,0.5,3,-1
1830806,1861180,2,0.31465798,0.066666667,55,0.041666667,0.5,2,-1
1830806,1864539,2,0.31465798,0.083333333,40,0.041666667,0.5,2,-1
1830806,1866881,3,0.693581162,0.095238095,90,0.113095238,0.5,3,-1
1830806,1867460,4,1.885786588,0.266666667,70,0.489285714,1,4,-1
1830806,1870154,0,0.31465798,0.083333333,40,0.041666667,0.5,0,-1
1830806,1877717,4,1.936251031,0.181818182,105,0.513095238,1,4,-1
1830806,1877984,4,1.643374835,0.666666667,25,0.360714286,1,4,-1
1830806,1881645,0,0.328458739,0.05,80,0.047619048,0.5,0,-1
1830806,1882841,0,1.643374835,0.666666667,25,0.360714286,1,0,-1
1830806,1889857,3,0.693581162,0.2,35,0.113095238,0.5,3,-1
1830806,1891136,0,0.693581162,0.25,25,0.113095238,0.5,0,-1
1830806,1897566,2,0.31465798,0.083333333,40,0.041666667,0.5,2,-1
1830806,1897611,2,0.31465798,0.083333333,40,0.041666667,0.5,2,-1
1830806,1924832,3,0.693581162,0.285714286,20,0.113095238,0.5,3,-1
1830806,1925579,2,0.328458739,0.05,80,0.047619048,0.5,2,-1
1830806,1925607,0,0.328458739,0.05,80,0.047619048,0.5,0,-1
1830806,1929056,0,0.693581162,0.25,25,0.113095238,0.5,0,-1
1830806,1929157,3,0.693581162,0.25,25,0.113095238,0.5,3,-1
1830806,1929440,0,0.328458739,0.05,80,0.047619048,0.5,0,-1
1830806,1929443,0,0.328458739,0.05,80,0.047619048,0.5,0,-1
1830806,1929525,0,0.328458739,0.05,80,0.047619048,0.5,0,-1
1830806,1929535,0,0.328458739,0.05,80,0.047619048,0.5,0,-1
1830806,1929920,0,0.31465798,0.125,20,0.041666667,0.5,0,-1
1830806,1929949,0,0.328458739,0.05,80,0.047619048,0.5,0,-1
1830806,1930029,0,0.328458739,0.05,80,0.047619048,0.5,0,-1
1830806,1930038,0,0.328458739,0.05,80,0.047619048,0.5,0,-1
1830806,1933669,0,0.328458739,0.05,80,0.047619048,0.5,0,-1
1830806,1933672,0,0.328458739,0.05,80,0.047619048,0.5,0,-1
1830806,1933691,2,0.328458739,0.05,80,0.047619048,0.5,2,-1
1830806,1934173,3,0.693581162,0.285714286,20,0.113095238,0.5,3,-1
1830806,1934397,0,0.328458739,0.05,80,0.047619048,0.5,0,-1
1830806,1934446,0,0.328458739,0.05,80,0.047619048,0.5,0,-1
1830806,1934457,0,0.328458739,0.05,80,0.047619048,0.5,0,-1
1830806,1934843,0,0.31465798,0.125,20,0.041666667,0.5,0,-1
1830820,1831023,5,2.622313751,0.714285714,36,0.743589744,1,5,1
1830820,1831038,5,2.790553133,0.357142857,78,0.833333333,1,5,1
1830820,1877890,0,2.622313751,0.714285714,36,0.743589744,1,0,1
1830820,1877891,5,2.622313751,0.714285714,36,0.743589744,1,5,1
1830820,1878088,5,2.622313751,0.714285714,36,0.743589744,1,5,-1
1830820,1878745,5,2.622313751,0.714285714,36,0.743589744,1,5,-1
1830820,1885889,2,0.389871245,0.083333333,42,0.076923077,0.5,2,-1
1830820,1886392,2,0.389871245,0.083333333,42,0.076923077,0.5,2,-1
1830820,1886402,2,0.389871245,0.083333333,42,0.076923077,0.5,2,-1
1830820,1886430,2,0.389871245,0.083333333,42,0.076923077,0.5,2,-1
1830820,1894337,2,0.389871245,0.083333333,42,0.076923077,0.5,2,-1
1830820,1894361,2,0.389871245,0.083333333,42,0.076923077,0.5,2,-1
1830820,1902334,2,0.389871245,0.083333333,42,0.076923077,0.5,2,-1
1830829,1888772,1,0,0,1,0,1,1,-1
1830839,1843160,3,2.164042561,0.6,16,0.75,1,3,1
1830839,1849062,0,2.164042561,0.6,16,0.75,1,0,1
1830839,1865262,3,2.164042561,0.6,16,0.75,1,3,1
1830839,1872366,4,2.164042561,0.6,16,0.75,1,4,1
1830844,1831497,0,2.164042561,0.6,16,0.75,1,0,-1
1830844,1845653,0,2.164042561,0.6,16,0.75,1,0,-1
1830844,1869645,0,2.164042561,0.6,16,0.75,1,0,-1
1830844,1896136,0,2.164042561,0.6,16,0.75,1,0,-1
1830884,1833584,0,0.679246544,0.068965517,198,0.105263158,0.5,0,-1
1830884,1833784,2,0.27295842,0.023255814,484,0.025641026,0.5,2,-1
1830884,1835287,2,0.27295842,0.028571429,308,0.025641026,0.5,2,-1
1830884,1842318,0,0.27295842,0.028571429,308,0.025641026,0.5,0,-1
1830884,1844353,0,4.495186326,0.52173913,286,0.84032634,1,0,-1
1830884,1851005,24,8.121906192,0.913043478,484,1.593941147,1,24,1
1830884,1852595,16,4.495186326,0.52173913,286,0.84032634,1,16,-1
1830884,1856334,2,0.27295842,0.028571429,308,0.025641026,0.5,2,-1
1830884,1857260,0,3.739805556,0.434782609,242,0.702332755,1,0,-1
1830884,1861092,11,3.777914766,0.384615385,308,0.721813274,1,11,-1
1830884,1861956,11,3.739805556,0.434782609,242,0.702332755,1,11,-1
1830884,1864372,3,0.651881602,0.083333333,88,0.097069597,0.5,3,-1
1830884,1866992,0,3.739805556,0.434782609,242,0.702332755,1,0,-1
1830884,1867193,11,4.495186326,0.52173913,286,0.84032634,1,11,-1
1830884,1867232,11,4.495186326,0.52173913,286,0.84032634,1,11,-1
1830884,1867549,0,4.495186326,0.52173913,286,0.84032634,1,0,-1
1830884,1868474,11,4.495186326,0.52173913,286,0.84032634,1,11,-1
1830884,1868479,16,4.495186326,0.52173913,286,0.84032634,1,16,-1
1830884,1868637,1,0.679246544,0.068965517,198,0.105263158,0.5,1,-1
1830884,1868641,11,4.495186326,0.52173913,286,0.84032634,1,11,-1
1830884,1868649,5,0.651881602,0.083333333,88,0.097069597,0.5,5,-1
1830884,1868674,11,4.495186326,0.52173913,286,0.84032634,1,11,-1
1830884,1870097,0,3.739805556,0.434782609,242,0.702332755,1,0,-1
1830884,1871018,0,3.817214676,0.322580645,418,0.740610267,1,0,-1
1830884,1871971,0,0.27295842,0.028571429,308,0.025641026,0.5,0,-1
1830884,1875636,3,0.27295842,0.028571429,308,0.025641026,0.5,3,-1
1830884,1879996,0,0.679246544,0.068965517,198,0.105263158,0.5,0,1
1830884,1880010,0,0.679246544,0.068965517,198,0.105263158,0.5,0,1
1830884,1880020,0,3.817214676,0.322580645,418,0.740610267,1,0,-1
1830884,1880699,1,0.679246544,0.068965517,198,0.105263158,0.5,1,-1
1830884,1880702,1,0.679246544,0.068965517,198,0.105263158,0.5,1,-1
1830884,1880708,0,0.679246544,0.068965517,198,0.105263158,0.5,0,-1
1830884,1880825,0,0.27295842,0.023255814,484,0.025641026,0.5,0,-1
1830884,1880850,0,0.27295842,0.023255814,484,0.025641026,0.5,0,-1
1830884,1881074,0,0.679246544,0.068965517,198,0.105263158,0.5,0,-1
1830884,1885052,2,0.27295842,0.028571429,308,0.025641026,0.5,2,-1
1830884,1885313,2,0.27295842,0.028571429,308,0.025641026,0.5,2,-1
1830884,1885317,0,0.27295842,0.028571429,308,0.025641026,0.5,0,-1
1830884,1885741,0,0.27295842,0.028571429,308,0.025641026,0.5,0,-1
1830884,1885792,3,0.27295842,0.028571429,308,0.025641026,0.5,3,-1
1830884,1886571,5,0.651881602,0.083333333,88,0.097069597,0.5,5,-1
1830884,1886905,16,4.495186326,0.52173913,286,0.84032634,1,16,-1
1830884,1903241,16,4.495186326,0.52173913,286,0.84032634,1,16,-1
1830884,1924616,11,3.739805556,0.434782609,242,0.702332755,1,11,-1
1830884,1929480,11,3.739805556,0.434782609,242,0.702332755,1,11,-1
1830975,1834567,0,1.820478453,0.181818182,30,0.666666667,1,0,-1
1830975,1849030,7,2.953524108,0.545454545,70,0.787337662,1,7,1
1830975,1849065,7,2.953524108,0.545454545,70,0.787337662,1,7,1
1830975,1849628,7,3.050390059,0.4,110,0.839285714,1,7,1
1830975,1863961,2,0.417032391,0.076923077,40,0.090909091,0.5,2,-1
1830975,1871991,2,0.417032391,0.076923077,40,0.090909091,0.5,2,-1
1830975,1872016,2,0.417032391,0.076923077,40,0.090909091,0.5,2,-1
1830975,1872187,2,0.417032391,0.076923077,40,0.090909091,0.5,2,-1
1830975,1888262,0,1.820478453,0.181818182,30,0.666666667,1,0,-1
1830975,1893886,2,0.480898347,0.1,10,0.125,0.5,2,-1
1830975,1894284,7,2.986524103,0.5,80,0.805194805,1,7,-1
1830975,1905281,1,1.820478453,0.181818182,30,0.666666667,1,1,-1
1830975,1925915,7,2.953524108,0.545454545,70,0.787337662,1,7,-1
1830975,1942191,8,2.953524108,0.545454545,70,0.787337662,1,8,-1
1830998,1840960,2,0.303413076,0.043478261,140,0.037037037,0.5,2,-1
1830998,1849638,2,0.303413076,0.038461538,182,0.037037037,0.5,2,-1
1830998,1851187,16,7.67210662,0.464285714,378,2.341666667,1,16,-1
1830998,1874761,7,3.188803157,0.466666667,112,0.787037037,1,7,-1
1830998,1882748,2,0.303413076,0.0625,42,0.037037037,0.5,2,-1
1830998,1886973,7,3.188803157,0.466666667,112,0.787037037,1,7,-1
1830998,1886988,7,3.188803157,0.466666667,112,0.787037037,1,7,-1
1830998,1889167,9,2.167417879,0.266666667,70,0.637037037,1,9,-1
1830998,1889546,2,0.303413076,0.058823529,56,0.037037037,0.5,2,-1
1830998,1891726,0,1.213652302,0.133333333,42,0.37037037,1,0,-1
1830998,1895193,0,3.188803157,0.466666667,112,0.787037037,1,0,1
1830998,1897724,9,2.167417879,0.266666667,70,0.637037037,1,9,-1
1830998,1898362,0,1.213652302,0.133333333,42,0.37037037,1,0,-1
1830998,1903082,9,3.188803157,0.466666667,112,0.787037037,1,9,-1
1830998,1905093,9,2.167417879,0.266666667,70,0.637037037,1,9,-1
1830998,1905121,5,2.167417879,0.266666667,70,0.637037037,1,5,-1
1830998,1906104,2,0.303413076,0.058823529,56,0.037037037,0.5,2,-1
1830998,1907362,2,0.303413076,0.043478261,140,0.037037037,0.5,2,-1
1830998,1914917,7,3.188803157,0.466666667,112,0.787037037,1,7,-1
1830998,1914950,7,3.188803157,0.466666667,112,0.787037037,1,7,-1
1830998,1935886,0,0.303413076,0.043478261,140,0.037037037,0.5,0,-1
1830998,1935896,0,0.303413076,0.043478261,140,0.037037037,0.5,0,-1
1830998,1943174,0,0.303413076,0.043478261,140,0.037037037,0.5,0,-1
1830998,1943671,2,0.303413076,0.043478261,140,0.037037037,0.5,2,-1
1830998,1943692,2,0.303413076,0.043478261,140,0.037037037,0.5,2,-1
1830998,1943771,2,0.303413076,0.043478261,140,0.037037037,0.5,2,-1
1831014,1832016,0,0.256949171,0.142857143,15,0.020408163,0.5,0,-1
1831014,1838344,0,0.256949171,0.1,24,0.020408163,0.5,0,-1
1831014,1842257,2,0.256949171,0.142857143,15,0.020408163,0.5,2,-1
1831014,1842502,0,0.256949171,0.1,24,0.020408163,0.5,0,-1
1831014,1844454,0,0.256949171,0.038461538,72,0.020408163,0.5,0,-1
1831014,1844749,0,0.256949171,0.066666667,39,0.020408163,0.5,0,-1
1831014,1849170,2,1.167188398,0.5,9,0.353741497,1,2,-1
1831014,1853247,0,0.256949171,0.1,24,0.020408163,0.5,0,-1
1831014,1855626,0,0.256949171,0.052631579,51,0.020408163,0.5,0,-1
1831014,1856668,0,0.256949171,0.111111111,21,0.020408163,0.5,0,-1
1831014,1863952,0,0.256949171,0.1,24,0.020408163,0.5,0,-1
1831014,1864097,2,0.256949171,0.1,24,0.020408163,0.5,2,-1
1831014,1865866,2,0.256949171,0.111111111,21,0.020408163,0.5,2,-1
1831014,1874644,0,0.256949171,0.142857143,15,0.020408163,0.5,0,-1
1831014,1875493,0,0.256949171,0.142857143,15,0.020408163,0.5,0,-1
1831014,1875829,0,0.256949171,0.1,24,0.020408163,0.5,0,-1
1831014,1876773,0,0.256949171,0.1,24,0.020408163,0.5,0,-1
1831014,1878083,0,0.256949171,0.1,24,0.020408163,0.5,0,-1
1831014,1878091,0,0.256949171,0.1,24,0.020408163,0.5,0,-1
1831014,1879198,0,0.256949171,0.1,24,0.020408163,0.5,0,-1
1831014,1879358,0,0.256949171,0.1,24,0.020408163,0.5,0,-1
1831014,1882552,0,0.256949171,0.1,24,0.020408163,0.5,0,-1
1831014,1882975,0,0.256949171,0.1,24,0.020408163,0.5,0,-1
1831014,1884039,0,0.256949171,0.1,24,0.020408163,0.5,0,-1
1831014,1884679,0,0.256949171,0.1,24,0.020408163,0.5,0,-1
1831014,1886401,2,0.256949171,0.142857143,15,0.020408163,0.5,2,-1
1831014,1888700,0,1.167188398,0.5,9,0.353741497,1,0,-1
1831014,1895537,0,0.256949171,0.142857143,15,0.020408163,0.5,0,-1
1831014,1898194,0,0.256949171,0.111111111,21,0.020408163,0.5,0,-1
1831014,1899081,2,0.256949171,0.142857143,15,0.020408163,0.5,2,-1
1831014,1899136,2,0.256949171,0.142857143,15,0.020408163,0.5,2,-1
1831014,1905235,0,0.256949171,0.04,69,0.020408163,0.5,0,-1
1831014,1907645,0,0.256949171,0.111111111,21,0.020408163,0.5,0,-1
1831014,1907667,0,0.256949171,0.111111111,21,0.020408163,0.5,0,-1
1831014,1917549,0,0.256949171,0.111111111,21,0.020408163,0.5,0,-1
1831014,1924814,2,0.256949171,0.066666667,39,0.020408163,0.5,2,-1
1831014,1925647,0,0.256949171,0.066666667,39,0.020408163,0.5,0,-1
1831014,1925715,2,0.256949171,0.066666667,39,0.020408163,0.5,2,-1
1831014,1930129,0,0.256949171,0.066666667,39,0.020408163,0.5,0,-1
1831014,1930134,0,0.256949171,0.066666667,39,0.020408163,0.5,0,-1
1831014,1930156,0,0.256949171,0.066666667,39,0.020408163,0.5,0,-1
1831014,1930184,0,0.256949171,0.066666667,39,0.020408163,0.5,0,-1
1831014,1933814,0,0.256949171,0.066666667,39,0.020408163,0.5,0,-1
1831014,1934549,2,0.256949171,0.066666667,39,0.020408163,0.5,2,-1
1831014,1934551,0,0.256949171,0.066666667,39,0.020408163,0.5,0,-1
1831014,1941681,0,0.256949171,0.066666667,39,0.020408163,0.5,0,-1
1831023,1831038,5,2.790553133,0.357142857,78,0.833333333,1,5,1
1831023,1877890,0,2.622313751,0.714285714,36,0.743589744,1,0,1
1831023,1877891,5,2.622313751,0.714285714,36,0.743589744,1,5,1
1831023,1878088,5,2.622313751,0.714285714,36,0.743589744,1,5,-1
1831023,1878745,5,2.622313751,0.714285714,36,0.743589744,1,5,-1
1831023,1885889,2,0.389871245,0.083333333,42,0.076923077,0.5,2,-1
1831023,1886392,2,0.389871245,0.083333333,42,0.076923077,0.5,2,-1
1831023,1886402,2,0.389871245,0.083333333,42,0.076923077,0.5,2,-1
1831023,1886430,2,0.389871245,0.083333333,42,0.076923077,0.5,2,-1
1831023,1894337,2,0.389871245,0.083333333,42,0.076923077,0.5,2,-1
1831023,1894361,2,0.389871245,0.083333333,42,0.076923077,0.5,2,-1
1831023,1902334,2,0.389871245,0.083333333,42,0.076923077,0.5,2,-1
1831038,1877890,0,2.790553133,0.357142857,78,0.833333333,1,0,1
1831038,1877891,7,2.790553133,0.357142857,78,0.833333333,1,7,1
1831038,1878088,5,2.790553133,0.357142857,78,0.833333333,1,5,-1
1831038,1878745,7,2.790553133,0.357142857,78,0.833333333,1,7,-1
1831038,1885889,12,3.083390054,0.428571429,91,0.857142857,1,12,-1
1831038,1886392,7,3.083390054,0.428571429,91,0.857142857,1,7,-1
1831038,1886402,12,3.083390054,0.428571429,91,0.857142857,1,12,-1
1831038,1886430,7,3.083390054,0.428571429,91,0.857142857,1,7,-1
1831038,1894337,12,3.083390054,0.428571429,91,0.857142857,1,12,-1
1831038,1894361,12,3.083390054,0.428571429,91,0.857142857,1,12,-1
1831038,1902334,12,3.083390054,0.428571429,91,0.857142857,1,12,-1
1831105,1918538,3,2.164042561,0.6,16,0.75,1,3,-1
1831105,1924855,3,2.164042561,0.6,16,0.75,1,3,-1
1831105,1934616,0,2.164042561,0.6,16,0.75,1,0,-1
1831133,1834455,2,0.621334935,0.142857143,15,0.2,0.5,2,-1
1831133,1887700,4,0.480898347,0.142857143,15,0.125,0.5,4,-1
1831133,1888155,0,1.102233282,0.5,9,0.325,1,0,-1
1831133,1895531,3,1.531574161,0.222222222,24,0.533333333,1,3,-1
1831133,1895621,0,0.480898347,0.142857143,15,0.125,0.5,0,-1
1831133,1896596,2,0.480898347,0.142857143,15,0.125,0.5,2,-1
1831133,1897773,2,0.621334935,0.2,9,0.2,0.5,2,-1
1831133,1903669,4,0.480898347,0.142857143,15,0.125,0.5,4,-1
1831133,1915789,2,1.391137574,0.333333333,15,0.458333333,1,2,-1
1831240,1837043,7,3.499512107,0.8,81,0.815018315,1,7,-1
1831240,1845892,2,0.378923182,0.076923077,45,0.071428571,0.5,2,-1
1831240,1850605,7,3.575708538,0.533333333,126,0.854700855,1,7,-1
1831240,1851396,2,0.378923182,0.066666667,63,0.071428571,0.5,2,-1
1831240,1853020,2,0.389871245,0.083333333,36,0.076923077,0.5,2,-1
1831240,1860531,7,3.564760475,0.571428571,117,0.849206349,1,7,-1
1831240,1867099,2,0.378923182,0.076923077,45,0.071428571,0.5,2,-1
1831240,1878313,2,0.389871245,0.083333333,36,0.076923077,0.5,2,-1
1831240,1879411,2,0.389871245,0.083333333,36,0.076923077,0.5,2,-1
1831240,1879592,2,0.389871245,0.083333333,36,0.076923077,0.5,2,-1
1831240,1925388,0,3.499512107,0.8,81,0.815018315,1,0,-1
1831240,1925402,0,3.499512107,0.8,81,0.815018315,1,0,-1
1831240,1925458,7,3.499512107,0.8,81,0.815018315,1,7,-1
1831240,1929405,7,3.499512107,0.8,81,0.815018315,1,7,-1
1831240,1934336,7,3.499512107,0.8,81,0.815018315,1,7,-1
1831278,1832739,0,0.303413076,0.055555556,90,0.037037037,0.5,0,-1
1831278,1833556,2,2.167417879,0.4,45,0.637037037,1,2,-1
1831278,1835593,0,0.303413076,0.066666667,63,0.037037037,0.5,0,-1
1831278,1836980,0,0.303413076,0.066666667,63,0.037037037,0.5,0,-1
1831278,1837036,0,0.303413076,0.055555556,90,0.037037037,0.5,0,-1
1831278,1841319,4,1.876989523,0.3,36,0.6,1,4,-1
1831278,1842668,0,0.303413076,0.076923077,45,0.037037037,0.5,0,-1
1831278,1845717,0,0.434294482,0.071428571,54,0.1,0.5,0,-1
1831278,1846328,0,0.303413076,0.066666667,63,0.037037037,0.5,0,-1
1831278,1847613,0,1.876989523,0.3,36,0.6,1,0,-1
1831278,1847880,1,0.303413076,0.076923077,45,0.037037037,0.5,1,-1
1831278,1853972,0,2.167417879,0.4,45,0.637037037,1,0,-1
1831278,1854319,0,2.167417879,0.4,45,0.637037037,1,0,-1
1831278,1855421,0,0.303413076,0.066666667,63,0.037037037,0.5,0,-1
1831278,1863421,0,0.434294482,0.041666667,144,0.1,0.5,0,-1
1831278,1868603,0,0.303413076,0.055555556,90,0.037037037,0.5,0,-1
1831278,1870427,0,1.876989523,0.3,36,0.6,1,0,-1
1831278,1874416,0,0.434294482,0.052631579,99,0.1,0.5,0,-1
1831278,1888132,0,0.434294482,0.071428571,54,0.1,0.5,0,-1
1831278,1888391,0,0.303413076,0.076923077,45,0.037037037,0.5,0,-1
1831278,1889481,0,0.434294482,0.071428571,54,0.1,0.5,0,-1
1831278,1904488,0,0.434294482,0.041666667,144,0.1,0.5,0,-1
1831278,1907532,0,0.303413076,0.066666667,63,0.037037037,0.5,0,-1
1831278,1920860,0,0.303413076,0.055555556,90,0.037037037,0.5,0,-1
1831278,1934076,0,0.303413076,0.055555556,90,0.037037037,0.5,0,-1
1831278,1934755,0,0.303413076,0.055555556,90,0.037037037,0.5,0,-1
1831278,1942345,0,0.303413076,0.055555556,90,0.037037037,0.5,0,-1
1831315,1841934,2,2.164042561,0.6,16,0.75,1,2,-1
1831315,1845172,0,2.164042561,0.6,16,0.75,1,0,1
1831315,1854908,0,2.164042561,0.6,16,0.75,1,0,-1
1831315,1884012,0,2.164042561,0.6,16,0.75,1,0,-1
1831394,1847122,12,3.366288429,0.777777778,64,0.875,1,12,-1
1831394,1853493,0,3.366288429,0.777777778,64,0.875,1,0,-1
1831394,1888035,12,3.366288429,0.777777778,64,0.875,1,12,-1
1831394,1888050,7,3.366288429,0.777777778,64,0.875,1,7,-1
1831394,1904991,7,3.366288429,0.777777778,64,0.875,1,7,-1
1831394,1905015,12,3.366288429,0.777777778,64,0.875,1,12,-1
1831394,1916193,12,3.366288429,0.777777778,64,0.875,1,12,-1
1831394,1916215,12,3.366288429,0.777777778,64,0.875,1,12,-1
1831410,1858059,3,1.820478453,0.5,9,0.666666667,1,3,-1
1831410,1876837,3,1.820478453,0.5,9,0.666666667,1,3,1
1831410,1903912,3,1.820478453,0.5,9,0.666666667,1,3,-1
1831414,1834488,6,2.253876049,0.666666667,25,0.676923077,1,6,-1
1831414,1852673,4,2.485339738,0.285714286,65,0.8,1,4,-1
1831414,1853325,2,0.389871245,0.083333333,40,0.076923077,0.5,2,-1
1831414,1857036,4,2.253876049,0.666666667,25,0.676923077,1,4,-1
1831414,1860111,2,0.389871245,0.083333333,40,0.076923077,0.5,2,-1
1831414,1881762,6,2.253876049,0.666666667,25,0.676923077,1,6,-1
1831414,1883981,2,0.389871245,0.083333333,40,0.076923077,0.5,2,-1
1831414,1884626,0,0.389871245,0.083333333,40,0.076923077,0.5,0,-1
1831414,1884673,2,0.389871245,0.083333333,40,0.076923077,0.5,2,-1
1831414,1885176,2,0.389871245,0.083333333,40,0.076923077,0.5,2,-1
1831414,1885203,2,0.389871245,0.083333333,40,0.076923077,0.5,2,-1
1831414,1885629,0,0.389871245,0.083333333,40,0.076923077,0.5,0,-1
1831414,1887950,0,2.253876049,0.666666667,25,0.676923077,1,0,-1
1831429,1834597,5,2.281678843,0.2,95,0.691666667,1,5,-1
1831429,1837364,5,2.140403768,0.444444444,40,0.619298246,1,5,-1
1831429,1838147,2,0.480898347,0.142857143,15,0.125,0.5,2,-1
1831429,1852324,0,0.339623272,0.052631579,75,0.052631579,0.5,0,-1
1831429,1863128,2,0.480898347,0.142857143,15,0.125,0.5,2,-1
1831429,1867534,3,0.339623272,0.1,30,0.052631579,0.5,3,-1
1831429,1872321,2,0.339623272,0.033333333,130,0.052631579,0.5,2,-1
1831429,1877509,0,0.339623272,0.043478261,95,0.052631579,0.5,0,-1
1831429,1878589,0,0.339623272,0.076923077,45,0.052631579,0.5,0,-1
1831429,1878605,0,0.339623272,0.076923077,45,0.052631579,0.5,0,-1
1831429,1878616,0,0.339623272,0.076923077,45,0.052631579,0.5,0,-1
1831429,1878759,0,0.339623272,0.076923077,45,0.052631579,0.5,0,-1
1831429,1879747,3,0.339623272,0.083333333,40,0.052631579,0.5,3,-1
1831429,1880318,7,2.063191488,0.571428571,30,0.577631579,1,7,-1
1831429,1880688,5,1.99996718,0.666666667,25,0.544298246,1,5,-1
1831429,1880731,7,1.99996718,0.666666667,25,0.544298246,1,7,-1
1831429,1888552,2,0.558110627,0.166666667,10,0.166666667,0.5,2,-1
1831429,1891679,2,0.339623272,0.1,30,0.052631579,0.5,2,-1
1831429,1899921,2,0.339623272,0.1,30,0.052631579,0.5,2,-1
1831429,1908443,3,0.339623272,0.1,30,0.052631579,0.5,3,-1
1831429,1908448,2,0.339623272,0.1,30,0.052631579,0.5,2,-1
1831475,1849636,0,0.480898347,0.166666667,12,0.125,0.5,0,-1
1831475,1853365,3,1.631586747,0.222222222,24,0.583333333,1,3,-1
1831475,1869764,0,1.391137574,0.4,12,0.458333333,1,0,-1
1831475,1870704,2,1.202245867,0.666666667,6,0.375,0.5,2,-1
1831475,1886584,0,0.480898347,0.166666667,12,0.125,0.5,0,-1
1831475,1886864,0,0.480898347,0.166666667,12,0.125,0.5,0,-1
1831475,1886915,0,0.480898347,0.166666667,12,0.125,0.5,0,-1
1831475,1887978,2,1.202245867,0.5,9,0.375,1,2,-1
1831495,1836148,3,2.164042561,0.6,16,0.75,1,3,-1
1831495,1836912,0,2.164042561,0.6,16,0.75,1,0,-1
1831495,1854381,3,2.164042561,0.6,16,0.75,1,3,-1
1831495,1933809,3,2.164042561,0.6,16,0.75,1,3,-1
1831497,1845653,3,2.164042561,0.6,16,0.75,1,3,-1
1831497,1869645,3,2.164042561,0.6,16,0.75,1,3,-1
1831497,1896136,3,2.164042561,0.6,16,0.75,1,3,-1
1831516,1831839,3,0.834064783,0.166666667,48,0.181818182,0.5,3,-1
1831516,1832273,3,0.834064783,0.071428571,144,0.181818182,0.5,3,-1
1831516,1834820,4,1.859727432,0.214285714,66,0.590909091,1,4,-1
1831516,1842647,2,1.442695041,0.142857143,12,0.5,1,2,-1
1831516,1861180,4,1.859727432,0.214285714,66,0.590909091,1,4,-1
1831516,1864539,3,0.834064783,0.166666667,48,0.181818182,0.5,3,-1
1831516,1865833,5,1.555412303,0.428571429,24,0.431818182,1,5,-1
1831516,1866881,3,0.834064783,0.090909091,108,0.181818182,0.5,3,-1
1831516,1870154,0,0.834064783,0.166666667,48,0.181818182,0.5,0,-1
1831516,1876316,4,1.555412303,0.428571429,24,0.431818182,1,4,-1
1831516,1889193,2,1.442695041,0.142857143,12,0.5,1,2,-1
1831516,1897566,3,0.834064783,0.166666667,48,0.181818182,0.5,3,-1
1831516,1897611,3,0.834064783,0.166666667,48,0.181818182,0.5,3,-1
1831533,1831713,1,2.164042561,0.6,16,0.75,1,1,-1
1831533,1858067,0,2.164042561,0.6,16,0.75,1,0,-1
1831533,1936365,0,2.164042561,0.6,16,0.75,1,0,-1
1831533,1936848,0,2.164042561,0.6,16,0.75,1,0,-1
1831550,1841038,3,1.468349853,0.5,9,0.5,1,3,-1
1831550,1842066,3,1.468349853,0.5,9,0.5,1,3,-1
1831550,1845849,2,0.558110627,0.2,9,0.166666667,0.5,2,-1
1831550,1849691,3,1.820478453,0.285714286,18,0.666666667,1,3,-1
1831550,1886807,2,0.558110627,0.2,9,0.166666667,0.5,2,-1
1831560,1865316,0,2.790553133,0.714285714,36,0.833333333,1,0,1
1831560,1865609,2,2.790553133,0.714285714,36,0.833333333,1,2,1
1831560,1887793,0,2.790553133,0.714285714,36,0.833333333,1,0,-1
1831560,1887802,0,2.790553133,0.714285714,36,0.833333333,1,0,-1
1831560,1889103,0,2.790553133,0.714285714,36,0.833333333,1,0,-1
1831560,1897341,0,2.790553133,0.714285714,36,0.833333333,1,0,-1
1831608,1863844,6,3.278559901,0.8,81,0.700980392,1,6,-1
1831608,1874031,0,3.38072339,0.444444444,153,0.753267974,1,0,-1
1831608,1874245,0,3.38072339,0.444444444,153,0.753267974,1,0,-1
1831608,1875046,6,3.33124991,0.615384615,108,0.72875817,1,6,-1
1831608,1877115,0,0.705912248,0.111111111,99,0.117647059,0.5,0,-1
1831608,1877249,0,1.913201061,0.454545455,63,0.367647059,0.5,0,-1
1831608,1877253,0,3.33124991,0.615384615,108,0.72875817,1,0,-1
1831608,1877260,0,1.913201061,0.454545455,63,0.367647059,0.5,0,-1
1831608,1877270,0,1.913201061,0.454545455,63,0.367647059,0.5,0,-1
1831608,1877836,6,3.33124991,0.615384615,108,0.72875817,1,6,-1
1831608,1878569,6,3.278559901,0.8,81,0.700980392,1,6,-1
1831608,1878598,6,3.278559901,0.8,81,0.700980392,1,6,-1
1831608,1879630,6,3.278559901,0.8,81,0.700980392,1,6,-1
1831608,1888880,0,0.705912248,0.153846154,54,0.117647059,0.5,0,-1
1831608,1895946,1,0.705912248,0.153846154,54,0.117647059,0.5,1,-1
1831608,1896886,0,0.705912248,0.153846154,54,0.117647059,0.5,0,-1
1831608,1904243,0,0.705912248,0.153846154,54,0.117647059,0.5,0,-1
1831629,1843526,3,2.164042561,0.6,16,0.75,1,3,-1
1831629,1846620,3,2.164042561,0.6,16,0.75,1,3,-1
1831629,1890616,0,2.164042561,0.6,16,0.75,1,0,-1
1831629,1905789,3,2.164042561,0.6,16,0.75,1,3,-1
1831712,1889157,6,2.790553133,0.714285714,36,0.833333333,1,6,-1
1831712,1925897,6,2.790553133,0.714285714,36,0.833333333,1,6,-1
1831712,1935303,6,2.790553133,0.714285714,36,0.833333333,1,6,-1
1831712,1935305,6,2.790553133,0.714285714,36,0.833333333,1,6,-1
1831712,1935726,6,2.790553133,0.714285714,36,0.833333333,1,6,-1
1831712,1942522,7,2.790553133,0.714285714,36,0.833333333,1,7,-1
1831713,1858067,0,2.164042561,0.6,16,0.75,1,0,-1
1831713,1936365,0,2.164042561,0.6,16,0.75,1,0,-1
1831713,1936848,0,2.164042561,0.6,16,0.75,1,0,-1
1831795,1835083,0,0.455119613,0.04,153,0.111111111,0.5,0,-1
1831795,1837357,0,0.318928989,0.03030303,225,0.043478261,0.5,0,-1
1831795,1837628,0,0.455119613,0.058823529,81,0.111111111,0.5,0,-1
1831795,1840710,0,2.204466563,0.285714286,81,0.65,1,0,-1
1831795,1844024,0,0.318928989,0.037037037,171,0.043478261,0.5,0,-1
1831795,1844153,0,2.178687829,0.307692308,72,0.636111111,1,0,-1
1831795,1844182,6,2.178687829,0.307692308,72,0.636111111,1,6,-1
1831795,1850585,0,0.318928989,0.016666667,468,0.043478261,0.5,0,-1
1831795,1855312,0,2.164042561,0.103448276,207,0.75,1,0,-1
1831795,1855626,4,0.961796694,0.083333333,153,0.25,0.5,4,-1
1831795,1857510,4,0.961796694,0.142857143,63,0.25,0.5,4,-1
1831795,1862069,0,0.318928989,0.052631579,99,0.043478261,0.5,0,-1
1831795,1870637,0,0.318928989,0.055555556,90,0.043478261,0.5,0,-1
1831795,1881220,0,0.455119613,0.083333333,36,0.111111111,0.5,0,-1
1831795,1881728,0,0.318928989,0.052631579,99,0.043478261,0.5,0,-1
1831795,1882179,0,0.455119613,0.083333333,36,0.111111111,0.5,0,-1
1831795,1882267,2,1.76162403,0.3,36,0.543478261,1,2,-1
1831795,1882864,2,1.76162403,0.3,36,0.543478261,1,2,-1
1831795,1882879,0,1.76162403,0.3,36,0.543478261,1,0,-1
1831795,1883657,0,0.318928989,0.052631579,99,0.043478261,0.5,0,-1
1831795,1883686,0,0.318928989,0.052631579,99,0.043478261,0.5,0,-1
1831795,1883689,0,0.318928989,0.027777778,252,0.043478261,0.5,0,-1
1831795,1884934,0,0.318928989,0.052631579,99,0.043478261,0.5,0,-1
1831795,1885364,0,0.318928989,0.052631579,99,0.043478261,0.5,0,-1
1831795,1885386,0,0.318928989,0.052631579,99,0.043478261,0.5,0,-1
1831795,1895776,0,0.318928989,0.055555556,90,0.043478261,0.5,0,-1
1831795,1895780,0,0.318928989,0.055555556,90,0.043478261,0.5,0,-1
1831795,1896262,0,0.318928989,0.055555556,90,0.043478261,0.5,0,-1
1831795,1896574,0,0.318928989,0.041666667,144,0.043478261,0.5,0,-1
1831795,1898958,4,0.961796694,0.181818182,36,0.25,0.5,4,-1
1831795,1903925,0,0.318928989,0.055555556,90,0.043478261,0.5,0,-1
1831795,1905025,6,2.038251242,0.4,45,0.561111111,1,6,-1
1831795,1905030,6,2.038251242,0.4,45,0.561111111,1,6,-1
1831795,1915505,0,0.318928989,0.055555556,90,0.043478261,0.5,0,-1
1831795,1915527,0,0.318928989,0.041666667,144,0.043478261,0.5,0,-1
1831801,1837442,9,3.48288688,0.8,81,0.805555556,1,9,1
1831801,1838349,9,3.535576889,0.615384615,108,0.833333333,1,9,-1
1831801,1853910,9,3.48288688,0.8,81,0.805555556,1,9,-1
1831801,1859243,9,3.48288688,0.8,81,0.805555556,1,9,-1
1831801,1859275,9,3.535576889,0.615384615,108,0.833333333,1,9,1
1831801,1866563,9,3.48288688,0.8,81,0.805555556,1,9,-1
1831801,1867870,9,3.48288688,0.8,81,0.805555556,1,9,-1
1831801,1888714,9,3.535576889,0.615384615,108,0.833333333,1,9,-1
1831801,1888724,0,1.207288813,0.272727273,45,0.25,0.5,0,-1
1831801,1889412,4,1.207288813,0.272727273,45,0.25,0.5,4,-1
1831801,1897207,4,1.207288813,0.272727273,45,0.25,0.5,4,-1
1831801,1924968,9,3.48288688,0.8,81,0.805555556,1,9,-1
1831821,1831894,0,2.535855582,0.5,54,0.703703704,1,0,-1
1831821,1838487,0,2.535855582,0.5,54,0.703703704,1,0,-1
1831821,1840421,2,0.303413076,0.041666667,144,0.037037037,0.5,2,-1
1831821,1842081,4,1.746108116,0.3,36,0.537037037,1,4,-1
1831821,1849070,0,0.303413076,0.041666667,144,0.037037037,0.5,0,-1
1831821,1851620,0,0.303413076,0.0625,72,0.037037037,0.5,0,-1
1831821,1859305,0,0.303413076,0.045454545,126,0.037037037,0.5,0,-1
1831821,1870837,12,4.954595694,0.285714286,243,1.583333333,1,12,1
1831821,1872614,2,0.303413076,0.0625,72,0.037037037,0.5,2,-1
1831821,1875328,2,0.303413076,0.083333333,36,0.037037037,0.5,2,-1
1831821,1875917,2,0.303413076,0.066666667,63,0.037037037,0.5,2,-1
1831821,1879139,0,0.303413076,0.0625,72,0.037037037,0.5,0,-1
1831821,1879286,0,0.303413076,0.045454545,126,0.037037037,0.5,0,-1
1831821,1881962,4,2.535855582,0.5,54,0.703703704,1,4,-1
1831821,1882546,7,2.535855582,0.5,54,0.703703704,1,7,-1
1831821,1882681,0,0.303413076,0.083333333,36,0.037037037,0.5,0,-1
1831821,1883602,7,2.535855582,0.5,54,0.703703704,1,7,-1
1831821,1883675,2,0.303413076,0.0625,72,0.037037037,0.5,2,-1
1831821,1883719,2,0.303413076,0.0625,72,0.037037037,0.5,2,-1
1831821,1884122,0,0.303413076,0.083333333,36,0.037037037,0.5,0,-1
1831821,1886706,0,0.303413076,0.111111111,9,0.037037037,0.5,0,-1
1831821,1902691,2,0.303413076,0.083333333,36,0.037037037,0.5,2,-1
1831821,1914218,0,0.303413076,0.083333333,36,0.037037037,0.5,0,-1
1831821,1915092,0,0.303413076,0.0625,72,0.037037037,0.5,0,-1
1831821,1917028,4,0.303413076,0.111111111,9,0.037037037,0.5,4,-1
1831821,1934033,7,1.746108116,0.3,36,0.537037037,1,7,-1
1831821,1934826,7,1.746108116,0.3,36,0.537037037,1,7,-1
1831836,1832841,2,0.434294482,0.111111111,21,0.1,0.5,2,-1
1831836,1837526,2,0.352956124,0.111111111,21,0.058823529,0.5,2,-1
1831836,1852947,0,0.352956124,0.111111111,21,0.058823529,0.5,0,-1
1831836,1855734,2,0.352956124,0.111111111,21,0.058823529,0.5,2,-1
1831836,1856288,0,0.769988515,0.133333333,42,0.14973262,0.5,0,-1
1831836,1856292,2,0.417032391,0.1,24,0.090909091,0.5,2,-1
1831836,1856835,2,0.352956124,0.111111111,21,0.058823529,0.5,2,-1
1831836,1861430,3,0.851326873,0.111111111,51,0.190909091,1,3,1
1831836,1861958,2,0.417032391,0.055555556,48,0.090909091,0.5,2,-1
1831836,1862199,2,0.352956124,0.055555556,48,0.058823529,0.5,2,-1
1831836,1864017,3,0.787250606,0.166666667,33,0.158823529,1,3,-1
1831836,1866559,2,0.417032391,0.1,24,0.090909091,0.5,2,-1
1831836,1871897,2,0.417032391,0.055555556,48,0.090909091,0.5,2,-1
1831836,1872494,0,0.352956124,0.111111111,21,0.058823529,0.5,0,-1
1831836,1873522,2,0.352956124,0.111111111,21,0.058823529,0.5,2,-1
1831836,1874544,2,0.352956124,0.111111111,21,0.058823529,0.5,2,-1
1831836,1881066,2,0.434294482,0.058823529,45,0.1,0.5,2,-1
1831836,1885486,3,0.769988515,0.181818182,30,0.14973262,1,3,-1
1831836,1887679,2,0.434294482,0.058823529,45,0.1,0.5,2,-1
1831836,1889251,2,0.417032391,0.1,24,0.090909091,0.5,2,-1
1831836,1889585,3,0.352956124,0.111111111,21,0.058823529,0.5,3,-1
1831836,1889702,0,0.352956124,0.111111111,21,0.058823529,0.5,0,-1
1831836,1897666,2,0.417032391,0.1,24,0.090909091,0.5,2,-1
1831836,1898142,2,0.434294482,0.111111111,21,0.1,0.5,2,-1
1831836,1898349,0,0.434294482,0.111111111,21,0.1,0.5,0,-1
1831836,1905008,2,0.434294482,0.111111111,21,0.1,0.5,2,-1
1831836,1905022,2,0.434294482,0.111111111,21,0.1,0.5,2,-1
1831836,1905066,2,0.352956124,0.111111111,21,0.058823529,0.5,2,-1
1831836,1905820,2,0.352956124,0.111111111,21,0.058823529,0.5,2,-1
1831839,1832118,0,0.660634237,0.181818182,40,0.097222222,0.5,0,-1
1831839,1832273,7,3.103634427,0.28,192,0.737373737,1,7,-1
1831839,1834820,7,3.001260016,0.583333333,88,0.688131313,1,7,-1
1831839,1844269,0,0.660634237,0.2,32,0.097222222,0.5,0,-1
1831839,1860353,3,0.660634237,0.181818182,40,0.097222222,0.5,3,-1
1831839,1861180,10,3.001260016,0.583333333,88,0.688131313,1,10,-1
1831839,1864539,7,2.93739406,0.777777778,64,0.654040404,1,7,-1
1831839,1865833,3,0.834064783,0.2,32,0.181818182,0.5,3,-1
1831839,1866881,7,3.072316151,0.368421053,144,0.723484848,1,7,-1
1831839,1867460,3,0.660634237,0.1,112,0.097222222,0.5,3,-1
1831839,1870154,0,2.93739406,0.777777778,64,0.654040404,1,0,-1
1831839,1876316,5,0.834064783,0.2,32,0.181818182,0.5,5,-1
1831839,1877717,2,0.31465798,0.035714286,168,0.041666667,0.5,2,-1
1831839,1877984,2,0.31465798,0.083333333,40,0.041666667,0.5,2,-1
1831839,1882841,0,0.31465798,0.083333333,40,0.041666667,0.5,0,-1
1831839,1889857,3,0.660634237,0.153846154,56,0.097222222,0.5,3,-1
1831839,1891136,0,0.660634237,0.181818182,40,0.097222222,0.5,0,-1
1831839,1897566,10,2.93739406,0.777777778,64,0.654040404,1,10,-1
1831839,1897611,10,2.93739406,0.777777778,64,0.654040404,1,10,-1
1831839,1924832,2,0.31465798,0.090909091,32,0.041666667,0.5,2,-1
1831839,1929056,0,0.660634237,0.181818182,40,0.097222222,0.5,0,-1
1831839,1929157,3,0.660634237,0.181818182,40,0.097222222,0.5,3,-1
1831839,1929920,0,0.660634237,0.2,32,0.097222222,0.5,0,-1
1831839,1934173,2,0.31465798,0.090909091,32,0.041666667,0.5,2,-1
1831839,1934843,0,0.660634237,0.2,32,0.097222222,0.5,0,-1
1831878,1852668,4,2.164042561,0.6,16,0.75,1,4,-1
1831878,1874788,4,2.164042561,0.6,16,0.75,1,4,-1
1831878,1943562,5,2.164042561,0.6,16,0.75,1,5,-1
1831878,1943576,4,2.164042561,0.6,16,0.75,1,4,-1
1831881,1851173,4,1.820478453,0.5,9,0.666666667,1,4,-1
1831881,1881803,3,1.820478453,0.5,9,0.666666667,1,3,-1
1831881,1882646,3,1.820478453,0.5,9,0.666666667,1,3,-1
1831888,1836396,0,3.525460565,0.8,81,0.830409357,1,0,-1
1831888,1841374,1,0.339623272,0.052631579,99,0.052631579,0.5,1,-1
1831888,1866776,0,0.339623272,0.05,108,0.052631579,0.5,0,-1
1831888,1866798,0,0.339623272,0.055555556,90,0.052631579,0.5,0,-1
1831888,1868034,0,3.640956907,0.4,171,0.888888889,1,0,-1
1831888,1868061,0,0.339623272,0.05,108,0.052631579,0.5,0,-1
1831888,1868302,0,0.339623272,0.055555556,90,0.052631579,0.5,0,-1
1831888,1883838,0,3.525460565,0.8,81,0.830409357,1,0,-1
1831888,1884136,0,3.525460565,0.8,81,0.830409357,1,0,-1
1831888,1884148,0,3.525460565,0.8,81,0.830409357,1,0,-1
1831888,1884507,0,3.525460565,0.8,81,0.830409357,1,0,-1
1831888,1884509,0,3.525460565,0.8,81,0.830409357,1,0,-1
1831888,1885498,0,3.525460565,0.8,81,0.830409357,1,0,-1
1831888,1885547,1,3.525460565,0.8,81,0.830409357,1,1,-1
1831888,1935735,0,0.339623272,0.055555556,90,0.052631579,0.5,0,-1
1831888,1936401,0,0.339623272,0.055555556,90,0.052631579,0.5,0,-1
1831888,1936867,0,0.339623272,0.055555556,90,0.052631579,0.5,0,-1
1831888,1936897,0,0.339623272,0.055555556,90,0.052631579,0.5,0,-1
1831888,1944389,0,0.339623272,0.055555556,90,0.052631579,0.5,0,-1
1831894,1838487,1,2.432864569,0.714285714,36,0.648148148,1,1,-1
1831894,1840421,0,0.303413076,0.047619048,96,0.037037037,0.5,0,-1
1831894,1842081,0,0.758532689,0.25,24,0.148148148,0.5,0,-1
1831894,1849070,0,0.303413076,0.047619048,96,0.037037037,0.5,0,-1
1831894,1851620,0,0.303413076,0.076923077,48,0.037037037,0.5,0,-1
1831894,1859305,0,0.303413076,0.052631579,84,0.037037037,0.5,0,-1
1831894,1870837,0,2.68756212,0.178571429,162,0.777777778,1,0,-1
1831894,1872614,0,0.303413076,0.076923077,48,0.037037037,0.5,0,-1
1831894,1875328,0,0.303413076,0.111111111,24,0.037037037,0.5,0,-1
1831894,1875917,0,0.303413076,0.083333333,42,0.037037037,0.5,0,-1
1831894,1879139,0,0.303413076,0.076923077,48,0.037037037,0.5,0,-1
1831894,1879286,0,0.303413076,0.052631579,84,0.037037037,0.5,0,-1
1831894,1881962,0,2.432864569,0.714285714,36,0.648148148,1,0,-1
1831894,1882546,0,2.432864569,0.714285714,36,0.648148148,1,0,-1
1831894,1882681,0,0.303413076,0.111111111,24,0.037037037,0.5,0,-1
1831894,1883602,0,2.432864569,0.714285714,36,0.648148148,1,0,-1
1831894,1883675,0,0.303413076,0.076923077,48,0.037037037,0.5,0,-1
1831894,1883719,0,0.303413076,0.076923077,48,0.037037037,0.5,0,-1
1831894,1884122,0,0.303413076,0.111111111,24,0.037037037,0.5,0,-1
1831894,1886706,0,0.303413076,0.166666667,6,0.037037037,0.5,0,-1
1831894,1902691,0,0.303413076,0.111111111,24,0.037037037,0.5,0,-1
1831894,1914218,0,0.303413076,0.111111111,24,0.037037037,0.5,0,-1
1831894,1915092,0,0.303413076,0.076923077,48,0.037037037,0.5,0,-1
1831894,1917028,0,0.303413076,0.166666667,6,0.037037037,0.5,0,-1
1831894,1934033,0,0.758532689,0.25,24,0.148148148,0.5,0,-1
1831894,1934826,0,0.758532689,0.25,24,0.148148148,0.5,0,-1
1831934,1883751,3,2.164042561,0.6,16,0.75,1,3,-1
1831934,1884386,5,2.164042561,0.6,16,0.75,1,5,1
1831934,1884947,5,2.164042561,0.6,16,0.75,1,5,-1
1831934,1884963,0,2.164042561,0.6,16,0.75,1,0,-1
1831939,1859091,3,3.264313263,0.583333333,88,0.821428571,1,3,-1
1831939,1870525,1,0.378923182,0.052631579,99,0.071428571,0.5,1,-1
1831939,1872930,1,0.378923182,0.0625,66,0.071428571,0.5,1,-1
1831939,1879680,1,0.378923182,0.0625,66,0.071428571,0.5,1,-1
1831939,1880683,0,3.366288429,0.388888889,154,0.875,1,0,-1
1831939,1881272,0,0.378923182,0.0625,66,0.071428571,0.5,0,-1
1831939,1882113,0,0.378923182,0.05,110,0.071428571,0.5,0,-1
1831939,1882128,1,0.378923182,0.0625,66,0.071428571,0.5,1,-1
1831939,1887482,0,1.820478453,0.166666667,33,0.666666667,1,0,-1
1831939,1890840,3,3.264313263,0.583333333,88,0.821428571,1,3,-1
1831939,1891398,0,3.264313263,0.583333333,88,0.821428571,1,0,-1
1831939,1895310,2,1.820478453,0.166666667,33,0.666666667,1,2,-1
1831939,1898457,0,3.264313263,0.583333333,88,0.821428571,1,0,-1
1831939,1899239,3,3.264313263,0.583333333,88,0.821428571,1,3,-1
1831939,1907153,0,3.264313263,0.583333333,88,0.821428571,1,0,-1
1831939,1907168,0,3.264313263,0.583333333,88,0.821428571,1,0,-1
1831954,1833601,0,2.790553133,0.555555556,48,0.833333333,1,0,-1
1831954,1834898,0,0.480898347,0.055555556,78,0.125,0.5,0,-1
1831954,1843384,6,2.713340853,0.714285714,36,0.791666667,1,6,-1
1831954,1857099,4,2.713340853,0.714285714,36,0.791666667,1,4,-1
1831954,1860298,0,2.713340853,0.714285714,36,0.791666667,1,0,-1
1831954,1878109,0,0.480898347,0.142857143,12,0.125,0.5,0,-1
1831954,1935845,4,2.713340853,0.714285714,36,0.791666667,1,4,-1
1831954,1935868,6,2.713340853,0.714285714,36,0.791666667,1,6,-1
1832000,1874449,3,1.820478453,0.5,9,0.666666667,1,3,-1
1832000,1896541,3,1.820478453,0.5,9,0.666666667,1,3,-1
1832000,1904460,3,1.820478453,0.5,9,0.666666667,1,3,-1
1832016,1837251,1,0.31465798,0.090909091,35,0.041666667,0.5,1,-1
1832016,1838344,0,0.256949171,0.083333333,40,0.020408163,0.5,0,-1
1832016,1838369,1,0.31465798,0.090909091,35,0.041666667,0.5,1,-1
1832016,1842257,0,0.256949171,0.111111111,25,0.020408163,0.5,0,-1
1832016,1842502,0,0.256949171,0.083333333,40,0.020408163,0.5,0,-1
1832016,1843438,1,0.31465798,0.142857143,15,0.041666667,0.5,1,-1
1832016,1844454,0,2.120953975,0.16,120,0.620408163,1,0,1
1832016,1844749,0,0.256949171,0.058823529,65,0.020408163,0.5,0,-1
1832016,1847310,1,0.31465798,0.076923077,45,0.041666667,0.5,1,-1
1832016,1849170,0,0.256949171,0.142857143,15,0.020408163,0.5,0,-1
1832016,1853247,0,0.256949171,0.083333333,40,0.020408163,0.5,0,-1
1832016,1855626,0,0.256949171,0.047619048,85,0.020408163,0.5,0,-1
1832016,1856668,0,0.256949171,0.090909091,35,0.020408163,0.5,0,-1
1832016,1861124,1,0.31465798,0.090909091,35,0.041666667,0.5,1,1
1832016,1863952,1,0.256949171,0.083333333,40,0.020408163,0.5,1,-1
1832016,1864097,0,0.256949171,0.083333333,40,0.020408163,0.5,0,-1
1832016,1865866,0,0.256949171,0.090909091,35,0.020408163,0.5,0,-1
1832016,1874644,3,1.814277021,0.666666667,25,0.46207483,1,3,-1
1832016,1875132,0,0.31465798,0.090909091,35,0.041666667,0.5,0,-1
1832016,1875493,2,1.814277021,0.666666667,25,0.46207483,1,2,-1
1832016,1875829,0,0.256949171,0.083333333,40,0.020408163,0.5,0,-1
1832016,1876773,0,0.256949171,0.083333333,40,0.020408163,0.5,0,-1
1832016,1878083,0,0.256949171,0.083333333,40,0.020408163,0.5,0,-1
1832016,1878091,0,0.256949171,0.083333333,40,0.020408163,0.5,0,-1
1832016,1879198,0,0.256949171,0.083333333,40,0.020408163,0.5,0,-1
1832016,1879358,0,0.256949171,0.083333333,40,0.020408163,0.5,0,-1
1832016,1879500,1,0.31465798,0.052631579,75,0.041666667,0.5,1,-1
1832016,1879894,1,0.31465798,0.142857143,15,0.041666667,0.5,1,-1
1832016,1882552,1,0.256949171,0.083333333,40,0.020408163,0.5,1,-1
1832016,1882975,0,0.256949171,0.083333333,40,0.020408163,0.5,0,-1
1832016,1884039,0,0.256949171,0.083333333,40,0.020408163,0.5,0,-1
1832016,1884679,1,0.256949171,0.083333333,40,0.020408163,0.5,1,-1
1832016,1886401,0,0.256949171,0.111111111,25,0.020408163,0.5,0,-1
1832016,1888700,0,0.256949171,0.142857143,15,0.020408163,0.5,0,-1
1832016,1890382,1,0.31465798,0.142857143,15,0.041666667,0.5,1,-1
1832016,1895537,0,1.814277021,0.666666667,25,0.46207483,1,0,-1
1832016,1898194,0,0.256949171,0.090909091,35,0.020408163,0.5,0,-1
1832016,1899081,0,0.256949171,0.111111111,25,0.020408163,0.5,0,-1
1832016,1899136,0,0.256949171,0.111111111,25,0.020408163,0.5,0,-1
1832016,1905235,0,0.256949171,0.037037037,115,0.020408163,0.5,0,-1
1832016,1907645,0,0.256949171,0.090909091,35,0.020408163,0.5,0,-1
1832016,1907667,0,0.256949171,0.090909091,35,0.020408163,0.5,0,-1
1832016,1917549,0,0.256949171,0.090909091,35,0.020408163,0.5,0,-1
1832016,1924814,0,0.256949171,0.058823529,65,0.020408163,0.5,0,-1
1832016,1925647,0,0.256949171,0.058823529,65,0.020408163,0.5,0,-1
1832016,1925715,0,0.256949171,0.058823529,65,0.020408163,0.5,0,-1
1832016,1930129,0,0.256949171,0.058823529,65,0.020408163,0.5,0,-1
1832016,1930134,0,0.256949171,0.058823529,65,0.020408163,0.5,0,-1
1832016,1930156,1,0.256949171,0.058823529,65,0.020408163,0.5,1,-1
1832016,1930184,0,0.256949171,0.058823529,65,0.020408163,0.5,0,-1
1832016,1933814,0,0.256949171,0.058823529,65,0.020408163,0.5,0,-1
1832016,1934549,0,0.256949171,0.058823529,65,0.020408163,0.5,0,-1
1832016,1934551,0,0.256949171,0.058823529,65,0.020408163,0.5,0,-1
1832016,1935212,0,0.31465798,0.076923077,45,0.041666667,0.5,0,-1
1832016,1935626,1,0.31465798,0.090909091,35,0.041666667,0.5,1,-1
1832016,1935652,0,0.31465798,0.090909091,35,0.041666667,0.5,0,-1
1832016,1941681,0,0.256949171,0.058823529,65,0.020408163,0.5,0,-1
1832016,1942391,1,0.31465798,0.076923077,45,0.041666667,0.5,1,-1
1832016,1942919,1,0.31465798,0.076923077,45,0.041666667,0.5,1,-1
1832016,1943073,1,0.31465798,0.076923077,45,0.041666667,0.5,1,-1
1832016,1943143,1,0.31465798,0.076923077,45,0.041666667,0.5,1,-1
1832016,1943158,0,0.31465798,0.076923077,45,0.041666667,0.5,0,-1
1832016,1943162,1,0.31465798,0.076923077,45,0.041666667,0.5,1,-1
1832097,1834079,0,1.116221253,0.4,12,0.333333333,0.5,0,-1
1832097,1840053,0,2.000805667,0.428571429,24,0.666666667,1,0,-1
1832097,1840056,0,1.837568774,0.6,16,0.583333333,1,0,-1
1832097,1942690,0,1.837568774,0.6,16,0.583333333,1,0,-1
1832106,1841192,0,1.959188052,0.571428571,30,0.520512821,1,0,-1
1832106,1841214,7,2.127427433,0.285714286,65,0.61025641,1,7,-1
1832106,1857111,3,0.779742491,0.25,25,0.153846154,0.5,3,-1
1832106,1857473,6,0.779742491,0.25,25,0.153846154,0.5,6,-1
1832106,1878858,7,1.895963744,0.666666667,25,0.487179487,1,7,-1
1832106,1883959,6,0.779742491,0.25,25,0.153846154,0.5,6,-1
1832106,1888951,7,2.127427433,0.285714286,65,0.61025641,1,7,-1
1832106,1889056,6,0.779742491,0.25,25,0.153846154,0.5,6,-1
1832106,1897068,4,1.959188052,0.571428571,30,0.520512821,1,4,-1
1832106,1897416,7,1.895963744,0.5,35,0.487179487,0.5,7,-1
1832106,1898697,3,0.779742491,0.25,25,0.153846154,0.5,3,-1
1832106,1906489,6,0.779742491,0.25,25,0.153846154,0.5,6,-1
1832106,1906535,3,0.779742491,0.25,25,0.153846154,0.5,3,-1
1832118,1832273,0,1.860132715,0.16,120,0.46984127,1,0,-1
1832118,1834820,0,0.660634237,0.142857143,55,0.097222222,0.5,0,-1
1832118,1844269,0,0.660634237,0.285714286,20,0.097222222,0.5,0,-1
1832118,1860353,0,1.039557418,0.428571429,25,0.168650794,0.5,0,-1
1832118,1861180,0,0.660634237,0.142857143,55,0.097222222,0.5,0,-1
1832118,1864539,0,0.660634237,0.181818182,40,0.097222222,0.5,0,-1
1832118,1866881,0,1.828814439,0.210526316,90,0.455952381,1,0,-1
1832118,1867460,0,1.795867514,0.266666667,70,0.440079365,1,0,-1
1832118,1870154,0,0.660634237,0.181818182,40,0.097222222,0.5,0,-1
1832118,1877717,0,0.693581162,0.083333333,105,0.113095238,0.5,0,-1
1832118,1877984,0,0.693581162,0.25,25,0.113095238,0.5,0,-1
1832118,1882841,0,0.693581162,0.25,25,0.113095238,0.5,0,-1
1832118,1889857,0,1.660892353,0.5,35,0.368650794,1,0,-1
1832118,1891136,1,1.553455761,0.666666667,25,0.311507937,1,1,-1
1832118,1897566,0,0.660634237,0.181818182,40,0.097222222,0.5,0,-1
1832118,1897611,0,0.660634237,0.181818182,40,0.097222222,0.5,0,-1
1832118,1924832,0,1.207479505,0.5,20,0.255952381,0.5,0,-1
1832118,1929056,0,1.039557418,0.428571429,25,0.168650794,0.5,0,-1
1832118,1929157,0,1.039557418,0.428571429,25,0.168650794,0.5,0,-1
1832118,1929920,0,0.660634237,0.285714286,20,0.097222222,0.5,0,-1
1832118,1934173,0,1.207479505,0.5,20,0.255952381,0.5,0,-1
1832118,1934843,1,0.660634237,0.285714286,20,0.097222222,0.5,1,-1
1832131,1852745,1,1.442695041,0.333333333,4,0.5,1,1,-1
1832134,1832350,4,2.485339738,0.4,45,0.8,1,4,1
1832134,1833093,0,0.269282508,0.03125,216,0.024390244,0.5,0,-1
1832134,1833484,0,0.269282508,0.025641026,279,0.024390244,0.5,0,-1
1832134,1833505,0,0.269282508,0.04,153,0.024390244,0.5,0,-1
1832134,1835863,0,0.269282508,0.045454545,126,0.024390244,0.5,0,-1
1832134,1837011,0,0.990630029,0.214285714,72,0.149390244,0.5,0,-1
1832134,1838064,0,0.269282508,0.058823529,81,0.024390244,0.5,0,-1
1832134,1840384,0,0.990630029,0.214285714,72,0.149390244,0.5,0,-1
1832134,1840421,0,1.351303789,0.136363636,144,0.336890244,1,0,-1
1832134,1843105,0,0.269282508,0.058823529,81,0.024390244,0.5,0,-1
1832134,1845379,0,0.269282508,0.066666667,63,0.024390244,0.5,0,-1
1832134,1849070,0,1.351303789,0.136363636,144,0.336890244,1,0,-1
1832134,1850116,0,0.269282508,0.045454545,126,0.024390244,0.5,0,-1
1832134,1850125,0,0.269282508,0.066666667,63,0.024390244,0.5,0,-1
1832134,1850145,0,0.269282508,0.035714286,180,0.024390244,0.5,0,-1
1832134,1851795,0,2.485339738,0.4,45,0.8,1,0,1
1832134,1854967,0,0.269282508,0.045454545,126,0.024390244,0.5,0,-1
1832134,1854987,0,0.269282508,0.058823529,81,0.024390244,0.5,0,-1
1832134,1856759,0,0.269282508,0.03030303,225,0.024390244,0.5,0,-1
1832134,1863431,0,1.442695041,0.063829787,369,0.375,1,0,-1
1832134,1864624,1,0.990630029,0.3,36,0.149390244,1,1,-1
1832134,1865754,1,0.269282508,0.041666667,144,0.024390244,0.5,1,-1
1832134,1870837,0,0.72134752,0.058823529,243,0.125,0.5,0,-1
1832134,1871987,1,0.269282508,0.05,108,0.024390244,0.5,1,-1
1832134,1872579,0,0.269282508,0.045454545,126,0.024390244,0.5,0,-1
1832134,1879889,0,2.485339738,0.4,45,0.8,1,0,1
1832134,1880320,0,0.72134752,0.2,27,0.125,0.5,0,-1
1832134,1880435,0,0.990630029,0.272727273,45,0.149390244,0.5,0,-1
1832134,1882884,1,0.269282508,0.05,108,0.024390244,0.5,1,-1
1832134,1884221,0,0.269282508,0.066666667,63,0.024390244,0.5,0,-1
1832134,1884484,0,0.990630029,0.214285714,72,0.149390244,0.5,0,-1
1832134,1884533,0,0.269282508,0.066666667,63,0.024390244,0.5,0,-1
1832134,1885543,0,0.269282508,0.066666667,63,0.024390244,0.5,0,-1
1832134,1885568,0,0.990630029,0.214285714,72,0.149390244,0.5,0,-1
1832134,1885962,0,0.990630029,0.214285714,72,0.149390244,0.5,0,-1
1832134,1885975,0,0.990630029,0.214285714,72,0.149390244,0.5,0,-1
1832134,1886924,0,0.269282508,0.083333333,36,0.024390244,0.5,0,-1
1832134,1888879,0,0.269282508,0.045454545,126,0.024390244,0.5,0,-1
1832134,1890621,4,2.485339738,0.4,45,0.8,1,4,-1
1832134,1895713,0,2.485339738,0.4,45,0.8,1,0,-1
1832134,1896254,0,0.269282508,0.045454545,126,0.024390244,0.5,0,-1
1832134,1896733,0,0.269282508,0.045454545,126,0.024390244,0.5,0,-1
1832134,1902691,0,0.72134752,0.181818182,36,0.125,0.5,0,-1
1832134,1903029,0,0.269282508,0.083333333,36,0.024390244,0.5,0,-1
1832134,1905225,0,0.269282508,0.045454545,126,0.024390244,0.5,0,-1
1832134,1914218,0,0.72134752,0.181818182,36,0.125,0.5,0,-1
1832162,1841895,1,0,0,1,0,1,1,1
1832176,1841578,6,1.820478453,0.333333333,15,0.666666667,1,6,-1
1832176,1860830,2,0.621334935,0.25,6,0.2,0.5,2,-1
1832176,1878421,2,0.621334935,0.25,6,0.2,0.5,2,-1
1832176,1895782,6,1.531574161,0.5,9,0.533333333,1,6,-1
1832176,1915892,6,1.531574161,0.5,9,0.533333333,1,6,-1
1832207,1835400,32,8.913669171,0.587301587,2451,0.583292126,0.5,32,-1
1832207,1836065,38,10.91710587,0.592105263,3648,0.731078359,1,38,-1
1832207,1842016,1,0.240449173,0.015151515,570,0.015625,0.5,1,-1
1832207,1847866,7,3.366288429,0.120689655,456,0.875,1,7,-1
1832207,1848756,0,0.695213803,0.046875,570,0.040123457,0.5,0,-1
1832207,1854818,7,3.366288429,0.120689655,456,0.875,1,7,-1
1832207,1855163,2,0.389871245,0.015384615,513,0.076923077,0.5,2,-1
1832207,1856303,7,3.366288429,0.120689655,456,0.875,1,7,-1
1832207,1858338,38,10.91710587,0.592105263,3648,0.731078359,1,38,-1
1832207,1858342,38,10.91525617,0.608108108,3534,0.730574327,1,38,-1
1832207,1859149,38,10.92999523,0.483870968,4617,0.73435768,1,38,-1
1832207,1862311,2,0.389871245,0.015151515,570,0.076923077,0.5,2,-1
1832207,1864580,0,1.368167937,0.051724138,228,0.34733124,1,0,-1
1832207,1869098,4,0.699914481,0.049180328,399,0.041331186,0.5,4,-1
1832207,1876129,0,10.92372804,0.535714286,4104,0.732814471,1,0,-1
1832207,1876278,0,0.227559807,0.016666667,228,0.012345679,0.5,0,-1
1832207,1877279,0,0.695213803,0.046875,570,0.040123457,0.5,0,-1
1832207,1878194,3,1.699644212,0.044776119,741,0.520408163,1,3,-1
1832207,1878737,0,0.389871245,0.015384615,513,0.076923077,0.5,0,-1
1832207,1881052,38,10.9213777,0.555555556,3933,0.732210606,1,38,-1
1832207,1881731,0,10.91525617,0.608108108,3534,0.730574327,1,0,-1
1832207,1884362,38,10.91525617,0.608108108,3534,0.730574327,1,38,-1
1832207,1887302,38,10.9213777,0.555555556,3933,0.732210606,1,38,-1
1832207,1887466,0,3.331611039,0.237288136,912,0.209733964,0.5,0,-1
1832207,1887505,35,10.13716501,0.617647059,3021,0.667297051,0.5,35,-1
1832207,1889470,38,10.91525617,0.608108108,3534,0.730574327,1,38,-1
1832207,1889477,38,10.91525617,0.608108108,3534,0.730574327,1,38,-1
1832207,1889482,38,10.91525617,0.608108108,3534,0.730574327,1,38,-1
1832207,1889485,38,10.91525617,0.608108108,3534,0.730574327,1,38,-1
1832207,1889505,38,10.91525617,0.608108108,3534,0.730574327,1,38,-1
1832207,1890150,36,10.1633057,0.646153846,2850,0.67495591,0.5,36,-1
1832207,1890649,40,12.73317216,0.827586207,2793,1.303218273,1,40,-1
1832207,1890818,38,10.91525617,0.608108108,3534,0.730574327,1,38,-1
1832207,1894865,4,0.699914481,0.049180328,399,0.041331186,0.5,4,-1
1832207,1895014,4,0.699914481,0.049180328,399,0.041331186,0.5,4,-1
1832207,1895462,0,10.91710587,0.592105263,3648,0.731078359,1,0,-1
1832207,1895700,0,10.91710587,0.592105263,3648,0.731078359,1,0,-1
1832207,1895769,38,10.91710587,0.592105263,3648,0.731078359,1,38,-1
1832207,1895781,0,10.91710587,0.592105263,3648,0.731078359,1,0,-1
1832207,1896146,4,0.699914481,0.049180328,399,0.041331186,0.5,4,-1
1832207,1896537,38,10.91710587,0.592105263,3648,0.731078359,1,38,-1
1832207,1897377,0,10.91230898,0.633802817,3363,0.729754207,1,0,-1
1832207,1897404,38,10.91525617,0.608108108,3534,0.730574327,1,38,-1
1832207,1897437,38,10.91525617,0.608108108,3534,0.730574327,1,38,-1
1832207,1897765,38,10.91525617,0.608108108,3534,0.730574327,1,38,-1
1832207,1897769,38,10.91525617,0.608108108,3534,0.730574327,1,38,-1
1832207,1897811,38,10.91525617,0.608108108,3534,0.730574327,1,38,-1
1832207,1897828,38,10.91525617,0.608108108,3534,0.730574327,1,38,-1
1832207,1897833,38,10.91525617,0.608108108,3534,0.730574327,1,38,-1
1832207,1897940,36,9.919066362,0.694915254,2451,0.658289244,0.5,36,-1
1832207,1898626,38,10.91230898,0.633802817,3363,0.729754207,1,38,-1
1832207,1898636,38,10.90060587,0.737704918,2793,0.726295196,1,38,-1
1832207,1898641,38,10.91525617,0.608108108,3534,0.730574327,1,38,-1
1832207,1898899,38,10.90060587,0.737704918,2793,0.726295196,1,38,-1
1832207,1898904,38,10.91230898,0.633802817,3363,0.729754207,1,38,-1
1832207,1898908,38,10.91525617,0.608108108,3534,0.730574327,1,38,-1
1832207,1903190,4,0.699914481,0.049180328,399,0.041331186,0.5,4,-1
1832207,1903628,11,3.331611039,0.237288136,912,0.209733964,0.5,11,-1
1832207,1903641,38,10.91710587,0.592105263,3648,0.731078359,1,38,-1
1832207,1904219,38,10.92372804,0.535714286,4104,0.732814471,1,38,-1
1832207,1905172,38,10.91710587,0.592105263,3648,0.731078359,1,38,-1
1832207,1905192,0,10.91710587,0.592105263,3648,0.731078359,1,0,-1
1832207,1906005,38,10.91525617,0.608108108,3534,0.730574327,1,38,-1
1832207,1906022,36,9.919066362,0.694915254,2451,0.658289244,0.5,36,-1
1832207,1906942,3,1.368167937,0.051724138,228,0.34733124,1,3,-1
1832207,1917292,38,10.91525617,0.608108108,3534,0.730574327,1,38,-1
1832207,1917304,38,10.90801253,0.671641791,3135,0.728521541,1,38,-1
1832207,1917317,38,10.91525617,0.608108108,3534,0.730574327,1,38,-1
1832207,1923597,0,10.13716501,0.636363636,2907,0.667297051,0.5,0,-1
1832207,1924396,0,3.366288429,0.120689655,456,0.875,1,0,-1
1832207,1924456,7,3.366288429,0.120689655,456,0.875,1,7,-1
1832207,1924808,7,3.366288429,0.120689655,456,0.875,1,7,-1
1832207,1925021,1,0.240449173,0.015625,456,0.015625,0.5,1,-1
1832207,1925101,32,8.913669171,0.587301587,2451,0.583292126,0.5,32,-1
1832207,1925110,36,10.38670753,0.614285714,3192,0.68547887,0.5,36,-1
1832207,1925114,32,8.913669171,0.587301587,2451,0.583292126,0.5,32,-1
1832207,1925166,36,10.38670753,0.614285714,3192,0.68547887,0.5,36,-1
1832207,1926139,0,0.389871245,0.015384615,513,0.076923077,0.5,0,-1
1832207,1926149,2,0.389871245,0.015384615,513,0.076923077,0.5,2,-1
1832207,1928898,2,0.227559807,0.016666667,228,0.012345679,0.5,2,-1
1832207,1929047,1,0.240449173,0.015625,456,0.015625,0.5,1,-1
1832207,1929061,1,0.240449173,0.015625,456,0.015625,0.5,1,-1
1832207,1929181,36,10.38670753,0.614285714,3192,0.68547887,0.5,36,-1
1832207,1929518,1,0.240449173,0.015625,456,0.015625,0.5,1,-1
1832207,1929982,0,0.389871245,0.015384615,513,0.076923077,0.5,0,-1
1832207,1933179,2,0.227559807,0.016666667,228,0.012345679,0.5,2,-1
1832207,1933196,0,0.240449173,0.015625,456,0.015625,0.5,0,-1
1832207,1933443,7,3.366288429,0.120689655,456,0.875,1,7,-1
1832207,1933447,7,3.366288429,0.120689655,456,0.875,1,7,-1
1832207,1933881,1,0.240449173,0.015625,456,0.015625,0.5,1,-1
1832207,1933953,0,0.227559807,0.016666667,228,0.012345679,0.5,0,-1
1832207,1934006,0,10.9133157,0.625,3420,0.730036693,1,0,-1
1832207,1934880,2,0.389871245,0.015384615,513,0.076923077,0.5,2,-1
1832207,1935134,38,10.90912954,0.661764706,3192,0.728846217,1,38,-1
1832207,1935550,35,10.13716501,0.636363636,2907,0.667297051,0.5,35,-1
1832207,1935590,35,10.13716501,0.636363636,2907,0.667297051,0.5,35,-1
1832207,1936015,35,10.13716501,0.636363636,2907,0.667297051,0.5,35,-1
1832207,1936044,0,0.695213803,0.046875,570,0.040123457,0.5,0,-1
1832207,1936070,0,0.695213803,0.046875,570,0.040123457,0.5,0,-1
1832207,1936517,0,0.695213803,0.046875,570,0.040123457,0.5,0,-1
1832207,1936521,3,0.695213803,0.046875,570,0.040123457,0.5,3,-1
1832207,1942434,2,0.389871245,0.015384615,513,0.076923077,0.5,2,-1
1832207,1942611,38,10.90912954,0.661764706,3192,0.728846217,1,38,-1
1832207,1942646,2,0.389871245,0.015384615,513,0.076923077,0.5,2,-1
1832207,1943348,35,10.13716501,0.636363636,2907,0.667297051,0.5,35,-1
1832207,1943475,0,10.13716501,0.636363636,2907,0.667297051,0.5,0,-1
1832207,1943922,0,0.695213803,0.046875,570,0.040123457,0.5,0,-1
1832258,1832620,2,0.389871245,0.1,28,0.076923077,0.5,2,-1
1832258,1833601,0,0.389871245,0.071428571,56,0.076923077,0.5,0,-1
1832258,1834898,6,3.083390054,0.428571429,91,0.857142857,1,6,-1
1832258,1837009,6,2.959362957,0.75,49,0.791208791,1,6,-1
1832258,1864538,8,2.959362957,0.75,49,0.791208791,1,8,-1
1832258,1878109,0,0.389871245,0.125,14,0.076923077,0.5,0,-1
1832258,1882672,6,2.959362957,0.75,49,0.791208791,1,6,-1
1832258,1883714,0,2.959362957,0.75,49,0.791208791,1,0,-1
1832265,1843455,6,2.485339738,0.307692308,60,0.8,1,6,-1
1832265,1844560,6,2.485339738,0.307692308,60,0.8,1,6,-1
1832265,1860922,6,2.485339738,0.307692308,60,0.8,1,6,-1
1832265,1860954,6,3.083390054,0.461538462,84,0.857142857,1,6,-1
1832265,1862296,0,3.083390054,0.461538462,84,0.857142857,1,0,-1
1832265,1880600,9,3.083390054,0.461538462,84,0.857142857,1,9,-1
1832265,1881118,6,3.083390054,0.461538462,84,0.857142857,1,6,-1
1832265,1881131,9,3.083390054,0.461538462,84,0.857142857,1,9,-1
1832265,1882010,6,3.083390054,0.461538462,84,0.857142857,1,6,-1
1832265,1882830,9,3.083390054,0.461538462,84,0.857142857,1,9,-1
1832265,1924753,0,2.485339738,0.307692308,60,0.8,1,0,-1
1832273,1834820,7,3.167500383,0.25,264,0.771464646,1,7,-1
1832273,1844269,0,1.788671297,0.12,96,0.555555556,1,0,-1
1832273,1860353,4,1.967569307,0.16,120,0.526984127,1,4,-1
1832273,1861180,7,3.167500383,0.25,264,0.771464646,1,7,-1
1832273,1864539,8,3.103634427,0.28,192,0.737373737,1,8,1
1832273,1865833,3,0.834064783,0.076923077,96,0.181818182,0.5,3,-1
1832273,1866881,11,9.402095276,0.68,432,2.771103896,1,11,1
1832273,1867460,10,7.601707855,0.52,336,2.346031746,1,10,1
1832273,1870154,0,3.103634427,0.28,192,0.737373737,1,0,-1
1832273,1876316,3,0.834064783,0.076923077,96,0.181818182,0.5,3,-1
1832273,1877717,4,2.242927985,0.097560976,504,0.671428571,1,4,-1
1832273,1877984,4,1.95005179,0.16,120,0.519047619,1,4,-1
1832273,1881645,0,0.328458739,0.025641026,384,0.047619048,0.5,0,-1
1832273,1882841,0,1.95005179,0.16,120,0.519047619,1,0,-1
1832273,1889857,6,3.410264348,0.24,168,1.026984127,1,6,-1
1832273,1891136,0,1.860132715,0.16,120,0.46984127,1,0,-1
1832273,1897566,7,3.103634427,0.28,192,0.737373737,1,7,-1
1832273,1897611,7,3.103634427,0.28,192,0.737373737,1,7,-1
1832273,1924832,4,1.614169045,0.12,96,0.464285714,1,4,-1
1832273,1925579,2,0.328458739,0.025641026,384,0.047619048,0.5,2,-1
1832273,1925607,0,0.328458739,0.025641026,384,0.047619048,0.5,0,-1
1832273,1929056,0,1.967569307,0.16,120,0.526984127,1,0,-1
1832273,1929157,5,1.967569307,0.16,120,0.526984127,1,5,-1
1832273,1929440,0,0.328458739,0.025641026,384,0.047619048,0.5,0,-1
1832273,1929443,0,0.328458739,0.025641026,384,0.047619048,0.5,0,-1
1832273,1929525,0,0.328458739,0.025641026,384,0.047619048,0.5,0,-1
1832273,1929535,0,0.328458739,0.025641026,384,0.047619048,0.5,0,-1
1832273,1929920,0,1.788671297,0.12,96,0.555555556,1,0,-1
1832273,1929949,0,0.328458739,0.025641026,384,0.047619048,0.5,0,-1
1832273,1930029,0,0.328458739,0.025641026,384,0.047619048,0.5,0,-1
1832273,1930038,0,0.328458739,0.025641026,384,0.047619048,0.5,0,-1
1832273,1933669,0,0.328458739,0.025641026,384,0.047619048,0.5,0,-1
1832273,1933672,0,0.328458739,0.025641026,384,0.047619048,0.5,0,-1
1832273,1933691,2,0.328458739,0.025641026,384,0.047619048,0.5,2,-1
1832273,1934173,4,1.614169045,0.12,96,0.464285714,1,4,-1
1832273,1934397,0,0.328458739,0.025641026,384,0.047619048,0.5,0,-1
1832273,1934446,0,0.328458739,0.025641026,384,0.047619048,0.5,0,-1
1832273,1934457,0,0.328458739,0.025641026,384,0.047619048,0.5,0,-1
1832273,1934843,0,1.788671297,0.12,96,0.555555556,1,0,-1
1832322,1839812,0,3.184234225,0.5,104,0.778846154,1,0,-1
1832322,1851831,3,1.169613736,0.125,152,0.230769231,0.5,3,-1
1832322,1877319,3,1.169613736,0.15,120,0.230769231,0.5,3,-1
1832322,1881479,3,1.169613736,0.25,56,0.230769231,0.5,3,-1
1832322,1882465,0,1.169613736,0.25,56,0.230769231,0.5,0,-1
1832322,1882484,3,1.169613736,0.25,56,0.230769231,0.5,3,-1
1832322,1883102,5,3.184234225,0.5,104,0.778846154,1,5,-1
1832322,1883812,0,3.184234225,0.5,104,0.778846154,1,0,-1
1832322,1890255,8,3.093207124,0.777777778,64,0.730769231,1,8,-1
1832322,1891062,8,3.093207124,0.777777778,64,0.730769231,1,8,-1
1832322,1891610,8,3.093207124,0.777777778,64,0.730769231,1,8,-1
1832322,1898652,0,3.093207124,0.777777778,64,0.730769231,1,0,-1
1832322,1907371,5,3.093207124,0.777777778,64,0.730769231,1,5,-1
1832329,1844322,0,2.485339738,0.666666667,25,0.8,1,0,-1
1832329,1844323,0,2.485339738,0.666666667,25,0.8,1,0,-1
1832329,1889913,5,2.485339738,0.666666667,25,0.8,1,5,-1
1832329,1898239,3,2.485339738,0.666666667,25,0.8,1,3,-1
1832329,1907823,5,2.485339738,0.666666667,25,0.8,1,5,-1
1832333,1840866,4,2.164042561,0.6,16,0.75,1,4,-1
1832333,1877318,4,2.164042561,0.6,16,0.75,1,4,-1
1832333,1878307,4,2.164042561,0.6,16,0.75,1,4,-1
1832333,1878846,4,2.164042561,0.6,16,0.75,1,4,-1
1832348,1845892,2,0.513898342,0.166666667,10,0.142857143,0.5,2,-1
1832348,1849032,3,0.513898342,0.333333333,4,0.142857143,1,3,-1
1832348,1850605,3,0.513898342,0.066666667,28,0.142857143,0.5,3,-1
1832348,1851396,2,1.442695041,0.125,14,0.5,1,2,-1
1832348,1867099,2,0.513898342,0.166666667,10,0.142857143,0.5,2,-1
1832350,1840421,0,0.455119613,0.05,80,0.111111111,0.5,0,-1
1832350,1849070,0,0.455119613,0.05,80,0.111111111,0.5,0,-1
1832350,1851795,0,2.319124417,0.666666667,25,0.711111111,1,0,-1
1832350,1863431,0,0.455119613,0.022222222,205,0.111111111,0.5,0,-1
1832350,1864624,2,0.455119613,0.125,20,0.111111111,0.5,2,-1
1832350,1879889,0,2.319124417,0.666666667,25,0.711111111,1,0,1
1832350,1890621,4,2.319124417,0.666666667,25,0.711111111,1,4,-1
1832350,1895713,0,2.319124417,0.666666667,25,0.711111111,1,0,-1
1832372,1846236,0,2.790553133,0.714285714,36,0.833333333,1,0,-1
1832372,1846349,4,2.790553133,0.714285714,36,0.833333333,1,4,-1
1832372,1853274,4,2.790553133,0.714285714,36,0.833333333,1,4,-1
1832372,1890175,0,2.790553133,0.714285714,36,0.833333333,1,0,-1
1832372,1890521,0,2.790553133,0.714285714,36,0.833333333,1,0,-1
1832372,1917617,0,2.790553133,0.714285714,36,0.833333333,1,0,-1
1832380,1845785,5,1.820478453,0.5,9,0.666666667,1,5,-1
1832380,1894780,5,1.820478453,0.5,9,0.666666667,1,5,-1
1832386,1848705,10,4.015505675,0.833333333,121,0.832535885,1,10,-1
1832386,1848707,11,4.092914795,0.5,209,0.870813397,1,11,-1
1832386,1897622,10,4.015505675,0.833333333,121,0.832535885,1,10,-1
1832386,1897627,10,4.015505675,0.833333333,121,0.832535885,1,10,-1
1832386,1898034,10,4.015505675,0.833333333,121,0.832535885,1,10,-1
1832386,1898163,10,4.015505675,0.833333333,121,0.832535885,1,10,-1
1832386,1906578,10,4.092914795,0.5,209,0.870813397,1,10,-1
1832386,1907630,10,4.015505675,0.833333333,121,0.832535885,1,10,-1
1832386,1917466,10,4.015505675,0.833333333,121,0.832535885,1,10,-1
1832386,1917507,10,4.015505675,0.833333333,121,0.832535885,1,10,-1
1832386,1917521,0,4.015505675,0.833333333,121,0.832535885,1,0,-1
1832386,1929543,3,0.679246544,0.111111111,99,0.105263158,0.5,3,-1
1832386,1933680,0,0.679246544,0.111111111,99,0.105263158,0.5,0,-1
1832386,1934318,3,0.679246544,0.111111111,99,0.105263158,0.5,3,-1
1832386,1935147,3,0.679246544,0.111111111,99,0.105263158,0.5,3,-1
1832386,1935151,3,0.679246544,0.111111111,99,0.105263158,0.5,3,-1
1832386,1935855,3,0.679246544,0.111111111,99,0.105263158,0.5,3,-1
1832386,1936319,3,0.679246544,0.111111111,99,0.105263158,0.5,3,-1
1832386,1943602,3,0.679246544,0.111111111,99,0.105263158,0.5,3,-1
1832397,1881260,6,3.083390054,0.75,49,0.857142857,1,6,-1
1832397,1885147,6,3.083390054,0.75,49,0.857142857,1,6,-1
1832397,1885156,6,3.083390054,0.75,49,0.857142857,1,6,-1
1832397,1885439,6,3.083390054,0.75,49,0.857142857,1,6,-1
1832397,1885783,6,3.083390054,0.75,49,0.857142857,1,6,-1
1832397,1886210,0,3.083390054,0.75,49,0.857142857,1,0,-1
1832397,1886253,6,3.083390054,0.75,49,0.857142857,1,6,-1
1832399,1870525,0,1.820478453,0.2,27,0.666666667,1,0,-1
1832399,1872930,0,0.455119613,0.125,18,0.111111111,0.5,0,-1
1832399,1879680,0,0.455119613,0.125,18,0.111111111,0.5,0,-1
1832399,1880683,0,0.455119613,0.0625,42,0.111111111,0.5,0,-1
1832399,1881272,0,0.455119613,0.125,18,0.111111111,0.5,0,-1
1832399,1882113,0,0.455119613,0.083333333,30,0.111111111,0.5,0,-1
1832399,1882128,0,0.455119613,0.125,18,0.111111111,0.5,0,-1
1832399,1943416,0,1.36535884,0.5,9,0.444444444,1,0,-1
1832427,1833455,0,5.506121474,0.888888889,289,0.877960275,1,0,-1
1832427,1837357,0,0.300101629,0.024390244,425,0.035714286,0.5,0,-1
1832427,1844024,0,0.300101629,0.028571429,323,0.035714286,0.5,0,-1
1832427,1845904,0,5.506121474,0.888888889,289,0.877960275,1,0,-1
1832427,1850585,0,0.300101629,0.014705882,884,0.035714286,0.5,0,-1
1832427,1855244,0,5.535562145,0.695652174,374,0.891329259,1,0,-1
1832427,1855312,0,0.300101629,0.025641026,391,0.035714286,0.5,0,-1
1832427,1856174,0,5.535562145,0.695652174,374,0.891329259,1,0,-1
1832427,1862069,0,0.300101629,0.037037037,187,0.035714286,0.5,0,-1
1832427,1868600,0,5.506121474,0.888888889,289,0.877960275,1,0,-1
1832427,1870487,0,5.535562145,0.695652174,374,0.891329259,1,0,-1
1832427,1877092,0,0.970546359,0.142857143,119,0.136363636,0.5,0,-1
1832427,1877340,0,0.970546359,0.142857143,119,0.136363636,0.5,0,-1
1832427,1877910,0,0.970546359,0.142857143,119,0.136363636,0.5,0,-1
1832427,1878043,0,0.970546359,0.142857143,119,0.136363636,0.5,0,-1
1832427,1878046,0,0.970546359,0.142857143,119,0.136363636,0.5,0,-1
1832427,1881728,0,0.300101629,0.037037037,187,0.035714286,0.5,0,-1
1832427,1883657,0,0.300101629,0.037037037,187,0.035714286,0.5,0,-1
1832427,1883686,0,0.300101629,0.037037037,187,0.035714286,0.5,0,-1
1832427,1883689,0,5.55897597,0.551724138,476,0.901069519,1,0,-1
1832427,1884934,0,0.300101629,0.037037037,187,0.035714286,0.5,0,-1
1832427,1885364,0,0.300101629,0.037037037,187,0.035714286,0.5,0,-1
1832427,1885386,0,0.300101629,0.037037037,187,0.035714286,0.5,0,-1
1832427,1904401,0,5.506121474,0.888888889,289,0.877960275,1,0,-1
1832427,1906504,0,5.506121474,0.888888889,289,0.877960275,1,0,-1
1832427,1934583,0,5.506121474,0.888888889,289,0.877960275,1,0,-1
1832427,1934590,0,5.506121474,0.888888889,289,0.877960275,1,0,-1
1832427,1935254,0,5.506121474,0.888888889,289,0.877960275,1,0,-1
1832427,1935641,0,5.506121474,0.888888889,289,0.877960275,1,0,-1
1832427,1935703,0,5.506121474,0.888888889,289,0.877960275,1,0,-1
1832427,1942475,0,5.506121474,0.888888889,289,0.877960275,1,0,-1
1832427,1942478,0,5.506121474,0.888888889,289,0.877960275,1,0,-1
1832427,1943124,0,5.506121474,0.888888889,289,0.877960275,1,0,-1
1832457,1832510,8,2.000805667,0.115384615,100,0.666666667,1,8,1
1832457,1832588,8,1.590125614,0.6,16,0.456666667,1,8,-1
1832457,1832616,8,1.753362508,0.428571429,24,0.54,1,8,1
1832457,1839476,2,0.310667467,0.090909091,32,0.04,0.5,2,-1
1832457,1842851,2,0.310667467,0.071428571,44,0.04,0.5,2,1
1832457,1859265,2,0.310667467,0.0625,52,0.04,0.5,2,-1
1832457,1860355,2,0.310667467,0.090909091,32,0.04,0.5,2,-1
1832457,1866351,2,0.310667467,0.090909091,32,0.04,0.5,2,-1
1832457,1867617,8,1.590125614,0.6,16,0.456666667,1,8,1
1832457,1873818,2,0.310667467,0.0625,52,0.04,0.5,2,-1
1832457,1877157,2,0.310667467,0.05,68,0.04,0.5,2,-1
1832457,1877837,0,0.310667467,0.071428571,44,0.04,0.5,0,-1
1832457,1878501,2,0.310667467,0.071428571,44,0.04,0.5,2,-1
1832457,1878541,2,0.310667467,0.071428571,44,0.04,0.5,2,-1
1832457,1878671,2,0.310667467,0.071428571,44,0.04,0.5,2,-1
1832457,1878723,2,0.310667467,0.071428571,44,0.04,0.5,2,-1
1832457,1879211,2,0.310667467,0.071428571,44,0.04,0.5,2,-1
1832457,1879384,2,0.310667467,0.071428571,44,0.04,0.5,2,-1
1832457,1879392,2,0.310667467,0.071428571,44,0.04,0.5,2,-1
1832457,1879408,2,0.310667467,0.071428571,44,0.04,0.5,2,-1
1832457,1887162,2,0.310667467,0.090909091,32,0.04,0.5,2,-1
1832457,1894810,2,0.310667467,0.090909091,32,0.04,0.5,2,-1
1832457,1894957,0,0.310667467,0.090909091,32,0.04,0.5,0,-1
1832457,1897384,6,0.868778094,0.4,12,0.206666667,0.5,6,-1
1832457,1897401,6,0.868778094,0.4,12,0.206666667,0.5,6,-1
1832467,1840367,5,2.485339738,0.666666667,25,0.8,1,5,-1
1832467,1867673,5,2.485339738,0.666666667,25,0.8,1,5,-1
1832467,1868895,5,2.485339738,0.666666667,25,0.8,1,5,-1
1832467,1869127,5,2.485339738,0.666666667,25,0.8,1,5,-1
1832467,1930809,5,2.485339738,0.666666667,25,0.8,1,5,-1
1832484,1838138,6,3.640956907,0.8,81,0.888888889,1,6,1
1832484,1844823,6,3.640956907,0.8,81,0.888888889,1,6,-1
1832484,1849241,7,3.640956907,0.8,81,0.888888889,1,7,-1
1832484,1855311,6,3.640956907,0.8,81,0.888888889,1,6,-1
1832484,1865124,0,3.640956907,0.8,81,0.888888889,1,0,-1
1832484,1871615,0,3.640956907,0.8,81,0.888888889,1,0,-1
1832484,1872626,6,3.640956907,0.8,81,0.888888889,1,6,1
1832484,1930061,0,3.640956907,0.8,81,0.888888889,1,0,-1
1832484,1942575,6,3.640956907,0.8,81,0.888888889,1,6,-1
1832506,1850261,0,2.485339738,0.666666667,25,0.8,1,0,1
1832506,1868442,5,2.485339738,0.666666667,25,0.8,1,5,-1
1832506,1896924,0,2.485339738,0.666666667,25,0.8,1,0,-1
1832506,1934294,3,2.485339738,0.666666667,25,0.8,1,3,-1
1832510,1832588,8,2.000805667,0.115384615,100,0.666666667,1,8,-1
1832510,1832616,12,3.984521015,0.192307692,150,1.416666667,1,12,1
1832510,1836743,2,0.389871245,0.034482759,125,0.076923077,0.5,2,-1
1832510,1838553,0,0.389871245,0.034482759,125,0.076923077,0.5,0,-1
1832510,1839476,7,3.184234225,0.269230769,200,0.778846154,1,7,-1
1832510,1840134,2,0.389871245,0.034482759,125,0.076923077,0.5,2,-1
1832510,1842851,10,4.106247647,0.384615385,275,0.877005348,1,10,1
1832510,1851890,2,0.389871245,0.034482759,125,0.076923077,0.5,2,-1
1832510,1859265,7,3.275261327,0.225806452,325,0.826923077,1,7,-1
1832510,1860355,7,3.184234225,0.269230769,200,0.778846154,1,7,-1
1832510,1861167,2,0.389871245,0.034482759,125,0.076923077,0.5,2,-1
1832510,1866351,7,3.184234225,0.269230769,200,0.778846154,1,7,-1
1832510,1867617,8,2.000805667,0.115384615,100,0.666666667,1,8,1
1832510,1873818,7,3.275261327,0.225806452,325,0.826923077,1,7,-1
1832510,1877157,10,4.170323914,0.3125,425,0.909090909,1,10,-1
1832510,1877837,0,4.106247647,0.384615385,275,0.877005348,1,0,-1
1832510,1878501,10,4.106247647,0.384615385,275,0.877005348,1,10,-1
1832510,1878541,10,4.106247647,0.384615385,275,0.877005348,1,10,-1
1832510,1878671,10,4.106247647,0.384615385,275,0.877005348,1,10,-1
1832510,1878723,10,4.106247647,0.384615385,275,0.877005348,1,10,-1
1832510,1879211,10,4.106247647,0.384615385,275,0.877005348,1,10,-1
1832510,1879384,10,4.106247647,0.384615385,275,0.877005348,1,10,-1
1832510,1879392,10,4.106247647,0.384615385,275,0.877005348,1,10,-1
1832510,1879408,10,4.106247647,0.384615385,275,0.877005348,1,10,-1
1832510,1887162,7,3.184234225,0.269230769,200,0.778846154,1,7,-1
1832510,1888845,2,0.389871245,0.034482759,125,0.076923077,0.5,2,-1
1832510,1889997,0,0.389871245,0.034482759,125,0.076923077,0.5,0,-1
1832510,1890177,2,0.352956124,0.033333333,150,0.058823529,0.5,2,-1
1832510,1894810,7,3.184234225,0.269230769,200,0.778846154,1,7,-1
1832510,1894957,0,3.184234225,0.269230769,200,0.778846154,1,0,-1
1832510,1897384,6,1.468349853,0.076923077,75,0.5,1,6,-1
1832510,1897401,6,1.468349853,0.076923077,75,0.5,1,6,-1
1832510,1898589,2,0.352956124,0.033333333,150,0.058823529,0.5,2,-1
1832510,1898603,2,0.352956124,0.033333333,150,0.058823529,0.5,2,-1
1832510,1899371,2,0.352956124,0.033333333,150,0.058823529,0.5,2,-1
1832510,1904857,2,0.389871245,0.034482759,125,0.076923077,0.5,2,-1
1832510,1906605,2,0.389871245,0.034482759,125,0.076923077,0.5,2,-1
1832510,1907273,0,0.352956124,0.033333333,150,0.058823529,0.5,0,-1
1832510,1907412,2,0.352956124,0.033333333,150,0.058823529,0.5,2,-1
1832510,1942843,2,0.389871245,0.034482759,125,0.076923077,0.5,2,-1
1832529,1843197,0,0.36067376,0.066666667,64,0.0625,0.5,0,-1
1832529,1844177,8,3.246063842,0.777777778,64,0.8125,1,8,-1
1832529,1880145,2,0.36067376,0.083333333,40,0.0625,0.5,2,-1
1832529,1880153,0,0.36067376,0.090909091,32,0.0625,0.5,0,-1
1832529,1880860,8,3.366288429,0.411764706,128,0.875,1,8,-1
1832529,1882102,2,0.36067376,0.066666667,64,0.0625,0.5,2,-1
1832529,1890474,8,3.246063842,0.777777778,64,0.8125,1,8,-1
1832529,1890968,2,0.36067376,0.090909091,32,0.0625,0.5,2,-1
1832529,1891214,8,3.246063842,0.777777778,64,0.8125,1,8,-1
1832529,1891745,8,3.246063842,0.777777778,64,0.8125,1,8,-1
1832529,1898333,8,3.246063842,0.777777778,64,0.8125,1,8,-1
1832529,1898343,8,3.246063842,0.777777778,64,0.8125,1,8,-1
1832529,1898353,8,3.246063842,0.777777778,64,0.8125,1,8,-1
1832529,1905269,0,0.36067376,0.083333333,40,0.0625,0.5,0,-1
1832529,1905728,2,0.36067376,0.083333333,40,0.0625,0.5,2,-1
1832529,1905737,2,0.36067376,0.083333333,40,0.0625,0.5,2,-1
1832541,1856719,0,1.820478453,0.25,21,0.666666667,1,0,-1
1832541,1870680,3,2.164042561,0.375,28,0.75,1,3,-1
1832541,1924997,2,1.820478453,0.25,21,0.666666667,1,2,-1
1832541,1925001,2,1.820478453,0.25,21,0.666666667,1,2,-1
1832541,1925430,5,2.164042561,0.375,28,0.75,1,5,-1
1832541,1925870,5,2.164042561,0.375,28,0.75,1,5,-1
1832548,1832551,3,0.455119613,0.333333333,4,0.111111111,1,3,-1
1832548,1832610,2,1.442695041,0.1,18,0.5,1,2,-1
1832548,1847192,2,0.455119613,0.2,8,0.111111111,0.5,2,-1
1832548,1867709,2,0.455119613,0.5,2,0.111111111,0.5,2,-1
1832548,1882314,2,0.455119613,0.5,2,0.111111111,0.5,2,-1
1832548,1896088,2,0.455119613,0.5,2,0.111111111,0.5,2,-1
1832548,1902387,2,0.455119613,0.2,8,0.111111111,0.5,2,-1
1832548,1934070,2,0.455119613,0.2,8,0.111111111,0.5,2,-1
1832548,1934085,2,0.455119613,0.2,8,0.111111111,0.5,2,-1
1832551,1832610,2,1.442695041,0.1,18,0.5,1,2,-1
1832551,1847192,2,0.455119613,0.2,8,0.111111111,0.5,2,-1
1832551,1867709,2,0.455119613,0.5,2,0.111111111,0.5,2,-1
1832551,1882314,2,0.455119613,0.5,2,0.111111111,0.5,2,-1
1832551,1896088,2,0.455119613,0.5,2,0.111111111,0.5,2,-1
1832551,1902387,2,0.455119613,0.2,8,0.111111111,0.5,2,-1
1832551,1934070,2,0.455119613,0.2,8,0.111111111,0.5,2,-1
1832551,1934085,2,0.455119613,0.2,8,0.111111111,0.5,2,-1
1832572,1840976,5,2.485339738,0.4,45,0.8,1,5,-1
1832572,1881923,4,2.164042561,0.272727273,45,0.75,1,4,-1
1832572,1882925,2,0.621334935,0.111111111,9,0.2,0.5,2,-1
1832572,1886284,4,2.064029975,0.3,36,0.7,1,4,-1
1832572,1886312,4,2.064029975,0.3,36,0.7,1,4,-1
1832572,1886384,4,2.064029975,0.3,36,0.7,1,4,-1
1832572,1887792,5,2.485339738,0.4,45,0.8,1,5,-1
1832572,1887814,5,2.485339738,0.4,45,0.8,1,5,-1
1832572,1895337,5,2.485339738,0.4,45,0.8,1,5,-1
1832572,1915344,5,2.485339738,0.4,45,0.8,1,5,-1
1832576,1832735,11,3.275261327,0.777777778,64,0.826923077,1,11,-1
1832576,1847829,0,0.389871245,0.083333333,40,0.076923077,0.5,0,-1
1832576,1848198,0,0.389871245,0.083333333,40,0.076923077,0.5,0,-1
1832576,1850840,7,3.275261327,0.777777778,64,0.826923077,1,7,-1
1832576,1851856,7,3.275261327,0.777777778,64,0.826923077,1,7,-1
1832576,1862939,0,0.389871245,0.083333333,40,0.076923077,0.5,0,-1
1832576,1864369,0,3.366288429,0.5,104,0.875,1,0,-1
1832576,1865271,0,0.389871245,0.083333333,40,0.076923077,0.5,0,-1
1832576,1878838,0,0.389871245,0.083333333,40,0.076923077,0.5,0,-1
1832576,1892705,11,3.275261327,0.777777778,64,0.826923077,1,11,-1
1832576,1929251,11,3.275261327,0.777777778,64,0.826923077,1,11,-1
1832576,1934186,7,3.275261327,0.777777778,64,0.826923077,1,7,-1
1832576,1934203,11,3.275261327,0.777777778,64,0.826923077,1,11,-1
1832588,1832616,8,1.753362508,0.428571429,24,0.54,1,8,-1
1832588,1839476,2,0.310667467,0.090909091,32,0.04,0.5,2,-1
1832588,1842851,2,0.310667467,0.071428571,44,0.04,0.5,2,-1
1832588,1859265,2,0.310667467,0.0625,52,0.04,0.5,2,-1
1832588,1860355,2,0.310667467,0.090909091,32,0.04,0.5,2,-1
1832588,1866351,2,0.310667467,0.090909091,32,0.04,0.5,2,-1
1832588,1867617,8,1.590125614,0.6,16,0.456666667,1,8,-1
1832588,1873818,2,0.310667467,0.0625,52,0.04,0.5,2,-1
1832588,1877157,2,0.310667467,0.05,68,0.04,0.5,2,-1
1832588,1877837,0,0.310667467,0.071428571,44,0.04,0.5,0,-1
1832588,1878501,2,0.310667467,0.071428571,44,0.04,0.5,2,-1
1832588,1878541,2,0.310667467,0.071428571,44,0.04,0.5,2,-1
1832588,1878671,2,0.310667467,0.071428571,44,0.04,0.5,2,-1
1832588,1878723,2,0.310667467,0.071428571,44,0.04,0.5,2,-1
1832588,1879211,2,0.310667467,0.071428571,44,0.04,0.5,2,-1
1832588,1879384,2,0.310667467,0.071428571,44,0.04,0.5,2,-1
1832588,1879392,2,0.310667467,0.071428571,44,0.04,0.5,2,-1
1832588,1879408,2,0.310667467,0.071428571,44,0.04,0.5,2,-1
1832588,1887162,2,0.310667467,0.090909091,32,0.04,0.5,2,-1
1832588,1894810,2,0.310667467,0.090909091,32,0.04,0.5,2,-1
1832588,1894957,0,0.310667467,0.090909091,32,0.04,0.5,0,-1
1832588,1897384,6,0.868778094,0.4,12,0.206666667,0.5,6,-1
1832588,1897401,6,0.868778094,0.4,12,0.206666667,0.5,6,-1
1832610,1847192,4,2.164042561,0.3,36,0.75,1,4,-1
1832610,1867709,1,0,0,9,0,1,1,-1
1832610,1882314,2,0,0,9,0,1,2,-1
1832610,1896088,2,0,0,9,0,1,2,-1
1832610,1902387,4,2.164042561,0.3,36,0.75,1,4,-1
1832610,1934070,4,2.164042561,0.3,36,0.75,1,4,-1
1832610,1934085,4,2.164042561,0.3,36,0.75,1,4,-1
1832616,1839476,2,0.310667467,0.076923077,48,0.04,0.5,2,-1
1832616,1842851,2,0.310667467,0.0625,66,0.04,0.5,2,-1
1832616,1859265,2,0.310667467,0.055555556,78,0.04,0.5,2,-1
1832616,1860355,2,0.310667467,0.076923077,48,0.04,0.5,2,-1
1832616,1866351,2,0.310667467,0.076923077,48,0.04,0.5,2,-1
1832616,1867617,8,1.753362508,0.428571429,24,0.54,1,8,-1
1832616,1873818,2,0.310667467,0.055555556,78,0.04,0.5,2,-1
1832616,1877157,2,0.310667467,0.045454545,102,0.04,0.5,2,-1
1832616,1877837,0,0.310667467,0.0625,66,0.04,0.5,0,-1
1832616,1878501,2,0.310667467,0.0625,66,0.04,0.5,2,-1
1832616,1878541,2,0.310667467,0.0625,66,0.04,0.5,2,-1
1832616,1878671,2,0.310667467,0.0625,66,0.04,0.5,2,-1
1832616,1878723,2,0.310667467,0.0625,66,0.04,0.5,2,-1
1832616,1879211,2,0.310667467,0.0625,66,0.04,0.5,2,-1
1832616,1879384,2,0.310667467,0.0625,66,0.04,0.5,2,-1
1832616,1879392,2,0.310667467,0.0625,66,0.04,0.5,2,-1
1832616,1879408,2,0.310667467,0.0625,66,0.04,0.5,2,-1
1832616,1887162,2,0.310667467,0.076923077,48,0.04,0.5,2,-1
1832616,1894810,2,0.310667467,0.076923077,48,0.04,0.5,2,-1
1832616,1894957,0,0.310667467,0.076923077,48,0.04,0.5,0,-1
1832616,1897384,6,1.220906694,0.285714286,18,0.373333333,1,6,-1
1832616,1897401,6,1.220906694,0.285714286,18,0.373333333,1,6,-1
1832618,1834719,5,2.281037195,0.666666667,25,0.690909091,1,5,-1
1832618,1856316,2,0.417032391,0.1,30,0.090909091,0.5,2,-1
1832618,1867547,5,2.281037195,0.666666667,25,0.690909091,1,5,-1
1832618,1867842,5,2.281037195,0.666666667,25,0.690909091,1,5,-1
1832618,1886276,2,0.417032391,0.1,30,0.090909091,0.5,2,-1
1832618,1886295,0,0.417032391,0.1,30,0.090909091,0.5,0,-1
1832618,1886519,0,0.417032391,0.1,30,0.090909091,0.5,0,-1
1832618,1886725,2,0.417032391,0.1,30,0.090909091,0.5,2,-1
1832618,1934509,5,2.281037195,0.666666667,25,0.690909091,1,5,-1
1832620,1833601,0,0.389871245,0.090909091,32,0.076923077,0.5,0,-1
1832620,1834898,4,2.164042561,0.214285714,52,0.75,1,4,-1
1832620,1837009,2,0.389871245,0.1,28,0.076923077,0.5,2,-1
1832620,1864538,2,0.389871245,0.1,28,0.076923077,0.5,2,-1
1832620,1878109,0,0.389871245,0.2,8,0.076923077,0.5,0,-1
1832620,1882672,2,0.389871245,0.1,28,0.076923077,0.5,2,-1
1832620,1883714,0,0.389871245,0.1,28,0.076923077,0.5,0,-1
1832643,1834853,2,0,0,1,0,1,2,-1
1832646,1832794,8,3.906774386,0.777777778,64,1.166666667,1,8,-1
1832646,1852425,6,2.713340853,0.555555556,48,0.791666667,1,6,-1
1832646,1859356,3,1.039008974,0.166666667,48,0.291666667,1,3,-1
1832646,1860220,6,2.713340853,0.555555556,48,0.791666667,1,6,-1
1832646,1873347,3,1.116221253,0.2,32,0.333333333,0.5,3,-1
1832646,1877922,3,1.039008974,0.166666667,48,0.291666667,1,3,-1
1832646,1880941,6,2.713340853,0.555555556,48,0.791666667,1,6,-1
1832646,1881795,6,2.713340853,0.555555556,48,0.791666667,1,6,-1
1832646,1882374,6,2.713340853,0.555555556,48,0.791666667,1,6,-1
1832646,1924132,3,1.116221253,0.2,32,0.333333333,0.5,3,-1
1832646,1924420,0,1.116221253,0.2,32,0.333333333,0.5,0,-1
1832669,1837024,2,0.513898342,0.125,14,0.142857143,0.5,2,-1
1832669,1854830,4,0.513898342,0.333333333,4,0.142857143,1,4,-1
1832669,1854858,4,1.442695041,0.125,14,0.5,1,4,-1
1832669,1855455,2,0.513898342,0.1,18,0.142857143,0.5,2,-1
1832669,1871946,4,0.513898342,0.166666667,10,0.142857143,0.5,4,-1
1832669,1888807,2,0.513898342,0.125,14,0.142857143,0.5,2,-1
1832709,1834429,6,1.442695041,0.4,12,0.5,1,6,-1
1832709,1836174,6,1.442695041,0.4,12,0.5,1,6,-1
1832709,1885974,6,1.442695041,0.4,12,0.5,1,6,-1
1832722,1856998,3,1.820478453,0.5,9,0.666666667,1,3,1
1832722,1864309,3,1.820478453,0.5,9,0.666666667,1,3,-1
1832722,1890593,3,1.820478453,0.5,9,0.666666667,1,3,-1
1832735,1847829,0,0.389871245,0.083333333,40,0.076923077,0.5,0,-1
1832735,1848198,0,0.389871245,0.083333333,40,0.076923077,0.5,0,-1
1832735,1850840,7,3.275261327,0.777777778,64,0.826923077,1,7,-1
1832735,1851856,7,3.275261327,0.777777778,64,0.826923077,1,7,-1
1832735,1862939,0,0.389871245,0.083333333,40,0.076923077,0.5,0,-1
1832735,1864369,0,3.366288429,0.5,104,0.875,1,0,-1
1832735,1865271,0,0.389871245,0.083333333,40,0.076923077,0.5,0,-1
1832735,1878838,0,0.389871245,0.083333333,40,0.076923077,0.5,0,-1
1832735,1892705,11,3.275261327,0.777777778,64,0.826923077,1,11,-1
1832735,1929251,11,3.275261327,0.777777778,64,0.826923077,1,11,-1
1832735,1934186,7,3.275261327,0.777777778,64,0.826923077,1,7,-1
1832735,1934203,11,3.275261327,0.777777778,64,0.826923077,1,11,-1
1832739,1833556,0,0.303413076,0.071428571,50,0.037037037,0.5,0,-1
1832739,1835593,0,0.303413076,0.0625,70,0.037037037,0.5,0,-1
1832739,1836980,0,0.303413076,0.0625,70,0.037037037,0.5,0,-1
1832739,1837036,0,3.704148209,0.818181818,100,0.799537037,1,0,-1
1832739,1842668,0,0.303413076,0.071428571,50,0.037037037,0.5,0,-1
1832739,1843273,0,0.36067376,0.066666667,60,0.0625,0.5,0,-1
1832739,1846328,0,0.303413076,0.0625,70,0.037037037,0.5,0,-1
1832739,1847880,0,0.303413076,0.071428571,50,0.037037037,0.5,0,-1
1832739,1853972,0,0.303413076,0.071428571,50,0.037037037,0.5,0,-1
1832739,1854319,0,0.303413076,0.071428571,50,0.037037037,0.5,0,-1
1832739,1855421,0,0.303413076,0.0625,70,0.037037037,0.5,0,-1
1832739,1868603,0,3.704148209,0.818181818,100,0.799537037,1,0,-1
1832739,1878218,0,0.36067376,0.066666667,60,0.0625,0.5,0,-1
1832739,1878596,0,0.36067376,0.066666667,60,0.0625,0.5,0,-1
1832739,1878599,0,0.36067376,0.066666667,60,0.0625,0.5,0,-1
1832739,1879286,0,0.36067376,0.043478261,140,0.0625,0.5,0,-1
1832739,1888391,0,0.303413076,0.071428571,50,0.037037037,0.5,0,-1
1832739,1907532,0,0.303413076,0.0625,70,0.037037037,0.5,0,-1
1832739,1920860,0,3.704148209,0.818181818,100,0.799537037,1,0,-1
1832739,1934076,0,3.704148209,0.818181818,100,0.799537037,1,0,-1
1832739,1934755,0,3.704148209,0.818181818,100,0.799537037,1,0,-1
1832739,1942345,0,3.704148209,0.818181818,100,0.799537037,1,0,-1
1832761,1832894,0,3.366288429,0.777777778,64,0.875,1,0,-1
1832761,1834848,0,3.366288429,0.777777778,64,0.875,1,0,-1
1832761,1866109,0,3.366288429,0.777777778,64,0.875,1,0,-1
1832761,1891746,0,3.366288429,0.777777778,64,0.875,1,0,-1
1832761,1930763,0,3.366288429,0.777777778,64,0.875,1,0,-1
1832761,1935350,0,3.366288429,0.777777778,64,0.875,1,0,-1
1832761,1935355,0,3.366288429,0.777777778,64,0.875,1,0,-1
1832761,1935357,0,3.366288429,0.777777778,64,0.875,1,0,-1
1832764,1833802,5,3.083390054,0.75,49,0.857142857,1,5,-1
1832764,1833820,0,3.083390054,0.75,49,0.857142857,1,0,-1
1832764,1833826,5,3.083390054,0.75,49,0.857142857,1,5,-1
1832764,1849128,0,3.083390054,0.75,49,0.857142857,1,0,-1
1832764,1861089,6,3.083390054,0.75,49,0.857142857,1,6,-1
1832783,1837677,6,3.083390054,0.75,49,0.857142857,1,6,-1
1832783,1838029,6,3.083390054,0.75,49,0.857142857,1,6,-1
1832783,1872120,6,3.083390054,0.75,49,0.857142857,1,6,-1
1832783,1878388,0,3.083390054,0.75,49,0.857142857,1,0,-1
1832783,1878891,6,3.083390054,0.75,49,0.857142857,1,6,-1
1832783,1878910,6,3.083390054,0.75,49,0.857142857,1,6,-1
1832783,1879037,6,3.083390054,0.75,49,0.857142857,1,6,-1
1832784,1833619,0,2.790553133,0.384615385,72,0.833333333,1,0,-1
1832784,1835955,0,2.634872111,0.714285714,36,0.75,1,0,-1
1832784,1836179,0,0.402429604,0.090909091,36,0.083333333,0.5,0,-1
1832784,1842390,0,2.634872111,0.714285714,36,0.75,1,0,-1
1832784,1845396,0,0.402429604,0.090909091,36,0.083333333,0.5,0,-1
1832784,1871063,0,0.402429604,0.090909091,36,0.083333333,0.5,0,-1
1832784,1888492,0,0.402429604,0.090909091,36,0.083333333,0.5,0,-1
1832784,1889642,0,0.402429604,0.090909091,36,0.083333333,0.5,0,-1
1832784,1891782,0,2.634872111,0.714285714,36,0.75,1,0,-1
1832784,1894222,0,2.634872111,0.714285714,36,0.75,1,0,-1
1832784,1904518,0,0.402429604,0.090909091,36,0.083333333,0.5,0,-1
1832784,1925222,0,2.634872111,0.714285714,36,0.75,1,0,-1
1832794,1852425,6,2.713340853,0.555555556,48,0.791666667,1,6,-1
1832794,1859356,3,1.039008974,0.166666667,48,0.291666667,1,3,-1
1832794,1860220,9,2.713340853,0.555555556,48,0.791666667,1,9,-1
1832794,1873347,3,1.116221253,0.2,32,0.333333333,0.5,3,-1
1832794,1877922,3,1.039008974,0.166666667,48,0.291666667,1,3,-1
1832794,1880941,9,2.713340853,0.555555556,48,0.791666667,1,9,-1
1832794,1881795,9,2.713340853,0.555555556,48,0.791666667,1,9,-1
1832794,1882374,6,2.713340853,0.555555556,48,0.791666667,1,6,-1
1832794,1924132,3,1.116221253,0.2,32,0.333333333,0.5,3,-1
1832794,1924420,0,1.116221253,0.2,32,0.333333333,0.5,0,-1
1832841,1861430,2,0.434294482,0.043478261,119,0.1,0.5,2,-1
1832841,1864017,2,0.434294482,0.058823529,77,0.1,0.5,2,-1
1832841,1881066,6,2.859157224,0.375,105,0.738095238,1,6,-1
1832841,1885486,10,2.794132116,0.545454545,70,0.704761905,1,10,-1
1832841,1887679,10,2.859157224,0.375,105,0.738095238,1,10,-1
1832841,1887895,0,0.738538746,0.125,77,0.133333333,0.5,0,-1
1832841,1888226,0,0.738538746,0.105263158,98,0.133333333,0.5,0,-1
1832841,1888245,0,0.738538746,0.105263158,98,0.133333333,0.5,0,-1
1832841,1888260,5,0.738538746,0.142857143,63,0.133333333,0.5,5,-1
1832841,1896948,0,0.738538746,0.105263158,98,0.133333333,0.5,0,-1
1832841,1898142,6,2.714528255,0.75,49,0.661904762,1,6,-1
1832841,1898349,0,2.714528255,0.75,49,0.661904762,1,0,-1
1832841,1904066,0,0.738538746,0.117647059,84,0.133333333,0.5,0,-1
1832841,1904593,0,0.738538746,0.105263158,98,0.133333333,0.5,0,-1
1832841,1905008,10,2.714528255,0.75,49,0.661904762,1,10,-1
1832841,1905022,10,2.714528255,0.75,49,0.661904762,1,10,-1
1832841,1915849,0,0.738538746,0.125,77,0.133333333,0.5,0,-1
1832865,1832878,1,2.204466563,0.666666667,25,0.65,1,1,-1
1832865,1832994,0,2.344903151,0.444444444,40,0.725,1,0,-1
1832865,1881414,0,2.204466563,0.666666667,25,0.65,1,0,-1
1832865,1883012,0,2.204466563,0.666666667,25,0.65,1,0,-1
1832865,1883794,0,2.344903151,0.444444444,40,0.725,1,0,-1
1832865,1886068,0,0.961796694,0.285714286,20,0.25,0.5,0,-1
1832865,1886587,1,0.961796694,0.285714286,20,0.25,0.5,1,-1
1832865,1886592,0,0.961796694,0.285714286,20,0.25,0.5,0,-1
1832878,1832994,0,2.344903151,0.444444444,40,0.725,1,0,-1
1832878,1881414,0,2.204466563,0.666666667,25,0.65,1,0,-1
1832878,1883012,0,2.204466563,0.666666667,25,0.65,1,0,-1
1832878,1883794,0,2.344903151,0.444444444,40,0.725,1,0,-1
1832878,1886068,0,0.961796694,0.285714286,20,0.25,0.5,0,-1
1832878,1886587,1,0.961796694,0.285714286,20,0.25,0.5,1,-1
1832878,1886592,0,0.961796694,0.285714286,20,0.25,0.5,0,-1
1832894,1834848,0,3.366288429,0.777777778,64,0.875,1,0,-1
1832894,1866109,3,3.366288429,0.777777778,64,0.875,1,3,-1
1832894,1891746,0,3.366288429,0.777777778,64,0.875,1,0,-1
1832894,1930763,3,3.366288429,0.777777778,64,0.875,1,3,-1
1832894,1935350,3,3.366288429,0.777777778,64,0.875,1,3,-1
1832894,1935355,0,3.366288429,0.777777778,64,0.875,1,0,-1
1832894,1935357,0,3.366288429,0.777777778,64,0.875,1,0,-1
1832944,1833027,2,1.242669869,0.2,27,0.4,1,2,-1
1832944,1836802,0,1.076454548,0.333333333,15,0.311111111,1,0,-1
1832944,1858899,2,0.455119613,0.166666667,12,0.111111111,0.5,2,-1
1832944,1881857,0,0.455119613,0.166666667,12,0.111111111,0.5,0,-1
1832944,1882799,0,0.455119613,0.166666667,12,0.111111111,0.5,0,-1
1832944,1883606,0,0.455119613,0.166666667,12,0.111111111,0.5,0,-1
1832944,1935705,3,1.697789482,0.75,12,0.511111111,0.5,3,-1
1832944,1944113,3,1.697789482,0.75,12,0.511111111,0.5,3,-1
1832994,1881414,6,2.344903151,0.444444444,40,0.725,1,6,1
1832994,1883012,6,2.344903151,0.444444444,40,0.725,1,6,-1
1832994,1883794,8,4.6493823,0.777777778,64,1.55,1,8,1
1832994,1886068,4,1.923593388,0.333333333,32,0.625,1,4,-1
1832994,1886587,0,1.923593388,0.333333333,32,0.625,1,0,-1
1832994,1886592,0,1.923593388,0.333333333,32,0.625,1,0,-1
1832999,1836345,0,5.078417689,0.545454545,285,1.135761461,1,0,-1
1832999,1836719,8,3.174250051,0.5,135,0.646726373,1,8,-1
1832999,1837662,2,0.345976256,0.05,90,0.055555556,0.5,2,-1
1832999,1840404,2,0.345976256,0.055555556,60,0.055555556,0.5,2,-1
1832999,1843394,2,0.345976256,0.05,90,0.055555556,0.5,2,-1
1832999,1849466,0,0.345976256,0.05,90,0.055555556,0.5,0,-1
1832999,1850859,2,0.345976256,0.05,90,0.055555556,0.5,2,-1
1832999,1852393,10,4.240133957,0.625,165,0.952642679,1,10,-1
1832999,1856806,0,0.345976256,0.05,90,0.055555556,0.5,0,-1
1832999,1859414,6,2.910728304,0.269230769,270,0.637887989,1,6,-1
1832999,1859502,0,0.345976256,0.055555556,60,0.055555556,0.5,0,-1
1832999,1872296,6,2.775806213,0.4375,120,0.568443545,1,6,-1
1832999,1873329,13,6.076568273,0.875,225,1.407440659,1,13,-1
1832999,1882496,0,0.345976256,0.055555556,60,0.055555556,0.5,0,-1
1832999,1883879,2,0.345976256,0.055555556,60,0.055555556,0.5,2,-1
1832999,1887647,0,0.339623272,0.05,90,0.052631579,0.5,0,-1
1832999,1887662,0,0.339623272,0.05,90,0.052631579,0.5,0,-1
1832999,1903604,0,0.339623272,0.05,90,0.052631579,0.5,0,-1
1832999,1903626,0,0.339623272,0.05,90,0.052631579,0.5,0,-1
1832999,1903970,0,0.339623272,0.05,90,0.052631579,0.5,0,-1
1832999,1903995,0,0.339623272,0.05,90,0.052631579,0.5,0,-1
1832999,1909756,8,3.174250051,0.5,135,0.646726373,1,8,-1
1832999,1925838,6,2.775806213,0.4375,120,0.568443545,1,6,-1
1832999,1929461,2,0.345976256,0.05,90,0.055555556,0.5,2,-1
1832999,1929661,13,6.076568273,0.875,225,1.407440659,1,13,-1
1832999,1934678,11,5.028169716,0.75,195,1.111469963,1,11,-1
1832999,1936248,10,4.240133957,0.625,165,0.952642679,1,10,-1
1832999,1942100,0,2.775806213,0.4375,120,0.568443545,1,0,-1
1832999,1943476,10,4.240133957,0.625,165,0.952642679,1,10,-1
1832999,1944011,7,2.503534263,0.375,105,0.548917749,1,7,-1
1832999,1944094,7,2.503534263,0.375,105,0.548917749,1,7,-1
1833027,1836802,0,2.974269202,0.4,45,1.033333333,1,0,-1
1833027,1858899,1,2.164042561,0.3,36,0.75,1,1,-1
1833027,1881857,0,2.164042561,0.3,36,0.75,1,0,-1
1833027,1882799,0,2.164042561,0.3,36,0.75,1,0,-1
1833027,1883606,0,2.164042561,0.3,36,0.75,1,0,-1
1833027,1935705,5,1.96401739,0.3,36,0.65,1,5,-1
1833027,1944113,3,1.96401739,0.3,36,0.65,1,3,-1
1833039,1848033,0,0.72134752,0.25,6,0.25,1,0,-1
1833039,1852350,0,0.72134752,0.333333333,3,0.25,0.5,0,-1
1833039,1895167,2,0.72134752,0.25,6,0.25,1,2,-1
1833093,1833484,0,5.371504896,0.375,744,0.928570916,1,0,-1
1833093,1833505,0,3.779687467,0.28125,408,0.856648308,1,0,-1
1833093,1833954,0,0.310667467,0.026315789,360,0.04,0.5,0,-1
1833093,1835863,0,4.597024066,0.52,336,0.78057688,1,0,-1
1833093,1837011,0,0.269282508,0.032258065,192,0.024390244,0.5,0,-1
1833093,1838064,0,0.913445308,0.1,216,0.115471838,0.5,0,-1
1833093,1838543,0,3.091256059,0.28,192,0.733823529,1,0,-1
1833093,1840384,0,0.269282508,0.032258065,192,0.024390244,0.5,0,-1
1833093,1840421,0,0.603090709,0.052631579,384,0.074390244,0.5,0,-1
1833093,1843105,0,0.913445308,0.1,216,0.115471838,0.5,0,-1
1833093,1845379,0,0.603090709,0.068965517,168,0.074390244,0.5,0,-1
1833093,1849070,0,0.603090709,0.052631579,384,0.074390244,0.5,0,-1
1833093,1850116,0,4.597024066,0.52,336,0.78057688,1,0,-1
1833093,1850125,0,0.603090709,0.068965517,168,0.074390244,0.5,0,-1
1833093,1850145,0,4.642139047,0.419354839,480,0.802005451,1,0,-1
1833093,1850515,0,3.091256059,0.28,192,0.733823529,1,0,-1
1833093,1853412,0,0.291206676,0.027777778,312,0.032258065,0.5,0,-1
1833093,1854505,0,0.333808201,0.04,48,0.05,0.5,0,-1
1833093,1854967,0,4.597024066,0.52,336,0.78057688,1,0,-1
1833093,1854987,0,0.913445308,0.1,216,0.115471838,0.5,0,-1
1833093,1855661,0,0.310667467,0.028571429,288,0.04,0.5,0,-1
1833093,1855704,0,0.601874143,0.060606061,264,0.072258065,0.5,0,-1
1833093,1856759,0,4.66527978,0.361111111,600,0.812005451,1,0,-1
1833093,1856892,0,0.291206676,0.034482759,144,0.032258065,0.5,0,-1
1833093,1863431,0,6.502315904,0.326530612,984,1.386438737,1,0,-1
1833093,1864125,0,3.091256059,0.28,192,0.733823529,1,0,-1
1833093,1864624,0,0.269282508,0.037037037,96,0.024390244,0.5,0,-1
1833093,1865754,0,1.247253509,0.111111111,384,0.165471838,0.5,0,-1
1833093,1871987,0,1.247253509,0.125,288,0.165471838,0.5,0,-1
1833093,1872579,0,4.597024066,0.52,336,0.78057688,1,0,-1
1833093,1877781,0,0.310667467,0.029411765,264,0.04,0.5,0,-1
1833093,1877786,0,0.310667467,0.033333333,168,0.04,0.5,0,-1
1833093,1877791,0,0.310667467,0.033333333,168,0.04,0.5,0,-1
1833093,1878011,0,0.310667467,0.033333333,168,0.04,0.5,0,-1
1833093,1878502,0,0.310667467,0.033333333,168,0.04,0.5,0,-1
1833093,1878612,0,0.310667467,0.033333333,168,0.04,0.5,0,-1
1833093,1880320,0,0.333808201,0.038461538,72,0.05,0.5,0,-1
1833093,1880435,0,0.269282508,0.035714286,120,0.024390244,0.5,0,-1
1833093,1882308,0,0.625014877,0.068965517,168,0.082258065,0.5,0,-1
1833093,1882884,0,1.247253509,0.125,288,0.165471838,0.5,0,-1
1833093,1883730,0,0.625014877,0.068965517,168,0.082258065,0.5,0,-1
1833093,1884221,0,0.603090709,0.068965517,168,0.074390244,0.5,0,-1
1833093,1884484,0,0.269282508,0.032258065,192,0.024390244,0.5,0,-1
1833093,1884533,0,0.603090709,0.068965517,168,0.074390244,0.5,0,-1
1833093,1885090,0,0.291206676,0.034482759,144,0.032258065,0.5,0,-1
1833093,1885543,0,0.603090709,0.068965517,168,0.074390244,0.5,0,-1
1833093,1885568,0,0.269282508,0.032258065,192,0.024390244,0.5,0,-1
1833093,1885962,0,0.269282508,0.032258065,192,0.024390244,0.5,0,-1
1833093,1885975,0,0.269282508,0.032258065,192,0.024390244,0.5,0,-1
1833093,1886924,0,1.351303789,0.12,96,0.336890244,1,0,-1
1833093,1888879,0,4.597024066,0.52,336,0.78057688,1,0,-1
1833093,1893326,0,0.291206676,0.028571429,288,0.032258065,0.5,0,-1
1833093,1896254,0,4.597024066,0.52,336,0.78057688,1,0,-1
1833093,1896733,0,4.597024066,0.52,336,0.78057688,1,0,-1
1833093,1899807,0,0.333808201,0.04,48,0.05,0.5,0,-1
1833093,1903029,0,1.351303789,0.12,96,0.336890244,1,0,-1
1833093,1905225,0,4.597024066,0.52,336,0.78057688,1,0,-1
1833093,1905337,0,0.310667467,0.035714286,120,0.04,0.5,0,-1
1833093,1929239,0,0.310667467,0.035714286,120,0.04,0.5,0,-1
1833093,1930831,0,3.091256059,0.28,192,0.733823529,1,0,-1
1833093,1934377,0,3.091256059,0.28,192,0.733823529,1,0,-1
1833093,1935420,0,3.091256059,0.28,192,0.733823529,1,0,-1
1833095,1836582,11,3.083390054,0.75,49,0.857142857,1,11,-1
1833095,1839147,11,3.083390054,0.75,49,0.857142857,1,11,-1
1833095,1848924,11,3.083390054,0.75,49,0.857142857,1,11,-1
1833095,1857799,11,3.083390054,0.75,49,0.857142857,1,11,-1
1833095,1898874,6,3.083390054,0.75,49,0.857142857,1,6,-1
1833095,1898914,11,3.083390054,0.75,49,0.857142857,1,11,-1
1833095,1908550,0,3.083390054,0.75,49,0.857142857,1,0,-1
1833106,1836490,0,3.366288429,0.777777778,64,0.875,1,0,-1
1833106,1854802,5,3.366288429,0.777777778,64,0.875,1,5,-1
1833106,1890892,5,3.366288429,0.777777778,64,0.875,1,5,-1
1833106,1897407,0,3.366288429,0.777777778,64,0.875,1,0,-1
1833106,1899741,5,3.366288429,0.777777778,64,0.875,1,5,-1
1833106,1906916,5,3.366288429,0.777777778,64,0.875,1,5,-1
1833106,1907585,5,3.366288429,0.777777778,64,0.875,1,5,-1
1833106,1918602,0,3.366288429,0.777777778,64,0.875,1,0,-1
1833108,1833212,4,2.164042561,0.6,16,0.75,1,4,-1
1833108,1833241,7,2.164042561,0.6,16,0.75,1,7,-1
1833108,1836333,7,2.164042561,0.6,16,0.75,1,7,-1
1833166,1836790,0,0.897930738,0.285714286,20,0.215909091,0.5,0,-1
1833166,1842294,2,0.417032391,0.142857143,15,0.090909091,0.5,2,-1
1833166,1856830,2,0.417032391,0.142857143,15,0.090909091,0.5,2,-1
1833166,1866958,2,0.417032391,0.142857143,15,0.090909091,0.5,2,-1
1833166,1867201,5,2.344903151,0.333333333,55,0.725,1,5,1
1833166,1869853,3,0.897930738,0.285714286,20,0.215909091,0.5,3,-1
1833166,1874968,5,2.140600608,0.666666667,25,0.615909091,1,5,-1
1833166,1896979,5,2.140600608,0.666666667,25,0.615909091,1,5,-1
1833166,1897660,6,2.140600608,0.666666667,25,0.615909091,1,6,-1
1833166,1897959,5,2.281037195,0.444444444,40,0.690909091,1,5,1
1833166,1898480,0,0.897930738,0.285714286,20,0.215909091,0.5,0,-1
1833212,1833241,4,2.164042561,0.6,16,0.75,1,4,1
1833212,1836333,4,2.164042561,0.6,16,0.75,1,4,-1
1833241,1836333,7,2.164042561,0.6,16,0.75,1,7,-1
1833370,1838004,9,3.436629928,0.8,81,0.784313725,1,9,-1
1833370,1845928,0,0.705912248,0.166666667,45,0.117647059,0.5,0,-1
1833370,1847281,3,0.705912248,0.166666667,45,0.117647059,0.5,3,-1
1833370,1852140,3,0.705912248,0.166666667,45,0.117647059,0.5,3,-1
1833370,1867785,3,0.705912248,0.166666667,45,0.117647059,0.5,3,-1
1833370,1869013,9,3.538793417,0.444444444,153,0.836601307,1,9,-1
1833370,1869894,3,0.705912248,0.166666667,45,0.117647059,0.5,3,-1
1833370,1871685,9,3.538793417,0.444444444,153,0.836601307,1,9,-1
1833370,1873002,3,0.705912248,0.166666667,45,0.117647059,0.5,3,-1
1833370,1873461,9,3.436629928,0.8,81,0.784313725,1,9,-1
1833370,1882706,3,0.705912248,0.166666667,45,0.117647059,0.5,3,-1
1833370,1885982,13,3.436629928,0.8,81,0.784313725,1,13,-1
1833370,1897001,13,3.436629928,0.8,81,0.784313725,1,13,-1
1833370,1904644,9,3.436629928,0.8,81,0.784313725,1,9,-1
1833370,1915970,13,3.436629928,0.8,81,0.784313725,1,13,-1
1833370,1915975,13,3.436629928,0.8,81,0.784313725,1,13,-1
1833370,1941958,3,0.705912248,0.166666667,45,0.117647059,0.5,3,-1
1833394,1851055,1,0,0,1,0,1,1,-1
1833416,1841359,0,1.442695041,0.25,6,0.5,1,0,1
1833416,1841430,0,0.910239227,0.333333333,4,0.333333333,1,0,-1
1833417,1835650,1,0,0,1,0,1,1,-1
1833455,1837357,2,0.300101629,0.024390244,425,0.035714286,0.5,2,-1
1833455,1844024,2,0.300101629,0.028571429,323,0.035714286,0.5,2,-1
1833455,1845904,16,5.506121474,0.888888889,289,0.877960275,1,16,-1
1833455,1850585,2,0.300101629,0.014705882,884,0.035714286,0.5,2,-1
1833455,1855244,16,5.535562145,0.695652174,374,0.891329259,1,16,-1
1833455,1855312,0,0.300101629,0.025641026,391,0.035714286,0.5,0,-1
1833455,1856174,16,5.535562145,0.695652174,374,0.891329259,1,16,1
1833455,1862069,2,0.300101629,0.037037037,187,0.035714286,0.5,2,-1
1833455,1868600,16,5.506121474,0.888888889,289,0.877960275,1,16,-1
1833455,1870487,16,5.535562145,0.695652174,374,0.891329259,1,16,-1
1833455,1877092,4,0.970546359,0.142857143,119,0.136363636,0.5,4,-1
1833455,1877340,4,0.970546359,0.142857143,119,0.136363636,0.5,4,-1
1833455,1877910,4,0.970546359,0.142857143,119,0.136363636,0.5,4,-1
1833455,1878043,4,0.970546359,0.142857143,119,0.136363636,0.5,4,-1
1833455,1878046,4,0.970546359,0.142857143,119,0.136363636,0.5,4,-1
1833455,1881728,2,0.300101629,0.037037037,187,0.035714286,0.5,2,-1
1833455,1883657,2,0.300101629,0.037037037,187,0.035714286,0.5,2,-1
1833455,1883686,2,0.300101629,0.037037037,187,0.035714286,0.5,2,-1
1833455,1883689,16,5.55897597,0.551724138,476,0.901069519,1,16,-1
1833455,1884934,2,0.300101629,0.037037037,187,0.035714286,0.5,2,-1
1833455,1885364,2,0.300101629,0.037037037,187,0.035714286,0.5,2,-1
1833455,1885386,2,0.300101629,0.037037037,187,0.035714286,0.5,2,-1
1833455,1904401,16,5.506121474,0.888888889,289,0.877960275,1,16,-1
1833455,1906504,16,5.506121474,0.888888889,289,0.877960275,1,16,-1
1833455,1934583,16,5.506121474,0.888888889,289,0.877960275,1,16,-1
1833455,1934590,16,5.506121474,0.888888889,289,0.877960275,1,16,-1
1833455,1935254,16,5.506121474,0.888888889,289,0.877960275,1,16,-1
1833455,1935641,16,5.506121474,0.888888889,289,0.877960275,1,16,-1
1833455,1935703,16,5.506121474,0.888888889,289,0.877960275,1,16,-1
1833455,1942475,16,5.506121474,0.888888889,289,0.877960275,1,16,-1
1833455,1942478,16,5.506121474,0.888888889,289,0.877960275,1,16,-1
1833455,1943124,16,5.506121474,0.888888889,289,0.877960275,1,16,-1
1833471,1833650,2,1.442695041,0.111111111,16,0.5,1,2,-1
1833471,1837781,0,2.61034984,0.555555556,48,0.736111111,1,0,-1
1833471,1844582,4,2.61034984,0.555555556,48,0.736111111,1,4,-1
1833471,1846215,4,2.713340853,0.416666667,72,0.791666667,1,4,-1
1833471,1860774,3,0.93601796,0.222222222,24,0.236111111,0.5,3,-1
1833471,1873931,2,1.442695041,0.111111111,16,0.5,1,2,-1
1833471,1882282,3,0.93601796,0.222222222,24,0.236111111,0.5,3,-1
1833471,1882656,4,2.68756212,0.454545455,64,0.777777778,1,4,-1
1833471,1884064,4,2.61034984,0.555555556,48,0.736111111,1,4,-1
1833471,1884951,0,2.61034984,0.555555556,48,0.736111111,1,0,-1
1833471,1933103,2,0.455119613,0.125,8,0.111111111,0.5,2,-1
1833484,1833505,0,3.809314258,0.263157895,527,0.741056911,1,0,-1
1833484,1833954,2,0.310667467,0.022222222,465,0.04,0.5,2,-1
1833484,1835863,5,4.62047537,0.40625,434,0.789985482,1,5,-1
1833484,1836925,0,0.72134752,0.058823529,155,0.125,0.5,0,-1
1833484,1837011,0,0.269282508,0.026315789,248,0.024390244,0.5,0,-1
1833484,1838064,0,3.058684588,0.25,279,0.597102662,1,0,-1
1833484,1838543,0,1.001422305,0.083333333,248,0.150490196,0.5,0,-1
1833484,1840384,0,0.269282508,0.026315789,248,0.024390244,0.5,0,-1
1833484,1840421,0,0.603090709,0.044444444,496,0.074390244,0.5,0,-1
1833484,1843105,0,3.058684588,0.25,279,0.597102662,1,0,-1
1833484,1845379,0,0.603090709,0.055555556,217,0.074390244,0.5,0,-1
1833484,1849070,0,0.603090709,0.044444444,496,0.074390244,0.5,0,-1
1833484,1850116,0,4.62047537,0.40625,434,0.789985482,1,0,-1
1833484,1850125,0,0.603090709,0.055555556,217,0.074390244,0.5,0,-1
1833484,1850145,0,4.665590351,0.342105263,620,0.811414053,1,0,-1
1833484,1850515,0,1.001422305,0.083333333,248,0.150490196,0.5,0,-1
1833484,1852159,4,0.389871245,0.021276596,527,0.076923077,0.5,4,-1
1833484,1853412,6,2.493793875,0.128205128,403,0.674242424,1,6,-1
1833484,1854505,0,0.333808201,0.03125,62,0.05,0.5,0,-1
1833484,1854967,0,4.62047537,0.40625,434,0.789985482,1,0,-1
1833484,1854987,0,3.058684588,0.25,279,0.597102662,1,0,-1
1833484,1855661,3,0.727699859,0.048780488,372,0.130909091,0.5,3,-1
1833484,1855704,6,2.777300197,0.166666667,341,0.70025641,1,6,-1
1833484,1856759,6,5.105763476,0.333333333,775,0.912323144,1,6,-1
1833484,1856892,0,2.325554494,0.15625,186,0.584498834,1,0,-1
1833484,1863431,0,7.974637737,0.411764706,1271,1.520847339,1,0,-1
1833484,1864125,0,1.001422305,0.083333333,248,0.150490196,0.5,0,-1
1833484,1864624,0,0.269282508,0.029411765,124,0.024390244,0.5,0,-1
1833484,1865754,0,4.514735326,0.305555556,496,0.981428059,1,0,-1
1833484,1871987,0,4.472979482,0.34375,372,0.960594726,1,0,-1
1833484,1872579,5,4.62047537,0.40625,434,0.789985482,1,5,-1
1833484,1873192,0,0.72134752,0.058823529,155,0.125,0.5,0,-1
1833484,1873577,0,0.389871245,0.021276596,527,0.076923077,0.5,0,-1
1833484,1874998,0,0.402429604,0.023255814,403,0.083333333,0.5,0,-1
1833484,1877781,3,0.727699859,0.05,341,0.130909091,0.5,3,-1
1833484,1877786,2,0.310667467,0.027027027,217,0.04,0.5,2,-1
1833484,1877791,2,0.310667467,0.027027027,217,0.04,0.5,2,-1
1833484,1878011,2,0.310667467,0.027027027,217,0.04,0.5,2,-1
1833484,1878502,0,0.310667467,0.027027027,217,0.04,0.5,0,-1
1833484,1878612,2,0.310667467,0.027027027,217,0.04,0.5,2,-1
1833484,1879614,0,0.72134752,0.058823529,155,0.125,0.5,0,-1
1833484,1879828,0,0.72134752,0.058823529,155,0.125,0.5,0,-1
1833484,1880320,0,0.333808201,0.03030303,93,0.05,0.5,0,-1
1833484,1880435,0,0.269282508,0.028571429,155,0.024390244,0.5,0,-1
1833484,1882308,0,2.373913272,0.1875,217,0.48452381,1,0,-1
1833484,1882884,0,4.472979482,0.34375,372,0.960594726,1,0,-1
1833484,1883730,2,2.373913272,0.1875,217,0.48452381,1,2,-1
1833484,1884221,0,0.603090709,0.055555556,217,0.074390244,0.5,0,-1
1833484,1884484,0,0.269282508,0.026315789,248,0.024390244,0.5,0,-1
1833484,1884533,0,0.603090709,0.055555556,217,0.074390244,0.5,0,-1
1833484,1884542,4,0.389871245,0.027027027,217,0.076923077,0.5,4,-1
1833484,1884552,4,0.389871245,0.027027027,217,0.076923077,0.5,4,-1
1833484,1885090,5,2.325554494,0.15625,186,0.584498834,1,5,-1
1833484,1885543,0,0.603090709,0.055555556,217,0.074390244,0.5,0,-1
1833484,1885568,0,0.269282508,0.026315789,248,0.024390244,0.5,0,-1
1833484,1885622,4,0.389871245,0.027027027,217,0.076923077,0.5,4,-1
1833484,1885624,4,0.389871245,0.027027027,217,0.076923077,0.5,4,-1
1833484,1885962,0,0.269282508,0.026315789,248,0.024390244,0.5,0,-1
1833484,1885975,0,0.269282508,0.026315789,248,0.024390244,0.5,0,-1
1833484,1886014,4,0.389871245,0.027027027,217,0.076923077,0.5,4,-1
1833484,1886924,0,0.944614249,0.09375,124,0.128556911,0.5,0,-1
1833484,1888879,0,4.62047537,0.40625,434,0.789985482,1,0,-1
1833484,1893326,5,2.481235516,0.131578947,372,0.667832168,1,5,-1
1833484,1896254,0,4.62047537,0.40625,434,0.789985482,1,0,-1
1833484,1896733,5,4.62047537,0.40625,434,0.789985482,1,5,-1
1833484,1899807,0,0.333808201,0.03125,62,0.05,0.5,0,-1
1833484,1903029,0,0.944614249,0.09375,124,0.128556911,0.5,0,-1
1833484,1905225,5,4.62047537,0.40625,434,0.789985482,1,5,-1
1833484,1905337,0,0.727699859,0.058823529,155,0.130909091,0.5,0,-1
1833484,1922500,0,0.402429604,0.027777778,186,0.083333333,0.5,0,-1
1833484,1924133,0,0.402429604,0.027777778,186,0.083333333,0.5,0,-1
1833484,1924142,0,0.402429604,0.027777778,186,0.083333333,0.5,0,-1
1833484,1924149,0,0.402429604,0.027777778,186,0.083333333,0.5,0,-1
1833484,1929239,3,0.727699859,0.058823529,155,0.130909091,0.5,3,-1
1833484,1930831,0,1.001422305,0.083333333,248,0.150490196,0.5,0,-1
1833484,1933781,0,0.402429604,0.027777778,186,0.083333333,0.5,0,-1
1833484,1934377,0,1.001422305,0.083333333,248,0.150490196,0.5,0,-1
1833484,1935420,0,1.001422305,0.083333333,248,0.150490196,0.5,0,-1
1833505,1835863,0,0.875147165,0.107142857,238,0.098314975,0.5,0,-1
1833505,1836925,0,0.72134752,0.1,85,0.125,0.5,0,-1
1833505,1837011,0,0.269282508,0.041666667,136,0.024390244,0.5,0,-1
1833505,1838064,0,2.99693514,0.444444444,153,0.570537197,1,0,-1
1833505,1838543,0,3.052957916,0.388888889,136,0.716666667,1,0,-1
1833505,1840384,4,0.269282508,0.041666667,136,0.024390244,0.5,4,-1
1833505,1840421,6,0.603090709,0.064516129,272,0.074390244,0.5,6,-1
1833505,1843105,0,2.99693514,0.444444444,153,0.570537197,1,0,-1
1833505,1845379,4,0.269282508,0.043478261,119,0.024390244,0.5,4,-1
1833505,1849070,0,0.603090709,0.064516129,272,0.074390244,0.5,0,-1
1833505,1850116,2,0.875147165,0.107142857,238,0.098314975,0.5,2,-1
1833505,1850125,4,0.269282508,0.043478261,119,0.024390244,0.5,4,-1
1833505,1850145,4,0.875147165,0.088235294,340,0.098314975,0.5,4,-1
1833505,1850515,8,3.052957916,0.388888889,136,0.716666667,1,8,-1
1833505,1853412,0,0.291206676,0.034482759,221,0.032258065,0.5,0,-1
1833505,1854505,0,0.333808201,0.055555556,34,0.05,0.5,0,-1
1833505,1854967,4,0.875147165,0.107142857,238,0.098314975,0.5,4,-1
1833505,1854987,4,2.99693514,0.444444444,153,0.570537197,1,4,-1
1833505,1855704,0,0.291206676,0.037037037,187,0.032258065,0.5,0,-1
1833505,1856759,0,0.875147165,0.076923077,425,0.098314975,0.5,0,-1
1833505,1856892,0,0.291206676,0.045454545,102,0.032258065,0.5,0,-1
1833505,1863431,4,3.497430226,0.183673469,697,0.698924731,1,4,-1
1833505,1864125,8,3.052957916,0.388888889,136,0.716666667,1,8,-1
1833505,1864624,0,0.269282508,0.05,68,0.024390244,0.5,0,-1
1833505,1865754,0,3.425189194,0.375,272,0.669148308,1,0,-1
1833505,1871987,0,3.38343335,0.45,204,0.648314975,1,0,-1
1833505,1872579,0,0.875147165,0.107142857,238,0.098314975,0.5,0,-1
1833505,1873192,0,0.72134752,0.1,85,0.125,0.5,0,-1
1833505,1879614,0,0.72134752,0.1,85,0.125,0.5,0,-1
1833505,1879828,0,0.72134752,0.1,85,0.125,0.5,0,-1
1833505,1880320,0,0.333808201,0.052631579,51,0.05,0.5,0,-1
1833505,1880435,0,0.269282508,0.047619048,85,0.024390244,0.5,0,-1
1833505,1882308,0,2.151221606,0.333333333,119,0.373924731,0.5,0,-1
1833505,1882884,0,3.38343335,0.45,204,0.648314975,1,0,-1
1833505,1883730,0,2.151221606,0.333333333,119,0.373924731,0.5,0,-1
1833505,1884221,4,0.269282508,0.043478261,119,0.024390244,0.5,4,-1
1833505,1884484,0,0.269282508,0.041666667,136,0.024390244,0.5,0,-1
1833505,1884533,2,0.269282508,0.043478261,119,0.024390244,0.5,2,-1
1833505,1885090,0,0.291206676,0.045454545,102,0.032258065,0.5,0,-1
1833505,1885543,2,0.269282508,0.043478261,119,0.024390244,0.5,2,-1
1833505,1885568,0,0.269282508,0.041666667,136,0.024390244,0.5,0,-1
1833505,1885962,0,0.269282508,0.041666667,136,0.024390244,0.5,0,-1
1833505,1885975,0,0.269282508,0.041666667,136,0.024390244,0.5,0,-1
1833505,1886924,0,0.583940489,0.105263158,68,0.066056911,0.5,0,-1
1833505,1888879,4,0.875147165,0.107142857,238,0.098314975,0.5,4,-1
1833505,1893326,0,0.291206676,0.035714286,204,0.032258065,0.5,0,-1
1833505,1896254,4,0.875147165,0.107142857,238,0.098314975,0.5,4,-1
1833505,1896733,0,0.875147165,0.107142857,238,0.098314975,0.5,0,-1
1833505,1899807,4,0.333808201,0.055555556,34,0.05,0.5,4,-1
1833505,1903029,2,0.583940489,0.105263158,68,0.066056911,0.5,2,-1
1833505,1905225,0,0.875147165,0.107142857,238,0.098314975,0.5,0,-1
1833505,1930831,8,3.052957916,0.388888889,136,0.716666667,1,8,-1
1833505,1934377,0,3.052957916,0.388888889,136,0.716666667,1,0,-1
1833505,1935420,0,3.052957916,0.388888889,136,0.716666667,1,0,-1
1833507,1858489,8,2.164042561,0.6,16,0.75,1,8,-1
1833507,1876981,8,2.164042561,0.6,16,0.75,1,8,-1
1833507,1884458,8,2.164042561,0.6,16,0.75,1,8,-1
1833507,1885302,8,2.164042561,0.6,16,0.75,1,8,-1
1833545,1840538,0,0.480898347,0.142857143,15,0.125,0.5,0,-1
1833545,1880761,2,0.480898347,0.142857143,15,0.125,0.5,2,-1
1833545,1881095,0,0.480898347,0.142857143,15,0.125,0.5,0,-1
1833545,1942568,0,2.344903151,0.666666667,25,0.725,1,0,-1
1833545,1943263,2,2.344903151,0.666666667,25,0.725,1,2,-1
1833545,1943321,0,2.344903151,0.666666667,25,0.725,1,0,-1
1833545,1943324,0,2.344903151,0.666666667,25,0.725,1,0,-1
1833556,1835593,0,0.303413076,0.090909091,35,0.037037037,0.5,0,-1
1833556,1836980,0,0.303413076,0.090909091,35,0.037037037,0.5,0,-1
1833556,1837036,0,0.303413076,0.071428571,50,0.037037037,0.5,0,-1
1833556,1841319,4,0.455119613,0.125,20,0.111111111,0.5,4,-1
1833556,1842668,0,0.303413076,0.111111111,25,0.037037037,0.5,0,-1
1833556,1846328,0,0.303413076,0.090909091,35,0.037037037,0.5,0,-1
1833556,1847613,0,0.455119613,0.125,20,0.111111111,0.5,0,-1
1833556,1847880,1,0.303413076,0.111111111,25,0.037037037,0.5,1,-1
1833556,1853972,0,2.001202558,0.666666667,25,0.548148148,1,0,-1
1833556,1854319,0,2.001202558,0.666666667,25,0.548148148,1,0,-1
1833556,1855421,0,0.303413076,0.090909091,35,0.037037037,0.5,0,-1
1833556,1868603,0,0.303413076,0.071428571,50,0.037037037,0.5,0,-1
1833556,1870427,0,0.455119613,0.125,20,0.111111111,0.5,0,-1
1833556,1888391,0,0.303413076,0.111111111,25,0.037037037,0.5,0,-1
1833556,1907532,0,0.303413076,0.090909091,35,0.037037037,0.5,0,-1
1833556,1920860,0,0.303413076,0.071428571,50,0.037037037,0.5,0,-1
1833556,1934076,0,0.303413076,0.071428571,50,0.037037037,0.5,0,-1
1833556,1934755,0,0.303413076,0.071428571,50,0.037037037,0.5,0,-1
1833556,1942345,0,0.303413076,0.071428571,50,0.037037037,0.5,0,-1
1833561,1842419,0,3.302422473,0.777777778,64,0.840909091,1,0,-1
1833561,1860591,0,3.302422473,0.777777778,64,0.840909091,1,0,-1
1833561,1862757,0,3.302422473,0.777777778,64,0.840909091,1,0,-1
1833561,1864834,0,3.302422473,0.777777778,64,0.840909091,1,0,-1
1833561,1865239,0,3.302422473,0.777777778,64,0.840909091,1,0,-1
1833561,1876809,0,3.366288429,0.583333333,88,0.875,1,0,-1
1833561,1878998,0,0.417032391,0.1,24,0.090909091,0.5,0,-1
1833561,1879009,0,0.417032391,0.1,24,0.090909091,0.5,0,-1
1833561,1879205,0,0.417032391,0.1,24,0.090909091,0.5,0,-1
1833561,1882031,0,3.302422473,0.777777778,64,0.840909091,1,0,-1
1833578,1833756,6,2.164042561,0.6,16,0.75,1,6,-1
1833578,1846360,6,2.164042561,0.6,16,0.75,1,6,-1
1833578,1877395,0,2.164042561,0.6,16,0.75,1,0,-1
1833578,1878588,6,2.164042561,0.6,16,0.75,1,6,-1
1833584,1851005,0,0.679246544,0.068965517,198,0.105263158,0.5,0,-1
1833584,1857260,0,0.679246544,0.111111111,99,0.105263158,0.5,0,-1
1833584,1861092,0,0.679246544,0.095238095,126,0.105263158,0.5,0,-1
1833584,1861956,0,0.679246544,0.111111111,99,0.105263158,0.5,0,-1
1833584,1866992,0,0.679246544,0.111111111,99,0.105263158,0.5,0,-1
1833584,1868637,0,3.409964224,0.8,81,0.771929825,1,0,-1
1833584,1870097,0,0.679246544,0.111111111,99,0.105263158,0.5,0,-1
1833584,1871018,0,3.525460565,0.4,171,0.830409357,1,0,-1
1833584,1879996,0,3.409964224,0.8,81,0.771929825,1,0,-1
1833584,1880010,0,3.409964224,0.8,81,0.771929825,1,0,-1
1833584,1880020,0,3.525460565,0.4,171,0.830409357,1,0,-1
1833584,1880699,0,3.409964224,0.8,81,0.771929825,1,0,-1
1833584,1880702,0,3.409964224,0.8,81,0.771929825,1,0,-1
1833584,1880708,0,3.409964224,0.8,81,0.771929825,1,0,-1
1833584,1881074,0,3.409964224,0.8,81,0.771929825,1,0,-1
1833584,1924616,0,0.679246544,0.111111111,99,0.105263158,0.5,0,-1
1833584,1929480,0,0.679246544,0.111111111,99,0.105263158,0.5,0,-1
1833601,1834898,0,1.442695041,0.05,104,0.5,1,0,-1
1833601,1837009,0,0.389871245,0.071428571,56,0.076923077,0.5,0,-1
1833601,1843384,0,2.790553133,0.555555556,48,0.833333333,1,0,-1
1833601,1857099,0,2.790553133,0.555555556,48,0.833333333,1,0,-1
1833601,1860298,0,2.790553133,0.555555556,48,0.833333333,1,0,-1
1833601,1864538,0,0.389871245,0.071428571,56,0.076923077,0.5,0,-1
1833601,1878109,0,0.389871245,0.111111111,16,0.076923077,1,0,-1
1833601,1882672,0,0.389871245,0.071428571,56,0.076923077,0.5,0,-1
1833601,1883714,0,0.389871245,0.071428571,56,0.076923077,0.5,0,-1
1833601,1935845,0,2.790553133,0.555555556,48,0.833333333,1,0,-1
1833601,1935868,0,2.790553133,0.555555556,48,0.833333333,1,0,-1
1833605,1836173,5,2.161454256,0.19047619,100,0.629166667,1,5,-1
1833605,1839699,3,0.694481961,0.133333333,60,0.1125,0.5,3,-1
1833605,1857406,2,0.333808201,0.058823529,65,0.05,0.5,2,-1
1833605,1858883,3,0.694481961,0.090909091,95,0.1125,0.5,3,-1
1833605,1862817,2,0.333808201,0.125,20,0.05,0.5,2,-1
1833605,1873680,3,0.694481961,0.133333333,60,0.1125,0.5,3,-1
1833605,1873707,3,0.694481961,0.125,65,0.1125,0.5,3,-1
1833605,1873826,3,0.694481961,0.133333333,60,0.1125,0.5,3,-1
1833605,1873863,3,0.694481961,0.111111111,75,0.1125,0.5,3,-1
1833605,1874169,0,0.694481961,0.111111111,75,0.1125,0.5,0,-1
1833605,1874179,3,0.694481961,0.133333333,60,0.1125,0.5,3,-1
1833605,1874711,5,2.134588696,0.235294118,80,0.616666667,1,5,-1
1833605,1874715,3,0.694481961,0.111111111,75,0.1125,0.5,3,-1
1833605,1874867,3,0.694481961,0.111111111,75,0.1125,0.5,3,-1
1833605,1874876,3,0.694481961,0.111111111,75,0.1125,0.5,3,-1
1833605,1875008,5,1.873927522,0.666666667,25,0.479166667,1,5,-1
1833605,1875269,6,1.93715183,0.571428571,30,0.5125,1,6,-1
1833605,1888404,5,1.873927522,0.666666667,25,0.479166667,1,5,-1
1833605,1897116,2,0.333808201,0.125,20,0.05,0.5,2,-1
1833605,1897181,2,0.558110627,0.2,5,0.166666667,0.5,2,-1
1833605,1916078,2,0.333808201,0.125,20,0.05,0.5,2,-1
1833619,1835955,0,2.790553133,0.384615385,72,0.833333333,1,0,-1
1833619,1836179,6,2.790553133,0.384615385,72,0.833333333,1,6,-1
1833619,1842390,0,2.790553133,0.384615385,72,0.833333333,1,0,-1
1833619,1845396,6,2.790553133,0.384615385,72,0.833333333,1,6,-1
1833619,1871063,6,2.790553133,0.384615385,72,0.833333333,1,6,-1
1833619,1888492,7,2.790553133,0.384615385,72,0.833333333,1,7,-1
1833619,1889642,6,2.790553133,0.384615385,72,0.833333333,1,6,-1
1833619,1891782,5,2.790553133,0.384615385,72,0.833333333,1,5,-1
1833619,1894222,5,2.790553133,0.384615385,72,0.833333333,1,5,-1
1833619,1904518,6,2.790553133,0.384615385,72,0.833333333,1,6,-1
1833619,1925222,3,2.790553133,0.384615385,72,0.833333333,1,3,-1
1833647,1837028,2,3.588266898,0.8,81,0.861111111,1,2,-1
1833647,1855175,0,3.588266898,0.8,81,0.861111111,1,0,-1
1833647,1872824,0,0.402429604,0.090909091,27,0.083333333,0.5,0,-1
1833647,1872990,0,3.640956907,0.615384615,108,0.888888889,1,0,-1
1833647,1873003,0,3.588266898,0.8,81,0.861111111,1,0,-1
1833647,1876340,2,3.588266898,0.8,81,0.861111111,1,2,-1
1833647,1881615,0,3.588266898,0.8,81,0.861111111,1,0,-1
1833647,1882143,0,3.588266898,0.8,81,0.861111111,1,0,-1
1833647,1883030,0,3.588266898,0.8,81,0.861111111,1,0,-1
1833647,1906091,0,0.402429604,0.090909091,27,0.083333333,0.5,0,-1
1833647,1907853,0,0.402429604,0.090909091,27,0.083333333,0.5,0,-1
1833650,1837781,0,0.480898347,0.142857143,12,0.125,0.5,0,-1
1833650,1844582,2,0.480898347,0.142857143,12,0.125,0.5,2,-1
1833650,1846215,2,0.480898347,0.1,18,0.125,0.5,2,-1
1833650,1873931,2,0.480898347,0.333333333,4,0.125,1,2,-1
1833650,1882656,2,0.480898347,0.111111111,16,0.125,0.5,2,-1
1833650,1884064,2,0.480898347,0.142857143,12,0.125,0.5,2,-1
1833650,1884951,0,0.480898347,0.142857143,12,0.125,0.5,0,-1
1833654,1833712,8,3.366288429,0.777777778,64,0.875,1,8,-1
1833654,1833739,8,3.366288429,0.777777778,64,0.875,1,8,-1
1833654,1856219,0,3.366288429,0.777777778,64,0.875,1,0,-1
1833654,1858731,0,3.366288429,0.777777778,64,0.875,1,0,-1
1833654,1890477,0,3.366288429,0.777777778,64,0.875,1,0,-1
1833654,1890795,0,3.366288429,0.777777778,64,0.875,1,0,-1
1833654,1891269,8,3.366288429,0.777777778,64,0.875,1,8,-1
1833654,1898971,8,3.366288429,0.777777778,64,0.875,1,8,-1
1833662,1833679,7,2.790553133,0.714285714,36,0.833333333,1,7,-1
1833662,1859843,5,2.790553133,0.714285714,36,0.833333333,1,5,-1
1833662,1862280,7,2.790553133,0.714285714,36,0.833333333,1,7,-1
1833662,1881338,0,2.790553133,0.714285714,36,0.833333333,1,0,-1
1833662,1881342,5,2.790553133,0.714285714,36,0.833333333,1,5,-1
1833662,1881905,5,2.790553133,0.714285714,36,0.833333333,1,5,-1
1833679,1859843,5,2.790553133,0.714285714,36,0.833333333,1,5,-1
1833679,1862280,7,2.790553133,0.714285714,36,0.833333333,1,7,-1
1833679,1881338,0,2.790553133,0.714285714,36,0.833333333,1,0,-1
1833679,1881342,5,2.790553133,0.714285714,36,0.833333333,1,5,-1
1833679,1881905,5,2.790553133,0.714285714,36,0.833333333,1,5,-1
1833696,1844166,1,2.164042561,0.6,16,0.75,1,1,-1
1833696,1934744,0,2.164042561,0.6,16,0.75,1,0,-1
1833696,1942163,0,2.164042561,0.6,16,0.75,1,0,-1
1833705,1861874,5,2.485339738,0.666666667,25,0.8,1,5,-1
1833705,1875753,5,2.485339738,0.666666667,25,0.8,1,5,-1
1833705,1877019,5,2.485339738,0.666666667,25,0.8,1,5,-1
1833705,1877264,5,2.485339738,0.666666667,25,0.8,1,5,-1
1833705,1878240,5,2.485339738,0.666666667,25,0.8,1,5,-1
1833712,1833739,8,3.366288429,0.777777778,64,0.875,1,8,-1
1833712,1856219,0,3.366288429,0.777777778,64,0.875,1,0,-1
1833712,1858731,0,3.366288429,0.777777778,64,0.875,1,0,-1
1833712,1890477,0,3.366288429,0.777777778,64,0.875,1,0,-1
1833712,1890795,0,3.366288429,0.777777778,64,0.875,1,0,-1
1833712,1891269,8,3.366288429,0.777777778,64,0.875,1,8,-1
1833712,1898971,8,3.366288429,0.777777778,64,0.875,1,8,-1
1833719,1838058,3,2.164042561,0.333333333,32,0.75,1,3,-1
1833719,1849295,2,0.480898347,0.076923077,40,0.125,0.5,2,-1
1833719,1929030,0,1.923593388,0.6,16,0.625,1,0,-1
1833719,1929035,5,1.923593388,0.6,16,0.625,1,5,-1
1833719,1929519,5,1.923593388,0.6,16,0.625,1,5,-1
1833719,1933499,2,0.480898347,0.142857143,16,0.125,0.5,2,-1
1833719,1934174,2,0.480898347,0.142857143,16,0.125,0.5,2,-1
1833719,1934218,3,0.480898347,0.142857143,16,0.125,0.5,3,-1
1833739,1856219,0,3.366288429,0.777777778,64,0.875,1,0,-1
1833739,1858731,0,3.366288429,0.777777778,64,0.875,1,0,-1
1833739,1890477,0,3.366288429,0.777777778,64,0.875,1,0,-1
1833739,1890795,0,3.366288429,0.777777778,64,0.875,1,0,-1
1833739,1891269,8,3.366288429,0.777777778,64,0.875,1,8,-1
1833739,1898971,8,3.366288429,0.777777778,64,0.875,1,8,-1
1833754,1857966,2,1.820478453,0.5,9,0.666666667,1,2,-1
1833754,1943583,0,1.820478453,0.5,9,0.666666667,1,0,-1
1833754,1944287,0,1.820478453,0.5,9,0.666666667,1,0,-1
1833756,1846360,6,2.164042561,0.6,16,0.75,1,6,-1
1833756,1877395,0,2.164042561,0.6,16,0.75,1,0,-1
1833756,1878588,6,2.164042561,0.6,16,0.75,1,6,-1
1833784,1835287,7,4.709221144,0.565217391,308,0.830835831,1,7,-1
1833784,1842318,0,4.709221144,0.565217391,308,0.830835831,1,0,-1
1833784,1844353,0,0.27295842,0.029411765,286,0.025641026,0.5,0,-1
1833784,1851005,2,0.27295842,0.023255814,484,0.025641026,0.5,2,-1
1833784,1851608,11,3.366288429,0.304347826,176,0.875,1,11,-1
1833784,1852595,2,0.27295842,0.029411765,286,0.025641026,0.5,2,-1
1833784,1856334,7,4.709221144,0.565217391,308,0.830835831,1,7,-1
1833784,1857260,0,0.27295842,0.03125,242,0.025641026,0.5,0,-1
1833784,1861092,2,0.27295842,0.028571429,308,0.025641026,0.5,2,-1
1833784,1861956,2,0.27295842,0.03125,242,0.025641026,0.5,2,-1
1833784,1864372,2,0.27295842,0.04,88,0.025641026,0.5,2,-1
1833784,1866992,0,0.27295842,0.03125,242,0.025641026,0.5,0,-1
1833784,1867193,2,0.27295842,0.029411765,286,0.025641026,0.5,2,-1
1833784,1867232,2,0.27295842,0.029411765,286,0.025641026,0.5,2,-1
1833784,1867549,0,0.27295842,0.029411765,286,0.025641026,0.5,0,-1
1833784,1868474,2,0.27295842,0.029411765,286,0.025641026,0.5,2,-1
1833784,1868479,2,0.27295842,0.029411765,286,0.025641026,0.5,2,-1
1833784,1868641,2,0.27295842,0.029411765,286,0.025641026,0.5,2,-1
1833784,1868649,2,0.27295842,0.04,88,0.025641026,0.5,2,-1
1833784,1868674,2,0.27295842,0.029411765,286,0.025641026,0.5,2,-1
1833784,1870097,0,0.27295842,0.03125,242,0.025641026,0.5,0,-1
1833784,1871018,0,0.27295842,0.025,418,0.025641026,0.5,0,-1
1833784,1871971,0,4.709221144,0.565217391,308,0.830835831,1,0,-1
1833784,1873388,0,0.647030906,0.068965517,198,0.090909091,0.5,0,-1
1833784,1873546,0,0.647030906,0.068965517,198,0.090909091,0.5,0,-1
1833784,1873552,0,0.647030906,0.068965517,198,0.090909091,0.5,0,-1
1833784,1875336,11,3.366288429,0.304347826,176,0.875,1,11,-1
1833784,1875636,7,4.709221144,0.565217391,308,0.830835831,1,7,-1
1833784,1880020,0,0.27295842,0.025,418,0.025641026,0.5,0,-1
1833784,1880352,0,0.647030906,0.068965517,198,0.090909091,0.5,0,-1
1833784,1880817,0,0.647030906,0.068965517,198,0.090909091,0.5,0,-1
1833784,1880825,0,4.764628872,0.419354839,484,0.856809857,1,0,-1
1833784,1880850,0,4.764628872,0.419354839,484,0.856809857,1,0,-1
1833784,1881172,0,0.647030906,0.068965517,198,0.090909091,0.5,0,-1
1833784,1881689,0,0.647030906,0.068965517,198,0.090909091,0.5,0,-1
1833784,1882472,0,0.647030906,0.048780488,462,0.090909091,0.5,0,-1
1833784,1885052,7,4.709221144,0.565217391,308,0.830835831,1,7,-1
1833784,1885313,7,4.709221144,0.565217391,308,0.830835831,1,7,-1
1833784,1885317,0,4.709221144,0.565217391,308,0.830835831,1,0,-1
1833784,1885741,0,4.709221144,0.565217391,308,0.830835831,1,0,-1
1833784,1885792,7,4.709221144,0.565217391,308,0.830835831,1,7,-1
1833784,1886571,2,0.27295842,0.04,88,0.025641026,0.5,2,-1
1833784,1886905,2,0.27295842,0.029411765,286,0.025641026,0.5,2,-1
1833784,1896000,8,3.366288429,0.304347826,176,0.875,1,8,-1
1833784,1903241,2,0.27295842,0.029411765,286,0.025641026,0.5,2,-1
1833784,1924616,2,0.27295842,0.03125,242,0.025641026,0.5,2,-1
1833784,1929109,8,3.366288429,0.304347826,176,0.875,1,8,-1
1833784,1929119,8,3.366288429,0.304347826,176,0.875,1,8,-1
1833784,1929480,2,0.27295842,0.03125,242,0.025641026,0.5,2,-1
1833784,1929628,11,3.366288429,0.304347826,176,0.875,1,11,-1
1833784,1929669,8,3.366288429,0.304347826,176,0.875,1,8,-1
1833784,1929692,8,3.366288429,0.304347826,176,0.875,1,8,-1
1833790,1862975,3,1.820478453,0.5,9,0.666666667,1,3,-1
1833790,1879086,3,1.820478453,0.5,9,0.666666667,1,3,-1
1833802,1833820,0,3.083390054,0.75,49,0.857142857,1,0,1
1833802,1833826,6,3.083390054,0.75,49,0.857142857,1,6,1
1833802,1849128,0,3.083390054,0.75,49,0.857142857,1,0,1
1833802,1861089,5,3.083390054,0.75,49,0.857142857,1,5,-1
1833820,1833826,0,3.083390054,0.75,49,0.857142857,1,0,1
1833820,1849128,2,3.083390054,0.75,49,0.857142857,1,2,1
1833820,1861089,0,3.083390054,0.75,49,0.857142857,1,0,-1
1833826,1849128,0,3.083390054,0.75,49,0.857142857,1,0,1
1833826,1861089,5,3.083390054,0.75,49,0.857142857,1,5,-1
1833927,1833943,0,1.820478453,0.5,9,0.666666667,1,0,1
1833927,1841207,2,1.820478453,0.5,9,0.666666667,1,2,1
1833927,1874561,0,1.820478453,0.5,9,0.666666667,1,0,1
1833928,1837180,0,0.834042795,0.133333333,60,0.182539683,0.5,0,-1
1833928,1839869,5,2.485339738,0.307692308,60,0.8,1,5,-1
1833928,1843529,3,0.834042795,0.105263158,108,0.182539683,0.5,3,-1
1833928,1846717,3,1.424137569,0.153846154,36,0.476190476,1,3,-1
1833928,1855567,8,3.897191117,0.461538462,84,1.249206349,1,8,-1
1833928,1870205,5,2.485339738,0.307692308,60,0.8,1,5,-1
1833928,1870969,7,2.485339738,0.307692308,60,0.8,1,7,-1
1833928,1878340,2,0.378923182,0.0625,60,0.071428571,0.5,2,-1
1833928,1878371,2,0.378923182,0.0625,60,0.071428571,0.5,2,-1
1833928,1878526,2,0.378923182,0.0625,60,0.071428571,0.5,2,-1
1833928,1878547,5,2.211687825,0.181818182,168,0.653968254,1,5,-1
1833928,1879200,2,0.378923182,0.0625,60,0.071428571,0.5,2,-1
1833928,1879216,2,0.378923182,0.0625,60,0.071428571,0.5,2,-1
1833928,1879271,7,2.485339738,0.307692308,60,0.8,1,7,-1
1833928,1894541,5,2.485339738,0.307692308,60,0.8,1,5,-1
1833928,1895947,5,2.135491393,0.235294118,108,0.614285714,1,5,-1
1833928,1896933,3,0.834042795,0.133333333,60,0.182539683,0.5,3,-1
1833928,1905416,3,0.834042795,0.133333333,60,0.182539683,0.5,3,-1
1833928,1923321,5,1.969276072,0.307692308,60,0.525396825,1,5,-1
1833928,1935647,3,1.424137569,0.153846154,36,0.476190476,1,3,-1
1833928,1943193,5,1.969276072,0.307692308,60,0.525396825,1,5,-1
1833943,1841207,0,1.820478453,0.5,9,0.666666667,1,0,-1
1833943,1874561,0,1.820478453,0.5,9,0.666666667,1,0,-1
1833952,1833974,5,5.247432616,0.818181818,100,1.607142857,1,5,-1
1833952,1837919,4,1.876989523,0.272727273,40,0.6,1,4,-1
1833952,1842323,0,3.003786194,0.545454545,70,0.814285714,1,0,-1
1833952,1849710,0,3.003786194,0.545454545,70,0.814285714,1,0,-1
1833952,1865793,0,3.003786194,0.545454545,70,0.814285714,1,0,-1
1833952,1865888,0,3.003786194,0.545454545,70,0.814285714,1,0,-1
1833952,1867220,0,3.003786194,0.545454545,70,0.814285714,1,0,-1
1833952,1867225,0,3.003786194,0.545454545,70,0.814285714,1,0,-1
1833952,1890329,4,1.876989523,0.272727273,40,0.6,1,4,-1
1833952,1890338,4,1.876989523,0.272727273,40,0.6,1,4,-1
1833954,1835863,2,0.310667467,0.035714286,210,0.04,0.5,2,-1
1833954,1838334,4,3.366288429,0.4375,120,0.875,1,4,-1
1833954,1842228,0,3.366288429,0.4375,120,0.875,1,0,-1
1833954,1850116,0,0.310667467,0.035714286,210,0.04,0.5,0,-1
1833954,1850145,0,0.310667467,0.029411765,300,0.04,0.5,0,-1
1833954,1854967,0,0.310667467,0.035714286,210,0.04,0.5,0,-1
1833954,1855661,5,0.727699859,0.08,180,0.130909091,0.5,5,-1
1833954,1855704,3,0.727699859,0.083333333,165,0.130909091,0.5,3,-1
1833954,1856759,8,2.986524103,0.176470588,375,0.805194805,1,8,-1
1833954,1863431,0,0.310667467,0.018181818,615,0.04,0.5,0,-1
1833954,1870285,4,3.366288429,0.4375,120,0.875,1,4,-1
1833954,1872579,4,0.310667467,0.035714286,210,0.04,0.5,4,-1
1833954,1876338,4,3.366288429,0.4375,120,0.875,1,4,-1
1833954,1877781,6,2.880159179,0.3,165,0.754285714,1,6,-1
1833954,1877786,6,2.783293228,0.375,105,0.702337662,1,6,-1
1833954,1877791,8,2.783293228,0.375,105,0.702337662,1,8,-1
1833954,1878011,6,2.783293228,0.375,105,0.702337662,1,6,-1
1833954,1878502,0,2.783293228,0.375,105,0.702337662,1,0,-1
1833954,1878612,6,2.783293228,0.375,105,0.702337662,1,6,-1
1833954,1880971,4,3.366288429,0.4375,120,0.875,1,4,-1
1833954,1888879,0,0.310667467,0.035714286,210,0.04,0.5,0,-1
1833954,1896254,0,0.310667467,0.035714286,210,0.04,0.5,0,-1
1833954,1896370,0,3.366288429,0.4375,120,0.875,1,0,-1
1833954,1896733,4,0.310667467,0.035714286,210,0.04,0.5,4,-1
1833954,1896837,0,3.366288429,0.4375,120,0.875,1,0,-1
1833954,1896852,0,3.366288429,0.4375,120,0.875,1,0,-1
1833954,1905225,4,0.310667467,0.035714286,210,0.04,0.5,4,-1
1833954,1905337,0,0.727699859,0.111111111,75,0.130909091,0.5,0,-1
1833954,1929239,3,0.727699859,0.111111111,75,0.130909091,0.5,3,-1
1833974,1837919,4,1.876989523,0.272727273,40,0.6,1,4,-1
1833974,1842323,0,3.003786194,0.545454545,70,0.814285714,1,0,-1
1833974,1849710,0,3.003786194,0.545454545,70,0.814285714,1,0,-1
1833974,1865793,0,3.003786194,0.545454545,70,0.814285714,1,0,-1
1833974,1865888,0,3.003786194,0.545454545,70,0.814285714,1,0,-1
1833974,1867220,0,3.003786194,0.545454545,70,0.814285714,1,0,-1
1833974,1867225,0,3.003786194,0.545454545,70,0.814285714,1,0,-1
1833974,1890329,4,1.876989523,0.272727273,40,0.6,1,4,-1
1833974,1890338,4,1.876989523,0.272727273,40,0.6,1,4,-1
1833981,1838560,5,1.820478453,0.5,9,0.666666667,1,5,-1
1833981,1881753,3,1.820478453,0.5,9,0.666666667,1,3,-1
1833981,1881758,5,1.820478453,0.5,9,0.666666667,1,5,-1
1834007,1837561,4,2.281037195,0.666666667,25,0.690909091,1,4,-1
1834007,1840868,2,0.417032391,0.111111111,25,0.090909091,0.5,2,-1
1834007,1844130,4,2.485339738,0.333333333,55,0.8,1,4,-1
1834007,1857100,4,2.281037195,0.666666667,25,0.690909091,1,4,-1
1834007,1868436,2,0.417032391,0.1,30,0.090909091,0.5,2,-1
1834007,1879425,2,0.417032391,0.111111111,25,0.090909091,0.5,2,-1
1834007,1886176,2,0.417032391,0.111111111,25,0.090909091,0.5,2,-1
1834007,1886531,2,0.417032391,0.111111111,25,0.090909091,0.5,2,-1
1834007,1889133,4,2.281037195,0.666666667,25,0.690909091,1,4,-1
1834007,1899288,2,0.417032391,0.166666667,10,0.090909091,0.5,2,-1
1834007,1916797,0,2.281037195,0.666666667,25,0.690909091,1,0,-1
1834010,1881963,6,2.164042561,0.6,16,0.75,1,6,-1
1834010,1881995,0,2.164042561,0.6,16,0.75,1,0,-1
1834010,1882004,6,2.164042561,0.6,16,0.75,1,6,-1
1834010,1882338,6,2.164042561,0.6,16,0.75,1,6,-1
1834012,1835609,2,1.442695041,0.090909091,20,0.5,1,2,1
1834012,1844603,2,1.442695041,0.090909091,20,0.5,1,2,-1
1834012,1853370,0,3.366288429,0.636363636,80,0.875,1,0,-1
1834012,1880462,0,3.366288429,0.636363636,80,0.875,1,0,-1
1834012,1880954,0,3.366288429,0.636363636,80,0.875,1,0,-1
1834012,1881269,0,3.366288429,0.636363636,80,0.875,1,0,-1
1834012,1881274,0,3.366288429,0.636363636,80,0.875,1,0,-1
1834012,1882577,1,3.366288429,0.636363636,80,0.875,1,1,-1
1834012,1882602,0,3.366288429,0.636363636,80,0.875,1,0,-1
1834012,1882639,0,3.366288429,0.636363636,80,0.875,1,0,-1
1834017,1855676,7,3.083390054,0.75,49,0.857142857,1,7,1
1834017,1856786,6,3.083390054,0.75,49,0.857142857,1,6,1
1834017,1898548,6,3.083390054,0.75,49,0.857142857,1,6,-1
1834017,1898769,6,3.083390054,0.75,49,0.857142857,1,6,-1
1834017,1907324,6,3.083390054,0.75,49,0.857142857,1,6,-1
1834017,1917231,6,3.083390054,0.75,49,0.857142857,1,6,-1
1834017,1917251,0,3.083390054,0.75,49,0.857142857,1,0,-1
1834020,1855709,7,2.485339738,0.666666667,25,0.8,1,7,-1
1834020,1884477,0,2.485339738,0.666666667,25,0.8,1,0,-1
1834020,1884493,4,2.485339738,0.666666667,25,0.8,1,4,-1
1834020,1884520,7,2.485339738,0.666666667,25,0.8,1,7,-1
1834020,1885066,7,2.485339738,0.666666667,25,0.8,1,7,-1
1834029,1838422,3,1.820478453,0.5,9,0.666666667,1,3,-1
1834029,1856957,5,1.820478453,0.5,9,0.666666667,1,5,1
1834029,1856986,5,1.820478453,0.5,9,0.666666667,1,5,1
1834052,1838533,2,0.318928989,0.05,110,0.043478261,0.5,2,-1
1834052,1846801,6,2.51370892,0.172413793,253,0.695238095,1,6,1
1834052,1847026,2,0.318928989,0.041666667,154,0.043478261,0.5,2,1
1834052,1848312,2,0.318928989,0.041666667,154,0.043478261,0.5,2,1
1834052,1852844,2,0.281266414,0.076923077,33,0.028571429,0.5,2,-1
1834052,1853004,2,0.281266414,0.076923077,33,0.028571429,0.5,2,-1
1834052,1855739,6,2.274527283,0.416666667,66,0.572049689,1,6,1
1834052,1860286,2,0.281266414,0.027777778,286,0.028571429,0.5,2,-1
1834052,1861174,6,2.551371495,0.12195122,385,0.710144928,1,6,-1
1834052,1861192,6,2.274527283,0.416666667,66,0.572049689,1,6,-1
1834052,1861573,2,0.318928989,0.05,110,0.043478261,0.5,2,-1
1834052,1862140,6,2.274527283,0.416666667,66,0.572049689,1,6,-1
1834052,1863358,6,2.274527283,0.416666667,66,0.572049689,1,6,-1
1834052,1867552,2,0.318928989,0.041666667,154,0.043478261,0.5,2,1
1834052,1871508,0,0.318928989,0.05,110,0.043478261,0.5,0,-1
1834052,1874997,2,0.281266414,0.027777778,286,0.028571429,0.5,2,-1
1834052,1877248,0,0.281266414,0.076923077,33,0.028571429,0.5,0,-1
1834052,1881816,0,0.318928989,0.076923077,33,0.043478261,0.5,0,-1
1834052,1881820,0,0.318928989,0.076923077,33,0.043478261,0.5,0,-1
1834052,1882043,5,2.485339738,0.333333333,55,0.8,1,5,-1
1834052,1882071,5,2.485339738,0.333333333,55,0.8,1,5,-1
1834052,1882387,0,0.318928989,0.076923077,33,0.043478261,0.5,0,-1
1834052,1882642,6,2.485339738,0.333333333,55,0.8,1,6,-1
1834052,1883666,5,2.485339738,0.333333333,55,0.8,1,5,-1
1834052,1897260,0,0.318928989,0.058823529,77,0.043478261,0.5,0,-1
1834052,1897280,2,0.318928989,0.058823529,77,0.043478261,0.5,2,-1
1834052,1898005,0,0.318928989,0.058823529,77,0.043478261,0.5,0,-1
1834052,1904333,0,0.318928989,0.05,110,0.043478261,0.5,0,-1
1834052,1905769,2,0.318928989,0.058823529,77,0.043478261,0.5,2,-1
1834052,1934582,5,2.485339738,0.333333333,55,0.8,1,5,-1
1834052,1934772,2,0.281266414,0.027777778,286,0.028571429,0.5,2,-1
1834052,1934782,2,0.281266414,0.027777778,286,0.028571429,0.5,2,-1
1834052,1935025,2,0.318928989,0.05,110,0.043478261,0.5,2,-1
1834052,1935031,2,0.318928989,0.05,110,0.043478261,0.5,2,-1
1834052,1935430,2,0.281266414,0.027777778,286,0.028571429,0.5,2,-1
1834052,1935434,2,0.281266414,0.027777778,286,0.028571429,0.5,2,-1
1834052,1935460,2,0.281266414,0.027777778,286,0.028571429,0.5,2,-1
1834052,1935463,2,0.281266414,0.027777778,286,0.028571429,0.5,2,-1
1834052,1935467,2,0.281266414,0.027777778,286,0.028571429,0.5,2,-1
1834052,1935476,2,0.281266414,0.027777778,286,0.028571429,0.5,2,-1
1834052,1935500,2,0.281266414,0.027777778,286,0.028571429,0.5,2,-1
1834052,1935841,2,0.281266414,0.027777778,286,0.028571429,0.5,2,-1
1834052,1935848,2,0.281266414,0.027777778,286,0.028571429,0.5,2,-1
1834052,1935851,2,0.281266414,0.027777778,286,0.028571429,0.5,2,-1
1834052,1935873,2,0.281266414,0.027777778,286,0.028571429,0.5,2,-1
1834052,1935885,2,0.281266414,0.027777778,286,0.028571429,0.5,2,-1
1834052,1935924,2,0.281266414,0.027777778,286,0.028571429,0.5,2,-1
1834052,1942652,2,0.318928989,0.05,110,0.043478261,0.5,2,-1
1834052,1942695,2,0.281266414,0.027777778,286,0.028571429,0.5,2,-1
1834052,1942706,2,0.281266414,0.027777778,286,0.028571429,0.5,2,-1
1834052,1942720,2,0.281266414,0.027777778,286,0.028571429,0.5,2,-1
1834052,1943237,2,0.281266414,0.027777778,286,0.028571429,0.5,2,-1
1834052,1943243,2,0.281266414,0.027777778,286,0.028571429,0.5,2,-1
1834052,1943325,2,0.281266414,0.027777778,286,0.028571429,0.5,2,-1
1834052,1943363,2,0.281266414,0.027777778,286,0.028571429,0.5,2,-1
1834052,1943378,2,0.281266414,0.027777778,286,0.028571429,0.5,2,-1
1834052,1943417,2,0.281266414,0.027777778,286,0.028571429,0.5,2,-1
1834057,1849225,4,0.31465798,0.076923077,48,0.041666667,0.5,4,-1
1834057,1855806,2,0.31465798,0.076923077,48,0.041666667,0.5,2,-1
1834057,1863326,6,0.675331741,0.133333333,66,0.104166667,0.5,6,-1
1834057,1867125,8,2.34966362,0.714285714,36,0.604166667,1,8,-1
1834057,1870792,8,2.547100487,0.294117647,96,0.708333333,1,8,-1
1834057,1877696,3,0.675331741,0.133333333,66,0.104166667,0.5,3,-1
1834057,1877745,6,0.675331741,0.133333333,66,0.104166667,0.5,6,-1
1834057,1878071,8,2.593116266,0.2,144,0.729166667,1,8,-1
1834057,1878279,6,0.675331741,0.133333333,66,0.104166667,0.5,6,-1
1834057,1878287,3,0.675331741,0.133333333,66,0.104166667,0.5,3,-1
1834057,1878295,0,0.675331741,0.133333333,66,0.104166667,0.5,0,-1
1834057,1878305,6,0.675331741,0.083333333,120,0.104166667,0.5,6,-1
1834057,1878788,0,0.675331741,0.133333333,66,0.104166667,0.5,0,-1
1834057,1878813,3,0.675331741,0.133333333,66,0.104166667,0.5,3,-1
1834057,1878972,6,0.675331741,0.133333333,66,0.104166667,0.5,6,-1
1834057,1880631,4,0.31465798,0.045454545,102,0.041666667,0.5,4,-1
1834057,1887911,2,0.31465798,0.076923077,48,0.041666667,0.5,2,-1
1834057,1888561,2,0.31465798,0.076923077,48,0.041666667,0.5,2,-1
1834057,1896816,0,0.31465798,0.076923077,48,0.041666667,0.5,0,-1
1834057,1905222,2,0.31465798,0.076923077,48,0.041666667,0.5,2,-1
1834057,1936356,5,2.34966362,0.714285714,36,0.604166667,1,5,-1
1834057,1943649,5,2.34966362,0.714285714,36,0.604166667,1,5,-1
1834057,1943730,0,2.34966362,0.714285714,36,0.604166667,1,0,-1
1834079,1840053,0,1.468349853,0.285714286,18,0.5,1,0,-1
1834079,1840056,2,1.116221253,0.4,12,0.333333333,0.5,2,-1
1834079,1942690,2,1.116221253,0.4,12,0.333333333,0.5,2,-1
1834091,1853450,5,2.485339738,0.666666667,25,0.8,1,5,-1
1834091,1886731,8,2.485339738,0.666666667,25,0.8,1,8,-1
1834091,1886755,5,2.485339738,0.666666667,25,0.8,1,5,-1
1834091,1895753,8,2.485339738,0.666666667,25,0.8,1,8,-1
1834091,1904363,8,2.485339738,0.666666667,25,0.8,1,8,-1
1834108,1838524,2,0.72134752,0.333333333,4,0.25,0.5,2,-1
1834108,1844354,3,1.442695041,0.2,8,0.5,1,3,-1
1834108,1935981,2,0.72134752,0.333333333,4,0.25,0.5,2,-1
1834108,1943742,2,0.72134752,0.333333333,4,0.25,1,2,-1
1834160,1849142,4,2.485339738,0.666666667,25,0.8,1,4,-1
1834160,1879130,4,2.485339738,0.666666667,25,0.8,1,4,-1
1834160,1879320,4,2.485339738,0.666666667,25,0.8,1,4,-1
1834160,1879334,0,2.485339738,0.666666667,25,0.8,1,0,-1
1834160,1879805,4,2.485339738,0.666666667,25,0.8,1,4,-1
1834166,1855854,0,2.649474898,0.416666667,66,0.757575758,1,0,-1
1834166,1856929,3,2.508396663,0.714285714,36,0.681818182,1,3,-1
1834166,1857175,0,2.508396663,0.714285714,36,0.681818182,1,0,-1
1834166,1866594,2,0.417032391,0.1,30,0.090909091,0.5,2,-1
1834166,1872244,1,0.417032391,0.052631579,84,0.090909091,0.5,1,-1
1834166,1874659,1,0.417032391,0.0625,66,0.090909091,0.5,1,-1
1834166,1874661,1,0.417032391,0.071428571,54,0.090909091,0.5,1,-1
1834166,1875779,3,2.649474898,0.416666667,66,0.757575758,1,3,-1
1834166,1877216,2,0.417032391,0.1,30,0.090909091,0.5,2,-1
1834166,1879577,1,0.417032391,0.1,30,0.090909091,0.5,1,-1
1834166,1879579,1,0.417032391,0.1,30,0.090909091,0.5,1,-1
1834166,1907222,0,0.417032391,0.1,30,0.090909091,0.5,0,-1
1834166,1936698,2,0.417032391,0.1,30,0.090909091,0.5,2,-1
1834166,1936905,3,2.508396663,0.714285714,36,0.681818182,1,3,-1
1834166,1943667,0,2.508396663,0.714285714,36,0.681818182,1,0,-1
1834166,1944147,2,0.417032391,0.1,30,0.090909091,0.5,2,-1
1834189,1835617,4,1.442695041,0.066666667,28,0.5,1,4,1
1834189,1843235,4,2.485339738,0.266666667,70,0.8,1,4,-1
1834189,1855891,4,1.442695041,0.066666667,28,0.5,1,4,-1
1834189,1863577,5,2.485339738,0.266666667,70,0.8,1,5,-1
1834189,1879166,6,2.485339738,0.266666667,70,0.8,1,6,-1
1834189,1879369,0,2.485339738,0.266666667,70,0.8,1,0,-1
1834189,1880103,6,2.485339738,0.266666667,70,0.8,1,6,-1
1834189,1880117,4,2.485339738,0.266666667,70,0.8,1,4,-1
1834189,1883973,4,1.442695041,0.066666667,28,0.5,1,4,-1
1834189,1925581,5,2.485339738,0.266666667,70,0.8,1,5,-1
1834189,1934920,5,2.485339738,0.266666667,70,0.8,1,5,-1
1834189,1934929,6,2.485339738,0.266666667,70,0.8,1,6,-1
1834189,1934952,5,2.485339738,0.266666667,70,0.8,1,5,-1
1834189,1935741,4,1.442695041,0.066666667,28,0.5,1,4,-1
1834292,1835816,4,2.164042561,0.6,16,0.75,1,4,1
1834292,1842204,0,2.164042561,0.6,16,0.75,1,0,-1
1834292,1848097,0,2.164042561,0.6,16,0.75,1,0,1
1834292,1874185,4,2.164042561,0.6,16,0.75,1,4,1
1834294,1851331,6,3.366288429,0.777777778,64,0.875,1,6,-1
1834294,1851381,5,3.366288429,0.777777778,64,0.875,1,5,-1
1834294,1851411,5,3.366288429,0.777777778,64,0.875,1,5,-1
1834294,1873465,5,3.366288429,0.777777778,64,0.875,1,5,-1
1834294,1888291,0,3.366288429,0.777777778,64,0.875,1,0,-1
1834294,1895555,0,3.366288429,0.777777778,64,0.875,1,0,-1
1834294,1895984,5,3.366288429,0.777777778,64,0.875,1,5,-1
1834294,1915139,0,3.366288429,0.777777778,64,0.875,1,0,-1
1834331,1847078,7,2.164042561,0.6,16,0.75,1,7,-1
1834331,1867198,4,2.164042561,0.6,16,0.75,1,4,-1
1834331,1888647,7,2.164042561,0.6,16,0.75,1,7,-1
1834331,1897129,7,2.164042561,0.6,16,0.75,1,7,-1
1834334,1839940,6,2.485339738,0.571428571,30,0.8,1,6,-1
1834334,1841374,0,0,0,66,0,1,0,-1
1834334,1846603,5,2.485339738,0.571428571,30,0.8,1,5,-1
1834334,1846715,5,2.485339738,0.571428571,30,0.8,1,5,-1
1834334,1848016,5,2.485339738,0.571428571,30,0.8,1,5,-1
1834334,1866776,1,0.417032391,0.058823529,72,0.090909091,0.5,1,-1
1834334,1866798,1,0.417032391,0.066666667,60,0.090909091,0.5,1,-1
1834334,1868034,1,0.417032391,0.041666667,114,0.090909091,0.5,1,-1
1834334,1868061,1,0.417032391,0.058823529,72,0.090909091,0.5,1,-1
1834334,1868302,1,0.417032391,0.066666667,60,0.090909091,0.5,1,-1
1834334,1935735,1,0.417032391,0.066666667,60,0.090909091,0.5,1,-1
1834334,1936401,1,0.417032391,0.066666667,60,0.090909091,0.5,1,-1
1834334,1936867,1,0.417032391,0.066666667,60,0.090909091,0.5,1,-1
1834334,1936897,0,0.417032391,0.066666667,60,0.090909091,0.5,0,-1
1834334,1944389,1,0.417032391,0.066666667,60,0.090909091,0.5,1,-1
1834375,1837201,0,3.173455886,0.388888889,136,0.774853801,1,0,1
1834375,1837357,2,0.339623272,0.024390244,425,0.052631579,0.5,2,-1
1834375,1844024,4,3.314730961,0.24137931,323,0.847222222,1,4,-1
1834375,1850585,2,0.339623272,0.014705882,884,0.052631579,0.5,2,-1
1834375,1854064,0,3.366288429,0.388888889,136,0.875,1,0,-1
1834375,1855312,0,0.339623272,0.025641026,391,0.052631579,0.5,0,-1
1834375,1857449,4,3.366288429,0.388888889,136,0.875,1,4,-1
1834375,1857467,9,4.109473847,0.444444444,153,1.122076023,1,9,1
1834375,1862069,2,0.339623272,0.037037037,187,0.052631579,0.5,2,-1
1834375,1868211,0,3.366288429,0.388888889,136,0.875,1,0,-1
1834375,1872738,0,3.173455886,0.388888889,136,0.774853801,1,0,-1
1834375,1881728,2,0.339623272,0.037037037,187,0.052631579,0.5,2,-1
1834375,1883657,2,0.339623272,0.037037037,187,0.052631579,0.5,2,-1
1834375,1883686,2,0.339623272,0.037037037,187,0.052631579,0.5,2,-1
1834375,1883689,2,0.339623272,0.022727273,476,0.052631579,0.5,2,-1
1834375,1884934,2,0.339623272,0.037037037,187,0.052631579,0.5,2,-1
1834375,1885364,2,0.339623272,0.037037037,187,0.052631579,0.5,2,-1
1834375,1885386,2,0.339623272,0.037037037,187,0.052631579,0.5,2,-1
1834375,1888615,9,4.109473847,0.444444444,153,1.122076023,1,9,1
1834375,1889005,6,0.910239227,0.111111111,51,0.222222222,1,6,-1
1834375,1913793,0,3.173455886,0.388888889,136,0.774853801,1,0,1
1834375,1925802,0,3.366288429,0.388888889,136,0.875,1,0,-1
1834375,1925813,4,3.366288429,0.388888889,136,0.875,1,4,-1
1834375,1926426,0,3.173455886,0.388888889,136,0.774853801,1,0,-1
1834375,1926430,7,3.173455886,0.388888889,136,0.774853801,1,7,-1
1834375,1930394,4,3.366288429,0.388888889,136,0.875,1,4,-1
1834375,1934732,4,3.366288429,0.388888889,136,0.875,1,4,-1
1834375,1934807,0,3.366288429,0.388888889,136,0.875,1,0,-1
1834408,1834654,0,1.442695041,0.333333333,4,0.5,1,0,-1
1834408,1906894,2,1.442695041,0.333333333,4,0.5,1,2,-1
1834413,1867311,0,2.485339738,0.666666667,25,0.8,1,0,-1
1834413,1871122,3,2.485339738,0.666666667,25,0.8,1,3,-1
1834413,1877644,4,2.485339738,0.666666667,25,0.8,1,4,-1
1834413,1877832,3,2.485339738,0.666666667,25,0.8,1,3,-1
1834413,1878096,0,2.485339738,0.666666667,25,0.8,1,0,-1
1834429,1836174,6,2.352934268,0.6,16,0.833333333,1,6,-1
1834429,1881910,0,0.72134752,0.1,28,0.25,0.5,0,-1
1834429,1885974,6,2.352934268,0.6,16,0.833333333,1,6,-1
1834455,1888155,0,0.621334935,0.142857143,15,0.2,0.5,0,-1
1834455,1890277,4,0.910239227,0.166666667,10,0.333333333,1,4,-1
1834455,1895531,2,0.621334935,0.083333333,40,0.2,0.5,2,-1
1834455,1897773,5,2.064029975,0.333333333,15,0.7,1,5,-1
1834455,1915789,2,0.910239227,0.111111111,25,0.333333333,1,2,-1
1834455,1936135,4,1.442695041,0.166666667,10,0.5,1,4,-1
1834455,1936469,4,1.442695041,0.166666667,10,0.5,1,4,-1
1834479,1857541,10,2.485339738,0.666666667,25,0.8,1,10,-1
1834479,1885902,10,2.485339738,0.666666667,25,0.8,1,10,-1
1834479,1885911,10,2.485339738,0.666666667,25,0.8,1,10,-1
1834479,1886417,10,2.485339738,0.666666667,25,0.8,1,10,-1
1834479,1893997,10,2.485339738,0.666666667,25,0.8,1,10,-1
1834488,1852673,4,2.485339738,0.285714286,65,0.8,1,4,-1
1834488,1853325,2,0.389871245,0.083333333,40,0.076923077,0.5,2,-1
1834488,1857036,4,2.253876049,0.666666667,25,0.676923077,1,4,1
1834488,1860111,2,0.389871245,0.083333333,40,0.076923077,0.5,2,-1
1834488,1881762,6,2.253876049,0.666666667,25,0.676923077,1,6,-1
1834488,1883981,2,0.389871245,0.083333333,40,0.076923077,0.5,2,-1
1834488,1884626,0,0.389871245,0.083333333,40,0.076923077,0.5,0,-1
1834488,1884673,2,0.389871245,0.083333333,40,0.076923077,0.5,2,-1
1834488,1885176,2,0.389871245,0.083333333,40,0.076923077,0.5,2,-1
1834488,1885203,2,0.389871245,0.083333333,40,0.076923077,0.5,2,-1
1834488,1885629,0,0.389871245,0.083333333,40,0.076923077,0.5,0,-1
1834488,1887950,0,2.253876049,0.666666667,25,0.676923077,1,0,1
1834526,1839857,0,3.083390054,0.75,49,0.857142857,1,0,-1
1834526,1873338,0,3.083390054,0.75,49,0.857142857,1,0,-1
1834526,1888352,0,3.083390054,0.75,49,0.857142857,1,0,-1
1834526,1888655,0,3.083390054,0.75,49,0.857142857,1,0,-1
1834526,1889634,0,3.083390054,0.75,49,0.857142857,1,0,-1
1834526,1896296,0,3.083390054,0.75,49,0.857142857,1,0,-1
1834526,1897580,0,3.083390054,0.75,49,0.857142857,1,0,-1
1834562,1837847,3,1.442695041,0.25,6,0.5,1,3,-1
1834562,1878396,2,0.910239227,0.5,2,0.333333333,0.5,2,-1
1834562,1934670,2,0.910239227,0.333333333,4,0.333333333,1,2,-1
1834567,1849030,0,0.434294482,0.111111111,21,0.1,0.5,0,-1
1834567,1849065,0,0.434294482,0.111111111,21,0.1,0.5,0,-1
1834567,1849628,0,0.434294482,0.076923077,33,0.1,0.5,0,-1
1834567,1888262,0,1.344533709,0.5,9,0.433333333,1,0,-1
1834567,1894284,0,0.434294482,0.1,24,0.1,0.5,0,-1
1834567,1905281,0,1.344533709,0.5,9,0.433333333,1,0,-1
1834567,1925915,0,0.434294482,0.111111111,21,0.1,0.5,0,-1
1834567,1942191,0,0.434294482,0.111111111,21,0.1,0.5,0,-1
1834570,1844513,5,3.254659455,0.777777778,64,0.816666667,1,5,-1
1834570,1861835,0,3.366288429,0.4375,120,0.875,1,0,-1
1834570,1867258,1,0.369269373,0.071428571,56,0.066666667,0.5,1,-1
1834570,1877731,0,0.369269373,0.071428571,56,0.066666667,0.5,0,-1
1834570,1878023,5,3.254659455,0.777777778,64,0.816666667,1,5,-1
1834570,1878345,0,0.369269373,0.071428571,56,0.066666667,0.5,0,-1
1834570,1878532,0,3.254659455,0.777777778,64,0.816666667,1,0,-1
1834570,1878575,0,3.254659455,0.777777778,64,0.816666667,1,0,-1
1834570,1878700,5,3.254659455,0.777777778,64,0.816666667,1,5,-1
1834570,1878712,5,3.254659455,0.777777778,64,0.816666667,1,5,-1
1834570,1895972,0,0.369269373,0.071428571,56,0.066666667,0.5,0,-1
1834570,1904495,0,0.369269373,0.071428571,56,0.066666667,0.5,0,-1
1834570,1905583,0,0.369269373,0.071428571,56,0.066666667,0.5,0,-1
1834579,1835597,17,4.678454943,0.857142857,169,0.923076923,1,17,-1
1834579,1881441,12,4.678454943,0.857142857,169,0.923076923,1,12,-1
1834579,1887077,12,4.678454943,0.857142857,169,0.923076923,1,12,-1
1834579,1887379,0,4.678454943,0.857142857,169,0.923076923,1,0,-1
1834579,1894965,12,4.678454943,0.857142857,169,0.923076923,1,12,-1
1834579,1895962,12,4.678454943,0.857142857,169,0.923076923,1,12,-1
1834579,1896277,12,4.678454943,0.857142857,169,0.923076923,1,12,-1
1834579,1903364,12,4.678454943,0.857142857,169,0.923076923,1,12,-1
1834579,1904646,12,4.678454943,0.857142857,169,0.923076923,1,12,-1
1834579,1904651,17,4.678454943,0.857142857,169,0.923076923,1,17,-1
1834579,1914893,17,4.678454943,0.857142857,169,0.923076923,1,17,-1
1834579,1914898,17,4.678454943,0.857142857,169,0.923076923,1,17,-1
1834592,1867576,1,1.442695041,0.25,6,0.5,1,1,1
1834592,1929352,2,0.910239227,0.5,2,0.333333333,0.5,2,-1
1834597,1836257,2,0.306927676,0.02,608,0.038461538,0.5,2,-1
1834597,1837364,5,2.42211543,0.173913043,152,0.766666667,1,5,-1
1834597,1838147,2,0.480898347,0.047619048,57,0.125,0.5,2,-1
1834597,1847268,0,0.339623272,0.035714286,190,0.052631579,0.5,0,-1
1834597,1852324,0,2.947927749,0.259259259,285,0.660537562,1,0,-1
1834597,1852331,0,2.529371098,0.315789474,114,0.56374269,0.5,0,-1
1834597,1858716,0,0.339623272,0.03125,266,0.052631579,0.5,0,-1
1834597,1859928,0,0.339623272,0.027027027,361,0.052631579,0.5,0,-1
1834597,1859949,0,0.339623272,0.024390244,437,0.052631579,0.5,0,-1
1834597,1862347,0,0.339623272,0.035714286,190,0.052631579,0.5,0,-1
1834597,1863128,2,0.480898347,0.047619048,57,0.125,0.5,2,-1
1834597,1867534,6,2.790553133,0.25,114,0.833333333,1,6,-1
1834597,1872321,2,3.010269445,0.184210526,494,0.68874269,1,2,-1
1834597,1877509,0,2.97757385,0.225806452,361,0.67457265,1,0,-1
1834597,1878589,0,2.862077508,0.333333333,171,0.616093117,1,0,-1
1834597,1878605,0,2.862077508,0.333333333,171,0.616093117,1,0,-1
1834597,1878616,0,2.862077508,0.333333333,171,0.616093117,1,0,-1
1834597,1878759,0,2.862077508,0.333333333,171,0.616093117,1,0,-1
1834597,1879747,2,2.836298775,0.35,152,0.602204229,1,2,-1
1834597,1880318,5,2.344903151,0.19047619,114,0.725,1,5,-1
1834597,1880688,5,2.281678843,0.2,95,0.691666667,1,5,-1
1834597,1880731,5,2.281678843,0.2,95,0.691666667,1,5,-1
1834597,1888552,2,0.558110627,0.05,38,0.166666667,0.5,2,-1
1834597,1889271,0,0.369269373,0.05,38,0.066666667,0.5,0,-1
1834597,1891679,6,2.790553133,0.25,114,0.833333333,1,6,-1
1834597,1895406,1,0.339623272,0.035714286,190,0.052631579,0.5,1,-1
1834597,1895739,0,0.339623272,0.035714286,190,0.052631579,0.5,0,-1
1834597,1896529,0,0.339623272,0.035714286,190,0.052631579,0.5,0,-1
1834597,1896750,0,0.339623272,0.035714286,190,0.052631579,0.5,0,-1
1834597,1897593,0,0.369269373,0.05,38,0.066666667,0.5,0,-1
1834597,1899921,6,2.790553133,0.25,114,0.833333333,1,6,-1
1834597,1908443,6,2.790553133,0.25,114,0.833333333,1,6,-1
1834597,1908448,6,2.790553133,0.25,114,0.833333333,1,6,-1
1834597,1915441,0,0.339623272,0.035714286,190,0.052631579,0.5,0,-1
1834597,1924670,0,0.369269373,0.045454545,76,0.066666667,0.5,0,-1
1834597,1925505,2,0.306927676,0.027777778,342,0.038461538,0.5,2,-1
1834597,1925538,2,0.306927676,0.027777778,342,0.038461538,0.5,2,-1
1834597,1925859,2,0.306927676,0.027777778,342,0.038461538,0.5,2,-1
1834597,1926007,2,0.306927676,0.027777778,342,0.038461538,0.5,2,-1
1834597,1929725,2,0.306927676,0.027777778,342,0.038461538,0.5,2,-1
1834597,1930357,2,0.306927676,0.027777778,342,0.038461538,0.5,2,-1
1834597,1930373,2,0.306927676,0.027777778,342,0.038461538,0.5,2,-1
1834597,1930468,0,0.306927676,0.027777778,342,0.038461538,0.5,0,-1
1834597,1934639,2,0.306927676,0.027777778,342,0.038461538,0.5,2,-1
1834597,1934653,2,0.306927676,0.027777778,342,0.038461538,0.5,2,-1
1834597,1934669,2,0.306927676,0.027777778,342,0.038461538,0.5,2,-1
1834597,1936074,0,0.369269373,0.045454545,76,0.066666667,0.5,0,-1
1834597,1936109,0,0.369269373,0.045454545,76,0.066666667,0.5,0,-1
1834597,1942035,2,0.306927676,0.027777778,342,0.038461538,0.5,2,-1
1834597,1942249,2,0.306927676,0.027777778,342,0.038461538,0.5,2,-1
1834597,1942258,2,0.306927676,0.027777778,342,0.038461538,0.5,2,-1
1834597,1942261,2,0.306927676,0.027777778,342,0.038461538,0.5,2,-1
1834597,1942263,2,0.306927676,0.027777778,342,0.038461538,0.5,2,-1
1834597,1942266,2,0.306927676,0.027777778,342,0.038461538,0.5,2,-1
1834597,1943550,0,0.369269373,0.045454545,76,0.066666667,0.5,0,-1
1834601,1836535,6,2.164042561,0.6,16,0.75,1,6,1
1834601,1856476,6,2.164042561,0.6,16,0.75,1,6,1
1834601,1935375,4,2.164042561,0.6,16,0.75,1,4,-1
1834601,1943213,4,2.164042561,0.6,16,0.75,1,4,-1
1834654,1906894,0,1.442695041,0.333333333,4,0.5,1,0,-1
1834707,1854538,3,0.868588964,0.142857143,48,0.2,0.5,3,-1
1834707,1855589,6,2.779553364,0.375,120,0.695238095,1,6,-1
1834707,1855750,6,2.779553364,0.375,120,0.695238095,1,6,-1
1834707,1866102,5,1.876989523,0.230769231,48,0.6,1,5,-1
1834707,1866116,6,2.699949504,0.461538462,84,0.652380952,1,6,-1
1834707,1877228,6,2.699949504,0.461538462,84,0.652380952,1,6,-1
1834707,1880436,0,0.369269373,0.052631579,96,0.066666667,0.5,0,-1
1834707,1880920,1,0.369269373,0.052631579,96,0.066666667,0.5,1,-1
1834707,1880929,0,0.369269373,0.052631579,96,0.066666667,0.5,0,-1
1834707,1881755,0,0.369269373,0.052631579,96,0.066666667,0.5,0,-1
1834707,1882523,0,0.369269373,0.052631579,96,0.066666667,0.5,0,-1
1834707,1882543,0,0.369269373,0.052631579,96,0.066666667,0.5,0,-1
1834707,1882556,0,0.369269373,0.052631579,96,0.066666667,0.5,0,-1
1834707,1882563,0,0.369269373,0.052631579,96,0.066666667,0.5,0,-1
1834707,1882587,0,2.844578473,0.285714286,180,0.728571429,1,0,-1
1834707,1884482,2,1.442695041,0.076923077,24,0.5,1,2,-1
1834707,1886389,6,2.699949504,0.461538462,84,0.652380952,1,6,-1
1834707,1886636,9,4.943595925,0.692307692,120,1.445238095,1,9,-1
1834707,1887550,3,0.868588964,0.142857143,48,0.2,0.5,3,-1
1834707,1888750,2,1.442695041,0.076923077,24,0.5,1,2,-1
1834707,1892479,4,1.876989523,0.230769231,48,0.6,1,4,-1
1834707,1895791,0,0.868588964,0.142857143,48,0.2,0.5,0,-1
1834707,1935535,4,1.876989523,0.230769231,48,0.6,1,4,-1
1834719,1856316,4,0.417032391,0.1,30,0.090909091,0.5,4,-1
1834719,1867547,8,2.281037195,0.666666667,25,0.690909091,1,8,-1
1834719,1867842,8,2.281037195,0.666666667,25,0.690909091,1,8,-1
1834719,1886276,4,0.417032391,0.1,30,0.090909091,0.5,4,-1
1834719,1886295,0,0.417032391,0.1,30,0.090909091,0.5,0,-1
1834719,1886519,0,0.417032391,0.1,30,0.090909091,0.5,0,-1
1834719,1886725,4,0.417032391,0.1,30,0.090909091,0.5,4,-1
1834719,1934509,5,2.281037195,0.666666667,25,0.690909091,1,5,-1
1834755,1836599,1,0.352956124,0.047619048,96,0.058823529,0.5,1,-1
1834755,1838717,1,0.352956124,0.047619048,96,0.058823529,0.5,1,-1
1834755,1840460,0,2.216960928,0.222222222,96,0.658823529,1,0,-1
1834755,1847245,1,0.352956124,0.035714286,208,0.058823529,0.5,1,-1
1834755,1847984,0,0.352956124,0.037037037,192,0.058823529,0.5,0,-1
1834755,1849625,0,0.558110627,0.0625,16,0.166666667,0.5,0,-1
1834755,1858187,0,0.352956124,0.037037037,192,0.058823529,0.5,0,-1
1834755,1858227,0,0.352956124,0.037037037,192,0.058823529,0.5,0,-1
1834755,1858234,0,2.42211543,0.137931034,272,0.766666667,1,0,-1
1834755,1858308,0,0.352956124,0.037037037,192,0.058823529,0.5,0,-1
1834755,1859106,1,0.352956124,0.047619048,96,0.058823529,0.5,1,-1
1834755,1863306,3,4.106247647,0.588235294,176,0.877005348,1,3,1
1834755,1863312,1,0.352956124,0.047619048,96,0.058823529,0.5,1,-1
1834755,1864542,0,4.106247647,0.588235294,176,0.877005348,1,0,-1
1834755,1869563,1,0.352956124,0.047619048,96,0.058823529,0.5,1,-1
1834755,1872414,0,2.15373662,0.235294118,80,0.625490196,1,0,-1
1834755,1875514,0,0.352956124,0.037037037,192,0.058823529,0.5,0,-1
1834755,1877083,0,4.106247647,0.588235294,176,0.877005348,1,0,-1
1834755,1877101,0,4.106247647,0.588235294,176,0.877005348,1,0,-1
1834755,1877404,0,4.106247647,0.588235294,176,0.877005348,1,0,-1
1834755,1877407,0,4.106247647,0.588235294,176,0.877005348,1,0,-1
1834755,1877421,2,4.106247647,0.588235294,176,0.877005348,1,2,-1
1834755,1877446,0,4.106247647,0.588235294,176,0.877005348,1,0,-1
1834755,1878143,0,0.352956124,0.037037037,192,0.058823529,0.5,0,-1
1834755,1878192,0,4.170323914,0.434782609,272,0.909090909,1,0,-1
1834755,1878325,0,4.106247647,0.588235294,176,0.877005348,1,0,-1
1834755,1878327,0,4.106247647,0.588235294,176,0.877005348,1,0,-1
1834755,1883045,0,0.352956124,0.037037037,192,0.058823529,0.5,0,-1
1834755,1883435,0,0.352956124,0.037037037,192,0.058823529,0.5,0,-1
1834755,1883883,0,0.352956124,0.037037037,192,0.058823529,0.5,0,-1
1834755,1884460,0,0.352956124,0.037037037,192,0.058823529,0.5,0,-1
1834755,1884487,0,0.352956124,0.037037037,192,0.058823529,0.5,0,-1
1834755,1884997,0,0.352956124,0.037037037,192,0.058823529,0.5,0,-1
1834755,1885646,1,2.15373662,0.235294118,80,0.625490196,1,1,-1
1834755,1885648,0,2.15373662,0.235294118,80,0.625490196,1,0,-1
1834790,1873536,7,3.083390054,0.75,49,0.857142857,1,7,-1
1834790,1876626,10,3.083390054,0.75,49,0.857142857,1,10,-1
1834790,1881034,7,3.083390054,0.75,49,0.857142857,1,7,-1
1834790,1883322,7,3.083390054,0.75,49,0.857142857,1,7,-1
1834790,1883358,7,3.083390054,0.75,49,0.857142857,1,7,-1
1834790,1883368,10,3.083390054,0.75,49,0.857142857,1,10,-1
1834792,1834815,11,2.790553133,0.714285714,36,0.833333333,1,11,-1
1834792,1835009,11,2.790553133,0.714285714,36,0.833333333,1,11,-1
1834792,1835065,11,2.790553133,0.714285714,36,0.833333333,1,11,-1
1834792,1840401,11,2.790553133,0.714285714,36,0.833333333,1,11,-1
1834792,1840409,6,2.790553133,0.714285714,36,0.833333333,1,6,-1
1834792,1843844,11,2.790553133,0.714285714,36,0.833333333,1,11,-1
1834805,1834922,0,0.369269373,0.025,210,0.066666667,0.5,0,-1
1834805,1852985,0,0.369269373,0.083333333,42,0.066666667,0.5,0,-1
1834805,1854197,0,2.790553133,0.3125,90,0.833333333,1,0,-1
1834805,1865626,0,0.369269373,0.083333333,42,0.066666667,0.5,0,-1
1834805,1866965,0,2.601711879,0.714285714,36,0.733333333,1,0,-1
1834805,1871222,0,0.369269373,0.142857143,12,0.066666667,0.5,0,-1
1834805,1885362,0,2.601711879,0.714285714,36,0.733333333,1,0,-1
1834805,1886189,0,2.601711879,0.714285714,36,0.733333333,1,0,-1
1834805,1886217,0,2.601711879,0.714285714,36,0.733333333,1,0,-1
1834805,1887874,0,0.369269373,0.083333333,42,0.066666667,0.5,0,-1
1834805,1888229,0,0.369269373,0.043478261,108,0.066666667,0.5,0,-1
1834805,1891514,0,0.369269373,0.142857143,12,0.066666667,0.5,0,-1
1834805,1893621,0,2.601711879,0.714285714,36,0.733333333,1,0,-1
1834805,1903849,0,0.369269373,0.083333333,42,0.066666667,0.5,0,-1
1834805,1904178,0,0.369269373,0.083333333,42,0.066666667,0.5,0,-1
1834806,1839519,4,2.790553133,0.714285714,36,0.833333333,1,4,-1
1834806,1863925,5,2.790553133,0.714285714,36,0.833333333,1,5,-1
1834806,1873643,4,2.790553133,0.714285714,36,0.833333333,1,4,-1
1834806,1929406,0,2.790553133,0.714285714,36,0.833333333,1,0,-1
1834806,1933174,4,2.790553133,0.714285714,36,0.833333333,1,4,-1
1834806,1944052,0,2.790553133,0.714285714,36,0.833333333,1,0,-1
1834815,1835009,11,2.790553133,0.714285714,36,0.833333333,1,11,-1
1834815,1835065,11,2.790553133,0.714285714,36,0.833333333,1,11,-1
1834815,1840401,11,2.790553133,0.714285714,36,0.833333333,1,11,-1
1834815,1840409,6,2.790553133,0.714285714,36,0.833333333,1,6,-1
1834815,1843844,11,2.790553133,0.714285714,36,0.833333333,1,11,-1
1834818,1834829,4,3.519645494,0.8,81,0.827777778,1,4,-1
1834818,1836792,0,0.333808201,0.043478261,135,0.05,0.5,0,-1
1834818,1846403,0,0.333808201,0.045454545,126,0.05,0.5,0,-1
1834818,1857887,6,3.519645494,0.8,81,0.827777778,1,6,-1
1834818,1872710,0,0.333808201,0.076923077,45,0.05,0.5,0,-1
1834818,1874215,0,3.519645494,0.8,81,0.827777778,1,0,-1
1834818,1878816,0,0.333808201,0.076923077,45,0.05,0.5,0,-1
1834818,1880095,0,3.640956907,0.380952381,180,0.888888889,1,0,-1
1834818,1886128,6,3.519645494,0.8,81,0.827777778,1,6,-1
1834818,1886650,0,3.519645494,0.8,81,0.827777778,1,0,-1
1834818,1888926,0,0.333808201,0.045454545,126,0.05,0.5,0,-1
1834818,1890063,0,0.333808201,0.076923077,45,0.05,0.5,0,-1
1834818,1890270,0,0.333808201,0.071428571,54,0.05,0.5,0,-1
1834818,1896902,0,0.333808201,0.071428571,54,0.05,0.5,0,-1
1834818,1902130,4,3.519645494,0.8,81,0.827777778,1,4,-1
1834818,1902151,0,3.519645494,0.8,81,0.827777778,1,0,-1
1834818,1902422,0,3.519645494,0.8,81,0.827777778,1,0,-1
1834818,1906880,0,0.333808201,0.076923077,45,0.05,0.5,0,-1
1834818,1935145,0,0.333808201,0.076923077,45,0.05,0.5,0,-1
1834818,1935153,0,0.333808201,0.076923077,45,0.05,0.5,0,-1
1834820,1842647,2,0.558110627,0.083333333,22,0.166666667,0.5,2,-1
1834820,1844269,0,0.660634237,0.153846154,44,0.097222222,0.5,0,-1
1834820,1860353,4,0.660634237,0.142857143,55,0.097222222,0.5,4,-1
1834820,1861180,10,5.065931639,0.833333333,121,1.388888889,1,10,-1
1834820,1864539,7,3.001260016,0.583333333,88,0.688131313,1,7,-1
1834820,1865833,4,1.696490538,0.25,44,0.507575758,1,4,-1
1834820,1866881,7,3.136182107,0.318181818,198,0.757575758,1,7,-1
1834820,1867460,3,0.660634237,0.086956522,154,0.097222222,0.5,3,-1
1834820,1870154,0,3.001260016,0.583333333,88,0.688131313,1,0,-1
1834820,1876316,4,1.696490538,0.25,44,0.507575758,1,4,-1
1834820,1877717,2,0.31465798,0.032258065,231,0.041666667,0.5,2,-1
1834820,1877984,2,0.31465798,0.066666667,55,0.041666667,0.5,2,-1
1834820,1882841,0,0.31465798,0.066666667,55,0.041666667,0.5,0,-1
1834820,1889193,2,0.558110627,0.083333333,22,0.166666667,0.5,2,-1
1834820,1889857,3,0.660634237,0.125,77,0.097222222,0.5,3,-1
1834820,1891136,0,0.660634237,0.142857143,55,0.097222222,0.5,0,-1
1834820,1897566,7,3.001260016,0.583333333,88,0.688131313,1,7,-1
1834820,1897611,7,3.001260016,0.583333333,88,0.688131313,1,7,-1
1834820,1924832,2,0.31465798,0.071428571,44,0.041666667,0.5,2,-1
1834820,1929056,0,0.660634237,0.142857143,55,0.097222222,0.5,0,-1
1834820,1929157,3,0.660634237,0.142857143,55,0.097222222,0.5,3,-1
1834820,1929920,0,0.660634237,0.153846154,44,0.097222222,0.5,0,-1
1834820,1934173,2,0.31465798,0.071428571,44,0.041666667,0.5,2,-1
1834820,1934843,0,0.660634237,0.153846154,44,0.097222222,0.5,0,-1
1834829,1836792,0,0.333808201,0.043478261,135,0.05,0.5,0,-1
1834829,1846403,0,0.333808201,0.045454545,126,0.05,0.5,0,-1
1834829,1857887,4,3.519645494,0.8,81,0.827777778,1,4,-1
1834829,1872710,0,0.333808201,0.076923077,45,0.05,0.5,0,-1
1834829,1874215,0,3.519645494,0.8,81,0.827777778,1,0,-1
1834829,1878816,0,0.333808201,0.076923077,45,0.05,0.5,0,-1
1834829,1880095,0,3.640956907,0.380952381,180,0.888888889,1,0,-1
1834829,1886128,4,3.519645494,0.8,81,0.827777778,1,4,-1
1834829,1886650,0,3.519645494,0.8,81,0.827777778,1,0,-1
1834829,1888926,0,0.333808201,0.045454545,126,0.05,0.5,0,-1
1834829,1890063,0,0.333808201,0.076923077,45,0.05,0.5,0,-1
1834829,1890270,0,0.333808201,0.071428571,54,0.05,0.5,0,-1
1834829,1896902,0,0.333808201,0.071428571,54,0.05,0.5,0,-1
1834829,1902130,4,3.519645494,0.8,81,0.827777778,1,4,-1
1834829,1902151,0,3.519645494,0.8,81,0.827777778,1,0,-1
1834829,1902422,0,3.519645494,0.8,81,0.827777778,1,0,-1
1834829,1906880,0,0.333808201,0.076923077,45,0.05,0.5,0,-1
1834829,1935145,0,0.333808201,0.076923077,45,0.05,0.5,0,-1
1834829,1935153,0,0.333808201,0.076923077,45,0.05,0.5,0,-1
1834848,1866109,0,3.366288429,0.777777778,64,0.875,1,0,-1
1834848,1891746,0,3.366288429,0.777777778,64,0.875,1,0,-1
1834848,1930763,0,3.366288429,0.777777778,64,0.875,1,0,-1
1834848,1935350,0,3.366288429,0.777777778,64,0.875,1,0,-1
1834848,1935355,2,3.366288429,0.777777778,64,0.875,1,2,-1
1834848,1935357,3,3.366288429,0.777777778,64,0.875,1,3,-1
1834880,1836838,0,2.790553133,0.714285714,36,0.833333333,1,0,-1
1834880,1837121,0,2.790553133,0.714285714,36,0.833333333,1,0,-1
1834880,1856178,0,2.790553133,0.714285714,36,0.833333333,1,0,-1
1834880,1884127,2,2.790553133,0.714285714,36,0.833333333,1,2,1
1834880,1895532,0,2.790553133,0.714285714,36,0.833333333,1,0,-1
1834880,1895536,3,2.790553133,0.714285714,36,0.833333333,1,3,-1
1834898,1837009,6,3.083390054,0.428571429,91,0.857142857,1,6,-1
1834898,1843384,0,0.480898347,0.055555556,78,0.125,0.5,0,-1
1834898,1857099,0,0.480898347,0.055555556,78,0.125,0.5,0,-1
1834898,1860298,0,0.480898347,0.055555556,78,0.125,0.5,0,-1
1834898,1864538,6,3.083390054,0.428571429,91,0.857142857,1,6,-1
1834898,1878109,0,0.480898347,0.071428571,26,0.125,1,0,-1
1834898,1882672,6,3.083390054,0.428571429,91,0.857142857,1,6,-1
1834898,1883714,0,3.083390054,0.428571429,91,0.857142857,1,0,-1
1834898,1935845,0,0.480898347,0.055555556,78,0.125,0.5,0,-1
1834898,1935868,0,0.480898347,0.055555556,78,0.125,0.5,0,-1
1834905,1905318,7,2.485339738,0.666666667,25,0.8,1,7,-1
1834905,1905333,7,2.485339738,0.666666667,25,0.8,1,7,-1
1834905,1906361,5,2.485339738,0.666666667,25,0.8,1,5,-1
1834905,1906374,5,2.485339738,0.666666667,25,0.8,1,5,-1
1834905,1906384,5,2.485339738,0.666666667,25,0.8,1,5,-1
1834907,1834922,0,10.95310864,0.47826087,1155,2.943528694,1,0,1
1834907,1836240,0,0.62724267,0.054054054,198,0.084126984,0.5,0,-1
1834907,1843722,0,2.622313751,0.147058824,198,0.743589744,1,0,-1
1834907,1844003,1,0.62724267,0.054054054,198,0.084126984,0.5,1,-1
1834907,1845425,0,1.723961455,0.088235294,132,0.528571429,1,0,-1
1834907,1846035,0,2.447340205,0.176470588,231,0.53009768,1,0,1
1834907,1847301,0,2.622313751,0.147058824,198,0.743589744,1,0,-1
1834907,1847423,0,2.622313751,0.147058824,198,0.743589744,1,0,-1
1834907,1847428,0,2.622313751,0.147058824,198,0.743589744,1,0,-1
1834907,1851735,0,2.984602292,0.205882353,264,0.682417582,1,0,-1
1834907,1852985,0,0.62724267,0.052631579,231,0.084126984,0.5,0,-1
1834907,1854197,1,0.62724267,0.043478261,495,0.084126984,0.5,1,-1
1834907,1859305,0,0.62724267,0.044444444,462,0.084126984,0.5,0,-1
1834907,1859796,0,5.365730282,0.352941176,429,1.297954823,1,0,1
1834907,1862170,0,2.447340205,0.176470588,231,0.53009768,1,0,1
1834907,1864420,0,2.984602292,0.205882353,264,0.682417582,1,0,-1
1834907,1865626,0,0.62724267,0.052631579,231,0.084126984,0.5,0,-1
1834907,1868188,0,2.622313751,0.147058824,198,0.743589744,1,0,-1
1834907,1869012,0,3.140877762,0.2,297,0.76468254,1,0,-1
1834907,1879054,0,2.984602292,0.205882353,264,0.682417582,1,0,-1
1834907,1881059,7,2.590659826,0.147058824,198,0.726190476,1,7,-1
1834907,1881075,5,2.590659826,0.147058824,198,0.726190476,1,5,-1
1834907,1881359,5,2.590659826,0.147058824,198,0.726190476,1,5,-1
1834907,1881910,5,2.634872111,0.142857143,231,0.75,1,5,-1
1834907,1881917,0,2.590659826,0.147058824,198,0.726190476,1,0,-1
1834907,1884974,2,1.723961455,0.088235294,132,0.528571429,1,2,-1
1834907,1885077,0,3.115099029,0.205882353,264,0.750793651,1,0,-1
1834907,1885343,0,3.115099029,0.205882353,264,0.750793651,1,0,-1
1834907,1885374,0,3.115099029,0.205882353,264,0.750793651,1,0,-1
1834907,1885810,0,3.115099029,0.205882353,264,0.750793651,1,0,-1
1834907,1885817,0,3.140877762,0.2,297,0.76468254,1,0,-1
1834907,1887874,1,0.62724267,0.052631579,231,0.084126984,0.5,1,-1
1834907,1888229,0,2.615262291,0.133333333,594,0.617399267,1,0,-1
1834907,1890196,4,5.866182527,0.352941176,429,1.563827839,1,4,-1
1834907,1893453,0,3.115099029,0.205882353,264,0.750793651,1,0,-1
1834907,1901328,3,1.723961455,0.088235294,132,0.528571429,1,3,-1
1834907,1903849,0,0.62724267,0.052631579,231,0.084126984,0.5,0,-1
1834907,1903933,1,0.62724267,0.054054054,198,0.084126984,0.5,1,-1
1834907,1904178,0,0.62724267,0.052631579,231,0.084126984,0.5,0,-1
1834907,1904908,1,0.62724267,0.054054054,198,0.084126984,0.5,1,-1
1834907,1906811,0,2.984602292,0.205882353,264,0.682417582,1,0,-1
1834907,1906854,4,2.984602292,0.205882353,264,0.682417582,1,4,-1
1834907,1930940,2,2.447340205,0.176470588,231,0.53009768,1,2,-1
1834907,1941823,0,1.191505641,0.090909091,99,0.250793651,0.5,0,-1
1834922,1836240,5,2.399231318,0.138888889,210,0.626984127,1,5,-1
1834922,1843722,0,0.675870913,0.051282051,210,0.107226107,0.5,0,-1
1834922,1844003,0,2.399231318,0.138888889,210,0.626984127,1,0,-1
1834922,1845425,1,1.728694708,0.083333333,140,0.53030303,1,1,-1
1834922,1846035,4,2.452073458,0.166666667,245,0.531829282,1,4,1
1834922,1847301,0,0.675870913,0.051282051,210,0.107226107,0.5,0,-1
1834922,1847423,0,0.675870913,0.051282051,210,0.107226107,0.5,0,-1
1834922,1847428,0,0.675870913,0.051282051,210,0.107226107,0.5,0,-1
1834922,1851620,0,0.378923182,0.023809524,280,0.071428571,0.5,0,-1
1834922,1851735,0,2.989335546,0.194444444,280,0.684149184,1,0,-1
1834922,1852985,3,2.770838999,0.166666667,245,0.693650794,1,3,-1
1834922,1854197,0,2.915467968,0.136363636,525,0.76984127,1,0,-1
1834922,1859305,5,2.578418762,0.113636364,490,0.722222222,1,5,-1
1834922,1859796,3,5.370463535,0.333333333,455,1.299686425,1,3,1
1834922,1862170,0,2.452073458,0.166666667,245,0.531829282,1,0,1
1834922,1864420,0,2.989335546,0.194444444,280,0.684149184,1,0,-1
1834922,1865626,4,2.770838999,0.166666667,245,0.693650794,1,4,-1
1834922,1866965,0,0.369269373,0.025,210,0.066666667,0.5,0,-1
1834922,1868188,0,0.675870913,0.051282051,210,0.107226107,0.5,0,-1
1834922,1869012,2,4.055850242,0.222222222,315,1.099747475,1,2,-1
1834922,1870837,0,0.378923182,0.016393443,945,0.071428571,0.5,0,-1
1834922,1871222,0,0.369269373,0.027777778,70,0.066666667,0.5,0,-1
1834922,1872614,0,0.378923182,0.023809524,280,0.071428571,0.5,0,-1
1834922,1879054,0,2.989335546,0.194444444,280,0.684149184,1,0,-1
1834922,1879139,0,0.378923182,0.023809524,280,0.071428571,0.5,0,-1
1834922,1879286,0,0.378923182,0.020833333,490,0.071428571,0.5,0,-1
1834922,1881059,0,0.688429272,0.051282051,210,0.113636364,0.5,0,-1
1834922,1881075,0,0.688429272,0.051282051,210,0.113636364,0.5,0,-1
1834922,1881359,0,0.688429272,0.051282051,210,0.113636364,0.5,0,-1
1834922,1881910,0,0.688429272,0.05,245,0.113636364,0.5,0,-1
1834922,1881917,0,0.688429272,0.051282051,210,0.113636364,0.5,0,-1
1834922,1883675,0,0.378923182,0.023809524,280,0.071428571,0.5,0,-1
1834922,1883719,0,0.378923182,0.023809524,280,0.071428571,0.5,0,-1
1834922,1884974,0,1.728694708,0.083333333,140,0.53030303,1,0,-1
1834922,1885077,0,3.119832282,0.194444444,280,0.752525253,1,0,-1
1834922,1885343,0,3.119832282,0.194444444,280,0.752525253,1,0,-1
1834922,1885362,0,0.369269373,0.025,210,0.066666667,0.5,0,-1
1834922,1885374,0,3.119832282,0.194444444,280,0.752525253,1,0,-1
1834922,1885810,0,3.119832282,0.194444444,280,0.752525253,1,0,-1
1834922,1885817,0,4.055850242,0.222222222,315,1.099747475,1,0,-1
1834922,1886189,0,0.369269373,0.025,210,0.066666667,0.5,0,-1
1834922,1886217,0,0.369269373,0.025,210,0.066666667,0.5,0,-1
1834922,1887874,0,2.770838999,0.166666667,245,0.693650794,1,0,-1
1834922,1888229,7,8.170122317,0.472222222,630,2.138178488,1,7,-1
1834922,1890196,0,3.080362648,0.170731707,455,0.732226107,1,0,-1
1834922,1891514,0,0.369269373,0.027777778,70,0.066666667,0.5,0,-1
1834922,1893453,0,3.119832282,0.194444444,280,0.752525253,1,0,-1
1834922,1893621,0,0.369269373,0.025,210,0.066666667,0.5,0,-1
1834922,1901328,0,1.728694708,0.083333333,140,0.53030303,1,0,-1
1834922,1903849,0,2.770838999,0.166666667,245,0.693650794,1,0,-1
1834922,1903933,0,2.399231318,0.138888889,210,0.626984127,1,0,-1
1834922,1904178,0,2.770838999,0.166666667,245,0.693650794,1,0,-1
1834922,1904908,0,2.399231318,0.138888889,210,0.626984127,1,0,-1
1834922,1906811,0,2.989335546,0.194444444,280,0.684149184,1,0,-1
1834922,1906854,0,2.989335546,0.194444444,280,0.684149184,1,0,-1
1834922,1915092,0,0.378923182,0.023809524,280,0.071428571,0.5,0,-1
1834922,1930940,0,2.452073458,0.166666667,245,0.531829282,1,0,-1
1834922,1941823,2,0.910239227,0.055555556,105,0.222222222,1,2,-1
1834924,1834935,6,2.892317456,0.5,77,0.754761905,1,6,-1
1834924,1838674,5,3.003786194,0.352941176,132,0.814285714,1,5,-1
1834924,1840620,5,2.971921316,0.4,110,0.797619048,1,5,-1
1834924,1843385,2,0.402429604,0.058823529,77,0.083333333,0.5,2,-1
1834924,1859463,2,0.402429604,0.03030303,253,0.083333333,0.5,2,-1
1834924,1859487,2,0.402429604,0.058823529,77,0.083333333,0.5,2,-1
1834924,1862799,2,0.402429604,0.04,165,0.083333333,0.5,2,-1
1834924,1877301,5,2.892317456,0.5,77,0.754761905,1,5,-1
1834924,1887323,0,0.434294482,0.076923077,33,0.1,0.5,0,-1
1834924,1888209,2,2.164042561,0.25,44,0.75,1,2,-1
1834924,1895730,0,0.434294482,0.076923077,33,0.1,0.5,0,-1
1834924,1895738,2,0.434294482,0.076923077,33,0.1,0.5,2,-1
1834924,1895997,3,2.164042561,0.25,44,0.75,1,3,-1
1834924,1902254,2,0.402429604,0.058823529,77,0.083333333,0.5,2,-1
1834924,1903998,0,2.164042561,0.25,44,0.75,1,0,-1
1834924,1904002,0,2.164042561,0.25,44,0.75,1,0,-1
1834924,1935777,0,2.892317456,0.5,77,0.754761905,1,0,-1
1834924,1943617,5,2.892317456,0.5,77,0.754761905,1,5,-1
1834924,1943635,0,2.892317456,0.5,77,0.754761905,1,0,-1
1834935,1838674,5,2.906920243,0.461538462,84,0.762337662,1,5,-1
1834935,1840620,5,2.875055365,0.545454545,70,0.745670996,1,5,-1
1834935,1843385,2,0.402429604,0.076923077,49,0.083333333,0.5,2,-1
1834935,1859463,2,0.402429604,0.034482759,161,0.083333333,0.5,2,-1
1834935,1859487,2,0.402429604,0.076923077,49,0.083333333,0.5,2,-1
1834935,1862799,2,0.402429604,0.047619048,105,0.083333333,0.5,2,-1
1834935,1877301,5,2.795451505,0.75,49,0.702813853,1,5,-1
1834935,1887323,0,0.434294482,0.111111111,21,0.1,0.5,0,-1
1834935,1888209,2,0.417032391,0.1,28,0.090909091,0.5,2,-1
1834935,1895730,0,0.434294482,0.111111111,21,0.1,0.5,0,-1
1834935,1895738,2,0.434294482,0.111111111,21,0.1,0.5,2,-1
1834935,1895997,4,0.417032391,0.1,28,0.090909091,0.5,4,-1
1834935,1902254,2,0.402429604,0.076923077,49,0.083333333,0.5,2,-1
1834935,1903998,0,0.417032391,0.1,28,0.090909091,0.5,0,-1
1834935,1904002,0,0.417032391,0.1,28,0.090909091,0.5,0,-1
1834935,1935777,0,2.795451505,0.75,49,0.702813853,1,0,-1
1834935,1943617,5,2.795451505,0.75,49,0.702813853,1,5,-1
1834935,1943635,0,2.795451505,0.75,49,0.702813853,1,0,-1
1834952,1838622,2,1.442695041,0.111111111,16,0.5,1,2,-1
1834952,1839985,2,0.480898347,0.142857143,12,0.125,0.5,2,-1
1834952,1867038,2,0.480898347,0.333333333,4,0.125,1,2,-1
1834952,1924155,2,0.480898347,0.142857143,12,0.125,0.5,2,-1
1834952,1933099,2,0.480898347,0.142857143,12,0.125,0.5,2,-1
1834952,1933790,2,0.480898347,0.142857143,12,0.125,0.5,2,-1
1834952,1933801,2,0.480898347,0.142857143,12,0.125,0.5,2,-1
1834952,1933807,2,0.480898347,0.142857143,12,0.125,0.5,2,-1
1834971,1842653,0,0.339623272,0.076923077,40,0.052631579,0.5,0,-1
1834971,1842670,0,0.339623272,0.047619048,72,0.052631579,0.5,0,-1
1834971,1849072,3,2.164042561,0.15,76,0.75,1,3,-1
1834971,1862838,2,0.339623272,0.076923077,40,0.052631579,0.5,2,-1
1834971,1866057,0,0.339623272,0.076923077,40,0.052631579,0.5,0,-1
1834971,1866218,0,0.339623272,0.076923077,40,0.052631579,0.5,0,-1
1834971,1866221,2,0.339623272,0.055555556,60,0.052631579,0.5,2,-1
1834971,1866225,3,0.339623272,0.055555556,60,0.052631579,0.5,3,-1
1834971,1867313,0,0.339623272,0.055555556,60,0.052631579,0.5,0,-1
1834971,1867322,0,0.339623272,0.076923077,40,0.052631579,0.5,0,-1
1834971,1867336,2,0.339623272,0.055555556,60,0.052631579,0.5,2,-1
1834971,1867484,2,0.339623272,0.055555556,60,0.052631579,0.5,2,-1
1834971,1882530,0,1.782318313,0.6,16,0.552631579,1,0,-1
1834971,1883165,3,1.782318313,0.6,16,0.552631579,1,3,-1
1834971,1883185,4,1.782318313,0.6,16,0.552631579,1,4,-1
1834971,1884906,3,0.339623272,0.0625,52,0.052631579,0.5,3,-1
1834971,1885213,2,0.339623272,0.076923077,40,0.052631579,0.5,2,-1
1834971,1885215,3,0.339623272,0.076923077,40,0.052631579,0.5,3,-1
1834971,1885567,3,0.339623272,0.076923077,40,0.052631579,0.5,3,-1
1834981,1835561,4,1.923593388,0.333333333,32,0.625,1,4,1
1834981,1836552,3,0.72134752,0.111111111,96,0.125,0.5,3,-1
1834981,1836704,0,0.72134752,0.111111111,96,0.125,0.5,0,-1
1834981,1836971,3,0.72134752,0.111111111,96,0.125,0.5,3,-1
1834981,1840680,3,0.72134752,0.111111111,96,0.125,0.5,3,-1
1834981,1841897,4,2.084241976,0.2,128,0.5875,1,4,-1
1834981,1851513,4,1.823580802,0.444444444,40,0.45,1,4,-1
1834981,1855385,6,1.923593388,0.333333333,32,0.625,1,6,1
1834981,1866313,0,1.823580802,0.444444444,40,0.45,1,0,-1
1834981,1867553,4,2.084241976,0.2,128,0.5875,1,4,-1
1834981,1872722,9,4.128059951,0.777777778,64,1.275,1,9,-1
1834981,1874510,3,0.72134752,0.111111111,96,0.125,0.5,3,-1
1834981,1888979,3,0.72134752,0.111111111,96,0.125,0.5,3,-1
1834981,1890341,3,0.72134752,0.111111111,96,0.125,0.5,3,-1
1834981,1897385,3,0.72134752,0.111111111,96,0.125,0.5,3,-1
1834981,1897430,3,0.72134752,0.111111111,96,0.125,0.5,3,-1
1834981,1916914,3,0.72134752,0.111111111,96,0.125,0.5,3,-1
1834981,1916926,3,0.72134752,0.111111111,96,0.125,0.5,3,-1
1834981,1935911,4,1.923593388,0.333333333,32,0.625,1,4,-1
1835009,1835065,11,2.790553133,0.714285714,36,0.833333333,1,11,-1
1835009,1840401,11,2.790553133,0.714285714,36,0.833333333,1,11,-1
1835009,1840409,6,2.790553133,0.714285714,36,0.833333333,1,6,-1
1835009,1843844,11,2.790553133,0.714285714,36,0.833333333,1,11,-1
1835022,1858666,6,2.790553133,0.714285714,36,0.833333333,1,6,-1
1835022,1866914,6,2.790553133,0.714285714,36,0.833333333,1,6,-1
1835022,1880374,6,2.790553133,0.714285714,36,0.833333333,1,6,-1
1835022,1898771,7,2.790553133,0.714285714,36,0.833333333,1,7,-1
1835022,1907119,6,2.790553133,0.714285714,36,0.833333333,1,6,-1
1835028,1837705,7,3.366288429,0.636363636,80,0.875,1,7,-1
1835028,1865723,2,1.442695041,0.090909091,20,0.5,1,2,1
1835028,1897141,7,3.366288429,0.636363636,80,0.875,1,7,-1
1835028,1897154,7,3.366288429,0.636363636,80,0.875,1,7,-1
1835028,1907183,0,3.366288429,0.636363636,80,0.875,1,0,-1
1835028,1929997,0,1.442695041,0.090909091,20,0.5,1,0,-1
1835065,1840401,11,2.790553133,0.714285714,36,0.833333333,1,11,-1
1835065,1840409,6,2.790553133,0.714285714,36,0.833333333,1,6,-1
1835065,1843844,11,2.790553133,0.714285714,36,0.833333333,1,11,-1
1835078,1894495,0,0,0,1,0,1,0,-1
1835083,1837628,10,4.009151459,0.444444444,153,1.083333333,1,10,-1
1835083,1840710,0,1.897814654,0.130434783,153,0.611111111,1,0,-1
1835083,1842653,2,0.345976256,0.038461538,170,0.055555556,0.5,2,-1
1835083,1842670,5,3.276109579,0.25,306,0.827777778,1,5,-1
1835083,1844153,1,0.455119613,0.041666667,136,0.111111111,0.5,1,-1
1835083,1844182,0,0.455119613,0.041666667,136,0.111111111,0.5,0,-1
1835083,1844454,0,0.369269373,0.025,408,0.066666667,0.5,0,-1
1835083,1847310,0,0.369269373,0.04,153,0.066666667,0.5,0,-1
1835083,1849072,0,0.345976256,0.028571429,323,0.055555556,0.5,0,-1
1835083,1855791,0,3.141187488,0.388888889,136,0.758333333,1,0,-1
1835083,1860371,2,1.442695041,0.055555556,34,0.5,1,2,-1
1835083,1866057,2,0.345976256,0.038461538,170,0.055555556,0.5,2,-1
1835083,1866218,2,0.345976256,0.038461538,170,0.055555556,0.5,2,-1
1835083,1866221,0,0.345976256,0.032258065,255,0.055555556,0.5,0,-1
1835083,1866225,0,0.345976256,0.032258065,255,0.055555556,0.5,0,-1
1835083,1867313,0,0.345976256,0.032258065,255,0.055555556,0.5,0,-1
1835083,1867322,2,0.345976256,0.038461538,170,0.055555556,0.5,2,-1
1835083,1867336,0,0.345976256,0.032258065,255,0.055555556,0.5,0,-1
1835083,1867484,0,0.345976256,0.032258065,255,0.055555556,0.5,0,-1
1835083,1868605,3,2.289054481,0.277777778,102,0.566666667,1,3,-1
1835083,1869544,9,2.566456418,0.285714286,170,0.583333333,1,9,-1
1835083,1875758,0,3.141187488,0.388888889,136,0.758333333,1,0,-1
1835083,1878630,0,2.289054481,0.277777778,102,0.566666667,1,0,-1
1835083,1878795,10,5.296417715,0.523809524,255,1.383333333,1,10,-1
1835083,1879307,8,4.154938058,0.5,170,1.038888889,1,8,-1
1835083,1879325,0,2.289054481,0.277777778,102,0.566666667,1,0,-1
1835083,1879500,0,2.477895735,0.185185185,255,0.666666667,1,0,-1
1835083,1881220,3,1.631586747,0.166666667,68,0.472222222,1,3,-1
1835083,1881928,0,1.442695041,0.055555556,34,0.5,1,0,-1
1835083,1882179,5,1.631586747,0.166666667,68,0.472222222,1,5,-1
1835083,1896037,3,0.803563855,0.105263158,68,0.166666667,0.5,3,-1
1835083,1896072,6,0.803563855,0.105263158,68,0.166666667,0.5,6,-1
1835083,1896906,6,0.803563855,0.105263158,68,0.166666667,0.5,6,-1
1835083,1905025,0,0.455119613,0.047619048,85,0.111111111,0.5,0,-1
1835083,1905030,0,0.455119613,0.047619048,85,0.111111111,0.5,0,-1
1835083,1935212,1,0.369269373,0.04,153,0.066666667,0.5,1,-1
1835083,1942391,0,0.369269373,0.04,153,0.066666667,0.5,0,-1
1835083,1942919,0,0.369269373,0.04,153,0.066666667,0.5,0,-1
1835083,1943073,0,0.369269373,0.04,153,0.066666667,0.5,0,-1
1835083,1943143,0,0.369269373,0.04,153,0.066666667,0.5,0,-1
1835083,1943158,0,0.369269373,0.04,153,0.066666667,0.5,0,-1
1835083,1943162,0,0.369269373,0.04,153,0.066666667,0.5,0,-1
1835123,1844389,5,2.485339738,0.666666667,25,0.8,1,5,1
1835123,1881443,5,2.485339738,0.666666667,25,0.8,1,5,1
1835123,1882813,5,2.485339738,0.666666667,25,0.8,1,5,-1
1835123,1882835,5,2.485339738,0.666666667,25,0.8,1,5,-1
1835155,1869380,4,2.634872111,0.714285714,36,0.75,1,4,1
1835155,1874763,0,2.790553133,0.384615385,72,0.833333333,1,0,-1
1835155,1880347,0,0.402429604,0.090909091,36,0.083333333,0.5,0,-1
1835155,1885544,4,2.634872111,0.714285714,36,0.75,1,4,-1
1835155,1886371,0,2.634872111,0.714285714,36,0.75,1,0,-1
1835155,1886379,4,2.634872111,0.714285714,36,0.75,1,4,-1
1835155,1888377,0,0.402429604,0.090909091,36,0.083333333,0.5,0,-1
1835155,1888587,0,0.402429604,0.090909091,36,0.083333333,0.5,0,-1
1835155,1889666,0,0.402429604,0.090909091,36,0.083333333,0.5,0,-1
1835155,1889671,0,0.402429604,0.090909091,36,0.083333333,0.5,0,-1
1835155,1901753,4,2.634872111,0.714285714,36,0.75,1,4,-1
1835155,1904584,0,0.402429604,0.090909091,36,0.083333333,0.5,0,-1
1835158,1864243,7,3.640956907,0.8,81,0.888888889,1,7,-1
1835158,1868279,9,3.640956907,0.8,81,0.888888889,1,9,-1
1835158,1926454,7,3.640956907,0.8,81,0.888888889,1,7,-1
1835158,1934530,0,3.640956907,0.8,81,0.888888889,1,0,-1
1835158,1935161,7,3.640956907,0.8,81,0.888888889,1,7,-1
1835158,1935175,0,3.640956907,0.8,81,0.888888889,1,0,-1
1835158,1935623,9,3.640956907,0.8,81,0.888888889,1,9,-1
1835158,1935639,7,3.640956907,0.8,81,0.888888889,1,7,-1
1835167,1852913,3,2.485339738,0.363636364,50,0.8,1,3,-1
1835167,1863088,0,2.485339738,0.363636364,50,0.8,1,0,-1
1835167,1873537,0,2.485339738,0.363636364,50,0.8,1,0,-1
1835167,1873551,3,2.485339738,0.363636364,50,0.8,1,3,-1
1835167,1874536,4,2.485339738,0.363636364,50,0.8,1,4,-1
1835167,1887604,2,2.485339738,0.363636364,50,0.8,1,2,-1
1835167,1888115,0,2.485339738,0.363636364,50,0.8,1,0,-1
1835167,1888135,0,2.485339738,0.363636364,50,0.8,1,0,-1
1835167,1896877,2,2.485339738,0.363636364,50,0.8,1,2,-1
1835167,1904520,0,2.485339738,0.363636364,50,0.8,1,0,-1
1835190,1862326,0,2.164042561,0.25,44,0.75,1,0,-1
1835190,1879030,0,0.417032391,0.1,28,0.090909091,0.5,0,-1
1835190,1879214,0,0.417032391,0.1,28,0.090909091,0.5,0,-1
1835190,1879751,0,1.859727432,0.6,16,0.590909091,1,0,-1
1835190,1901214,0,0.417032391,0.1,28,0.090909091,0.5,0,-1
1835190,1916761,0,0.417032391,0.1,28,0.090909091,0.5,0,-1
1835190,1924319,0,0.417032391,0.1,28,0.090909091,0.5,0,-1
1835190,1933299,0,0.417032391,0.1,28,0.090909091,0.5,0,-1
1835190,1933983,0,0.417032391,0.1,28,0.090909091,0.5,0,-1
1835190,1943268,0,1.859727432,0.6,16,0.590909091,1,0,-1
1835190,1943425,2,1.859727432,0.6,16,0.590909091,1,2,-1
1835260,1889649,0,0,0,1,0,1,0,-1
1835287,1842318,0,4.653813415,0.866666667,196,0.804861805,1,0,-1
1835287,1844353,0,0.27295842,0.038461538,182,0.025641026,0.5,0,-1
1835287,1851005,2,0.27295842,0.028571429,308,0.025641026,0.5,2,-1
1835287,1851608,2,0.323515453,0.047619048,112,0.045454545,0.5,2,-1
1835287,1852595,2,0.27295842,0.038461538,182,0.025641026,0.5,2,-1
1835287,1856334,7,4.653813415,0.866666667,196,0.804861805,1,7,-1
1835287,1857260,0,0.27295842,0.041666667,154,0.025641026,0.5,0,-1
1835287,1861092,2,0.27295842,0.037037037,196,0.025641026,0.5,2,-1
1835287,1861956,2,0.27295842,0.041666667,154,0.025641026,0.5,2,-1
1835287,1864372,3,0.27295842,0.058823529,56,0.025641026,0.5,3,-1
1835287,1866992,0,0.27295842,0.041666667,154,0.025641026,0.5,0,-1
1835287,1867193,2,0.27295842,0.038461538,182,0.025641026,0.5,2,-1
1835287,1867232,2,0.27295842,0.038461538,182,0.025641026,0.5,2,-1
1835287,1867549,0,0.27295842,0.038461538,182,0.025641026,0.5,0,-1
1835287,1868474,2,0.27295842,0.038461538,182,0.025641026,0.5,2,-1
1835287,1868479,2,0.27295842,0.038461538,182,0.025641026,0.5,2,-1
1835287,1868641,2,0.27295842,0.038461538,182,0.025641026,0.5,2,-1
1835287,1868649,2,0.27295842,0.058823529,56,0.025641026,0.5,2,-1
1835287,1868674,2,0.27295842,0.038461538,182,0.025641026,0.5,2,-1
1835287,1870097,0,0.27295842,0.041666667,154,0.025641026,0.5,0,-1
1835287,1871018,0,0.27295842,0.03125,266,0.025641026,0.5,0,-1
1835287,1871971,0,4.653813415,0.866666667,196,0.804861805,1,0,-1
1835287,1873388,0,0.647030906,0.095238095,126,0.090909091,0.5,0,-1
1835287,1873546,0,0.647030906,0.095238095,126,0.090909091,0.5,0,-1
1835287,1873552,0,0.647030906,0.095238095,126,0.090909091,0.5,0,-1
1835287,1875336,2,0.323515453,0.047619048,112,0.045454545,0.5,2,-1
1835287,1875636,7,4.653813415,0.866666667,196,0.804861805,1,7,-1
1835287,1880020,0,0.27295842,0.03125,266,0.025641026,0.5,0,-1
1835287,1880352,0,0.647030906,0.095238095,126,0.090909091,0.5,0,-1
1835287,1880817,0,0.647030906,0.095238095,126,0.090909091,0.5,0,-1
1835287,1880825,0,4.709221144,0.565217391,308,0.830835831,1,0,-1
1835287,1880850,0,4.709221144,0.565217391,308,0.830835831,1,0,-1
1835287,1881172,0,0.647030906,0.095238095,126,0.090909091,0.5,0,-1
1835287,1881689,0,0.647030906,0.095238095,126,0.090909091,0.5,0,-1
1835287,1882472,0,0.647030906,0.060606061,294,0.090909091,0.5,0,-1
1835287,1885052,7,4.653813415,0.866666667,196,0.804861805,1,7,-1
1835287,1885313,8,4.653813415,0.866666667,196,0.804861805,1,8,-1
1835287,1885317,0,4.653813415,0.866666667,196,0.804861805,1,0,-1
1835287,1885741,0,4.653813415,0.866666667,196,0.804861805,1,0,-1
1835287,1885792,7,4.653813415,0.866666667,196,0.804861805,1,7,-1
1835287,1886571,2,0.27295842,0.058823529,56,0.025641026,0.5,2,-1
1835287,1886905,2,0.27295842,0.038461538,182,0.025641026,0.5,2,-1
1835287,1896000,2,0.323515453,0.047619048,112,0.045454545,0.5,2,-1
1835287,1903241,2,0.27295842,0.038461538,182,0.025641026,0.5,2,-1
1835287,1924616,2,0.27295842,0.041666667,154,0.025641026,0.5,2,-1
1835287,1929109,2,0.323515453,0.047619048,112,0.045454545,0.5,2,-1
1835287,1929119,2,0.323515453,0.047619048,112,0.045454545,0.5,2,-1
1835287,1929480,2,0.27295842,0.041666667,154,0.025641026,0.5,2,-1
1835287,1929628,2,0.323515453,0.047619048,112,0.045454545,0.5,2,-1
1835287,1929669,2,0.323515453,0.047619048,112,0.045454545,0.5,2,-1
1835287,1929692,2,0.323515453,0.047619048,112,0.045454545,0.5,2,-1
1835289,1874064,3,1.820478453,0.5,9,0.666666667,1,3,-1
1835289,1924854,4,1.820478453,0.5,9,0.666666667,1,4,-1
1835289,1924869,3,1.820478453,0.5,9,0.666666667,1,3,-1
1835379,1878510,0,2.485339738,0.666666667,25,0.8,1,0,-1
1835379,1935545,0,2.485339738,0.666666667,25,0.8,1,0,-1
1835379,1936214,4,2.485339738,0.666666667,25,0.8,1,4,-1
1835379,1943933,3,2.485339738,0.666666667,25,0.8,1,3,-1
1835379,1943938,3,2.485339738,0.666666667,25,0.8,1,3,-1
1835400,1836065,37,10.20586388,0.646153846,2752,0.687750183,1,37,-1
1835400,1848756,0,0.695213803,0.06,430,0.040123457,0.5,0,-1
1835400,1858338,37,10.20586388,0.646153846,2752,0.687750183,1,37,-1
1835400,1858342,37,10.20401419,0.666666667,2666,0.687246151,1,37,-1
1835400,1859149,37,10.21875325,0.512195122,3483,0.691029504,1,37,-1
1835400,1869098,4,0.699914481,0.063829787,301,0.041331186,0.5,4,-1
1835400,1876129,0,10.21248606,0.575342466,3096,0.689486294,1,0,-1
1835400,1876278,0,0.227559807,0.02173913,172,0.012345679,0.5,0,-1
1835400,1877279,0,0.695213803,0.06,430,0.040123457,0.5,0,-1
1835400,1881052,39,10.21013572,0.6,2967,0.688882429,1,39,-1
1835400,1881731,0,10.20401419,0.666666667,2666,0.687246151,1,0,-1
1835400,1884362,37,10.20401419,0.666666667,2666,0.687246151,1,37,-1
1835400,1887302,37,10.21013572,0.6,2967,0.688882429,1,37,-1
1835400,1887466,0,3.331611039,0.311111111,688,0.209733964,0.5,0,-1
1835400,1887505,34,9.409403151,0.684210526,2279,0.618681737,0.5,34,-1
1835400,1889470,37,10.20401419,0.666666667,2666,0.687246151,1,37,-1
1835400,1889477,37,10.20401419,0.666666667,2666,0.687246151,1,37,-1
1835400,1889482,39,10.20401419,0.666666667,2666,0.687246151,1,39,-1
1835400,1889485,37,10.20401419,0.666666667,2666,0.687246151,1,37,-1
1835400,1889505,37,10.20401419,0.666666667,2666,0.687246151,1,37,-1
1835400,1890150,37,10.19069084,0.823529412,2150,0.683375183,1,37,-1
1835400,1890649,32,8.913669171,0.672727273,2107,0.583292126,0.5,32,-1
1835400,1890818,37,10.20401419,0.666666667,2666,0.687246151,1,37,-1
1835400,1894865,4,0.699914481,0.063829787,301,0.041331186,0.5,4,-1
1835400,1895014,4,0.699914481,0.063829787,301,0.041331186,0.5,4,-1
1835400,1895462,0,10.20586388,0.646153846,2752,0.687750183,1,0,-1
1835400,1895700,0,9.658945666,0.597014925,2752,0.636863555,0.5,0,-1
1835400,1895769,37,10.20586388,0.646153846,2752,0.687750183,1,37,-1
1835400,1895781,0,10.20586388,0.646153846,2752,0.687750183,1,0,-1
1835400,1896146,4,0.699914481,0.063829787,301,0.041331186,0.5,4,-1
1835400,1896537,37,10.20586388,0.646153846,2752,0.687750183,1,37,-1
1835400,1897377,0,9.914567885,0.672131148,2537,0.656863555,0.5,0,-1
1835400,1897404,37,10.20401419,0.666666667,2666,0.687246151,1,37,-1
1835400,1897437,37,10.20401419,0.666666667,2666,0.687246151,1,37,-1
1835400,1897765,37,10.20401419,0.666666667,2666,0.687246151,1,37,-1
1835400,1897769,37,10.20401419,0.666666667,2666,0.687246151,1,37,-1
1835400,1897811,37,10.20401419,0.666666667,2666,0.687246151,1,37,-1
1835400,1897828,37,10.20401419,0.666666667,2666,0.687246151,1,37,-1
1835400,1897833,37,10.20401419,0.666666667,2666,0.687246151,1,37,-1
1835400,1897940,33,8.925052053,0.755102041,1849,0.58662546,0.5,33,-1
1835400,1898626,36,9.914567885,0.672131148,2537,0.656863555,0.5,36,-1
1835400,1898636,36,9.169291389,0.703703704,2107,0.603292126,0.5,36,-1
1835400,1898641,37,10.20401419,0.666666667,2666,0.687246151,1,37,-1
1835400,1898899,33,9.169291389,0.703703704,2107,0.603292126,0.5,33,-1
1835400,1898904,36,9.914567885,0.672131148,2537,0.656863555,0.5,36,-1
1835400,1898908,37,10.20401419,0.666666667,2666,0.687246151,1,37,-1
1835400,1903190,4,0.699914481,0.063829787,301,0.041331186,0.5,4,-1
1835400,1903628,11,3.331611039,0.311111111,688,0.209733964,0.5,11,-1
1835400,1903641,37,10.20586388,0.646153846,2752,0.687750183,1,37,-1
1835400,1904219,37,10.21248606,0.575342466,3096,0.689486294,1,37,-1
1835400,1905172,37,10.20586388,0.646153846,2752,0.687750183,1,37,-1
1835400,1905192,0,10.20586388,0.646153846,2752,0.687750183,1,0,-1
1835400,1906005,37,10.20401419,0.666666667,2666,0.687246151,1,37,-1
1835400,1906022,33,8.925052053,0.755102041,1849,0.58662546,0.5,33,-1
1835400,1917292,37,10.20401419,0.666666667,2666,0.687246151,1,37,-1
1835400,1917304,37,10.19677054,0.75,2365,0.685193365,1,37,-1
1835400,1917317,37,10.20401419,0.666666667,2666,0.687246151,1,37,-1
1835400,1923597,0,9.409403151,0.709090909,2193,0.618681737,0.5,0,-1
1835400,1925101,37,10.18044047,0.954545455,1849,0.680119369,1,37,-1
1835400,1925110,37,10.19788756,0.736842105,2408,0.68551804,1,37,-1
1835400,1925114,37,10.18044047,0.954545455,1849,0.680119369,1,37,-1
1835400,1925166,37,10.19788756,0.736842105,2408,0.68551804,1,37,-1
1835400,1928898,2,0.227559807,0.02173913,172,0.012345679,0.5,2,-1
1835400,1929181,37,10.19788756,0.736842105,2408,0.68551804,1,37,-1
1835400,1933179,2,0.227559807,0.02173913,172,0.012345679,0.5,2,-1
1835400,1933953,0,0.227559807,0.02173913,172,0.012345679,0.5,0,-1
1835400,1934006,0,10.20207372,0.68852459,2580,0.686708516,1,0,-1
1835400,1935134,35,9.658945666,0.677966102,2408,0.636863555,0.5,35,-1
1835400,1935550,34,9.409403151,0.709090909,2193,0.618681737,0.5,34,-1
1835400,1935590,37,9.409403151,0.709090909,2193,0.618681737,0.5,37,-1
1835400,1936015,34,9.409403151,0.709090909,2193,0.618681737,0.5,34,-1
1835400,1936044,0,0.695213803,0.06,430,0.040123457,0.5,0,-1
1835400,1936070,0,0.695213803,0.06,430,0.040123457,0.5,0,-1
1835400,1936517,0,0.695213803,0.06,430,0.040123457,0.5,0,-1
1835400,1936521,3,0.695213803,0.06,430,0.040123457,0.5,3,-1
1835400,1942611,35,9.658945666,0.677966102,2408,0.636863555,0.5,35,-1
1835400,1943348,34,9.409403151,0.709090909,2193,0.618681737,0.5,34,-1
1835400,1943475,0,9.409403151,0.709090909,2193,0.618681737,0.5,0,-1
1835400,1943922,0,0.695213803,0.06,430,0.040123457,0.5,0,-1
1835410,1889097,6,2.790553133,0.714285714,36,0.833333333,1,6,-1
1835410,1889525,6,2.790553133,0.714285714,36,0.833333333,1,6,-1
1835410,1889554,6,2.790553133,0.714285714,36,0.833333333,1,6,-1
1835410,1897481,6,2.790553133,0.714285714,36,0.833333333,1,6,-1
1835410,1897550,8,2.790553133,0.714285714,36,0.833333333,1,8,-1
1835410,1898517,8,2.790553133,0.714285714,36,0.833333333,1,8,-1
1835461,1836569,2,2.485339738,0.285714286,65,0.8,1,2,-1
1835461,1849780,0,2.485339738,0.285714286,65,0.8,1,0,-1
1835461,1866366,6,3.878798443,0.5,104,1.15,1,6,1
1835461,1874115,0,3.878798443,0.5,104,1.15,1,0,1
1835461,1875092,0,2.064029975,0.285714286,65,0.575,1,0,1
1835461,1875343,6,3.878798443,0.5,104,1.15,1,6,1
1835461,1887020,0,2.558916294,0.357142857,78,0.708333333,1,0,-1
1835461,1901475,0,2.485339738,0.285714286,65,0.8,1,0,-1
1835461,1902559,6,2.558916294,0.357142857,78,0.708333333,1,6,-1
1835461,1906637,0,2.064029975,0.285714286,65,0.575,1,0,-1
1835461,1928933,0,2.558916294,0.357142857,78,0.708333333,1,0,-1
1835461,1929302,0,2.485339738,0.285714286,65,0.8,1,0,-1
1835461,1929391,0,2.485339738,0.285714286,65,0.8,1,0,-1
1835472,1849331,0,1.442695041,0.333333333,4,0.5,1,0,-1
1835472,1878311,0,1.442695041,0.333333333,4,0.5,1,0,-1
1835526,1852452,0,3.984521015,0.277777778,102,1.416666667,1,0,-1
1835526,1856795,0,1.820478453,0.111111111,51,0.666666667,1,0,-1
1835526,1860656,3,1.820478453,0.111111111,51,0.666666667,1,3,-1
1835526,1860810,2,1.820478453,0.111111111,51,0.666666667,1,2,1
1835526,1875147,0,1.468349853,0.111111111,51,0.5,1,0,1
1835526,1879164,0,1.468349853,0.111111111,51,0.5,1,0,-1
1835526,1883057,1,2.000805667,0.166666667,68,0.666666667,1,1,-1
1835526,1883111,0,2.000805667,0.166666667,68,0.666666667,1,0,-1
1835526,1908109,0,2.000805667,0.166666667,68,0.666666667,1,0,-1
1835526,1925685,8,3.366288429,0.388888889,136,0.875,1,8,-1
1835526,1926069,8,3.366288429,0.388888889,136,0.875,1,8,-1
1835526,1926163,8,3.366288429,0.388888889,136,0.875,1,8,-1
1835526,1926199,8,3.366288429,0.388888889,136,0.875,1,8,-1
1835526,1935079,8,3.366288429,0.388888889,136,0.875,1,8,-1
1835526,1935094,8,3.366288429,0.388888889,136,0.875,1,8,-1
1835526,1942358,8,3.366288429,0.388888889,136,0.875,1,8,-1
1835526,1942515,8,3.366288429,0.388888889,136,0.875,1,8,-1
1835530,1837046,7,3.024611325,0.666666667,56,0.825396825,1,7,1
1835530,1837925,9,2.99161133,0.75,49,0.807539683,1,9,1
1835530,1860671,7,2.99161133,0.75,49,0.807539683,1,7,1
1835530,1860684,7,3.050390059,0.6,63,0.839285714,1,7,1
1835530,1861856,9,2.99161133,0.75,49,0.807539683,1,9,1
1835530,1861881,7,2.99161133,0.75,49,0.807539683,1,7,1
1835530,1875815,0,0.455119613,0.058823529,77,0.111111111,0.5,0,-1
1835530,1884838,0,0.480898347,0.142857143,7,0.125,0.5,0,-1
1835530,1906992,0,0.455119613,0.125,14,0.111111111,0.5,0,-1
1835561,1841897,3,0.961796694,0.111111111,64,0.25,0.5,3,-1
1835561,1851513,3,0.961796694,0.285714286,20,0.25,0.5,3,-1
1835561,1855385,4,1.683144214,0.6,16,0.5,1,4,-1
1835561,1866313,0,0.961796694,0.285714286,20,0.25,0.5,0,-1
1835561,1867553,3,0.961796694,0.111111111,64,0.25,0.5,3,-1
1835561,1872722,4,1.923593388,0.333333333,32,0.625,1,4,-1
1835561,1935911,4,1.683144214,0.6,16,0.5,1,4,-1
1835567,1835581,2,1.820478453,0.5,9,0.666666667,1,2,-1
1835567,1841799,0,1.820478453,0.5,9,0.666666667,1,0,-1
1835567,1896543,0,1.820478453,0.5,9,0.666666667,1,0,-1
1835581,1841799,0,1.820478453,0.5,9,0.666666667,1,0,-1
1835581,1896543,0,1.820478453,0.5,9,0.666666667,1,0,-1
1835593,1836980,6,2.649967311,0.75,49,0.632275132,1,6,-1
1835593,1837036,2,0.303413076,0.0625,70,0.037037037,0.5,2,-1
1835593,1842668,0,1.108272284,0.333333333,35,0.203703704,0.5,0,-1
1835593,1846328,6,2.649967311,0.75,49,0.632275132,1,6,-1
1835593,1847880,0,1.108272284,0.333333333,35,0.203703704,0.5,0,-1
1835593,1853972,0,0.303413076,0.090909091,35,0.037037037,0.5,0,-1
1835593,1854319,2,0.303413076,0.090909091,35,0.037037037,0.5,2,-1
1835593,1855421,6,2.649967311,0.75,49,0.632275132,1,6,-1
1835593,1868603,2,0.303413076,0.0625,70,0.037037037,0.5,2,-1
1835593,1888391,0,1.108272284,0.333333333,35,0.203703704,0.5,0,-1
1835593,1907532,6,2.649967311,0.75,49,0.632275132,1,6,-1
1835593,1920860,2,0.303413076,0.0625,70,0.037037037,0.5,2,-1
1835593,1934076,2,0.303413076,0.0625,70,0.037037037,0.5,2,-1
1835593,1934755,2,0.303413076,0.0625,70,0.037037037,0.5,2,-1
1835593,1942345,2,0.303413076,0.0625,70,0.037037037,0.5,2,-1
1835597,1881441,12,4.678454943,0.857142857,169,0.923076923,1,12,-1
1835597,1887077,12,4.678454943,0.857142857,169,0.923076923,1,12,-1
1835597,1887379,0,4.678454943,0.857142857,169,0.923076923,1,0,-1
1835597,1894965,12,4.678454943,0.857142857,169,0.923076923,1,12,-1
1835597,1895962,12,4.678454943,0.857142857,169,0.923076923,1,12,-1
1835597,1896277,12,4.678454943,0.857142857,169,0.923076923,1,12,-1
1835597,1903364,12,4.678454943,0.857142857,169,0.923076923,1,12,-1
1835597,1904646,12,4.678454943,0.857142857,169,0.923076923,1,12,-1
1835597,1904651,17,4.678454943,0.857142857,169,0.923076923,1,17,-1
1835597,1914893,17,4.678454943,0.857142857,169,0.923076923,1,17,-1
1835597,1914898,17,4.678454943,0.857142857,169,0.923076923,1,17,-1
1835609,1844603,2,0.434294482,0.333333333,4,0.1,1,2,-1
1835609,1853370,0,0.434294482,0.111111111,16,0.1,0.5,0,-1
1835609,1880462,0,0.434294482,0.111111111,16,0.1,0.5,0,-1
1835609,1880954,0,0.434294482,0.111111111,16,0.1,0.5,0,-1
1835609,1881269,0,0.434294482,0.111111111,16,0.1,0.5,0,-1
1835609,1881274,0,0.434294482,0.111111111,16,0.1,0.5,0,-1
1835609,1882577,2,0.434294482,0.111111111,16,0.1,0.5,2,-1
1835609,1882602,0,0.434294482,0.111111111,16,0.1,0.5,0,-1
1835609,1882639,0,0.434294482,0.111111111,16,0.1,0.5,0,-1
1835617,1843235,2,0.378923182,0.166666667,10,0.071428571,0.5,2,-1
1835617,1855891,4,0.378923182,0.333333333,4,0.071428571,0.5,4,-1
1835617,1863577,2,0.378923182,0.166666667,10,0.071428571,0.5,2,-1
1835617,1879166,4,0.378923182,0.166666667,10,0.071428571,0.5,4,-1
1835617,1879369,0,0.378923182,0.166666667,10,0.071428571,0.5,0,-1
1835617,1880103,4,0.378923182,0.166666667,10,0.071428571,0.5,4,-1
1835617,1880117,2,0.378923182,0.166666667,10,0.071428571,0.5,2,-1
1835617,1883973,4,0.378923182,0.333333333,4,0.071428571,1,4,-1
1835617,1925581,2,0.378923182,0.166666667,10,0.071428571,0.5,2,-1
1835617,1934920,2,0.378923182,0.166666667,10,0.071428571,0.5,2,-1
1835617,1934929,4,0.378923182,0.166666667,10,0.071428571,0.5,4,-1
1835617,1934952,2,0.378923182,0.166666667,10,0.071428571,0.5,2,-1
1835617,1935741,4,0.378923182,0.333333333,4,0.071428571,0.5,4,-1
1835623,1843832,3,0.804859209,0.181818182,40,0.166666667,0.5,3,-1
1835623,1843834,4,2.266434408,0.307692308,60,0.683333333,1,4,-1
1835623,1844987,0,0.804859209,0.117647059,70,0.166666667,0.5,0,-1
1835623,1845329,4,2.266434408,0.307692308,60,0.683333333,1,4,-1
1835623,1848626,3,0.804859209,0.181818182,40,0.166666667,0.5,3,-1
1835623,1850092,4,2.047529078,0.666666667,25,0.566666667,1,4,-1
1835623,1852834,0,0.804859209,0.117647059,70,0.166666667,0.5,0,-1
1835623,1890437,0,0.804859209,0.181818182,40,0.166666667,0.5,0,-1
1835623,1892347,0,2.047529078,0.666666667,25,0.566666667,1,0,-1
1835623,1906367,0,0.804859209,0.117647059,70,0.166666667,0.5,0,-1
1835623,1906722,0,0.804859209,0.181818182,40,0.166666667,0.5,0,-1
1835623,1943919,4,2.047529078,0.666666667,25,0.566666667,1,4,-1
1835670,1838412,10,3.366288429,0.318181818,168,0.875,1,10,-1
1835670,1845729,0,0.328458739,0.071428571,56,0.047619048,0.5,0,-1
1835670,1855436,0,3.213848821,0.777777778,64,0.797619048,1,0,-1
1835670,1857087,0,3.213848821,0.777777778,64,0.797619048,1,0,-1
1835670,1873045,10,3.213848821,0.777777778,64,0.797619048,1,10,-1
1835670,1875424,0,0.328458739,0.090909091,32,0.047619048,0.5,0,-1
1835670,1876041,0,0.328458739,0.090909091,32,0.047619048,0.5,0,-1
1835670,1887073,0,3.213848821,0.777777778,64,0.797619048,1,0,-1
1835670,1887082,10,3.213848821,0.777777778,64,0.797619048,1,10,-1
1835670,1890310,0,0.328458739,0.076923077,48,0.047619048,0.5,0,-1
1835670,1894684,10,3.213848821,0.777777778,64,0.797619048,1,10,-1
1835670,1894698,10,3.213848821,0.777777778,64,0.797619048,1,10,-1
1835670,1899117,4,0.328458739,0.076923077,48,0.047619048,0.5,4,-1
1835670,1899122,4,0.328458739,0.076923077,48,0.047619048,0.5,4,-1
1835670,1899416,0,0.328458739,0.076923077,48,0.047619048,0.5,0,-1
1835670,1906971,4,0.328458739,0.076923077,48,0.047619048,0.5,4,-1
1835670,1907940,0,0.328458739,0.076923077,48,0.047619048,0.5,0,-1
1835670,1929888,0,0.328458739,0.090909091,32,0.047619048,0.5,0,-1
1835670,1933101,0,0.328458739,0.090909091,32,0.047619048,0.5,0,-1
1835670,1933804,4,0.328458739,0.090909091,32,0.047619048,0.5,4,-1
1835670,1935037,0,0.328458739,0.090909091,32,0.047619048,0.5,0,-1
1835680,1843467,15,4.678454943,0.857142857,169,0.923076923,1,15,-1
1835680,1872989,13,4.678454943,0.857142857,169,0.923076923,1,13,-1
1835680,1874021,13,4.678454943,0.857142857,169,0.923076923,1,13,-1
1835680,1874972,15,4.678454943,0.857142857,169,0.923076923,1,15,-1
1835680,1875014,13,4.678454943,0.857142857,169,0.923076923,1,13,-1
1835680,1884105,13,4.678454943,0.857142857,169,0.923076923,1,13,-1
1835680,1884347,13,4.678454943,0.857142857,169,0.923076923,1,13,-1
1835680,1884416,13,4.678454943,0.857142857,169,0.923076923,1,13,-1
1835680,1884425,13,4.678454943,0.857142857,169,0.923076923,1,13,-1
1835680,1884713,13,4.678454943,0.857142857,169,0.923076923,1,13,-1
1835680,1884774,13,4.678454943,0.857142857,169,0.923076923,1,13,-1
1835680,1885218,13,4.678454943,0.857142857,169,0.923076923,1,13,-1
1835680,1885280,13,4.678454943,0.857142857,169,0.923076923,1,13,-1
1835682,1856535,2,1.442695041,0.333333333,4,0.5,1,2,-1
1835682,1896019,2,1.442695041,0.333333333,4,0.5,1,2,-1
1835683,1835986,3,1.837568774,0.6,16,0.583333333,1,3,-1
1835683,1838531,0,0.558110627,0.2,8,0.166666667,0.5,0,-1
1835683,1839079,0,0.558110627,0.2,8,0.166666667,0.5,0,-1
1835683,1854860,0,1.837568774,0.6,16,0.583333333,1,0,-1
1835683,1869456,2,0.558110627,0.2,8,0.166666667,0.5,2,1
1835683,1873053,3,2.000805667,0.428571429,24,0.666666667,1,3,-1
1835716,1838058,2,0.434294482,0.076923077,48,0.1,0.5,2,-1
1835716,1849295,6,2.666736988,0.454545455,60,0.766666667,1,6,-1
1835716,1849893,2,0.434294482,0.111111111,24,0.1,0.5,2,-1
1835716,1854313,2,0.434294482,0.111111111,24,0.1,0.5,2,-1
1835716,1854320,2,0.434294482,0.111111111,24,0.1,0.5,2,-1
1835716,1857930,6,2.542920843,0.714285714,36,0.7,1,6,-1
1835716,1868134,6,2.542920843,0.714285714,36,0.7,1,6,-1
1835716,1878683,6,2.666736988,0.454545455,60,0.766666667,1,6,-1
1835716,1879966,2,0.434294482,0.111111111,24,0.1,0.5,2,-1
1835716,1928037,6,2.542920843,0.714285714,36,0.7,1,6,-1
1835716,1933499,2,0.434294482,0.111111111,24,0.1,0.5,2,-1
1835716,1934023,6,2.542920843,0.714285714,36,0.7,1,6,-1
1835716,1934174,2,0.434294482,0.111111111,24,0.1,0.5,2,-1
1835716,1934218,2,0.434294482,0.111111111,24,0.1,0.5,2,-1
1835762,1845022,0,0.328458739,0.052631579,64,0.047619048,0.5,0,-1
1835762,1858036,3,2.164042561,0.136363636,84,0.75,1,3,1
1835762,1858177,3,0.328458739,0.125,20,0.047619048,0.5,3,1
1835762,1859245,2,0.328458739,0.066666667,48,0.047619048,0.5,2,1
1835762,1872570,0,0.328458739,0.066666667,48,0.047619048,0.5,0,-1
1835762,1872709,0,0.328458739,0.066666667,48,0.047619048,0.5,0,-1
1835762,1872856,0,0.328458739,0.125,20,0.047619048,0.5,0,-1
1835762,1878427,0,0.328458739,0.066666667,48,0.047619048,0.5,0,-1
1835762,1878442,0,0.328458739,0.066666667,48,0.047619048,0.5,0,-1
1835762,1881952,0,0.328458739,0.066666667,48,0.047619048,0.5,0,-1
1835762,1882472,2,0.328458739,0.041666667,84,0.047619048,0.5,2,-1
1835762,1888434,0,0.328458739,0.066666667,48,0.047619048,0.5,0,-1
1835762,1888803,0,0.328458739,0.066666667,48,0.047619048,0.5,0,-1
1835762,1888823,0,0.328458739,0.066666667,48,0.047619048,0.5,0,-1
1835762,1898702,2,0.328458739,0.125,20,0.047619048,0.5,2,-1
1835762,1899878,2,0.328458739,0.125,20,0.047619048,0.5,2,-1
1835762,1899883,3,0.328458739,0.125,20,0.047619048,0.5,3,-1
1835762,1916377,3,0.328458739,0.066666667,48,0.047619048,0.5,3,-1
1835762,1934868,0,1.77115378,0.6,16,0.547619048,1,0,-1
1835762,1934899,3,1.77115378,0.6,16,0.547619048,1,3,-1
1835762,1934905,4,1.77115378,0.6,16,0.547619048,1,4,-1
1835816,1842204,0,2.164042561,0.6,16,0.75,1,0,-1
1835816,1848097,0,2.164042561,0.6,16,0.75,1,0,1
1835816,1874185,4,2.164042561,0.6,16,0.75,1,4,1
1835828,1856340,11,2.792792201,0.4,98,0.701298701,1,11,-1
1835828,1856620,4,1.251097174,0.3,42,0.272727273,0.5,4,-1
1835828,1859685,11,2.657817041,0.75,49,0.62987013,1,11,-1
1835828,1859716,11,2.754682992,0.5,77,0.681818182,1,11,-1
1835828,1859828,7,2.754682992,0.5,77,0.681818182,1,7,-1
1835828,1861511,4,0.378923182,0.076923077,49,0.071428571,0.5,4,-1
1835828,1861556,4,0.378923182,0.076923077,49,0.071428571,0.5,4,-1
1835828,1862708,2,0.378923182,0.076923077,49,0.071428571,0.5,2,-1
1835828,1881474,7,2.754682992,0.5,77,0.681818182,1,7,-1
1835828,1881516,4,1.251097174,0.3,42,0.272727273,0.5,4,-1
1835828,1882348,6,1.251097174,0.1875,84,0.272727273,0.5,6,-1
1835828,1883200,0,1.251097174,0.3,42,0.272727273,0.5,0,-1
1835828,1895814,4,0.378923182,0.076923077,49,0.071428571,0.5,4,-1
1835828,1895825,4,0.378923182,0.076923077,49,0.071428571,0.5,4,-1
1835828,1895890,4,0.378923182,0.076923077,49,0.071428571,0.5,4,-1
1835828,1905293,4,0.378923182,0.076923077,49,0.071428571,0.5,4,-1
1835828,1934518,11,2.657817041,0.75,49,0.62987013,1,11,-1
1835828,1934539,7,2.657817041,0.75,49,0.62987013,1,7,-1
1835844,1839919,0,2.713340853,0.555555556,48,0.791666667,1,0,-1
1835844,1840481,1,2.636128574,0.714285714,36,0.75,1,1,-1
1835844,1851422,0,2.713340853,0.555555556,48,0.791666667,1,0,-1
1835844,1896246,0,2.636128574,0.714285714,36,0.75,1,0,-1
1835844,1930849,0,0.961796694,0.285714286,18,0.25,0.5,0,-1
1835844,1935277,0,0.961796694,0.285714286,18,0.25,0.5,0,-1
1835861,1883803,0,2.485339738,0.666666667,25,0.8,1,0,-1
1835861,1894165,0,2.485339738,0.666666667,25,0.8,1,0,-1
1835861,1901815,0,2.485339738,0.666666667,25,0.8,1,0,-1
1835861,1901854,2,2.485339738,0.666666667,25,0.8,1,2,-1
1835861,1901859,0,2.485339738,0.666666667,25,0.8,1,0,-1
1835862,1853469,0,0.72134752,0.2,8,0.25,1,0,-1
1835862,1863492,2,0.72134752,0.2,8,0.25,1,2,1
1835862,1907506,2,1.442695041,0.666666667,6,0.5,0.5,2,-1
1835862,1918548,4,1.442695041,0.666666667,6,0.5,0.5,4,-1
1835863,1837011,0,0.269282508,0.047619048,112,0.024390244,0.5,0,-1
1835863,1838064,0,0.560489184,0.095238095,126,0.056648308,0.5,0,-1
1835863,1838543,0,0.31465798,0.047619048,112,0.041666667,0.5,0,-1
1835863,1840384,0,0.269282508,0.047619048,112,0.024390244,0.5,0,-1
1835863,1840421,0,0.269282508,0.034482759,224,0.024390244,0.5,0,-1
1835863,1843105,0,0.560489184,0.095238095,126,0.056648308,0.5,0,-1
1835863,1845379,0,0.603090709,0.105263158,98,0.074390244,0.5,0,-1
1835863,1849070,0,0.269282508,0.034482759,224,0.024390244,0.5,0,-1
1835863,1850116,0,4.532758865,0.866666667,196,0.750814975,1,0,-1
1835863,1850125,0,0.603090709,0.105263158,98,0.074390244,0.5,0,-1
1835863,1850145,0,4.577873846,0.619047619,280,0.772243547,1,0,-1
1835863,1850515,0,0.31465798,0.047619048,112,0.041666667,0.5,0,-1
1835863,1853412,2,0.291206676,0.038461538,182,0.032258065,0.5,2,-1
1835863,1854967,0,4.532758865,0.866666667,196,0.750814975,1,0,-1
1835863,1854987,0,0.560489184,0.095238095,126,0.056648308,0.5,0,-1
1835863,1855661,2,0.310667467,0.04,168,0.04,0.5,2,-1
1835863,1855704,4,0.601874143,0.086956522,154,0.072258065,0.5,4,-1
1835863,1856759,5,4.601014579,0.5,350,0.782243547,1,5,-1
1835863,1856892,0,0.291206676,0.052631579,84,0.032258065,0.5,0,-1
1835863,1863431,0,4.642399538,0.30952381,574,0.797853303,1,0,-1
1835863,1864125,0,0.31465798,0.047619048,112,0.041666667,0.5,0,-1
1835863,1864624,0,0.269282508,0.058823529,56,0.024390244,0.5,0,-1
1835863,1865754,0,0.560489184,0.071428571,224,0.056648308,0.5,0,-1
1835863,1871987,0,0.560489184,0.083333333,168,0.056648308,0.5,0,-1
1835863,1872579,5,4.532758865,0.866666667,196,0.750814975,1,5,-1
1835863,1877781,2,0.310667467,0.041666667,154,0.04,0.5,2,-1
1835863,1877786,3,0.310667467,0.05,98,0.04,0.5,3,-1
1835863,1877791,2,0.310667467,0.05,98,0.04,0.5,2,-1
1835863,1878011,3,0.310667467,0.05,98,0.04,0.5,3,-1
1835863,1878502,0,0.310667467,0.05,98,0.04,0.5,0,-1
1835863,1878612,2,0.310667467,0.05,98,0.04,0.5,2,-1
1835863,1880435,0,0.269282508,0.055555556,70,0.024390244,0.5,0,-1
1835863,1882308,0,0.291206676,0.05,98,0.032258065,0.5,0,-1
1835863,1882884,0,0.560489184,0.083333333,168,0.056648308,0.5,0,-1
1835863,1883730,2,0.291206676,0.05,98,0.032258065,0.5,2,-1
1835863,1884221,0,0.603090709,0.105263158,98,0.074390244,0.5,0,-1
1835863,1884484,0,0.269282508,0.047619048,112,0.024390244,0.5,0,-1
1835863,1884533,0,0.603090709,0.105263158,98,0.074390244,0.5,0,-1
1835863,1885090,2,0.291206676,0.052631579,84,0.032258065,0.5,2,-1
1835863,1885543,0,0.603090709,0.105263158,98,0.074390244,0.5,0,-1
1835863,1885568,0,0.269282508,0.047619048,112,0.024390244,0.5,0,-1
1835863,1885962,0,0.269282508,0.047619048,112,0.024390244,0.5,0,-1
1835863,1885975,0,0.269282508,0.047619048,112,0.024390244,0.5,0,-1
1835863,1886924,0,0.944614249,0.2,56,0.128556911,0.5,0,-1
1835863,1888879,0,4.532758865,0.866666667,196,0.750814975,1,0,-1
1835863,1893326,2,0.291206676,0.04,168,0.032258065,0.5,2,-1
1835863,1896254,0,4.532758865,0.866666667,196,0.750814975,1,0,-1
1835863,1896733,5,4.532758865,0.866666667,196,0.750814975,1,5,-1
1835863,1903029,0,0.944614249,0.2,56,0.128556911,0.5,0,-1
1835863,1905225,5,4.532758865,0.866666667,196,0.750814975,1,5,-1
1835863,1905337,0,0.310667467,0.055555556,70,0.04,0.5,0,-1
1835863,1929239,3,0.310667467,0.055555556,70,0.04,0.5,3,-1
1835863,1930831,0,0.31465798,0.047619048,112,0.041666667,0.5,0,-1
1835863,1934377,0,0.31465798,0.047619048,112,0.041666667,0.5,0,-1
1835863,1935420,0,0.31465798,0.047619048,112,0.041666667,0.5,0,-1
1835877,1859313,0,0,0,1,0,1,0,-1
1835899,1841911,0,0.36067376,0.066666667,63,0.0625,0.5,0,-1
1835899,1842052,1,0.36067376,0.066666667,63,0.0625,0.5,1,-1
1835899,1843057,1,0.36067376,0.066666667,63,0.0625,0.5,1,-1
1835899,1859055,5,2.930165472,0.75,49,0.776785714,1,5,-1
1835899,1880201,0,0.36067376,0.066666667,63,0.0625,0.5,0,-1
1835899,1880856,1,0.36067376,0.066666667,63,0.0625,0.5,1,-1
1835899,1881703,1,0.36067376,0.066666667,63,0.0625,0.5,1,-1
1835899,1881863,9,2.930165472,0.75,49,0.776785714,1,9,-1
1835899,1882264,0,0.36067376,0.066666667,63,0.0625,0.5,0,-1
1835899,1883071,1,0.36067376,0.066666667,63,0.0625,0.5,1,-1
1835899,1883114,0,3.083390054,0.352941176,112,0.857142857,1,0,-1
1835899,1883130,0,0.36067376,0.066666667,63,0.0625,0.5,0,-1
1835899,1887624,9,2.930165472,0.75,49,0.776785714,1,9,-1
1835899,1895492,0,2.930165472,0.75,49,0.776785714,1,0,-1
1835899,1895605,9,2.930165472,0.75,49,0.776785714,1,9,-1
1835899,1915225,9,2.930165472,0.75,49,0.776785714,1,9,-1
1835915,1858144,5,1.820478453,0.5,9,0.666666667,1,5,-1
1835915,1903306,5,1.820478453,0.5,9,0.666666667,1,5,-1
1835915,1903942,3,1.820478453,0.5,9,0.666666667,1,3,-1
1835941,1849800,5,1.820478453,0.5,9,0.666666667,1,5,-1
1835941,1895452,5,1.820478453,0.5,9,0.666666667,1,5,-1
1835941,1903909,3,1.820478453,0.5,9,0.666666667,1,3,-1
1835942,1836219,10,3.083390054,0.75,49,0.857142857,1,10,-1
1835942,1841777,6,3.083390054,0.75,49,0.857142857,1,6,-1
1835942,1852343,0,3.083390054,0.75,49,0.857142857,1,0,-1
1835942,1859419,10,3.083390054,0.75,49,0.857142857,1,10,-1
1835942,1859459,10,3.083390054,0.75,49,0.857142857,1,10,-1
1835942,1867470,6,3.083390054,0.75,49,0.857142857,1,6,-1
1835955,1836179,0,0.402429604,0.090909091,36,0.083333333,0.5,0,-1
1835955,1842390,0,2.634872111,0.714285714,36,0.75,1,0,-1
1835955,1845396,0,0.402429604,0.090909091,36,0.083333333,0.5,0,-1
1835955,1871063,0,0.402429604,0.090909091,36,0.083333333,0.5,0,-1
1835955,1888492,0,0.402429604,0.090909091,36,0.083333333,0.5,0,-1
1835955,1889642,0,0.402429604,0.090909091,36,0.083333333,0.5,0,-1
1835955,1891782,0,2.634872111,0.714285714,36,0.75,1,0,-1
1835955,1894222,0,2.634872111,0.714285714,36,0.75,1,0,-1
1835955,1904518,0,0.402429604,0.090909091,36,0.083333333,0.5,0,-1
1835955,1925222,0,2.634872111,0.714285714,36,0.75,1,0,-1
1835963,1852633,0,0.588028208,0.051282051,378,0.066666667,0.5,0,-1
1835963,1858213,17,6.483856115,0.390243902,810,1.381481481,1,17,1
1835963,1858316,24,6.864962327,0.678571429,540,1.212037037,1,24,1
1835963,1859308,13,3.328144859,0.285714286,243,0.737037037,1,13,1
1835963,1859327,24,6.864962327,0.678571429,540,1.212037037,1,24,1
1835963,1859368,24,6.864962327,0.678571429,540,1.212037037,1,24,1
1835963,1859500,34,10.08119475,0.928571429,729,2.002777778,1,34,1
1835963,1859555,3,0.588028208,0.051282051,378,0.066666667,0.5,3,1
1835963,1877728,3,0.588028208,0.051282051,378,0.066666667,0.5,3,-1
1835963,1896649,13,3.328144859,0.285714286,243,0.737037037,1,13,-1
1835963,1896669,9,3.328144859,0.285714286,243,0.737037037,1,9,-1
1835963,1896684,13,3.328144859,0.285714286,243,0.737037037,1,13,-1
1835963,1897460,9,3.328144859,0.285714286,243,0.737037037,1,9,-1
1835963,1897650,20,6.864962327,0.678571429,540,1.212037037,1,20,-1
1835963,1898506,9,2.842899209,0.285714286,243,0.492592593,1,9,-1
1835963,1904841,9,3.328144859,0.285714286,243,0.737037037,1,9,-1
1835963,1905170,9,3.328144859,0.285714286,243,0.737037037,1,9,-1
1835963,1906266,9,2.842899209,0.285714286,243,0.492592593,1,9,-1
1835963,1924633,16,5.178723824,0.535714286,432,0.83287037,1,16,-1
1835963,1924710,16,5.178723824,0.535714286,432,0.83287037,1,16,-1
1835963,1924722,16,5.178723824,0.535714286,432,0.83287037,1,16,-1
1835963,1925639,16,5.178723824,0.535714286,432,0.83287037,1,16,-1
1835963,1925672,3,0.588028208,0.051282051,378,0.066666667,0.5,3,-1
1835963,1925674,3,0.588028208,0.051282051,378,0.066666667,0.5,3,-1
1835963,1926048,4,0.588028208,0.051282051,378,0.066666667,0.5,4,-1
1835963,1929452,16,5.178723824,0.535714286,432,0.83287037,1,16,-1
1835963,1929541,16,5.178723824,0.535714286,432,0.83287037,1,16,-1
1835963,1929561,16,5.178723824,0.535714286,432,0.83287037,1,16,-1
1835963,1929570,17,5.539397584,0.390243902,810,0.89537037,1,17,-1
1835963,1930070,16,5.178723824,0.535714286,432,0.83287037,1,16,-1
1835963,1930330,9,2.842899209,0.285714286,243,0.492592593,1,9,-1
1835963,1934466,16,5.178723824,0.535714286,432,0.83287037,1,16,-1
1835963,1934484,16,5.178723824,0.535714286,432,0.83287037,1,16,-1
1835963,1934812,3,0.588028208,0.051282051,378,0.066666667,0.5,3,-1
1835963,1935017,3,0.588028208,0.051282051,378,0.066666667,0.5,3,-1
1835963,1935070,0,0.588028208,0.051282051,378,0.066666667,0.5,0,-1
1835963,1942256,3,0.588028208,0.051282051,378,0.066666667,0.5,3,-1
1835963,1942278,0,0.588028208,0.051282051,378,0.066666667,0.5,0,-1
1835963,1942285,4,0.588028208,0.051282051,378,0.066666667,0.5,4,-1
1835963,1942479,4,0.588028208,0.051282051,378,0.066666667,0.5,4,-1
1835977,1838085,0,0.389871245,0.04,120,0.076923077,0.5,0,-1
1835977,1859516,0,2.622313751,0.714285714,36,0.743589744,1,0,-1
1835977,1866858,0,0.389871245,0.083333333,42,0.076923077,0.5,0,-1
1835977,1873853,0,0.389871245,0.083333333,42,0.076923077,0.5,0,-1
1835977,1876950,0,0.389871245,0.083333333,42,0.076923077,0.5,0,-1
1835977,1887422,0,2.622313751,0.714285714,36,0.743589744,1,0,-1
1835977,1895112,0,2.622313751,0.714285714,36,0.743589744,1,0,-1
1835977,1895140,3,2.622313751,0.714285714,36,0.743589744,1,3,-1
1835977,1895948,0,2.622313751,0.714285714,36,0.743589744,1,0,-1
1835977,1903289,2,2.790553133,0.357142857,78,0.833333333,1,2,-1
1835977,1918080,0,0.389871245,0.083333333,42,0.076923077,0.5,0,-1
1835977,1935133,2,0.389871245,0.083333333,42,0.076923077,0.5,2,-1
1835977,1935154,0,0.389871245,0.083333333,42,0.076923077,0.5,0,-1
1835986,1838531,0,0.558110627,0.2,8,0.166666667,0.5,0,-1
1835986,1839079,0,0.558110627,0.2,8,0.166666667,0.5,0,-1
1835986,1854860,0,1.837568774,0.6,16,0.583333333,1,0,-1
1835986,1869456,2,0.558110627,0.2,8,0.166666667,0.5,2,-1
1835986,1873053,3,2.000805667,0.428571429,24,0.666666667,1,3,-1
1836015,1839282,3,2.164042561,0.6,16,0.75,1,3,-1
1836015,1842351,3,2.164042561,0.6,16,0.75,1,3,-1
1836015,1858559,0,2.164042561,0.6,16,0.75,1,0,-1
1836015,1943867,3,2.164042561,0.6,16,0.75,1,3,-1
1836065,1842016,1,0.240449173,0.01369863,640,0.015625,0.5,1,-1
1836065,1847866,3,0.247337947,0.014084507,512,0.01754386,0.5,3,-1
1836065,1848756,0,0.695213803,0.042253521,640,0.040123457,0.5,0,-1
1836065,1854818,2,0.247337947,0.014084507,512,0.01754386,0.5,2,-1
1836065,1856303,2,0.247337947,0.014084507,512,0.01754386,0.5,2,-1
1836065,1858338,53,15.75348312,0.969230769,4096,1.184362701,1,53,-1
1836065,1858342,52,15.0302859,0.938461538,3968,1.058858669,1,52,-1
1836065,1859149,63,15.76637249,0.768292683,5184,1.187642022,1,63,-1
1836065,1864580,0,0.504287118,0.03030303,256,0.037952023,0.5,0,-1
1836065,1869098,4,0.699914481,0.044117647,448,0.041331186,0.5,4,-1
1836065,1876129,0,15.7601053,0.863013699,4608,1.186098812,1,0,-1
1836065,1876278,0,0.227559807,0.014925373,256,0.012345679,0.5,0,-1
1836065,1877279,0,0.695213803,0.042253521,640,0.040123457,0.5,0,-1
1836065,1878194,5,0.504287118,0.026666667,832,0.037952023,0.5,5,-1
1836065,1881052,53,15.75775496,0.9,4416,1.185494947,1,53,-1
1836065,1881731,0,15.0302859,0.938461538,3968,1.058858669,1,0,-1
1836065,1884362,52,15.0302859,0.938461538,3968,1.058858669,1,52,-1
1836065,1887302,63,15.75775496,0.9,4416,1.185494947,1,63,-1
1836065,1887466,0,3.703706274,0.230769231,1024,0.275476889,1,0,-1
1836065,1887505,49,12.88934852,0.8,3392,0.947890539,1,49,-1
1836065,1889470,52,15.0302859,0.938461538,3968,1.058858669,1,52,-1
1836065,1889477,52,15.0302859,0.938461538,3968,1.058858669,1,52,-1
1836065,1889482,52,15.0302859,0.938461538,3968,1.058858669,1,52,-1
1836065,1889485,52,15.0302859,0.938461538,3968,1.058858669,1,52,-1
1836065,1889505,52,15.0302859,0.938461538,3968,1.058858669,1,52,-1
1836065,1890150,43,11.99749595,0.753846154,3200,0.829181409,1,43,-1
1836065,1890649,44,10.90749464,0.661764706,3136,0.728214056,1,44,-1
1836065,1890818,52,15.0302859,0.938461538,3968,1.058858669,1,52,-1
1836065,1894865,7,0.699914481,0.044117647,448,0.041331186,0.5,7,-1
1836065,1895014,7,0.699914481,0.044117647,448,0.041331186,0.5,7,-1
1836065,1895462,0,15.75348312,0.969230769,4096,1.184362701,1,0,-1
1836065,1895700,0,13.44715045,0.753424658,4096,0.923083631,1,0,-1
1836065,1895769,53,15.75348312,0.969230769,4096,1.184362701,1,53,-1
1836065,1895781,0,15.75348312,0.969230769,4096,1.184362701,1,0,-1
1836065,1896146,4,0.699914481,0.044117647,448,0.041331186,0.5,4,-1
1836065,1896537,63,15.75348312,0.969230769,4096,1.184362701,1,63,-1
1836065,1897377,0,14.22972095,0.892307692,3776,0.988271106,1,0,-1
1836065,1897404,52,15.0302859,0.938461538,3968,1.058858669,1,52,-1
1836065,1897437,52,15.0302859,0.938461538,3968,1.058858669,1,52,-1
1836065,1897765,52,15.0302859,0.938461538,3968,1.058858669,1,52,-1
1836065,1897769,52,15.0302859,0.938461538,3968,1.058858669,1,52,-1
1836065,1897811,52,15.0302859,0.938461538,3968,1.058858669,1,52,-1
1836065,1897828,52,15.0302859,0.938461538,3968,1.058858669,1,52,-1
1836065,1897833,52,15.0302859,0.938461538,3968,1.058858669,1,52,-1
1836065,1897940,44,10.20011199,0.646153846,2752,0.685920058,1,44,-1
1836065,1898626,49,14.22972095,0.892307692,3776,0.988271106,1,49,-1
1836065,1898636,41,11.69486203,0.738461538,3136,0.794725684,1,41,-1
1836065,1898641,52,15.0302859,0.938461538,3968,1.058858669,1,52,-1
1836065,1898899,41,11.69486203,0.738461538,3136,0.794725684,1,41,-1
1836065,1898904,59,14.22972095,0.892307692,3776,0.988271106,1,59,-1
1836065,1898908,52,15.0302859,0.938461538,3968,1.058858669,1,52,-1
1836065,1903190,4,0.699914481,0.044117647,448,0.041331186,0.5,4,-1
1836065,1903628,11,3.703706274,0.230769231,1024,0.275476889,1,11,-1
1836065,1903641,53,15.75348312,0.969230769,4096,1.184362701,1,53,-1
1836065,1904219,53,15.7601053,0.863013699,4608,1.186098812,1,53,-1
1836065,1905172,53,15.75348312,0.969230769,4096,1.184362701,1,53,-1
1836065,1905192,0,15.75348312,0.969230769,4096,1.184362701,1,0,-1
1836065,1906005,62,15.0302859,0.938461538,3968,1.058858669,1,62,-1
1836065,1906022,44,10.20011199,0.646153846,2752,0.685920058,1,44,-1
1836065,1906942,5,0.504287118,0.03030303,256,0.037952023,0.5,5,-1
1836065,1917292,52,15.0302859,0.938461538,3968,1.058858669,1,52,-1
1836065,1917304,47,13.24516294,0.830769231,3520,0.920290899,1,47,-1
1836065,1917317,52,15.0302859,0.938461538,3968,1.058858669,1,52,-1
1836065,1923597,0,12.16553687,0.769230769,3264,0.82215062,1,0,-1
1836065,1924396,0,0.247337947,0.014084507,512,0.01754386,0.5,0,-1
1836065,1924456,2,0.247337947,0.014084507,512,0.01754386,0.5,2,-1
1836065,1924808,2,0.247337947,0.014084507,512,0.01754386,0.5,2,-1
1836065,1925021,1,0.240449173,0.014084507,512,0.015625,0.5,1,-1
1836065,1925101,37,10.20586388,0.646153846,2752,0.687750183,1,37,-1
1836065,1925110,53,13.47422864,0.846153846,3584,0.931850581,1,53,-1
1836065,1925114,37,10.20586388,0.646153846,2752,0.687750183,1,37,-1
1836065,1925166,46,13.47422864,0.846153846,3584,0.931850581,1,46,-1
1836065,1928898,4,0.227559807,0.014925373,256,0.012345679,0.5,4,-1
1836065,1929047,1,0.240449173,0.014084507,512,0.015625,0.5,1,-1
1836065,1929061,1,0.240449173,0.014084507,512,0.015625,0.5,1,-1
1836065,1929181,46,13.47422864,0.846153846,3584,0.931850581,1,46,-1
1836065,1929518,1,0.240449173,0.014084507,512,0.015625,0.5,1,-1
1836065,1933179,4,0.227559807,0.014925373,256,0.012345679,0.5,4,-1
1836065,1933196,0,0.240449173,0.014084507,512,0.015625,0.5,0,-1
1836065,1933443,2,0.247337947,0.014084507,512,0.01754386,0.5,2,-1
1836065,1933447,3,0.247337947,0.014084507,512,0.01754386,0.5,3,-1
1836065,1933881,1,0.240449173,0.014084507,512,0.015625,0.5,1,-1
1836065,1933953,0,0.227559807,0.014925373,256,0.012345679,0.5,0,-1
1836065,1934006,0,14.49660027,0.907692308,3840,1.011809406,1,0,-1
1836065,1935134,46,13.43917413,0.846153846,3584,0.920851488,1,46,-1
1836065,1935550,41,12.16553687,0.769230769,3264,0.82215062,1,41,-1
1836065,1935590,41,12.16553687,0.769230769,3264,0.82215062,1,41,-1
1836065,1936015,41,12.16553687,0.769230769,3264,0.82215062,1,41,-1
1836065,1936044,0,0.695213803,0.042253521,640,0.040123457,0.5,0,-1
1836065,1936070,0,0.695213803,0.042253521,640,0.040123457,0.5,0,-1
1836065,1936517,0,0.695213803,0.042253521,640,0.040123457,0.5,0,-1
1836065,1936521,3,0.695213803,0.042253521,640,0.040123457,0.5,3,-1
1836065,1942611,46,13.43917413,0.846153846,3584,0.920851488,1,46,-1
1836065,1943348,41,12.16553687,0.769230769,3264,0.82215062,1,41,-1
1836065,1943475,0,12.16553687,0.769230769,3264,0.82215062,1,0,-1
1836065,1943922,0,0.695213803,0.042253521,640,0.040123457,0.5,0,-1
1836089,1877497,3,1.820478453,0.5,9,0.666666667,1,3,1
1836089,1906331,4,1.820478453,0.5,9,0.666666667,1,4,-1
1836089,1906341,3,1.820478453,0.5,9,0.666666667,1,3,-1
1836119,1858545,8,2.485339738,0.666666667,25,0.8,1,8,-1
1836119,1859465,0,2.485339738,0.666666667,25,0.8,1,0,-1
1836119,1859493,8,2.485339738,0.666666667,25,0.8,1,8,-1
1836119,1859518,8,2.485339738,0.666666667,25,0.8,1,8,-1
1836119,1877863,8,2.485339738,0.666666667,25,0.8,1,8,-1
1836146,1879766,2,1.442695041,0.333333333,4,0.5,1,2,-1
1836146,1885669,2,1.442695041,0.333333333,4,0.5,1,2,-1
1836148,1836912,0,2.164042561,0.6,16,0.75,1,0,-1
1836148,1854381,3,2.164042561,0.6,16,0.75,1,3,-1
1836148,1933809,4,2.164042561,0.6,16,0.75,1,4,-1
1836173,1839699,14,4.143803956,0.523809524,240,0.775387989,1,14,-1
1836173,1849044,0,0.389871245,0.033333333,220,0.076923077,0.5,0,-1
1836173,1850868,2,0.389871245,0.045454545,60,0.076923077,0.5,2,-1
1836173,1857406,4,2.164042561,0.1,260,0.75,1,4,-1
1836173,1858398,0,0.389871245,0.033333333,220,0.076923077,0.5,0,-1
1836173,1858883,11,4.206610288,0.392857143,380,0.806089744,1,11,-1
1836173,1860989,0,0.389871245,0.04,120,0.076923077,0.5,0,-1
1836173,1862817,5,1.832566286,0.142857143,80,0.576923077,1,5,-1
1836173,1866522,0,0.389871245,0.04,120,0.076923077,0.5,0,-1
1836173,1870883,2,0.389871245,0.04,120,0.076923077,0.5,2,-1
1836173,1871923,0,0.389871245,0.04,120,0.076923077,0.5,0,-1
1836173,1873680,14,4.143803956,0.523809524,240,0.775387989,1,14,-1
1836173,1873707,11,4.156362315,0.5,260,0.781798246,1,11,-1
1836173,1873826,11,4.143803956,0.523809524,240,0.775387989,1,11,-1
1836173,1873863,11,4.176964187,0.458333333,300,0.792054656,1,11,-1
1836173,1874169,0,4.176964187,0.458333333,300,0.792054656,1,0,-1
1836173,1874179,11,4.143803956,0.523809524,240,0.775387989,1,11,-1
1836173,1874711,19,6.60767523,0.714285714,320,1.562887989,1,19,-1
1836173,1874715,11,4.176964187,0.458333333,300,0.792054656,1,11,-1
1836173,1874867,11,4.176964187,0.458333333,300,0.792054656,1,11,-1
1836173,1874876,11,4.176964187,0.458333333,300,0.792054656,1,11,-1
1836173,1875008,5,2.161454256,0.19047619,100,0.629166667,1,5,-1
1836173,1875269,5,2.224678564,0.181818182,120,0.6625,1,5,-1
1836173,1882238,2,0.339623272,0.035714286,180,0.052631579,0.5,2,-1
1836173,1887942,2,0.389871245,0.045454545,60,0.076923077,0.5,2,-1
1836173,1888404,7,2.161454256,0.19047619,100,0.629166667,1,7,-1
1836173,1889947,2,0.339623272,0.043478261,80,0.052631579,0.5,2,-1
1836173,1890651,2,0.339623272,0.043478261,80,0.052631579,0.5,2,-1
1836173,1897116,4,1.832566286,0.142857143,80,0.576923077,1,4,-1
1836173,1897181,2,0.558110627,0.05,20,0.166666667,0.5,2,-1
1836173,1905156,2,0.389871245,0.05,20,0.076923077,0.5,2,-1
1836173,1905837,2,0.339623272,0.043478261,80,0.052631579,0.5,2,-1
1836173,1916078,4,1.832566286,0.142857143,80,0.576923077,1,4,-1
1836173,1928810,2,0.389871245,0.045454545,60,0.076923077,0.5,2,-1
1836173,1935495,6,2.185970137,0.272727273,160,0.385964912,0.5,6,-1
1836173,1942771,6,2.185970137,0.272727273,160,0.385964912,0.5,6,-1
1836173,1943440,6,2.185970137,0.272727273,160,0.385964912,0.5,6,-1
1836174,1881910,0,0.72134752,0.1,28,0.25,0.5,0,-1
1836174,1885974,6,2.352934268,0.6,16,0.833333333,1,6,-1
1836179,1842390,0,0.402429604,0.090909091,36,0.083333333,0.5,0,-1
1836179,1845396,6,2.634872111,0.714285714,36,0.75,1,6,-1
1836179,1871063,8,2.634872111,0.714285714,36,0.75,1,8,-1
1836179,1888492,6,2.634872111,0.714285714,36,0.75,1,6,-1
1836179,1889642,6,2.634872111,0.714285714,36,0.75,1,6,-1
1836179,1891782,2,0.402429604,0.090909091,36,0.083333333,0.5,2,-1
1836179,1894222,2,0.402429604,0.090909091,36,0.083333333,0.5,2,-1
1836179,1904518,8,2.634872111,0.714285714,36,0.75,1,8,-1
1836179,1925222,2,0.402429604,0.090909091,36,0.083333333,0.5,2,-1
1836210,1854555,0,2.485339738,0.666666667,25,0.8,1,0,-1
1836210,1889003,0,2.485339738,0.666666667,25,0.8,1,0,-1
1836210,1898118,0,2.485339738,0.666666667,25,0.8,1,0,-1
1836210,1898123,0,2.485339738,0.666666667,25,0.8,1,0,-1
1836219,1841777,6,3.083390054,0.75,49,0.857142857,1,6,-1
1836219,1852343,0,3.083390054,0.75,49,0.857142857,1,0,-1
1836219,1859419,10,3.083390054,0.75,49,0.857142857,1,10,-1
1836219,1859459,10,3.083390054,0.75,49,0.857142857,1,10,-1
1836219,1867470,6,3.083390054,0.75,49,0.857142857,1,6,-1
1836223,1858585,9,3.640956907,0.8,81,0.888888889,1,9,-1
1836223,1858979,9,3.640956907,0.8,81,0.888888889,1,9,-1
1836223,1890602,9,3.640956907,0.8,81,0.888888889,1,9,-1
1836223,1890622,11,3.640956907,0.8,81,0.888888889,1,11,-1
1836223,1890672,9,3.640956907,0.8,81,0.888888889,1,9,-1
1836223,1891430,9,3.640956907,0.8,81,0.888888889,1,9,-1
1836223,1891434,11,3.640956907,0.8,81,0.888888889,1,11,-1
1836223,1891903,9,3.640956907,0.8,81,0.888888889,1,9,-1
1836223,1891908,9,3.640956907,0.8,81,0.888888889,1,9,-1
1836240,1844003,0,2.122387105,0.714285714,36,0.488888889,1,0,-1
1836240,1845425,2,0.281266414,0.111111111,24,0.028571429,0.5,2,-1
1836240,1846035,5,0.62724267,0.181818182,42,0.084126984,0.5,5,-1
1836240,1851620,0,0.378923182,0.076923077,48,0.071428571,0.5,0,-1
1836240,1851735,0,0.281266414,0.076923077,48,0.028571429,0.5,0,-1
1836240,1852985,3,0.62724267,0.181818182,42,0.084126984,0.5,3,-1
1836240,1854197,0,0.62724267,0.105263158,90,0.084126984,0.5,0,-1
1836240,1859305,5,2.30157455,0.333333333,84,0.584126984,1,5,-1
1836240,1859796,3,0.62724267,0.117647059,78,0.084126984,0.5,3,-1
1836240,1862170,0,0.62724267,0.181818182,42,0.084126984,0.5,0,-1
1836240,1864420,0,0.281266414,0.076923077,48,0.028571429,0.5,0,-1
1836240,1865626,5,0.62724267,0.181818182,42,0.084126984,0.5,5,-1
1836240,1869012,2,0.281266414,0.071428571,54,0.028571429,0.5,2,-1
1836240,1870837,0,0.378923182,0.03125,162,0.071428571,0.5,0,-1
1836240,1872614,0,0.378923182,0.076923077,48,0.071428571,0.5,0,-1
1836240,1879054,0,0.281266414,0.076923077,48,0.028571429,0.5,0,-1
1836240,1879139,0,0.378923182,0.076923077,48,0.071428571,0.5,0,-1
1836240,1879286,0,0.378923182,0.052631579,84,0.071428571,0.5,0,-1
1836240,1883675,0,0.378923182,0.076923077,48,0.071428571,0.5,0,-1
1836240,1883719,0,0.378923182,0.076923077,48,0.071428571,0.5,0,-1
1836240,1884974,0,0.281266414,0.111111111,24,0.028571429,0.5,0,-1
1836240,1885077,0,0.281266414,0.076923077,48,0.028571429,0.5,0,-1
1836240,1885343,0,0.281266414,0.076923077,48,0.028571429,0.5,0,-1
1836240,1885374,0,0.281266414,0.076923077,48,0.028571429,0.5,0,-1
1836240,1885810,0,0.281266414,0.076923077,48,0.028571429,0.5,0,-1
1836240,1885817,0,0.281266414,0.071428571,54,0.028571429,0.5,0,-1
1836240,1887874,0,0.62724267,0.181818182,42,0.084126984,0.5,0,-1
1836240,1888229,3,2.334521475,0.263157895,108,0.6,1,3,-1
1836240,1890196,0,0.281266414,0.055555556,78,0.028571429,0.5,0,-1
1836240,1893453,0,0.281266414,0.076923077,48,0.028571429,0.5,0,-1
1836240,1901328,0,0.281266414,0.111111111,24,0.028571429,0.5,0,-1
1836240,1903849,0,0.62724267,0.181818182,42,0.084126984,0.5,0,-1
1836240,1903933,0,2.122387105,0.714285714,36,0.488888889,1,0,-1
1836240,1904178,0,0.62724267,0.181818182,42,0.084126984,0.5,0,-1
1836240,1904908,0,2.122387105,0.714285714,36,0.488888889,1,0,-1
1836240,1906811,0,0.281266414,0.076923077,48,0.028571429,0.5,0,-1
1836240,1906854,0,0.281266414,0.076923077,48,0.028571429,0.5,0,-1
1836240,1915092,0,0.378923182,0.076923077,48,0.071428571,0.5,0,-1
1836240,1930940,0,0.62724267,0.181818182,42,0.084126984,0.5,0,-1
1836240,1941823,2,0.281266414,0.125,18,0.028571429,0.5,2,-1
1836257,1852324,0,0.306927676,0.02173913,480,0.038461538,0.5,0,-1
1836257,1860908,0,0.562532828,0.038461538,704,0.057142857,0.5,0,-1
1836257,1860931,0,0.562532828,0.033898305,928,0.057142857,0.5,0,-1
1836257,1861038,0,0.562532828,0.038461538,704,0.057142857,0.5,0,-1
1836257,1862098,0,0.562532828,0.038461538,704,0.057142857,0.5,0,-1
1836257,1862125,0,0.562532828,0.038461538,704,0.057142857,0.5,0,-1
1836257,1862398,0,0.562532828,0.038461538,704,0.057142857,0.5,0,-1
1836257,1863332,0,0.562532828,0.038461538,704,0.057142857,0.5,0,-1
1836257,1870370,0,0.562532828,0.038461538,704,0.057142857,0.5,0,-1
1836257,1872321,17,5.881596356,0.414634146,832,0.944444444,1,17,1
1836257,1876000,14,4.730687827,0.393939394,448,0.842857143,1,14,-1
1836257,1877032,0,0.562532828,0.038461538,704,0.057142857,0.5,0,-1
1836257,1877046,0,0.562532828,0.038461538,704,0.057142857,0.5,0,-1
1836257,1877050,14,4.828344594,0.240740741,1120,0.885714286,1,14,-1
1836257,1877066,0,0.562532828,0.038461538,704,0.057142857,0.5,0,-1
1836257,1877303,0,0.562532828,0.038461538,704,0.057142857,0.5,0,-1
1836257,1877304,0,0.562532828,0.038461538,704,0.057142857,0.5,0,-1
1836257,1877314,0,0.562532828,0.038461538,704,0.057142857,0.5,0,-1
1836257,1877337,0,0.562532828,0.038461538,704,0.057142857,0.5,0,-1
1836257,1877509,0,0.306927676,0.02,608,0.038461538,0.5,0,-1
1836257,1877612,0,0.562532828,0.038461538,704,0.057142857,0.5,0,-1
1836257,1877637,0,0.562532828,0.038461538,704,0.057142857,0.5,0,-1
1836257,1878090,0,0.562532828,0.038461538,704,0.057142857,0.5,0,-1
1836257,1878107,3,0.562532828,0.038461538,704,0.057142857,0.5,3,-1
1836257,1878276,0,0.562532828,0.038461538,704,0.057142857,0.5,0,-1
1836257,1878278,0,0.562532828,0.038461538,704,0.057142857,0.5,0,-1
1836257,1878309,14,4.828344594,0.240740741,1120,0.885714286,1,14,-1
1836257,1878589,0,0.306927676,0.025,288,0.038461538,0.5,0,-1
1836257,1878605,0,0.306927676,0.025,288,0.038461538,0.5,0,-1
1836257,1878616,0,0.306927676,0.025,288,0.038461538,0.5,0,-1
1836257,1878759,0,0.306927676,0.025,288,0.038461538,0.5,0,-1
1836257,1879747,2,0.306927676,0.025641026,256,0.038461538,0.5,2,-1
1836257,1925505,25,5.842547777,0.515151515,576,0.927350427,1,25,-1
1836257,1925538,17,5.842547777,0.515151515,576,0.927350427,1,17,-1
1836257,1925859,17,5.842547777,0.515151515,576,0.927350427,1,17,-1
1836257,1926007,17,5.842547777,0.515151515,576,0.927350427,1,17,-1
1836257,1929725,25,5.842547777,0.515151515,576,0.927350427,1,25,-1
1836257,1930357,17,5.842547777,0.515151515,576,0.927350427,1,17,-1
1836257,1930373,25,5.842547777,0.515151515,576,0.927350427,1,25,-1
1836257,1930468,0,5.842547777,0.515151515,576,0.927350427,1,0,-1
1836257,1934639,25,5.842547777,0.515151515,576,0.927350427,1,25,-1
1836257,1934653,17,5.842547777,0.515151515,576,0.927350427,1,17,-1
1836257,1934669,25,5.842547777,0.515151515,576,0.927350427,1,25,-1
1836257,1935203,14,4.730687827,0.393939394,448,0.842857143,1,14,-1
1836257,1935805,14,4.730687827,0.393939394,448,0.842857143,1,14,-1
1836257,1935826,14,4.730687827,0.393939394,448,0.842857143,1,14,-1
1836257,1935831,14,4.730687827,0.393939394,448,0.842857143,1,14,-1
1836257,1935878,14,4.730687827,0.393939394,448,0.842857143,1,14,-1
1836257,1942035,17,5.842547777,0.515151515,576,0.927350427,1,17,-1
1836257,1942249,25,5.842547777,0.515151515,576,0.927350427,1,25,-1
1836257,1942258,17,5.842547777,0.515151515,576,0.927350427,1,17,-1
1836257,1942261,25,5.842547777,0.515151515,576,0.927350427,1,25,-1
1836257,1942263,17,5.842547777,0.515151515,576,0.927350427,1,17,-1
1836257,1942266,25,5.842547777,0.515151515,576,0.927350427,1,25,-1
1836257,1943156,14,4.730687827,0.393939394,448,0.842857143,1,14,-1
1836257,1943638,14,4.730687827,0.393939394,448,0.842857143,1,14,-1
1836257,1943651,14,4.730687827,0.393939394,448,0.842857143,1,14,-1
1836257,1943657,16,4.730687827,0.393939394,448,0.842857143,1,16,-1
1836257,1943662,16,4.730687827,0.393939394,448,0.842857143,1,16,-1
1836257,1943727,14,4.730687827,0.393939394,448,0.842857143,1,14,-1
1836259,1836468,7,2.485339738,0.666666667,25,0.8,1,7,-1
1836259,1836596,0,2.485339738,0.666666667,25,0.8,1,0,-1
1836259,1836650,7,2.485339738,0.666666667,25,0.8,1,7,-1
1836259,1885012,4,2.485339738,0.666666667,25,0.8,1,4,-1
1836259,1885489,7,2.485339738,0.666666667,25,0.8,1,7,-1
1836299,1847268,0,0.378923182,0.076923077,40,0.071428571,0.5,0,-1
1836299,1858716,2,2.164042561,0.2,56,0.75,1,2,-1
1836299,1859928,2,0.378923182,0.045454545,76,0.071428571,0.5,2,-1
1836299,1859949,2,0.378923182,0.038461538,92,0.071428571,0.5,2,-1
1836299,1862347,2,0.378923182,0.076923077,40,0.071428571,0.5,2,-1
1836299,1877509,2,0.378923182,0.045454545,76,0.071428571,0.5,2,-1
1836299,1883771,0,1.821618223,0.6,16,0.571428571,1,0,-1
1836299,1883822,2,1.821618223,0.6,16,0.571428571,1,2,-1
1836299,1885271,0,1.821618223,0.6,16,0.571428571,1,0,-1
1836299,1895406,0,0.378923182,0.076923077,40,0.071428571,0.5,0,-1
1836299,1895739,2,0.378923182,0.076923077,40,0.071428571,0.5,2,-1
1836299,1896529,2,0.378923182,0.076923077,40,0.071428571,0.5,2,-1
1836299,1896750,2,0.378923182,0.076923077,40,0.071428571,0.5,2,-1
1836299,1915441,2,0.378923182,0.076923077,40,0.071428571,0.5,2,-1
1836306,1933674,2,0,0,1,0,1,2,-1
1836312,1836342,4,1.820478453,0.5,9,0.666666667,1,4,-1
1836312,1839701,0,1.820478453,0.5,9,0.666666667,1,0,-1
1836312,1930436,4,1.820478453,0.5,9,0.666666667,1,4,-1
1836342,1839701,0,1.820478453,0.5,9,0.666666667,1,0,-1
1836342,1930436,4,1.820478453,0.5,9,0.666666667,1,4,-1
1836345,1836719,0,3.203896152,0.4,171,0.660761461,1,0,-1
1836345,1837662,0,0.345976256,0.041666667,114,0.055555556,0.5,0,-1
1836345,1840404,0,0.345976256,0.045454545,76,0.055555556,0.5,0,-1
1836345,1843394,0,0.345976256,0.041666667,114,0.055555556,0.5,0,-1
1836345,1849466,0,0.345976256,0.041666667,114,0.055555556,0.5,0,-1
1836345,1850859,0,0.345976256,0.041666667,114,0.055555556,0.5,0,-1
1836345,1852393,0,3.241983374,0.363636364,209,0.680963481,1,0,-1
1836345,1856806,0,0.345976256,0.041666667,114,0.055555556,0.5,0,-1
1836345,1859414,0,2.940374405,0.233333333,342,0.651923077,1,0,-1
1836345,1859502,0,0.345976256,0.045454545,76,0.055555556,0.5,0,-1
1836345,1872296,0,2.805452315,0.35,152,0.582478632,1,0,-1
1836345,1873329,0,5.078417689,0.545454545,285,1.135761461,1,0,-1
1836345,1882496,0,0.345976256,0.045454545,76,0.055555556,0.5,0,-1
1836345,1883879,0,0.345976256,0.045454545,76,0.055555556,0.5,0,-1
1836345,1887647,0,2.790553133,0.25,114,0.833333333,1,0,-1
1836345,1887662,5,2.790553133,0.25,114,0.833333333,1,5,-1
1836345,1903604,5,2.790553133,0.25,114,0.833333333,1,5,-1
1836345,1903626,5,2.790553133,0.25,114,0.833333333,1,5,-1
1836345,1903970,5,2.790553133,0.25,114,0.833333333,1,5,-1
1836345,1903995,5,2.790553133,0.25,114,0.833333333,1,5,-1
1836345,1909756,0,3.203896152,0.4,171,0.660761461,1,0,-1
1836345,1925838,0,2.805452315,0.35,152,0.582478632,1,0,-1
1836345,1929461,0,0.345976256,0.041666667,114,0.055555556,0.5,0,-1
1836345,1929661,0,5.078417689,0.545454545,285,1.135761461,1,0,-1
1836345,1934678,0,5.057815817,0.6,247,1.125505051,1,0,-1
1836345,1936248,0,3.241983374,0.363636364,209,0.680963481,1,0,-1
1836345,1942100,0,2.805452315,0.35,152,0.582478632,1,0,-1
1836345,1943476,0,3.241983374,0.363636364,209,0.680963481,1,0,-1
1836345,1944011,0,2.358905293,0.3,133,0.472727273,0.5,0,-1
1836345,1944094,0,2.358905293,0.3,133,0.472727273,0.5,0,-1
1836396,1841374,0,0.339623272,0.052631579,99,0.052631579,0.5,0,-1
1836396,1866776,2,0.339623272,0.05,108,0.052631579,0.5,2,-1
1836396,1866798,2,0.339623272,0.055555556,90,0.052631579,0.5,2,-1
1836396,1868034,7,3.640956907,0.4,171,0.888888889,1,7,-1
1836396,1868061,2,0.339623272,0.05,108,0.052631579,0.5,2,-1
1836396,1868302,2,0.339623272,0.055555556,90,0.052631579,0.5,2,-1
1836396,1883838,7,3.525460565,0.8,81,0.830409357,1,7,-1
1836396,1884136,7,3.525460565,0.8,81,0.830409357,1,7,-1
1836396,1884148,7,3.525460565,0.8,81,0.830409357,1,7,-1
1836396,1884507,7,3.525460565,0.8,81,0.830409357,1,7,-1
1836396,1884509,7,3.525460565,0.8,81,0.830409357,1,7,-1
1836396,1885498,7,3.525460565,0.8,81,0.830409357,1,7,-1
1836396,1885547,0,3.525460565,0.8,81,0.830409357,1,0,-1
1836396,1935735,2,0.339623272,0.055555556,90,0.052631579,0.5,2,-1
1836396,1936401,2,0.339623272,0.055555556,90,0.052631579,0.5,2,-1
1836396,1936867,2,0.339623272,0.055555556,90,0.052631579,0.5,2,-1
1836396,1936897,0,0.339623272,0.055555556,90,0.052631579,0.5,0,-1
1836396,1944389,2,0.339623272,0.055555556,90,0.052631579,0.5,2,-1
1836424,1942444,1,0,0,1,0,1,1,-1
1836453,1847545,0,0.36067376,0.071428571,36,0.0625,0.5,0,-1
1836453,1856889,0,4.563982373,0.47826087,264,0.994823232,1,0,-1
1836453,1861199,0,4.485068222,0.846153846,144,0.956944444,1,0,-1
1836453,1862375,0,4.526824066,0.647058824,192,0.977777778,1,0,-1
1836453,1870857,0,0.36067376,0.083333333,12,0.0625,0.5,0,-1
1836453,1880746,0,1.015467966,0.166666667,108,0.156565657,0.5,0,-1
1836453,1880771,0,3.920186636,0.5,216,0.784722222,1,0,-1
1836453,1880948,0,0.323515453,0.071428571,36,0.045454545,0.5,0,-1
1836453,1881329,0,3.920186636,0.5,216,0.784722222,1,0,-1
1836453,1881384,0,1.015467966,0.166666667,108,0.156565657,0.5,0,-1
1836453,1881387,0,1.015467966,0.166666667,108,0.156565657,0.5,0,-1
1836453,1881391,0,1.015467966,0.166666667,108,0.156565657,0.5,0,-1
1836453,1881837,0,0.323515453,0.071428571,36,0.045454545,0.5,0,-1
1836453,1882227,0,1.015467966,0.166666667,108,0.156565657,0.5,0,-1
1836453,1882232,0,1.015467966,0.166666667,108,0.156565657,0.5,0,-1
1836453,1882422,0,0.323515453,0.071428571,36,0.045454545,0.5,0,-1
1836453,1883066,0,1.015467966,0.166666667,108,0.156565657,0.5,0,-1
1836453,1891724,0,3.8491305,0.769230769,132,0.749368687,1,0,-1
1836453,1895931,0,0.36067376,0.071428571,36,0.0625,0.5,0,-1
1836453,1905520,0,0.36067376,0.071428571,36,0.0625,0.5,0,-1
1836453,1913692,0,3.8491305,0.769230769,132,0.749368687,1,0,-1
1836453,1926353,0,3.8491305,0.769230769,132,0.749368687,1,0,-1
1836453,1930010,0,4.485068222,0.846153846,144,0.956944444,1,0,-1
1836453,1930013,0,1.489048422,0.307692308,60,0.274621212,1,0,-1
1836453,1930880,0,3.8491305,0.769230769,132,0.749368687,1,0,-1
1836453,1930893,0,3.8491305,0.769230769,132,0.749368687,1,0,-1
1836468,1836596,0,2.485339738,0.666666667,25,0.8,1,0,-1
1836468,1836650,7,2.485339738,0.666666667,25,0.8,1,7,-1
1836468,1885012,4,2.485339738,0.666666667,25,0.8,1,4,-1
1836468,1885489,7,2.485339738,0.666666667,25,0.8,1,7,-1
1836482,1870741,0,0.480898347,0.166666667,12,0.125,0.5,0,-1
1836482,1871599,0,1.631586747,0.222222222,24,0.583333333,1,0,-1
1836482,1886933,0,0.480898347,0.2,9,0.125,0.5,0,-1
1836482,1895378,0,0.480898347,0.2,9,0.125,0.5,0,-1
1836482,1897427,0,1.391137574,0.4,12,0.458333333,1,0,-1
1836482,1897432,0,1.202245867,0.666666667,6,0.375,0.5,0,-1
1836482,1943691,0,0.480898347,0.25,6,0.125,0.5,0,-1
1836482,1944149,0,1.202245867,0.5,9,0.375,1,0,-1
1836490,1854802,0,3.366288429,0.777777778,64,0.875,1,0,-1
1836490,1890892,0,3.366288429,0.777777778,64,0.875,1,0,-1
1836490,1897407,4,3.366288429,0.777777778,64,0.875,1,4,-1
1836490,1899741,0,3.366288429,0.777777778,64,0.875,1,0,-1
1836490,1906916,0,3.366288429,0.777777778,64,0.875,1,0,-1
1836490,1907585,0,3.366288429,0.777777778,64,0.875,1,0,-1
1836490,1918602,4,3.366288429,0.777777778,64,0.875,1,4,-1
1836497,1846101,2,1.820478453,0.5,9,0.666666667,1,2,-1
1836497,1884886,2,1.820478453,0.5,9,0.666666667,1,2,-1
1836497,1893331,0,1.820478453,0.5,9,0.666666667,1,0,-1
1836535,1856476,6,2.164042561,0.6,16,0.75,1,6,1
1836535,1935375,4,2.164042561,0.6,16,0.75,1,4,-1
1836535,1943213,4,2.164042561,0.6,16,0.75,1,4,-1
1836536,1836692,2,1.442695041,0.142857143,12,0.5,1,2,1
1836536,1889435,6,2.164042561,0.428571429,24,0.75,1,6,1
1836536,1897367,6,2.164042561,0.428571429,24,0.75,1,6,-1
1836536,1903577,0,1.442695041,0.142857143,12,0.5,1,0,-1
1836536,1917283,6,2.164042561,0.428571429,24,0.75,1,6,-1
1836552,1836704,0,4.34321396,0.846153846,144,0.875,1,0,-1
1836552,1836971,11,4.34321396,0.846153846,144,0.875,1,11,1
1836552,1840680,11,4.34321396,0.846153846,144,0.875,1,11,-1
1836552,1841897,11,4.384969804,0.647058824,192,0.895833333,1,11,-1
1836552,1851513,3,0.72134752,0.133333333,60,0.125,0.5,3,-1
1836552,1866313,0,0.72134752,0.133333333,60,0.125,0.5,0,-1
1836552,1867553,11,4.384969804,0.647058824,192,0.895833333,1,11,-1
1836552,1872722,3,0.72134752,0.111111111,96,0.125,0.5,3,-1
1836552,1874510,11,4.34321396,0.846153846,144,0.875,1,11,-1
1836552,1888979,11,4.34321396,0.846153846,144,0.875,1,11,-1
1836552,1890341,13,4.34321396,0.846153846,144,0.875,1,13,-1
1836552,1897385,11,4.34321396,0.846153846,144,0.875,1,11,-1
1836552,1897430,11,4.34321396,0.846153846,144,0.875,1,11,-1
1836552,1916914,13,4.34321396,0.846153846,144,0.875,1,13,-1
1836552,1916926,11,4.34321396,0.846153846,144,0.875,1,11,-1
1836566,1836711,1,0,0,1,0,1,1,-1
1836569,1849780,0,2.253876049,0.666666667,25,0.676923077,1,0,-1
1836569,1866366,4,0.389871245,0.083333333,40,0.076923077,0.5,4,-1
1836569,1874115,0,0.389871245,0.083333333,40,0.076923077,0.5,0,-1
1836569,1875092,0,0.389871245,0.111111111,25,0.076923077,0.5,0,-1
1836569,1875343,4,0.389871245,0.083333333,40,0.076923077,0.5,4,-1
1836569,1887020,0,0.389871245,0.1,30,0.076923077,0.5,0,-1
1836569,1901475,0,2.253876049,0.666666667,25,0.676923077,1,0,-1
1836569,1902559,4,0.389871245,0.1,30,0.076923077,0.5,4,-1
1836569,1906637,0,0.389871245,0.111111111,25,0.076923077,0.5,0,-1
1836569,1928933,0,0.389871245,0.1,30,0.076923077,0.5,0,-1
1836569,1929302,0,2.253876049,0.666666667,25,0.676923077,1,0,-1
1836569,1929391,0,2.253876049,0.666666667,25,0.676923077,1,0,-1
1836582,1839147,11,3.083390054,0.75,49,0.857142857,1,11,-1
1836582,1848924,11,3.083390054,0.75,49,0.857142857,1,11,-1
1836582,1857799,11,3.083390054,0.75,49,0.857142857,1,11,1
1836582,1898874,6,3.083390054,0.75,49,0.857142857,1,6,-1
1836582,1898914,11,3.083390054,0.75,49,0.857142857,1,11,-1
1836582,1908550,0,3.083390054,0.75,49,0.857142857,1,0,-1
1836590,1847719,2,0,0,1,0,1,2,-1
1836596,1836650,0,2.485339738,0.666666667,25,0.8,1,0,-1
1836596,1885012,0,2.485339738,0.666666667,25,0.8,1,0,-1
1836596,1885489,0,2.485339738,0.666666667,25,0.8,1,0,-1
1836599,1838717,5,2.417159249,0.714285714,36,0.635746606,1,5,-1
1836599,1847245,5,2.58539863,0.357142857,78,0.725490196,1,5,1
1836599,1859106,5,2.417159249,0.714285714,36,0.635746606,1,5,-1
1836599,1863306,1,0.352956124,0.0625,66,0.058823529,0.5,1,-1
1836599,1863312,5,2.417159249,0.714285714,36,0.635746606,1,5,1
1836599,1864542,0,0.352956124,0.0625,66,0.058823529,0.5,0,-1
1836599,1868525,2,0.389871245,0.083333333,42,0.076923077,0.5,2,-1
1836599,1869563,5,2.417159249,0.714285714,36,0.635746606,1,5,1
1836599,1876096,2,0.389871245,0.083333333,42,0.076923077,0.5,2,-1
1836599,1877083,0,0.352956124,0.0625,66,0.058823529,0.5,0,-1
1836599,1877101,0,0.352956124,0.0625,66,0.058823529,0.5,0,-1
1836599,1877404,0,0.352956124,0.0625,66,0.058823529,0.5,0,-1
1836599,1877407,0,0.352956124,0.0625,66,0.058823529,0.5,0,-1
1836599,1877421,1,0.352956124,0.0625,66,0.058823529,0.5,1,-1
1836599,1877446,0,0.352956124,0.0625,66,0.058823529,0.5,0,-1
1836599,1878192,0,2.622313751,0.277777778,102,0.743589744,1,0,-1
1836599,1878325,0,0.352956124,0.0625,66,0.058823529,0.5,0,-1
1836599,1878327,0,0.352956124,0.0625,66,0.058823529,0.5,0,-1
1836599,1886640,2,0.389871245,0.083333333,42,0.076923077,0.5,2,-1
1836599,1886921,2,0.389871245,0.083333333,42,0.076923077,0.5,2,-1
1836599,1894589,0,0.389871245,0.083333333,42,0.076923077,0.5,0,-1
1836599,1894728,2,0.389871245,0.083333333,42,0.076923077,0.5,2,-1
1836599,1895457,2,0.389871245,0.083333333,42,0.076923077,0.5,2,-1
1836650,1885012,4,2.485339738,0.666666667,25,0.8,1,4,-1
1836650,1885489,7,2.485339738,0.666666667,25,0.8,1,7,-1
1836664,1849225,2,0.352956124,0.0625,72,0.058823529,0.5,2,-1
1836664,1855806,2,0.352956124,0.0625,72,0.058823529,0.5,2,-1
1836664,1863326,2,0.333808201,0.052631579,99,0.05,0.5,2,-1
1836664,1866951,7,3.417482004,0.8,81,0.775490196,1,7,-1
1836664,1870792,2,0.333808201,0.041666667,144,0.05,0.5,2,-1
1836664,1877696,2,0.333808201,0.052631579,99,0.05,0.5,2,-1
1836664,1877745,2,0.333808201,0.052631579,99,0.05,0.5,2,-1
1836664,1878071,3,0.686764325,0.064516129,216,0.108823529,0.5,3,-1
1836664,1878279,2,0.333808201,0.052631579,99,0.05,0.5,2,-1
1836664,1878287,2,0.333808201,0.052631579,99,0.05,0.5,2,-1
1836664,1878295,0,0.333808201,0.052631579,99,0.05,0.5,0,-1
1836664,1878305,7,3.538793417,0.380952381,180,0.836601307,1,7,-1
1836664,1878788,0,0.333808201,0.052631579,99,0.05,0.5,0,-1
1836664,1878813,3,0.333808201,0.052631579,99,0.05,0.5,3,-1
1836664,1878972,2,0.333808201,0.052631579,99,0.05,0.5,2,-1
1836664,1880631,7,3.519645494,0.444444444,153,0.827777778,1,7,-1
1836664,1880634,7,3.417482004,0.8,81,0.775490196,1,7,-1
1836664,1881168,7,3.417482004,0.8,81,0.775490196,1,7,-1
1836664,1881200,0,3.417482004,0.8,81,0.775490196,1,0,-1
1836664,1882040,0,3.417482004,0.8,81,0.775490196,1,0,-1
1836664,1882062,8,3.417482004,0.8,81,0.775490196,1,8,-1
1836664,1882086,7,3.417482004,0.8,81,0.775490196,1,7,-1
1836664,1887911,2,0.352956124,0.0625,72,0.058823529,0.5,2,-1
1836664,1888561,2,0.352956124,0.0625,72,0.058823529,0.5,2,-1
1836664,1896816,0,0.352956124,0.0625,72,0.058823529,0.5,0,-1
1836664,1905222,2,0.352956124,0.0625,72,0.058823529,0.5,2,-1
1836679,1837308,0,1.442695041,0.333333333,4,0.5,1,0,-1
1836679,1895924,0,1.442695041,0.333333333,4,0.5,1,0,-1
1836692,1889435,4,0.558110627,0.2,8,0.166666667,0.5,4,-1
1836692,1897367,4,0.558110627,0.2,8,0.166666667,0.5,4,-1
1836692,1903577,0,0.558110627,0.333333333,4,0.166666667,1,0,-1
1836692,1917283,4,0.558110627,0.2,8,0.166666667,0.5,4,-1
1836704,1836971,0,4.34321396,0.846153846,144,0.875,1,0,-1
1836704,1840680,0,4.34321396,0.846153846,144,0.875,1,0,-1
1836704,1841897,0,4.384969804,0.647058824,192,0.895833333,1,0,-1
1836704,1851513,0,0.72134752,0.133333333,60,0.125,0.5,0,-1
1836704,1866313,0,0.72134752,0.133333333,60,0.125,0.5,0,-1
1836704,1867553,0,4.384969804,0.647058824,192,0.895833333,1,0,-1
1836704,1872722,0,0.72134752,0.111111111,96,0.125,0.5,0,-1
1836704,1874510,0,4.34321396,0.846153846,144,0.875,1,0,-1
1836704,1888979,0,4.34321396,0.846153846,144,0.875,1,0,-1
1836704,1890341,0,4.34321396,0.846153846,144,0.875,1,0,-1
1836704,1897385,0,4.34321396,0.846153846,144,0.875,1,0,-1
1836704,1897430,0,4.34321396,0.846153846,144,0.875,1,0,-1
1836704,1916914,0,4.34321396,0.846153846,144,0.875,1,0,-1
1836704,1916926,0,4.34321396,0.846153846,144,0.875,1,0,-1
1836719,1852393,8,3.126487033,0.666666667,99,0.622483949,1,8,-1
1836719,1859414,5,1.837302636,0.227272727,162,0.329554656,0.5,5,-1
1836719,1872296,5,1.837302636,0.416666667,72,0.329554656,0.5,5,-1
1836719,1873329,8,3.174250051,0.5,135,0.646726373,1,8,-1
1836719,1887647,0,0.339623272,0.071428571,54,0.052631579,0.5,0,-1
1836719,1887662,0,0.339623272,0.071428571,54,0.052631579,0.5,0,-1
1836719,1903604,0,0.339623272,0.071428571,54,0.052631579,0.5,0,-1
1836719,1903626,0,0.339623272,0.071428571,54,0.052631579,0.5,0,-1
1836719,1903970,0,0.339623272,0.071428571,54,0.052631579,0.5,0,-1
1836719,1903995,0,0.339623272,0.071428571,54,0.052631579,0.5,0,-1
1836719,1909756,8,3.088399811,0.8,81,0.602281929,1,8,-1
1836719,1925838,5,1.837302636,0.416666667,72,0.329554656,0.5,5,-1
1836719,1929661,8,3.174250051,0.5,135,0.646726373,1,8,-1
1836719,1934678,8,3.153648179,0.571428571,117,0.636469963,1,8,-1
1836719,1936248,8,3.126487033,0.666666667,99,0.622483949,1,8,-1
1836719,1942100,0,1.837302636,0.416666667,72,0.329554656,0.5,0,-1
1836719,1943476,8,3.126487033,0.666666667,99,0.622483949,1,8,-1
1836719,1944011,7,2.358905293,0.6,63,0.472727273,0.5,7,-1
1836719,1944094,7,2.358905293,0.6,63,0.472727273,0.5,7,-1
1836743,1838553,0,2.253876049,0.666666667,25,0.676923077,1,0,1
1836743,1839476,3,0.389871245,0.083333333,40,0.076923077,0.5,3,-1
1836743,1840134,6,2.253876049,0.666666667,25,0.676923077,1,6,1
1836743,1859265,4,2.485339738,0.285714286,65,0.8,1,4,1
1836743,1860355,2,0.389871245,0.083333333,40,0.076923077,0.5,2,-1
1836743,1861167,6,2.253876049,0.666666667,25,0.676923077,1,6,1
1836743,1866351,2,0.389871245,0.083333333,40,0.076923077,0.5,2,-1
1836743,1873818,2,0.389871245,0.058823529,65,0.076923077,0.5,2,-1
1836743,1887162,3,0.389871245,0.083333333,40,0.076923077,0.5,3,-1
1836743,1894810,3,0.389871245,0.083333333,40,0.076923077,0.5,3,-1
1836743,1894957,0,0.389871245,0.083333333,40,0.076923077,0.5,0,-1
1836743,1942843,4,2.253876049,0.666666667,25,0.676923077,1,4,-1
1836755,1836758,6,1.820478453,0.5,9,0.666666667,1,6,-1
1836755,1867711,6,1.820478453,0.5,9,0.666666667,1,6,-1
1836755,1936873,6,1.820478453,0.5,9,0.666666667,1,6,-1
1836756,1859300,2,0,0,1,0,1,2,1
1836758,1867711,6,1.820478453,0.5,9,0.666666667,1,6,1
1836758,1936873,6,1.820478453,0.5,9,0.666666667,1,6,-1
1836790,1842294,0,0.417032391,0.166666667,12,0.090909091,0.5,0,-1
1836790,1856830,0,0.417032391,0.166666667,12,0.090909091,0.5,0,-1
1836790,1866958,0,0.417032391,0.166666667,12,0.090909091,0.5,0,-1
1836790,1867201,0,1.923593388,0.25,44,0.625,1,0,-1
1836790,1869853,0,1.619278259,0.6,16,0.465909091,1,0,-1
1836790,1874968,0,0.897930738,0.285714286,20,0.215909091,0.5,0,-1
1836790,1896979,0,0.897930738,0.285714286,20,0.215909091,0.5,0,-1
1836790,1897660,0,0.897930738,0.285714286,20,0.215909091,0.5,0,-1
1836790,1897959,0,1.859727432,0.333333333,32,0.590909091,1,0,-1
1836790,1898480,2,1.619278259,0.6,16,0.465909091,1,2,-1
1836791,1842767,2,0.369269373,0.071428571,56,0.066666667,0.5,2,-1
1836791,1842803,2,0.369269373,0.071428571,56,0.066666667,0.5,2,-1
1836791,1842820,2,0.369269373,0.071428571,56,0.066666667,0.5,2,-1
1836791,1858696,6,2.938761085,0.75,49,0.780952381,1,6,-1
1836791,1866086,2,0.369269373,0.071428571,56,0.066666667,0.5,2,-1
1836791,1866284,2,0.369269373,0.071428571,56,0.066666667,0.5,2,-1
1836791,1867416,2,0.369269373,0.071428571,56,0.066666667,0.5,2,-1
1836791,1867541,2,0.369269373,0.071428571,56,0.066666667,0.5,2,-1
1836791,1867585,2,0.369269373,0.071428571,56,0.066666667,0.5,2,-1
1836791,1880257,6,2.938761085,0.75,49,0.780952381,1,6,-1
1836791,1932596,6,2.938761085,0.75,49,0.780952381,1,6,-1
1836791,1935532,6,2.938761085,0.75,49,0.780952381,1,6,-1
1836791,1936194,0,2.938761085,0.75,49,0.780952381,1,0,-1
1836791,1936296,6,2.938761085,0.75,49,0.780952381,1,6,-1
1836792,1837576,0,2.485339738,0.25,75,0.8,1,0,-1
1836792,1846403,0,0.333808201,0.035714286,210,0.05,0.5,0,-1
1836792,1857887,0,0.333808201,0.043478261,135,0.05,0.5,0,-1
1836792,1872710,0,2.197813004,0.25,75,0.65,1,0,-1
1836792,1874215,0,0.333808201,0.043478261,135,0.05,0.5,0,-1
1836792,1878816,0,2.197813004,0.25,75,0.65,1,0,-1
1836792,1880095,0,2.485339738,0.129032258,300,0.8,1,0,-1
1836792,1886128,0,0.333808201,0.043478261,135,0.05,0.5,0,-1
1836792,1886650,0,0.333808201,0.043478261,135,0.05,0.5,0,-1
1836792,1888675,0,2.485339738,0.25,75,0.8,1,0,-1
1836792,1888926,0,0.333808201,0.035714286,210,0.05,0.5,0,-1
1836792,1890013,0,2.485339738,0.25,75,0.8,1,0,-1
1836792,1890063,0,0.333808201,0.052631579,75,0.05,0.5,0,-1
1836792,1890270,0,0.333808201,0.05,90,0.05,0.5,0,-1
1836792,1896902,0,0.333808201,0.05,90,0.05,0.5,0,-1
1836792,1902130,0,0.333808201,0.043478261,135,0.05,0.5,0,-1
1836792,1902151,0,0.333808201,0.043478261,135,0.05,0.5,0,-1
1836792,1902422,0,0.333808201,0.043478261,135,0.05,0.5,0,-1
1836792,1905319,0,2.485339738,0.25,75,0.8,1,0,-1
1836792,1905650,0,2.485339738,0.25,75,0.8,1,0,-1
1836792,1906880,0,0.333808201,0.052631579,75,0.05,0.5,0,-1
1836792,1925641,0,2.485339738,0.25,75,0.8,1,0,-1
1836792,1929607,0,2.485339738,0.25,75,0.8,1,0,-1
1836792,1929609,0,2.485339738,0.25,75,0.8,1,0,-1
1836792,1930148,0,2.485339738,0.25,75,0.8,1,0,-1
1836792,1934418,0,2.485339738,0.25,75,0.8,1,0,-1
1836792,1935145,0,2.197813004,0.25,75,0.65,1,0,-1
1836792,1935153,0,2.197813004,0.25,75,0.65,1,0,-1
1836802,1858899,0,0.455119613,0.125,20,0.111111111,0.5,0,-1
1836802,1881857,0,0.455119613,0.125,20,0.111111111,0.5,0,-1
1836802,1882799,0,0.455119613,0.125,20,0.111111111,0.5,0,-1
1836802,1883606,0,0.455119613,0.125,20,0.111111111,0.5,0,-1
1836802,1935705,0,1.797802068,0.5,20,0.561111111,1,0,-1
1836802,1944113,0,1.797802068,0.5,20,0.561111111,1,0,-1
1836817,1855023,0,1.820478453,0.285714286,18,0.666666667,1,0,-1
1836817,1856203,0,1.820478453,0.285714286,18,0.666666667,1,0,-1
1836817,1865478,2,1.820478453,0.285714286,18,0.666666667,1,2,-1
1836817,1884928,6,1.820478453,0.285714286,18,0.666666667,1,6,-1
1836817,1885244,6,1.820478453,0.285714286,18,0.666666667,1,6,-1
1836817,1893547,6,1.820478453,0.285714286,18,0.666666667,1,6,-1
1836838,1837121,4,2.790553133,0.714285714,36,0.833333333,1,4,-1
1836838,1856178,0,2.790553133,0.714285714,36,0.833333333,1,0,-1
1836838,1884127,0,2.790553133,0.714285714,36,0.833333333,1,0,-1
1836838,1895532,4,2.790553133,0.714285714,36,0.833333333,1,4,-1
1836838,1895536,0,2.790553133,0.714285714,36,0.833333333,1,0,-1
1836847,1848367,9,2.948414894,0.75,49,0.785714286,1,9,-1
1836847,1850900,9,2.948414894,0.75,49,0.785714286,1,9,-1
1836847,1854164,5,3.083390054,0.4,98,0.857142857,1,5,-1
1836847,1860308,0,2.948414894,0.75,49,0.785714286,1,0,-1
1836847,1863022,2,0.378923182,0.055555556,84,0.071428571,0.5,2,-1
1836847,1866222,2,0.378923182,0.047619048,105,0.071428571,0.5,2,-1
1836847,1869156,0,0.378923182,0.041666667,126,0.071428571,0.5,0,-1
1836847,1871596,9,2.948414894,0.75,49,0.785714286,1,9,-1
1836847,1879452,0,2.948414894,0.75,49,0.785714286,1,0,-1
1836847,1881767,0,0.378923182,0.076923077,49,0.071428571,0.5,0,-1
1836847,1882367,2,0.378923182,0.05,98,0.071428571,0.5,2,-1
1836847,1882751,2,0.378923182,0.076923077,49,0.071428571,0.5,2,-1
1836847,1882789,2,0.378923182,0.076923077,49,0.071428571,0.5,2,-1
1836847,1898646,9,2.948414894,0.75,49,0.785714286,1,9,-1
1837043,1850605,7,3.575708538,0.533333333,126,0.854700855,1,7,1
1837046,1837925,7,3.024611325,0.666666667,56,0.825396825,1,7,1
1837046,1860671,7,3.024611325,0.666666667,56,0.825396825,1,7,1
1837046,1860684,9,3.083390054,0.545454545,72,0.857142857,1,9,1
1837046,1861856,7,3.024611325,0.666666667,56,0.825396825,1,7,1
1837046,1861881,9,3.024611325,0.666666667,56,0.825396825,1,9,1
1837193,1859766,0,0,0,1,0,1,0,1
1837201,1857467,0,3.071292397,0.7,72,0.722566219,1,0,1
1837201,1888615,0,3.071292397,0.7,72,0.722566219,1,0,1
1837201,1913793,2,3.045513663,0.777777778,64,0.708677331,1,2,1
1837364,1838147,3,1.468349853,0.222222222,24,0.5,1,3,1
1837413,1856999,5,3.366288429,0.411764706,128,0.875,1,5,1
1837413,1861053,5,3.366288429,0.411764706,128,0.875,1,5,1
1837442,1859275,9,3.535576889,0.615384615,108,0.833333333,1,9,1
1837699,1848780,5,2.295666814,0.571428571,30,0.7,1,5,1
1837699,1870898,5,2.295666814,0.571428571,30,0.7,1,5,1
1837699,1871888,5,2.295666814,0.571428571,30,0.7,1,5,1
1837925,1860671,7,2.99161133,0.75,49,0.807539683,1,7,1
1837925,1860684,7,3.050390059,0.6,63,0.839285714,1,7,1
1837925,1861856,9,2.99161133,0.75,49,0.807539683,1,9,1
1837925,1861881,7,2.99161133,0.75,49,0.807539683,1,7,1
1838004,1869013,9,3.538793417,0.444444444,153,0.836601307,1,9,1
1838004,1871685,9,3.538793417,0.444444444,153,0.836601307,1,9,1
1838004,1873461,9,3.436629928,0.8,81,0.784313725,1,9,1
1838085,1859830,14,3.502416657,0.380952381,180,0.816666667,1,14,1
1838135,1843881,2,1.820478453,0.222222222,24,0.666666667,1,2,1
1838135,1867106,0,1.820478453,0.222222222,24,0.666666667,1,0,1
1838135,1868559,2,1.820478453,0.222222222,24,0.666666667,1,2,1
1838138,1872626,6,3.640956907,0.8,81,0.888888889,1,6,1
1838213,1872577,3,1.442695041,0.333333333,4,0.5,1,3,1
1838426,1846316,6,2.848275138,0.4,45,0.952380952,1,6,1
1838426,1868939,7,3.367675783,0.6,63,1.00952381,1,7,1
1838426,1880686,5,2.702128564,0.5,54,0.785714286,1,5,1
1838553,1840134,0,2.253876049,0.666666667,25,0.676923077,1,0,1
1838745,1838750,5,2.485339738,0.666666667,25,0.8,1,5,1
1838745,1861809,8,2.485339738,0.666666667,25,0.8,1,8,1
1838745,1861918,8,2.485339738,0.666666667,25,0.8,1,8,1
1838750,1861809,5,2.485339738,0.666666667,25,0.8,1,5,1
1838750,1861918,5,2.485339738,0.666666667,25,0.8,1,5,1
1838854,1856836,10,3.083390054,0.75,49,0.857142857,1,10,1
1838854,1856839,10,3.083390054,0.75,49,0.857142857,1,10,1
1838854,1875919,6,3.083390054,0.75,49,0.857142857,1,6,1
1838854,1907599,10,3.083390054,0.75,49,0.857142857,1,10,1
1839214,1839815,4,2.485339738,0.5,35,0.8,1,4,1
1839214,1860095,1,1.442695041,0.083333333,42,0.5,1,1,1
1839214,1860213,0,0.558110627,0.125,14,0.166666667,1,0,1
1839277,1866979,3,2.790553133,0.714285714,36,0.833333333,1,3,1
1839318,1862655,0,0.455119613,0.333333333,3,0.111111111,0.5,0,1
1839318,1862674,0,1.820478453,0.2,27,0.666666667,1,0,1
1839476,1851890,3,0.389871245,0.083333333,40,0.076923077,0.5,3,1
1839476,1873818,7,3.105030447,0.5,104,0.741923077,1,7,1
1839609,1864332,8,3.238556518,0.583333333,88,0.806818182,1,8,1
1839609,1864651,12,3.238556518,0.583333333,88,0.806818182,1,12,1
1839684,1873844,6,3.640956907,0.8,81,0.888888889,1,6,1
1839707,1876873,4,1.631586747,0.5,9,0.583333333,1,4,1
1839768,1839777,7,2.028971634,0.25,75,0.557575758,1,7,1
1839768,1840520,12,3.190793499,0.4375,120,0.782575758,1,12,1
1839768,1840528,12,3.190793499,0.4375,120,0.782575758,1,12,1
1839768,1850843,11,5.118664259,0.625,165,1.416666667,1,11,1
1839777,1840520,7,1.155571138,0.3,40,0.224242424,0.5,7,1
1839777,1840528,7,1.155571138,0.3,40,0.224242424,0.5,7,1
1839777,1850843,5,1.981208615,0.333333333,55,0.533333333,1,5,1
1839864,1840863,8,3.083390054,0.75,49,0.857142857,1,8,1
1839864,1841939,8,3.083390054,0.75,49,0.857142857,1,8,1
1839864,1857030,8,3.083390054,0.75,49,0.857142857,1,8,1
1839869,1870205,5,2.266434408,0.666666667,25,0.683333333,1,5,1
1839869,1870969,5,2.266434408,0.666666667,25,0.683333333,1,5,1
1839877,1864886,4,2.485339738,0.666666667,25,0.8,1,4,1
1839887,1864016,2,0,0,1,0,1,2,1
1840103,1848456,1,1.820478453,0.5,9,0.666666667,1,1,1
1840134,1859265,4,2.485339738,0.285714286,65,0.8,1,4,1
1840134,1861167,6,2.253876049,0.666666667,25,0.676923077,1,6,1
1840164,1872630,8,2.485339738,0.666666667,25,0.8,1,8,1
1840189,1863720,4,1.820478453,0.5,9,0.666666667,1,4,1
1840421,1849070,0,7.942630202,0.882352941,256,2.255871725,1,0,1
1840520,1840528,12,3.079164525,0.777777778,64,0.724242424,1,12,1
1840520,1850843,8,3.143030481,0.583333333,88,0.758333333,1,8,1
1840528,1850843,8,3.143030481,0.583333333,88,0.758333333,1,8,1
1840714,1841832,0,2.485339738,0.285714286,65,0.8,1,0,1
1840800,1840805,10,2.485339738,0.666666667,25,0.8,1,10,1
1840800,1841829,10,2.485339738,0.666666667,25,0.8,1,10,1
1840800,1910787,10,2.485339738,0.666666667,25,0.8,1,10,1
1840805,1841829,10,2.485339738,0.666666667,25,0.8,1,10,1
1840805,1910787,10,2.485339738,0.666666667,25,0.8,1,10,1
1840863,1841939,8,3.083390054,0.75,49,0.857142857,1,8,1
1840863,1857030,8,3.083390054,0.75,49,0.857142857,1,8,1
1840868,1844130,10,2.42211543,0.333333333,55,0.766666667,1,10,1
1840975,1864595,7,2.790553133,0.277777778,102,0.833333333,1,7,1
1840975,1864600,7,2.790553133,0.277777778,102,0.833333333,1,7,1
1840975,1875811,7,2.790553133,0.277777778,102,0.833333333,1,7,1
1841020,1865053,0,2.790553133,0.714285714,36,0.833333333,1,0,1
1841020,1866717,0,2.790553133,0.714285714,36,0.833333333,1,0,1
1841020,1868028,7,2.790553133,0.714285714,36,0.833333333,1,7,1
1841020,1897612,7,2.790553133,0.714285714,36,0.833333333,1,7,1
1841020,1904941,7,2.790553133,0.714285714,36,0.833333333,1,7,1
1841042,1862914,7,2.938761085,0.75,49,0.780952381,1,7,1
1841042,1865822,10,2.938761085,0.75,49,0.780952381,1,10,1
1841042,1865840,10,2.938761085,0.75,49,0.780952381,1,10,1
1841042,1866069,10,2.938761085,0.75,49,0.780952381,1,10,1
1841207,1874561,0,1.820478453,0.5,9,0.666666667,1,0,1
1841264,1864759,4,2.164042561,0.6,16,0.75,1,4,1
1841264,1864893,4,2.164042561,0.6,16,0.75,1,4,1
1841354,1906025,0,1.820478453,0.5,9,0.666666667,1,0,1
1841829,1910787,10,2.485339738,0.666666667,25,0.8,1,10,1
1841939,1857030,8,3.083390054,0.75,49,0.857142857,1,8,1
1842048,1842140,9,3.864810471,0.625,42,1.266666667,1,9,1
1842048,1861515,2,0,0,7,0,1,2,1
1842258,1854314,14,8.017543668,0.888888889,289,2.164285714,1,14,1
1842258,1874381,6,2.652497514,0.333333333,119,0.630252101,1,6,1
1842300,1853501,4,2.485339738,0.666666667,25,0.8,1,4,1
1842767,1842803,16,3.254659455,0.777777778,64,0.816666667,1,16,1
1842767,1842820,16,3.254659455,0.777777778,64,0.816666667,1,16,1
1842767,1866086,16,3.254659455,0.777777778,64,0.816666667,1,16,1
1842767,1866284,16,3.254659455,0.777777778,64,0.816666667,1,16,1
1842767,1867416,16,3.254659455,0.777777778,64,0.816666667,1,16,1
1842767,1867541,16,3.254659455,0.777777778,64,0.816666667,1,16,1
1842767,1867585,16,3.254659455,0.777777778,64,0.816666667,1,16,1
1842803,1842820,16,3.254659455,0.777777778,64,0.816666667,1,16,1
1842803,1866086,16,3.254659455,0.777777778,64,0.816666667,1,16,1
1842803,1866284,16,3.254659455,0.777777778,64,0.816666667,1,16,1
1842803,1867416,16,3.254659455,0.777777778,64,0.816666667,1,16,1
1842803,1867541,16,3.254659455,0.777777778,64,0.816666667,1,16,1
1842803,1867585,16,3.254659455,0.777777778,64,0.816666667,1,16,1
1842820,1866086,16,3.254659455,0.777777778,64,0.816666667,1,16,1
1842820,1866284,16,3.254659455,0.777777778,64,0.816666667,1,16,1
1842820,1867416,16,3.254659455,0.777777778,64,0.816666667,1,16,1
1842820,1867541,16,3.254659455,0.777777778,64,0.816666667,1,16,1
1842820,1867585,16,3.254659455,0.777777778,64,0.816666667,1,16,1
1842851,1867617,2,0.310667467,0.071428571,44,0.04,0.5,2,1
1843160,1849062,0,2.164042561,0.6,16,0.75,1,0,1
1843160,1865262,3,2.164042561,0.6,16,0.75,1,3,1
1843160,1872366,3,2.164042561,0.6,16,0.75,1,3,1
1843217,1866620,3,0.72134752,0.25,21,0.125,1,3,1
1843217,1867758,7,3.503355493,0.352941176,112,1.0625,1,7,1
1843591,1860503,0,1.442695041,0.333333333,4,0.5,1,0,1
1843881,1867106,0,1.391137574,0.5,9,0.458333333,1,0,1
1843881,1868559,2,1.391137574,0.5,9,0.458333333,1,2,1
1843889,1844154,5,2.485339738,0.666666667,25,0.8,1,5,1
1843889,1861570,7,2.485339738,0.666666667,25,0.8,1,7,1
1843889,1868049,7,2.485339738,0.666666667,25,0.8,1,7,1
1843889,1868992,5,2.485339738,0.666666667,25,0.8,1,5,1
1843889,1869173,5,2.485339738,0.666666667,25,0.8,1,5,1
1844130,1899288,2,0.558110627,0.083333333,22,0.166666667,1,2,1
1844138,1900262,4,1.442695041,0.333333333,4,0.5,1,4,1
1844154,1861570,5,2.485339738,0.666666667,25,0.8,1,5,1
1844154,1868049,5,2.485339738,0.666666667,25,0.8,1,5,1
1844154,1868992,6,2.485339738,0.666666667,25,0.8,1,6,1
1844154,1869173,5,2.485339738,0.666666667,25,0.8,1,5,1
1844305,1867727,0,3.640956907,0.8,81,0.888888889,1,0,1
1844389,1881443,7,2.485339738,0.666666667,25,0.8,1,7,1
1844454,1861124,0,3.083390054,0.24,168,0.857142857,1,0,1
1844768,1867818,0,3.366288429,0.777777778,64,0.875,1,0,1
1844812,1856674,3,1.424137569,0.25,21,0.476190476,1,3,1
1844812,1856691,3,1.027796685,0.333333333,15,0.285714286,0.5,3,1
1844981,1873284,8,4.02327512,0.8,81,1.095238095,1,8,1
1844981,1878751,8,4.02327512,0.8,81,1.095238095,1,8,1
1844981,1879458,0,4.02327512,0.8,81,1.095238095,1,0,1
1844981,1879464,0,4.02327512,0.8,81,1.095238095,1,0,1
1845022,1862347,2,0.318928989,0.04,160,0.043478261,0.5,2,1
1845890,1861958,2,0.333808201,0.04,160,0.05,0.5,2,1
1845890,1869815,3,1.859727432,0.272727273,40,0.590909091,1,3,1
1845892,1849032,2,0.513898342,0.166666667,10,0.142857143,0.5,2,1
1845892,1851396,5,2.076712664,0.5,35,0.582539683,1,5,1
1846035,1859796,3,2.343468627,0.428571429,91,0.483477633,1,3,1
1846035,1862170,0,2.21944153,0.75,49,0.417543568,1,0,1
1846050,1869929,0,4.434509115,0.777777778,64,1.435714286,1,0,1
1846069,1860603,5,1.820478453,0.5,9,0.666666667,1,5,1
1846316,1868939,5,0.969017956,0.2,35,0.253968254,1,5,1
1846316,1880686,7,1.482916298,0.375,30,0.396825397,0.5,7,1
1846547,1850021,13,6.126296645,0.857142857,169,1.688888889,1,13,1
1846651,1869084,7,2.485339738,0.666666667,25,0.8,1,7,1
1846801,1847026,16,5.853501106,0.541666667,322,1.414285714,1,16,1
1846801,1848312,16,5.853501106,0.541666667,322,1.414285714,1,16,1
1846801,1855739,7,2.372630685,0.208333333,138,0.619480519,1,7,1
1846801,1867552,16,5.853501106,0.541666667,322,1.414285714,1,16,1
1846801,1877248,0,0.281266414,0.04,69,0.028571429,0.5,0,1
1846815,1871035,0,1.442695041,0.333333333,4,0.5,1,0,1
1846839,1859947,3,1.424137569,0.333333333,15,0.476190476,1,3,1
1846963,1862465,4,3.024611325,0.545454545,70,0.825396825,1,4,1
1846963,1916406,4,3.024611325,0.545454545,70,0.825396825,1,4,1
1847026,1848312,16,5.793506913,0.866666667,196,1.386335404,1,16,1
1847026,1855739,4,0.318928989,0.052631579,84,0.043478261,0.5,4,1
1847026,1867552,16,5.793506913,0.866666667,196,1.386335404,1,16,1
1847051,1854858,2,0.455119613,0.111111111,21,0.111111111,0.5,2,1
1847051,1855455,3,1.424137569,0.2,27,0.476190476,1,3,1
1847051,1870803,2,0.969017956,0.5,9,0.253968254,1,2,1
1847051,1871946,2,0.455119613,0.142857143,15,0.111111111,0.5,2,1
1847245,1863312,7,2.58539863,0.357142857,78,0.725490196,1,7,1
1847245,1869563,5,2.58539863,0.357142857,78,0.725490196,1,5,1
1847300,1847303,24,4.37089249,0.590909091,294,0.666666667,1,24,1
1847300,1847319,35,6.843190726,0.909090909,441,1.079365079,1,35,1
1847300,1847360,35,6.843190726,0.909090909,441,1.079365079,1,35,1
1847300,1858887,35,6.843190726,0.909090909,441,1.079365079,1,35,1
1847300,1869639,35,6.843190726,0.909090909,441,1.079365079,1,35,1
1847300,1870755,35,6.843190726,0.909090909,441,1.079365079,1,35,1
1847300,1870774,35,6.843190726,0.909090909,441,1.079365079,1,35,1
1847300,1870907,35,6.843190726,0.909090909,441,1.079365079,1,35,1
1847300,1870944,35,6.843190726,0.909090909,441,1.079365079,1,35,1
1847301,1847423,0,2.350202792,0.714285714,36,0.607226107,1,0,1
1847301,1868188,0,2.350202792,0.714285714,36,0.607226107,1,0,1
1847303,1847319,24,4.37089249,0.590909091,294,0.666666667,1,24,1
1847303,1847360,24,4.37089249,0.590909091,294,0.666666667,1,24,1
1847303,1858887,24,4.37089249,0.590909091,294,0.666666667,1,24,1
1847303,1869639,24,4.37089249,0.590909091,294,0.666666667,1,24,1
1847303,1870755,24,4.37089249,0.590909091,294,0.666666667,1,24,1
1847303,1870774,24,4.37089249,0.590909091,294,0.666666667,1,24,1
1847303,1870907,24,4.37089249,0.590909091,294,0.666666667,1,24,1
1847303,1870944,24,4.37089249,0.590909091,294,0.666666667,1,24,1
1847319,1847360,35,6.843190726,0.909090909,441,1.079365079,1,35,1
1847319,1858887,35,6.843190726,0.909090909,441,1.079365079,1,35,1
1847319,1869639,35,6.843190726,0.909090909,441,1.079365079,1,35,1
1847319,1870755,35,6.843190726,0.909090909,441,1.079365079,1,35,1
1847319,1870774,35,6.843190726,0.909090909,441,1.079365079,1,35,1
1847319,1870907,35,6.843190726,0.909090909,441,1.079365079,1,35,1
1847319,1870944,35,6.843190726,0.909090909,441,1.079365079,1,35,1
1847321,1872680,2,2.164042561,0.2,56,0.75,1,2,1
1847360,1858887,35,6.843190726,0.909090909,441,1.079365079,1,35,1
1847360,1869639,35,6.843190726,0.909090909,441,1.079365079,1,35,1
1847360,1870755,35,6.843190726,0.909090909,441,1.079365079,1,35,1
1847360,1870774,35,6.843190726,0.909090909,441,1.079365079,1,35,1
1847360,1870907,35,6.843190726,0.909090909,441,1.079365079,1,35,1
1847360,1870944,35,6.843190726,0.909090909,441,1.079365079,1,35,1
1847423,1868188,3,2.350202792,0.714285714,36,0.607226107,1,3,1
1847474,1870814,0,2.164042561,0.6,16,0.75,1,0,1
1847678,1849191,5,2.485339738,0.25,75,0.8,1,5,1
1847678,1875445,2,0.369269373,0.071428571,50,0.066666667,0.5,2,1
1847678,1876302,2,0.369269373,0.071428571,50,0.066666667,0.5,2,1
1847691,1884027,8,3.349901711,0.8,81,0.739379085,1,8,1
1847880,1868603,0,0.303413076,0.071428571,50,0.037037037,0.5,0,1
1848097,1874185,0,2.164042561,0.6,16,0.75,1,0,1
1848312,1855739,4,0.318928989,0.052631579,84,0.043478261,0.5,4,1
1848312,1867552,16,5.793506913,0.866666667,196,1.386335404,1,16,1
1848394,1853486,4,2.281037195,0.666666667,25,0.690909091,1,4,1
1848394,1853517,4,2.281037195,0.666666667,25,0.690909091,1,4,1
1848394,1877115,4,2.485339738,0.333333333,55,0.8,1,4,1
1848780,1870898,7,3.080238643,0.714285714,36,0.983333333,1,7,1
1848780,1871888,7,3.080238643,0.714285714,36,0.983333333,1,7,1
1849030,1849065,9,2.873920247,0.75,49,0.744480519,1,9,1
1849030,1849628,7,2.970786198,0.5,77,0.796428571,1,7,1
1849032,1851396,2,1.442695041,0.125,14,0.5,1,2,1
1849044,1857406,0,2.649474898,0.263157895,143,0.757575758,1,0,1
1849044,1858398,14,5.224025631,0.833333333,121,1.476923077,1,14,1
1849044,1860989,6,2.481235516,0.416666667,66,0.667832168,1,6,1
1849044,1870883,0,2.481235516,0.416666667,66,0.667832168,1,0,1
1849044,1871923,6,2.481235516,0.416666667,66,0.667832168,1,6,1
1849062,1865262,0,2.164042561,0.6,16,0.75,1,0,1
1849062,1872366,0,2.164042561,0.6,16,0.75,1,0,1
1849065,1849628,7,2.970786198,0.5,77,0.796428571,1,7,1
1849191,1875445,9,3.908650337,0.5625,150,0.9,1,9,1
1849191,1876302,9,3.908650337,0.5625,150,0.9,1,9,1
1849226,1866021,0,1.442695041,0.166666667,10,0.5,1,0,1
1849226,1871232,0,0.621334935,0.333333333,4,0.2,1,0,1
1849287,1849293,6,1.820478453,0.5,9,0.666666667,1,6,1
1849287,1871231,6,1.820478453,0.5,9,0.666666667,1,6,1
1849287,1872072,6,1.820478453,0.5,9,0.666666667,1,6,1
1849293,1871231,6,1.820478453,0.5,9,0.666666667,1,6,1
1849293,1872072,6,1.820478453,0.5,9,0.666666667,1,6,1
1849756,1873502,6,1.820478453,0.5,9,0.666666667,1,6,1
1849756,1873507,6,1.820478453,0.5,9,0.666666667,1,6,1
1850057,1850089,0,1.442695041,0.333333333,4,0.5,1,0,1
1850057,1862944,0,1.442695041,0.333333333,4,0.5,1,0,1
1850089,1862944,1,1.442695041,0.333333333,4,0.5,1,1,1
1850585,1857979,10,5.222731376,0.188679245,572,1.476190476,1,10,1
1850585,1862069,10,3.771515705,0.188679245,572,0.717278671,1,10,1
1850585,1886048,3,1.468349853,0.037735849,156,0.5,1,3,1
1850631,1874792,2,0,0,1,0,1,2,1
1850868,1857406,3,1.820478453,0.142857143,39,0.666666667,1,3,1
1851005,1879996,0,0.679246544,0.068965517,198,0.105263158,0.5,0,1
1851005,1880010,0,0.679246544,0.068965517,198,0.105263158,0.5,0,1
1851005,1886905,16,4.495186326,0.52173913,286,0.84032634,1,16,1
1851795,1879889,0,2.319124417,0.666666667,25,0.711111111,1,0,1
1851853,1862394,0,2.164042561,0.6,16,0.75,1,0,1
1851890,1873818,4,2.485339738,0.285714286,65,0.8,1,4,1
1851958,1851963,15,3.519645494,0.380952381,180,0.827777778,1,15,1
1851958,1860662,6,0.667616401,0.105263158,108,0.1,0.5,6,1
1851963,1860662,23,4.358104245,0.523809524,240,0.883333333,1,23,1
1852320,1860860,9,2.485339738,0.666666667,25,0.8,1,9,1
1852453,1880294,2,1.442695041,0.333333333,4,0.5,1,2,1
1852487,1858566,4,2.164042561,0.6,16,0.75,1,4,1
1852539,1852612,0,3.576976215,0.428571429,91,1.1,1,0,1
1852539,1873243,0,0.389871245,0.1,28,0.076923077,0.5,0,1
1852600,1897201,2,0,0,6,0,1,2,1
1852612,1873243,0,1.956593383,0.214285714,52,0.642857143,1,0,1
1852647,1869423,0,0,0,1,0,1,0,1
1853469,1863492,0,3.263173494,0.6,16,1.166666667,1,0,1
1853486,1853517,4,2.281037195,0.666666667,25,0.690909091,1,4,1
1853486,1877115,4,2.485339738,0.333333333,55,0.8,1,4,1
1853517,1877115,4,2.485339738,0.333333333,55,0.8,1,4,1
1854072,1897840,0,0,0,1,0,1,0,1
1854148,1863716,5,2.485339738,0.666666667,25,0.8,1,5,1
1854148,1875813,5,2.485339738,0.666666667,25,0.8,1,5,1
1854314,1874381,6,2.652497514,0.333333333,119,0.630252101,1,6,1
1854858,1855455,5,2.163029962,0.333333333,63,0.628571429,1,5,1
1854858,1870803,2,0.455119613,0.111111111,21,0.111111111,0.5,2,1
1854858,1871946,6,1.99681464,0.5,35,0.53968254,1,6,1
1855023,1856203,0,1.468349853,0.5,9,0.5,1,0,1
1855023,1865478,0,1.468349853,0.5,9,0.5,1,0,1
1855187,1876094,8,2.164042561,0.375,28,0.75,1,8,1
1855455,1870803,2,1.424137569,0.2,27,0.476190476,1,2,1
1855455,1871946,5,2.055593369,0.4,45,0.571428571,1,5,1
1855548,1870030,0,0,0,1,0,1,0,1
1855676,1856786,6,3.083390054,0.75,49,0.857142857,1,6,1
1855739,1867552,4,0.318928989,0.052631579,84,0.043478261,0.5,4,1
1855739,1877248,0,0.281266414,0.125,18,0.028571429,0.5,0,1
1855750,1877228,8,2.668084626,0.545454545,70,0.635714286,1,8,1
1855854,1872244,0,2.114821874,0.19047619,154,0.602020202,1,0,1
1855854,1874278,0,0.795955573,0.125,77,0.162337662,0.5,0,1
1855854,1874659,0,2.076712664,0.222222222,121,0.582539683,1,0,1
1855854,1874661,0,2.038625442,0.25,99,0.562337662,1,0,1
1856203,1865478,0,1.468349853,0.5,9,0.5,1,0,1
1856288,1861430,0,3.167107722,0.291666667,238,0.774837662,1,0,1
1856288,1862199,0,2.742357694,0.25,224,0.680252101,1,0,1
1856288,1872494,0,2.589133112,0.4,98,0.599894958,1,0,1
1856288,1873522,0,2.589133112,0.4,98,0.599894958,1,0,1
1856292,1856361,0,0.333808201,0.076923077,48,0.05,0.5,0,1
1856292,1866559,7,2.812907988,0.777777778,64,0.587337662,1,7,1
1856340,1856620,4,1.251097174,0.176470588,84,0.272727273,0.5,4,1
1856340,1859685,11,2.792792201,0.4,98,0.701298701,1,11,1
1856340,1859716,11,2.889658152,0.315789474,154,0.753246753,1,11,1
1856340,1859828,7,2.889658152,0.315789474,154,0.753246753,1,7,1
1856361,1866559,0,0.333808201,0.076923077,48,0.05,0.5,0,1
1856497,1900551,8,3.157715206,0.636363636,80,0.768478261,1,8,1
1856497,1908251,8,3.157715206,0.636363636,80,0.768478261,1,8,1
1856497,1910948,8,3.157715206,0.636363636,80,0.768478261,1,8,1
1856579,1857333,2,1.442695041,0.25,6,0.5,1,2,1
1856579,1864113,0,1.442695041,0.25,6,0.5,1,0,1
1856579,1870074,0,0,0,3,0,1,0,1
1856620,1859685,4,1.251097174,0.3,42,0.272727273,0.5,4,1
1856620,1859716,5,2.35271564,0.416666667,66,0.598484848,1,5,1
1856620,1859828,5,2.35271564,0.416666667,66,0.598484848,1,5,1
1856674,1856691,4,2.377903146,0.5,35,0.742857143,1,4,1
1856674,1857831,0,2.377903146,0.5,35,0.742857143,1,0,1
1856674,1872477,4,2.377903146,0.5,35,0.742857143,1,4,1
1856691,1857831,0,2.270466554,0.666666667,25,0.685714286,1,0,1
1856691,1872477,4,2.270466554,0.666666667,25,0.685714286,1,4,1
1856836,1856839,10,3.083390054,0.75,49,0.857142857,1,10,1
1856836,1875919,6,3.083390054,0.75,49,0.857142857,1,6,1
1856839,1875919,6,3.083390054,0.75,49,0.857142857,1,6,1
1856839,1907599,10,3.083390054,0.75,49,0.857142857,1,10,1
1856875,1862607,0,1.442695041,0.066666667,28,0.5,1,0,1
1856957,1856986,5,1.820478453,0.5,9,0.666666667,1,5,1
1856999,1861053,8,3.246063842,0.777777778,64,0.8125,1,8,1
1857036,1887950,0,2.253876049,0.666666667,25,0.676923077,1,0,1
1857221,1857434,2,0,0,2,0,1,2,1
1857307,1858394,9,2.485339738,0.307692308,60,0.8,1,9,1
1857307,1870678,9,2.485339738,0.307692308,60,0.8,1,9,1
1857333,1864113,0,0.910239227,0.333333333,4,0.333333333,1,0,1
1857385,1876247,4,2.164042561,0.6,16,0.75,1,4,1
1857406,1858398,0,2.649474898,0.263157895,143,0.757575758,1,0,1
1857406,1860989,0,2.508396663,0.357142857,78,0.681818182,1,0,1
1857406,1870883,1,2.508396663,0.357142857,78,0.681818182,1,1,1
1857406,1871923,0,2.508396663,0.357142857,78,0.681818182,1,0,1
1857406,1897116,5,1.776503242,0.214285714,52,0.55,1,5,1
1857406,1916078,4,1.776503242,0.214285714,52,0.55,1,4,1
1857444,1857601,6,2.790553133,0.714285714,36,0.833333333,1,6,1
1857467,1888615,9,4.007310357,0.8,81,1.069788442,1,9,1
1857467,1913793,0,3.071292397,0.7,72,0.722566219,1,0,1
1857831,1872477,0,2.270466554,0.666666667,25,0.685714286,1,0,1
1857885,1864373,0,1.820478453,0.5,9,0.666666667,1,0,1
1857913,1858987,8,3.908650337,0.818181818,100,0.9,1,8,1
1857913,1874725,0,3.908650337,0.818181818,100,0.9,1,0,1
1857913,1874935,0,3.908650337,0.818181818,100,0.9,1,0,1
1857974,1884180,7,2.790553133,0.263157895,108,0.833333333,1,7,1
1857974,1898898,5,2.790553133,0.263157895,108,0.833333333,1,5,1
1857974,1906613,7,2.790553133,0.263157895,108,0.833333333,1,7,1
1858036,1858177,4,2.485339738,0.181818182,105,0.8,1,4,1
1858036,1859245,3,4.310998938,0.5,252,0.860119048,1,3,1
1858036,1916377,3,4.310998938,0.5,252,0.860119048,1,3,1
1858177,1859245,2,0.328458739,0.0625,60,0.047619048,0.5,2,1
1858187,1858227,16,4.377252168,0.846153846,144,0.892156863,1,16,1
1858187,1858234,10,4.426725648,0.611111111,204,0.916666667,1,10,1
1858187,1858308,16,4.377252168,0.846153846,144,0.892156863,1,16,1
1858194,1858301,2,0.434294482,0.111111111,25,0.1,0.5,2,1
1858194,1859177,0,0.434294482,0.111111111,25,0.1,0.5,0,1
1858194,1859426,3,2.485339738,0.363636364,50,0.8,1,3,1
1858194,1867003,0,0.434294482,0.071428571,50,0.1,0.5,0,1
1858213,1858316,10,3.267623697,0.219512195,600,0.590740741,1,10,1
1858213,1859308,9,3.337543831,0.258064516,270,0.740740741,1,9,1
1858213,1859327,10,3.267623697,0.219512195,600,0.590740741,1,10,1
1858213,1859368,10,3.267623697,0.219512195,600,0.590740741,1,10,1
1858213,1859500,17,6.483856115,0.390243902,810,1.381481481,1,17,1
1858213,1859555,13,4.841092284,0.419354839,420,0.89047619,1,13,1
1858227,1858234,10,4.426725648,0.611111111,204,0.916666667,1,10,1
1858227,1858308,16,4.377252168,0.846153846,144,0.892156863,1,16,1
1858234,1858308,10,4.426725648,0.611111111,204,0.916666667,1,10,1
1858301,1859177,0,2.111258833,0.666666667,25,0.6,1,0,1
1858301,1859426,3,2.298299286,0.363636364,50,0.7,1,3,1
1858301,1873714,3,2.111258833,0.666666667,25,0.6,1,3,1
1858316,1859308,7,0.900840255,0.115384615,180,0.107407407,0.5,7,1
1858316,1859327,24,6.834567202,0.904761905,400,1.199074074,1,24,1
1858316,1859368,24,6.834567202,0.904761905,400,1.199074074,1,24,1
1858316,1859500,24,6.864962327,0.678571429,540,1.212037037,1,24,1
1858316,1859555,3,0.588028208,0.0625,280,0.066666667,0.5,3,1
1858398,1860989,6,2.481235516,0.416666667,66,0.667832168,1,6,1
1858398,1870883,0,2.481235516,0.416666667,66,0.667832168,1,0,1
1858398,1871923,6,2.481235516,0.416666667,66,0.667832168,1,6,1
1858434,1859381,3,1.442695041,0.333333333,4,0.5,1,3,1
1858696,1880257,6,2.938761085,0.75,49,0.780952381,1,6,1
1858883,1873863,14,5.613844157,0.7,285,1.164423077,1,14,1
1858883,1874715,14,5.613844157,0.7,285,1.164423077,1,14,1
1858887,1869639,35,6.843190726,0.909090909,441,1.079365079,1,35,1
1858887,1870755,35,6.843190726,0.909090909,441,1.079365079,1,35,1
1858887,1870774,35,6.843190726,0.909090909,441,1.079365079,1,35,1
1858887,1870907,35,6.843190726,0.909090909,441,1.079365079,1,35,1
1858887,1870944,35,6.843190726,0.909090909,441,1.079365079,1,35,1
1858987,1874725,0,3.908650337,0.818181818,100,0.9,1,0,1
1858987,1874935,0,3.908650337,0.818181818,100,0.9,1,0,1
1859070,1859115,3,1.442695041,0.333333333,4,0.5,1,3,1
1859177,1859426,0,2.298299286,0.363636364,50,0.7,1,0,1
1859177,1867003,0,2.298299286,0.363636364,50,0.7,1,0,1
1859177,1873714,0,2.111258833,0.666666667,25,0.6,1,0,1
1859265,1861167,4,2.485339738,0.285714286,65,0.8,1,4,1
1859305,1870837,0,3.264313263,0.205882353,378,0.821428571,1,0,1
1859308,1859327,7,0.900840255,0.115384615,180,0.107407407,0.5,7,1
1859308,1859368,7,0.900840255,0.115384615,180,0.107407407,0.5,7,1
1859308,1859500,13,3.328144859,0.285714286,243,0.737037037,1,13,1
1859308,1859555,2,0.294014104,0.045454545,126,0.033333333,0.5,2,1
1859327,1859368,24,6.834567202,0.904761905,400,1.199074074,1,24,1
1859327,1859500,24,6.864962327,0.678571429,540,1.212037037,1,24,1
1859327,1859555,3,0.588028208,0.0625,280,0.066666667,0.5,3,1
1859356,1873347,6,2.000805667,0.428571429,24,0.666666667,1,6,1
1859368,1859500,24,6.864962327,0.678571429,540,1.212037037,1,24,1
1859368,1859555,3,0.588028208,0.0625,280,0.066666667,0.5,3,1
1859426,1873714,4,2.298299286,0.363636364,50,0.7,1,4,1
1859495,1865520,14,2.922447836,0.75,49,0.773109244,1,14,1
1859495,1915616,14,3.083390054,0.333333333,119,0.857142857,1,14,1
1859500,1859555,3,0.588028208,0.051282051,378,0.066666667,0.5,3,1
1859529,1859621,2,0,0,1,0,1,2,1
1859578,1860603,5,1.820478453,0.5,9,0.666666667,1,5,1
1859622,1901726,7,2.164042561,0.25,56,0.75,1,7,1
1859622,1933364,7,1.923593388,0.375,28,0.625,1,7,1
1859622,1934041,7,1.923593388,0.375,28,0.625,1,7,1
1859681,1880716,3,1.820478453,0.25,21,0.666666667,1,3,1
1859685,1859716,11,2.754682992,0.5,77,0.681818182,1,11,1
1859685,1859828,7,2.754682992,0.5,77,0.681818182,1,7,1
1859716,1859828,10,4.928310427,0.833333333,121,1.317099567,1,10,1
1859796,1862170,0,2.343468627,0.428571429,91,0.483477633,1,0,1
1859926,1898215,3,1.820478453,0.5,9,0.666666667,1,3,1
1860095,1860213,0,0.513898342,0.142857143,12,0.142857143,1,0,1
1860095,1910343,0,0,0,6,0,1,0,1
1860377,1868696,2,1.442695041,0.333333333,4,0.5,1,2,1
1860411,1880229,5,2.790553133,0.277777778,102,0.833333333,1,5,1
1860592,1861780,2,2.485339738,0.666666667,25,0.8,1,2,1
1860604,1873460,0,3.737720208,0.304347826,221,1.074242424,1,0,1
1860671,1860684,7,3.050390059,0.6,63,0.839285714,1,7,1
1860671,1861856,7,2.99161133,0.75,49,0.807539683,1,7,1
1860671,1861881,7,2.99161133,0.75,49,0.807539683,1,7,1
1860684,1861856,7,3.050390059,0.6,63,0.839285714,1,7,1
1860684,1861881,9,3.050390059,0.6,63,0.839285714,1,9,1
1860770,1867849,18,3.827311979,0.818181818,100,0.858823529,1,18,1
1860908,1860931,0,6.709326438,0.7,638,0.920779221,1,0,1
1860908,1861038,18,6.682785189,0.913043478,484,0.909807434,1,18,1
1860908,1862098,26,6.682785189,0.913043478,484,0.909807434,1,26,1
1860908,1862125,18,6.682785189,0.913043478,484,0.909807434,1,18,1
1860908,1862398,18,6.682785189,0.913043478,484,0.909807434,1,18,1
1860931,1861038,0,6.709326438,0.7,638,0.920779221,1,0,1
1860931,1862098,0,6.709326438,0.7,638,0.920779221,1,0,1
1860931,1862125,0,6.709326438,0.7,638,0.920779221,1,0,1
1860931,1862398,0,6.709326438,0.7,638,0.920779221,1,0,1
1860989,1870883,0,2.340157281,0.714285714,36,0.592074592,1,0,1
1860989,1871923,6,2.340157281,0.714285714,36,0.592074592,1,6,1
1861038,1862098,18,6.682785189,0.913043478,484,0.909807434,1,18,1
1861038,1862125,18,6.682785189,0.913043478,484,0.909807434,1,18,1
1861038,1862398,18,6.682785189,0.913043478,484,0.909807434,1,18,1
1861038,1863332,18,6.682785189,0.913043478,484,0.909807434,1,18,1
1861053,1878835,8,3.246063842,0.777777778,64,0.8125,1,8,1
1861174,1861192,8,2.41029326,0.138888889,210,0.634387352,1,8,1
1861180,1876316,5,1.696490538,0.25,44,0.507575758,1,5,1
1861430,1862199,5,2.768324752,0.222222222,272,0.692857143,1,5,1
1861430,1872494,0,2.61510017,0.333333333,119,0.6125,1,0,1
1861430,1873522,5,2.61510017,0.333333333,119,0.6125,1,5,1
1861445,1862919,2,1.442695041,0.166666667,10,0.5,1,2,1
1861511,1861556,13,2.948414894,0.75,49,0.785714286,1,13,1
1861511,1862708,7,2.948414894,0.75,49,0.785714286,1,7,1
1861556,1862708,7,2.948414894,0.75,49,0.785714286,1,7,1
1861570,1868049,7,2.485339738,0.666666667,25,0.8,1,7,1
1861570,1868992,5,2.485339738,0.666666667,25,0.8,1,5,1
1861570,1869173,5,2.485339738,0.666666667,25,0.8,1,5,1
1861809,1861918,8,2.485339738,0.666666667,25,0.8,1,8,1
1861856,1861881,7,2.99161133,0.75,49,0.807539683,1,7,1
1861874,1875753,5,2.485339738,0.666666667,25,0.8,1,5,1
1862098,1862125,18,6.682785189,0.913043478,484,0.909807434,1,18,1
1862098,1862398,18,6.682785189,0.913043478,484,0.909807434,1,18,1
1862125,1862398,21,6.682785189,0.913043478,484,0.909807434,1,21,1
1862199,1863276,4,1.820478453,0.117647059,48,0.666666667,1,4,1
1862199,1872494,0,2.607382533,0.352941176,112,0.608823529,1,0,1
1862199,1873522,5,2.607382533,0.352941176,112,0.608823529,1,5,1
1862273,1863421,10,4.057606652,0.588235294,176,0.852272727,1,10,1
1862273,1863616,10,4.001248021,0.833333333,121,0.823863636,1,10,1
1862273,1863653,10,4.001248021,0.833333333,121,0.823863636,1,10,1
1862398,1863332,21,6.682785189,0.913043478,484,0.909807434,1,21,1
1862655,1862674,0,0,0,9,0,1,0,1
1862914,1865822,7,2.938761085,0.75,49,0.780952381,1,7,1
1862914,1865840,7,2.938761085,0.75,49,0.780952381,1,7,1
1862914,1866069,7,2.938761085,0.75,49,0.780952381,1,7,1
1862919,1903415,6,1.820478453,0.333333333,15,0.666666667,1,6,1
1862939,1864369,2,2.485339738,0.285714286,65,0.8,1,2,1
1863128,1897273,2,0.558110627,0.2,9,0.166666667,0.5,2,1
1863257,1868136,2,1.820478453,0.25,21,0.666666667,1,2,1
1863306,1863312,1,0.352956124,0.0625,66,0.058823529,0.5,1,1
1863312,1869563,5,2.417159249,0.714285714,36,0.635746606,1,5,1
1863421,1863616,10,4.057606652,0.588235294,176,0.852272727,1,10,1
1863421,1863653,10,4.057606652,0.588235294,176,0.852272727,1,10,1
1863524,1874102,9,2.790553133,0.714285714,36,0.833333333,1,9,1
1863616,1863653,10,4.001248021,0.833333333,121,0.823863636,1,10,1
1863984,1869416,2,1.820478453,0.5,9,0.666666667,1,2,1
1864097,1876773,0,3.142339253,0.777777778,64,0.770408163,1,0,1
1864097,1878083,0,3.142339253,0.777777778,64,0.770408163,1,0,1
1864097,1879198,0,3.142339253,0.777777778,64,0.770408163,1,0,1
1864097,1879358,0,3.142339253,0.777777778,64,0.770408163,1,0,1
1864248,1864274,7,2.164042561,0.214285714,52,0.75,1,7,1
1864248,1865630,7,2.164042561,0.214285714,52,0.75,1,7,1
1864274,1865630,7,1.832566286,0.6,16,0.576923077,1,7,1
1864307,1878660,7,3.263173494,0.6,16,1.166666667,1,7,1
1864332,1864651,11,5.166427277,0.833333333,121,1.440909091,1,11,1
1864332,1917139,8,3.238556518,0.583333333,88,0.806818182,1,8,1
1864424,1865556,5,2.485339738,0.666666667,25,0.8,1,5,1
1864539,1866881,7,3.072316151,0.368421053,144,0.723484848,1,7,1
1864595,1864600,7,2.58539863,0.714285714,36,0.725490196,1,7,1
1864595,1875811,7,2.58539863,0.714285714,36,0.725490196,1,7,1
1864651,1917139,8,3.238556518,0.583333333,88,0.806818182,1,8,1
1864746,1864845,5,2.485339738,0.666666667,25,0.8,1,5,1
1864759,1864893,7,2.164042561,0.6,16,0.75,1,7,1
1865053,1866717,1,2.790553133,0.714285714,36,0.833333333,1,1,1
1865053,1868028,0,2.790553133,0.714285714,36,0.833333333,1,0,1
1865174,1885651,3,3.083390054,0.75,49,0.857142857,1,3,1
1865200,1865294,3,2.164042561,0.428571429,24,0.75,1,3,1
1865200,1866121,3,2.000805667,0.6,16,0.666666667,1,3,1
1865262,1872366,3,2.164042561,0.6,16,0.75,1,3,1
1865294,1866121,4,2.164042561,0.428571429,24,0.75,1,4,1
1865316,1865609,0,2.790553133,0.714285714,36,0.833333333,1,0,1
1865520,1915616,14,3.083390054,0.333333333,119,0.857142857,1,14,1
1865748,1898331,3,2.164042561,0.6,16,0.75,1,3,1
1865748,1898375,5,2.164042561,0.6,16,0.75,1,5,1
1865748,1917863,5,2.164042561,0.6,16,0.75,1,5,1
1865822,1865840,10,2.938761085,0.75,49,0.780952381,1,10,1
1865822,1866069,10,2.938761085,0.75,49,0.780952381,1,10,1
1865840,1866069,10,2.938761085,0.75,49,0.780952381,1,10,1
1866012,1875459,5,1.531574161,0.333333333,15,0.533333333,1,5,1
1866021,1871232,2,1.442695041,0.166666667,10,0.5,1,2,1
1866086,1866284,16,3.254659455,0.777777778,64,0.816666667,1,16,1
1866086,1867416,16,3.254659455,0.777777778,64,0.816666667,1,16,1
1866086,1867541,16,3.254659455,0.777777778,64,0.816666667,1,16,1
1866086,1867585,16,3.254659455,0.777777778,64,0.816666667,1,16,1
1866284,1867416,16,3.254659455,0.777777778,64,0.816666667,1,16,1
1866284,1867541,16,3.254659455,0.777777778,64,0.816666667,1,16,1
1866284,1867585,16,3.254659455,0.777777778,64,0.816666667,1,16,1
1866366,1874115,0,3.787771341,0.777777778,64,1.101923077,1,0,1
1866366,1875092,0,1.973002874,0.444444444,40,0.526923077,1,0,1
1866366,1875343,6,3.787771341,0.777777778,64,1.101923077,1,6,1
1866388,1869151,11,3.083390054,0.75,49,0.857142857,1,11,1
1866467,1867540,0,3.083390054,0.75,49,0.857142857,1,0,1
1866467,1867741,0,3.083390054,0.75,49,0.857142857,1,0,1
1866620,1867758,3,0.874572103,0.117647059,48,0.205357143,1,3,1
1866717,1868028,0,2.790553133,0.714285714,36,0.833333333,1,0,1
1866717,1904941,0,2.790553133,0.714285714,36,0.833333333,1,0,1
1866776,1866798,11,3.764852159,0.692307692,120,0.826874003,1,11,1
1866776,1868034,8,3.859523369,0.409090909,228,0.874242424,1,8,1
1866776,1868061,9,5.61719549,0.846153846,144,1.510207337,1,9,1
1866776,1868302,11,3.764852159,0.692307692,120,0.826874003,1,11,1
1866798,1868034,8,3.827658492,0.45,190,0.857575758,1,8,1
1866798,1868061,8,3.764852159,0.692307692,120,0.826874003,1,8,1
1866798,1868302,11,3.732987282,0.818181818,100,0.810207337,1,11,1
1866881,1867460,5,3.935230996,0.28,252,1.18452381,1,5,1
1866909,1866925,4,1.442695041,0.333333333,4,0.5,1,4,1
1866909,1874321,4,1.442695041,0.333333333,4,0.5,1,4,1
1866914,1880374,6,2.790553133,0.714285714,36,0.833333333,1,6,1
1866925,1874321,4,1.442695041,0.333333333,4,0.5,1,4,1
1867106,1868559,0,1.391137574,0.5,9,0.458333333,1,0,1
1867201,1897959,7,4.6493823,0.583333333,88,1.55,1,7,1
1867416,1867541,16,3.254659455,0.777777778,64,0.816666667,1,16,1
1867416,1867585,16,3.254659455,0.777777778,64,0.816666667,1,16,1
1867540,1867741,0,3.083390054,0.75,49,0.857142857,1,0,1
1867541,1867585,16,3.254659455,0.777777778,64,0.816666667,1,16,1
1867681,1867963,0,1.442695041,0.166666667,10,0.5,1,0,1
1867986,1873927,4,2.281037195,0.333333333,55,0.690909091,1,4,1
1867986,1880388,4,2.076734652,0.666666667,25,0.581818182,1,4,1
1868004,1868010,31,6.113218894,0.9,361,0.947368421,1,31,1
1868004,1868224,31,6.113218894,0.9,361,0.947368421,1,31,1
1868004,1868251,0,6.113218894,0.9,361,0.947368421,1,0,1
1868004,1868259,31,6.113218894,0.9,361,0.947368421,1,31,1
1868010,1868224,31,6.113218894,0.9,361,0.947368421,1,31,1
1868010,1868251,0,6.113218894,0.9,361,0.947368421,1,0,1
1868010,1868259,31,6.113218894,0.9,361,0.947368421,1,31,1
1868010,1914135,31,6.113218894,0.9,361,0.947368421,1,31,1
1868010,1916694,31,6.113218894,0.9,361,0.947368421,1,31,1
1868010,1916702,31,6.113218894,0.9,361,0.947368421,1,31,1
1868028,1904941,7,2.790553133,0.714285714,36,0.833333333,1,7,1
1868034,1868061,8,3.859523369,0.409090909,228,0.874242424,1,8,1
1868034,1868302,8,3.827658492,0.45,190,0.857575758,1,8,1
1868049,1868992,5,2.485339738,0.666666667,25,0.8,1,5,1
1868049,1869173,5,2.485339738,0.666666667,25,0.8,1,5,1
1868061,1868302,8,3.764852159,0.692307692,120,0.826874003,1,8,1
1868123,1868427,5,2.164042561,0.6,16,0.75,1,5,1
1868123,1869430,5,2.164042561,0.6,16,0.75,1,5,1
1868123,1869557,3,2.164042561,0.6,16,0.75,1,3,1
1868224,1868251,0,6.113218894,0.9,361,0.947368421,1,0,1
1868224,1868259,31,6.113218894,0.9,361,0.947368421,1,31,1
1868224,1914135,31,6.113218894,0.9,361,0.947368421,1,31,1
1868224,1916694,31,6.113218894,0.9,361,0.947368421,1,31,1
1868224,1916702,31,6.113218894,0.9,361,0.947368421,1,31,1
1868251,1868259,0,6.113218894,0.9,361,0.947368421,1,0,1
1868320,1869574,10,2.652913793,0.75,49,0.630494505,1,10,1
1868332,1874117,2,1.219437093,0.6,16,0.258333333,1,2,1
1868332,1875173,0,1.57151524,0.1875,60,0.441666667,1,0,1
1868332,1875371,0,1.57151524,0.1875,60,0.441666667,1,0,1
1868406,1869684,0,3.474005232,0.8,81,0.800505051,1,0,1
1868427,1869430,5,2.164042561,0.6,16,0.75,1,5,1
1868427,1869557,3,2.164042561,0.6,16,0.75,1,3,1
1868525,1876096,6,2.959362957,0.75,49,0.791208791,1,6,1
1868666,1868950,0,2.649474898,0.714285714,36,0.757575758,1,0,1
1868697,1877021,4,2.790553133,0.714285714,36,0.833333333,1,4,1
1868697,1877908,5,2.790553133,0.714285714,36,0.833333333,1,5,1
1868992,1869173,5,2.485339738,0.666666667,25,0.8,1,5,1
1869013,1871685,20,8.611636383,0.888888889,289,2.488888889,1,20,1
1869013,1873461,9,3.538793417,0.444444444,153,0.836601307,1,9,1
1869174,1896594,2,1.442695041,0.142857143,12,0.5,1,2,1
1869174,1903691,3,1.442695041,0.142857143,12,0.5,1,3,1
1869430,1869557,3,2.164042561,0.6,16,0.75,1,3,1
1869536,1873211,7,2.164042561,0.6,16,0.75,1,7,1
1869536,1905889,4,2.164042561,0.6,16,0.75,1,4,1
1869544,1875758,0,2.438514195,0.5,80,0.517156863,1,0,1
1869544,1879307,7,2.029998447,0.333333333,100,0.431045752,1,7,1
1869639,1870755,35,6.843190726,0.909090909,441,1.079365079,1,35,1
1869639,1870774,35,6.843190726,0.909090909,441,1.079365079,1,35,1
1869639,1870907,35,6.843190726,0.909090909,441,1.079365079,1,35,1
1869639,1870944,35,6.843190726,0.909090909,441,1.079365079,1,35,1
1869978,1924828,8,2.790553133,0.555555556,48,0.833333333,1,8,1
1870205,1870969,5,2.266434408,0.666666667,25,0.683333333,1,5,1
1870525,1872930,3,2.487549543,0.5,54,0.671428571,1,3,1
1870525,1881272,0,2.487549543,0.5,54,0.671428571,1,0,1
1870741,1871599,0,3.263173494,0.333333333,32,1.166666667,1,0,1
1870741,1886933,3,1.391137574,0.4,12,0.458333333,1,3,1
1870741,1895378,2,1.391137574,0.4,12,0.458333333,1,2,1
1870755,1870774,35,6.843190726,0.909090909,441,1.079365079,1,35,1
1870755,1870907,35,6.843190726,0.909090909,441,1.079365079,1,35,1
1870755,1870944,35,6.843190726,0.909090909,441,1.079365079,1,35,1
1870774,1870907,35,6.843190726,0.909090909,441,1.079365079,1,35,1
1870774,1870944,35,6.843190726,0.909090909,441,1.079365079,1,35,1
1870803,1871946,2,0.455119613,0.142857143,15,0.111111111,0.5,2,1
1870883,1871923,0,2.340157281,0.714285714,36,0.592074592,1,0,1
1870898,1871888,7,3.080238643,0.714285714,36,0.983333333,1,7,1
1870907,1870944,35,6.843190726,0.909090909,441,1.079365079,1,35,1
1871231,1872072,6,1.820478453,0.5,9,0.666666667,1,6,1
1871599,1886933,0,1.631586747,0.222222222,24,0.583333333,1,0,1
1871599,1895378,0,1.631586747,0.222222222,24,0.583333333,1,0,1
1871685,1873461,9,3.538793417,0.444444444,153,0.836601307,1,9,1
1871991,1872016,4,1.859727432,0.6,16,0.590909091,1,4,1
1871991,1872187,4,1.859727432,0.6,16,0.590909091,1,4,1
1872016,1872187,4,1.859727432,0.6,16,0.590909091,1,4,1
1872244,1874278,7,2.889658152,0.4,98,0.753246753,1,7,1
1872244,1874659,17,5.101345977,0.666666667,154,1.407215007,1,17,1
1872244,1874661,14,4.357771847,0.533333333,126,1.272727273,1,14,1
1872395,1872417,6,1.424137569,0.25,21,0.476190476,1,6,1
1872395,1876578,6,1.027796685,0.5,9,0.285714286,1,6,1
1872395,1877176,6,1.424137569,0.25,21,0.476190476,1,6,1
1872417,1876578,6,1.424137569,0.25,21,0.476190476,1,6,1
1872417,1877176,9,4.305818191,0.75,49,1.466666667,1,9,1
1872494,1873522,0,2.454157951,0.75,49,0.528466387,1,0,1
1872824,1872990,5,1.820478453,0.153846154,36,0.666666667,1,5,1
1872917,1872931,12,4.426725648,0.846153846,144,0.916666667,1,12,1
1872917,1873108,12,4.426725648,0.846153846,144,0.916666667,1,12,1
1872930,1881272,0,2.38455853,0.714285714,36,0.615873016,1,0,1
1872931,1873108,12,4.426725648,0.846153846,144,0.916666667,1,12,1
1873211,1905889,4,2.164042561,0.6,16,0.75,1,4,1
1873284,1878751,8,4.02327512,0.8,81,1.095238095,1,8,1
1873284,1879458,0,4.02327512,0.8,81,1.095238095,1,0,1
1873284,1879464,0,4.02327512,0.8,81,1.095238095,1,0,1
1873388,1873546,11,3.251087712,0.8,81,0.694083694,1,11,1
1873388,1873552,11,3.251087712,0.8,81,0.694083694,1,11,1
1873502,1873507,6,1.820478453,0.5,9,0.666666667,1,6,1
1873546,1873552,11,3.251087712,0.8,81,0.694083694,1,11,1
1873863,1874715,14,5.584198056,0.875,225,1.150387989,1,14,1
1873905,1889323,14,3.366288429,0.777777778,64,0.875,1,14,1
1873905,1898487,8,3.366288429,0.777777778,64,0.875,1,8,1
1873927,1880388,6,2.281037195,0.333333333,55,0.690909091,1,6,1
1874005,1874545,4,1.859727432,0.6,16,0.590909091,1,4,1
1874031,1874245,0,7.674056804,0.888888889,289,1.991702742,1,0,1
1874031,1875046,0,4.975108426,0.611111111,204,1.20961718,1,0,1
1874115,1875092,2,1.973002874,0.444444444,40,0.526923077,1,2,1
1874115,1875343,0,3.787771341,0.777777778,64,1.101923077,1,0,1
1874117,1875173,0,1.57151524,0.1875,60,0.441666667,1,0,1
1874117,1875371,0,1.57151524,0.1875,60,0.441666667,1,0,1
1874245,1875046,0,4.975108426,0.611111111,204,1.20961718,1,0,1
1874251,1874477,6,2.790553133,0.714285714,36,0.833333333,1,6,1
1874251,1875344,8,2.790553133,0.714285714,36,0.833333333,1,8,1
1874278,1874659,7,2.851548943,0.5,77,0.733766234,1,7,1
1874278,1874661,4,1.212987965,0.230769231,63,0.253246753,0.5,4,1
1874477,1875344,6,2.790553133,0.714285714,36,0.833333333,1,6,1
1874644,1875493,2,1.814277021,0.666666667,25,0.46207483,1,2,1
1874659,1874661,10,2.455657834,0.333333333,99,0.653246753,1,10,1
1874725,1874935,3,3.908650337,0.818181818,100,0.9,1,3,1
1875092,1875343,0,1.973002874,0.444444444,40,0.526923077,1,0,1
1875173,1875371,19,7.522324323,0.875,225,2.166666667,1,19,1
1875321,1887322,0,2.164042561,0.272727273,40,0.75,1,0,1
1875328,1875917,2,1.746108116,0.375,28,0.537037037,1,2,1
1875445,1876302,9,3.843625228,0.818181818,100,0.866666667,1,9,1
1875566,1875589,0,4.086804137,0.714285714,143,0.866695804,1,0,1
1875566,1890345,12,4.059642991,0.833333333,121,0.85270979,1,12,1
1875566,1890353,0,4.059642991,0.833333333,121,0.85270979,1,0,1
1875566,1899930,8,4.116001622,0.588235294,176,0.881118881,1,8,1
1875566,1903103,12,4.086804137,0.714285714,143,0.866695804,1,12,1
1875566,1907415,8,4.059642991,0.833333333,121,0.85270979,1,8,1
1875566,1918369,8,4.059642991,0.833333333,121,0.85270979,1,8,1
1875589,1890345,0,4.086804137,0.714285714,143,0.866695804,1,0,1
1875589,1890353,0,4.086804137,0.714285714,143,0.866695804,1,0,1
1875589,1899930,0,4.143162768,0.526315789,208,0.895104895,1,0,1
1875589,1903103,0,5.934443736,0.857142857,169,1.547348485,1,0,1
1875589,1907415,0,4.086804137,0.714285714,143,0.866695804,1,0,1
1875589,1918369,0,4.086804137,0.714285714,143,0.866695804,1,0,1
1875593,1887062,6,2.164042561,0.6,16,0.75,1,6,1
1875593,1887090,4,2.164042561,0.6,16,0.75,1,4,1
1875758,1879307,0,1.983394582,0.384615385,80,0.406045752,1,0,1
1875773,1876889,2,0,0,1,0,1,2,1
1875815,1906992,2,0.455119613,0.083333333,22,0.111111111,1,2,1
1875966,1916149,5,2.485339738,0.571428571,30,0.8,1,5,1
1876088,1880396,7,3.793284844,0.818181818,100,0.843478261,1,7,1
1876088,1905235,10,3.908650337,0.375,230,0.9,1,10,1
1876088,1915799,10,3.793284844,0.818181818,100,0.843478261,1,10,1
1876547,1924220,9,4.856097955,0.846153846,144,1.148506069,1,9,1
1876547,1928844,9,3.261712919,0.615384615,108,0.692156863,1,9,1
1876547,1933744,9,4.856097955,0.846153846,144,1.148506069,1,9,1
1876547,1933867,9,3.261712919,0.615384615,108,0.692156863,1,9,1
1876578,1877176,6,1.424137569,0.25,21,0.476190476,1,6,1
1876773,1878083,0,3.142339253,0.777777778,64,0.770408163,1,0,1
1876773,1879198,7,3.142339253,0.777777778,64,0.770408163,1,7,1
1876773,1879358,7,3.142339253,0.777777778,64,0.770408163,1,7,1
1877021,1877908,4,2.790553133,0.714285714,36,0.833333333,1,4,1
1877260,1877270,8,2.427099403,0.75,49,0.510504202,1,8,1
1877753,1878099,6,2.790553133,0.714285714,36,0.833333333,1,6,1
1877753,1917910,6,2.790553133,0.714285714,36,0.833333333,1,6,1
1877890,1877891,0,2.622313751,0.714285714,36,0.743589744,1,0,1
1877935,1910994,3,1.442695041,0.111111111,16,0.5,1,3,1
1877935,1916381,2,1.442695041,0.111111111,16,0.5,1,2,1
1878083,1879198,0,3.142339253,0.777777778,64,0.770408163,1,0,1
1878083,1879358,0,3.142339253,0.777777778,64,0.770408163,1,0,1
1878099,1917910,6,2.790553133,0.714285714,36,0.833333333,1,6,1
1878751,1879458,0,4.02327512,0.8,81,1.095238095,1,0,1
1878751,1879464,0,4.02327512,0.8,81,1.095238095,1,0,1
1879198,1879358,7,3.142339253,0.777777778,64,0.770408163,1,7,1
1879345,1879355,7,3.827311979,0.5,170,0.858823529,1,7,1
1879458,1879464,0,4.02327512,0.8,81,1.095238095,1,0,1
1879924,1879952,5,2.5243951,0.75,49,0.562698413,1,5,1
1879958,1881268,2,2.790553133,0.714285714,36,0.833333333,1,2,1
1879996,1880010,2,3.409964224,0.8,81,0.771929825,1,2,1
1880396,1905235,7,3.908650337,0.375,230,0.9,1,7,1
1880396,1915799,7,3.793284844,0.818181818,100,0.843478261,1,7,1
1881414,1883794,6,2.344903151,0.444444444,40,0.725,1,6,1
1884180,1898898,5,2.578418762,0.714285714,36,0.722222222,1,5,1
1884180,1906613,7,2.578418762,0.714285714,36,0.722222222,1,7,1
1886933,1895378,2,1.202245867,0.5,9,0.375,1,2,1
1888471,1889696,1,0,0,1,0,1,1,1
1888615,1913793,0,3.071292397,0.7,72,0.722566219,1,0,1
1888691,1888859,5,1.820478453,0.5,9,0.666666667,1,5,1
1889323,1898487,8,3.366288429,0.777777778,64,0.875,1,8,1
1889386,1904425,4,2.164042561,0.6,16,0.75,1,4,1
1889439,1902589,6,2.064029975,0.5,20,0.7,1,6,1
1890345,1890353,0,4.059642991,0.833333333,121,0.85270979,1,0,1
1890345,1899930,8,4.116001622,0.588235294,176,0.881118881,1,8,1
1890345,1903103,12,4.086804137,0.714285714,143,0.866695804,1,12,1
1890345,1907415,8,4.059642991,0.833333333,121,0.85270979,1,8,1
1890345,1918369,8,4.059642991,0.833333333,121,0.85270979,1,8,1
1890353,1899930,0,4.116001622,0.588235294,176,0.881118881,1,0,1
1890353,1903103,0,4.086804137,0.714285714,143,0.866695804,1,0,1
1890353,1907415,0,4.059642991,0.833333333,121,0.85270979,1,0,1
1890353,1918369,0,4.059642991,0.833333333,121,0.85270979,1,0,1
1892351,1902589,6,2.064029975,0.5,20,0.7,1,6,1
1892808,1892822,4,2.164042561,0.6,16,0.75,1,4,1
1892808,1900823,0,2.164042561,0.6,16,0.75,1,0,1
1892808,1911589,0,2.164042561,0.6,16,0.75,1,0,1
1892822,1900823,0,2.164042561,0.6,16,0.75,1,0,1
1892822,1911589,0,2.164042561,0.6,16,0.75,1,0,1
1895264,1903721,6,1.820478453,0.5,9,0.666666667,1,6,1
1895419,1898474,2,0.417032391,0.1,30,0.090909091,0.5,2,1
1896594,1903691,2,0.558110627,0.333333333,4,0.166666667,1,2,1
1897116,1916078,4,1.445026966,0.6,16,0.376923077,1,4,1
1898331,1898375,3,2.164042561,0.6,16,0.75,1,3,1
1898331,1917863,3,2.164042561,0.6,16,0.75,1,3,1
1898375,1917863,5,2.164042561,0.6,16,0.75,1,5,1
1898559,1899930,0,2.485339738,0.235294118,80,0.8,1,0,1
1898898,1906613,5,2.578418762,0.714285714,36,0.722222222,1,5,1
1899930,1903103,8,4.143162768,0.526315789,208,0.895104895,1,8,1
1899930,1907415,8,4.116001622,0.588235294,176,0.881118881,1,8,1
1899930,1918369,8,4.116001622,0.588235294,176,0.881118881,1,8,1
1900551,1908251,8,3.111111341,0.777777778,64,0.743478261,1,8,1
1900551,1910948,8,3.111111341,0.777777778,64,0.743478261,1,8,1
1900823,1911589,1,2.164042561,0.6,16,0.75,1,1,1
1901726,1933364,7,1.956593383,0.333333333,32,0.642857143,1,7,1
1901726,1934041,7,1.956593383,0.333333333,32,0.642857143,1,7,1
1902611,1904197,4,2.790553133,0.714285714,36,0.833333333,1,4,1
1903103,1907415,8,4.086804137,0.714285714,143,0.866695804,1,8,1
1903103,1918369,8,4.086804137,0.714285714,143,0.866695804,1,8,1
1905235,1915799,10,3.908650337,0.375,230,0.9,1,10,1
1907415,1918369,8,4.059642991,0.833333333,121,0.85270979,1,8,1
1907743,1907778,4,3.254659455,0.777777778,64,0.816666667,1,4,1
1908251,1910948,8,3.111111341,0.777777778,64,0.743478261,1,8,1
1910994,1916381,2,0.480898347,0.333333333,4,0.125,1,2,1
1914135,1916694,31,6.113218894,0.9,361,0.947368421,1,31,1
1914135,1916702,31,6.113218894,0.9,361,0.947368421,1,31,1
1916694,1916702,31,6.113218894,0.9,361,0.947368421,1,31,1
1924220,1928844,9,3.261712919,0.615384615,108,0.692156863,1,9,1
1924220,1933744,9,4.856097955,0.846153846,144,1.148506069,1,9,1
1924220,1933867,9,3.261712919,0.615384615,108,0.692156863,1,9,1
1928844,1933744,9,3.261712919,0.615384615,108,0.692156863,1,9,1
1928844,1933867,9,3.20902291,0.8,81,0.664379085,1,9,1
1933364,1934041,7,1.71614421,0.6,16,0.517857143,1,7,1
1933744,1933867,9,3.261712919,0.615384615,108,0.692156863,1,9,1
