id_author_1,id_author_2,CommonNeighbor,AdamicAdar,JaccardCoefficient,PreferentialAttachment,ResourceAllocation,ShortestPath,CommonCountry,Label
1827232,1855312,6,3.083390054218504,0.75,49,0.857142857142857,1.0,0,-1
1827232,1858181,6,3.083390054218504,0.75,49,0.857142857142857,1.0,0,-1
1827232,1923323,6,3.083390054218504,0.75,49,0.857142857142857,1.0,0,-1
1827232,2026163,6,3.083390054218504,0.75,49,0.857142857142857,1.0,0,-1
1827232,2047219,6,3.083390054218504,0.75,49,0.857142857142857,1.0,0,-1
1827232,2047222,6,3.083390054218504,0.75,49,0.857142857142857,1.0,0,-1
1827232,2047226,6,3.083390054218504,0.75,49,0.857142857142857,1.0,0,-1
1827494,1938636,2,1.8204784532536746,0.5,9,0.6666666666666666,1.0,6,-1
1827494,1939874,2,1.8204784532536746,0.5,9,0.6666666666666666,1.0,6,-1
1827494,1940077,2,1.8204784532536746,0.5,9,0.6666666666666666,1.0,6,-1
1827827,1862504,3,2.164042561333445,0.3333333333333333,32,0.75,1.0,8,-1
1827827,1970512,3,2.164042561333445,0.3333333333333333,32,0.75,1.0,8,1
1827827,1977896,3,2.164042561333445,0.3333333333333333,32,0.75,1.0,8,-1
1827827,1989663,3,2.164042561333445,0.3333333333333333,32,0.75,1.0,8,-1
1828786,1875761,4,2.3191244169922545,0.4,45,0.711111111111111,1.0,5,-1
1828786,1982245,4,2.152909095746061,0.6666666666666666,25,0.6222222222222222,1.0,5,-1
1828786,1982263,4,2.152909095746061,0.6666666666666666,25,0.6222222222222222,1.0,5,-1
1828786,1994523,4,2.3191244169922545,0.4,45,0.711111111111111,1.0,5,-1
1828786,2002277,4,2.152909095746061,0.6666666666666666,25,0.6222222222222222,1.0,5,-1
1829050,1896783,6,3.083390054218504,0.42857142857142855,91,0.857142857142857,1.0,14,-1
1829050,1948025,6,3.083390054218504,0.42857142857142855,91,0.857142857142857,1.0,14,-1
1829050,1986068,6,3.083390054218504,0.42857142857142855,91,0.857142857142857,1.0,14,-1
1829050,1986089,6,3.083390054218504,0.42857142857142855,91,0.857142857142857,1.0,14,-1
1829050,2000656,6,3.083390054218504,0.42857142857142855,91,0.857142857142857,1.0,14,-1
1829050,2003106,6,3.083390054218504,0.42857142857142855,91,0.857142857142857,1.0,14,-1
1829050,2003432,6,3.083390054218504,0.42857142857142855,91,0.857142857142857,1.0,14,-1
1829093,1850767,2,1.8204784532536746,0.5,9,0.6666666666666666,1.0,3,-1
1829093,1855831,2,1.8204784532536746,0.5,9,0.6666666666666666,1.0,3,-1
1829093,1923510,2,1.8204784532536746,0.5,9,0.6666666666666666,1.0,3,-1
1829156,1999926,2,1.8204784532536746,0.5,9,0.6666666666666666,1.0,6,-1
1829156,2002339,2,1.8204784532536746,0.5,9,0.6666666666666666,1.0,6,-1
1829156,2002528,2,1.8204784532536746,0.5,9,0.6666666666666666,1.0,6,-1
1829505,1837490,6,3.083390054218504,0.75,49,0.857142857142857,1.0,7,-1
1829505,1844000,6,3.083390054218504,0.75,49,0.857142857142857,1.0,7,-1
1829505,1864085,6,3.083390054218504,0.75,49,0.857142857142857,1.0,7,-1
1829505,1913605,6,3.083390054218504,0.75,49,0.857142857142857,1.0,7,-1
1829505,1938008,6,3.083390054218504,0.75,49,0.857142857142857,1.0,7,-1
1829505,1946649,6,3.083390054218504,0.75,49,0.857142857142857,1.0,7,-1
1829505,2047249,6,3.083390054218504,0.75,49,0.857142857142857,1.0,7,-1
1830433,1928058,7,3.366288428740915,0.7777777777777778,64,0.875,1.0,8,-1
1830433,1938540,7,3.366288428740915,0.7777777777777778,64,0.875,1.0,8,-1
1830433,1938557,7,3.366288428740915,0.7777777777777778,64,0.875,1.0,8,-1
1830433,1938574,7,3.366288428740915,0.7777777777777778,64,0.875,1.0,8,-1
1830433,1946689,7,3.366288428740915,0.7777777777777778,64,0.875,1.0,8,-1
1830433,1947093,7,3.366288428740915,0.7777777777777778,64,0.875,1.0,8,-1
1830433,1947103,7,3.366288428740915,0.7777777777777778,64,0.875,1.0,8,-1
1830433,1947437,7,3.366288428740915,0.7777777777777778,64,0.875,1.0,8,-1
1830672,1974897,0,0.0,0.0,1,0.0,1.0,2,-1
1830998,1838800,3,2.164042561333445,0.6,16,0.75,1.0,0,-1
1830998,1895193,3,2.164042561333445,0.6,16,0.75,1.0,0,-1
1830998,1938425,3,2.164042561333445,0.6,16,0.75,1.0,0,-1
1830998,1947226,3,2.164042561333445,0.6,16,0.75,1.0,0,-1
1831057,1939656,3,1.876989522792215,0.6,16,0.6,1.0,4,-1
1831057,1940043,3,2.164042561333445,0.2727272727272727,40,0.75,1.0,4,-1
1831057,1940046,3,1.876989522792215,0.6,16,0.6,1.0,4,-1
1831057,1940090,3,1.876989522792215,0.6,16,0.6,1.0,4,-1
1831057,1983934,1,0.43429448190325176,0.1111111111111111,24,0.1,0.5,0,-1
1831057,1983946,1,0.43429448190325176,0.1111111111111111,24,0.1,0.5,2,-1
1831057,1986705,1,0.43429448190325176,0.1111111111111111,24,0.1,0.5,2,-1
1831057,2001194,1,0.43429448190325176,0.1111111111111111,24,0.1,0.5,2,-1
1831057,2003681,1,0.43429448190325176,0.1111111111111111,24,0.1,0.5,2,-1
1831057,2003691,1,0.43429448190325176,0.1111111111111111,24,0.1,0.5,2,-1
1831614,1941197,1,1.4426950408889634,0.3333333333333333,4,0.5,1.0,4,-1
1831614,1941478,1,1.4426950408889634,0.3333333333333333,4,0.5,1.0,4,-1
1832878,1982753,9,3.9086503371292665,0.8181818181818182,100,0.8999999999999999,1.0,10,-1
1832878,1982814,9,3.9086503371292665,0.8181818181818182,100,0.8999999999999999,1.0,10,-1
1832878,1985628,9,3.9086503371292665,0.8181818181818182,100,0.8999999999999999,1.0,10,-1
1832878,1991666,9,3.9086503371292665,0.8181818181818182,100,0.8999999999999999,1.0,10,-1
1832878,2002717,9,3.9086503371292665,0.8181818181818182,100,0.8999999999999999,1.0,10,-1
1832878,2002750,9,3.9086503371292665,0.8181818181818182,100,0.8999999999999999,1.0,10,-1
1832878,2003031,9,3.9086503371292665,0.8181818181818182,100,0.8999999999999999,1.0,10,-1
1832878,2003035,9,3.9086503371292665,0.8181818181818182,100,0.8999999999999999,1.0,10,-1
1832878,2003071,9,3.9086503371292665,0.8181818181818182,100,0.8999999999999999,1.0,10,-1
1832878,2003076,9,3.9086503371292665,0.8181818181818182,100,0.8999999999999999,1.0,10,-1
1833818,1841775,3,2.164042561333445,0.23076923076923078,48,0.75,1.0,4,-1
1833818,1848751,5,2.7905531327562363,0.38461538461538464,72,0.8333333333333333,1.0,9,-1
1833818,1872309,5,2.7905531327562363,0.38461538461538464,72,0.8333333333333333,1.0,9,-1
1833818,1879620,5,2.7905531327562363,0.38461538461538464,72,0.8333333333333333,1.0,6,-1
1833818,1946363,5,2.7905531327562363,0.38461538461538464,72,0.8333333333333333,1.0,6,-1
1833818,1951891,3,2.164042561333445,0.23076923076923078,48,0.75,1.0,7,-1
1833818,1985661,5,2.7905531327562363,0.38461538461538464,72,0.8333333333333333,1.0,9,-1
1833818,1985669,5,2.7905531327562363,0.38461538461538464,72,0.8333333333333333,1.0,6,-1
1833818,2001070,3,2.164042561333445,0.23076923076923078,48,0.75,1.0,7,-1
1833818,2003870,3,2.164042561333445,0.23076923076923078,48,0.75,1.0,7,-1
1834157,1974986,3,2.164042561333445,0.6,16,0.75,1.0,0,-1
1834157,1976988,3,2.164042561333445,0.6,16,0.75,1.0,2,-1
1834157,1984425,3,2.164042561333445,0.6,16,0.75,1.0,3,-1
1834157,1984660,3,2.164042561333445,0.6,16,0.75,1.0,0,-1
1834389,1857332,3,2.164042561333445,0.6,16,0.75,1.0,4,-1
1834389,1939857,3,2.164042561333445,0.6,16,0.75,1.0,4,-1
1834389,1944732,3,2.164042561333445,0.6,16,0.75,1.0,4,-1
1834389,1947029,3,2.164042561333445,0.6,16,0.75,1.0,4,-1
1834803,1834845,1,1.4426950408889634,0.3333333333333333,4,0.5,1.0,4,-1
1834803,1848520,1,1.4426950408889634,0.3333333333333333,4,0.5,1.0,4,-1
1834842,1865692,5,2.7905531327562363,0.625,42,0.8333333333333333,1.0,6,-1
1834842,1946545,5,2.7905531327562363,0.625,42,0.8333333333333333,1.0,9,-1
1834842,1947110,5,2.7905531327562363,0.625,42,0.8333333333333333,1.0,6,-1
1834842,1947300,5,2.7905531327562363,0.625,42,0.8333333333333333,1.0,9,-1
1834842,1947309,5,2.7905531327562363,0.625,42,0.8333333333333333,1.0,9,-1
1834842,1947317,5,2.7905531327562363,0.625,42,0.8333333333333333,1.0,6,-1
1834845,1848520,1,1.4426950408889634,0.3333333333333333,4,0.5,1.0,4,-1
1834905,1983343,4,2.4853397382384474,0.6666666666666666,25,0.8,1.0,5,-1
1834905,1986140,4,2.4853397382384474,0.6666666666666666,25,0.8,1.0,5,-1
1834905,1986181,4,2.4853397382384474,0.6666666666666666,25,0.8,1.0,5,-1
1834905,2003148,4,2.4853397382384474,0.6666666666666666,25,0.8,1.0,5,-1
1834905,2003514,4,2.4853397382384474,0.6666666666666666,25,0.8,1.0,5,-1
1835680,1872989,8,3.640956906507349,0.8,81,0.8888888888888891,1.0,9,-1
1835680,1874324,8,3.640956906507349,0.8,81,0.8888888888888891,1.0,12,1
1835680,1874972,8,3.640956906507349,0.8,81,0.8888888888888891,1.0,12,1
1835680,1935061,8,3.640956906507349,0.8,81,0.8888888888888891,1.0,9,-1
1835680,1936145,8,3.640956906507349,0.8,81,0.8888888888888891,1.0,12,1
1835680,1939695,8,3.640956906507349,0.8,81,0.8888888888888891,1.0,9,-1
1835680,1940081,8,3.640956906507349,0.8,81,0.8888888888888891,1.0,9,-1
1835680,1940084,8,3.640956906507349,0.8,81,0.8888888888888891,1.0,9,-1
1835680,1940183,8,3.640956906507349,0.8,81,0.8888888888888891,1.0,9,-1
1835794,1859071,3,2.164042561333445,0.6,16,0.75,1.0,8,-1
1835794,1927520,3,2.164042561333445,0.6,16,0.75,1.0,8,-1
1835794,1970743,3,2.164042561333445,0.6,16,0.75,1.0,8,-1
1835794,1984587,3,2.164042561333445,0.6,16,0.75,1.0,8,-1
1836108,1858479,8,3.640956906507349,0.8,81,0.8888888888888891,1.0,17,-1
1836108,1939534,8,3.640956906507349,0.8,81,0.8888888888888891,1.0,9,-1
1836108,1939748,8,3.640956906507349,0.8,81,0.8888888888888891,1.0,17,-1
1836108,1939988,8,3.640956906507349,0.8,81,0.8888888888888891,1.0,17,-1
1836108,1946658,8,3.640956906507349,0.8,81,0.8888888888888891,1.0,17,-1
1836108,1946692,8,3.640956906507349,0.8,81,0.8888888888888891,1.0,17,-1
1836108,1947164,8,3.640956906507349,0.8,81,0.8888888888888891,1.0,17,-1
1836108,1947181,8,3.640956906507349,0.8,81,0.8888888888888891,1.0,17,-1
1836108,1947384,8,3.640956906507349,0.8,81,0.8888888888888891,1.0,17,-1
1836409,1936996,13,4.926001361969367,0.8666666666666667,196,0.9285714285714283,1.0,0,-1
1836409,1937030,13,4.926001361969367,0.8666666666666667,196,0.9285714285714283,1.0,0,-1
1836409,1978940,13,4.926001361969367,0.8666666666666667,196,0.9285714285714283,1.0,18,-1
1836409,1986123,13,4.926001361969367,0.8666666666666667,196,0.9285714285714283,1.0,18,-1
1836409,1986127,13,4.926001361969367,0.8666666666666667,196,0.9285714285714283,1.0,18,-1
1836409,1989481,13,4.926001361969367,0.8666666666666667,196,0.9285714285714283,1.0,0,-1
1836409,1989498,13,4.926001361969367,0.8666666666666667,196,0.9285714285714283,1.0,10,-1
1836409,1999779,13,4.926001361969367,0.8666666666666667,196,0.9285714285714283,1.0,10,-1
1836409,2003440,13,4.926001361969367,0.8666666666666667,196,0.9285714285714283,1.0,0,-1
1836409,2005734,13,4.926001361969367,0.8666666666666667,196,0.9285714285714283,1.0,18,-1
1836409,2006254,13,4.926001361969367,0.8666666666666667,196,0.9285714285714283,1.0,18,-1
1836409,2006270,13,4.926001361969367,0.8666666666666667,196,0.9285714285714283,1.0,18,-1
1836409,2038305,13,4.926001361969367,0.8666666666666667,196,0.9285714285714283,1.0,18,-1
1836409,2038309,13,4.926001361969367,0.8666666666666667,196,0.9285714285714283,1.0,18,-1
1837490,1844000,6,3.083390054218504,0.75,49,0.857142857142857,1.0,10,-1
1837490,1864085,6,3.083390054218504,0.75,49,0.857142857142857,1.0,7,-1
1837490,1913605,6,3.083390054218504,0.75,49,0.857142857142857,1.0,10,-1
1837490,1938008,6,3.083390054218504,0.75,49,0.857142857142857,1.0,10,-1
1837490,1946649,6,3.083390054218504,0.75,49,0.857142857142857,1.0,7,-1
1837490,2047249,6,3.083390054218504,0.75,49,0.857142857142857,1.0,7,-1
1837798,1941206,4,2.4853397382384474,0.6666666666666666,25,0.8,1.0,5,-1
1837798,1941221,4,2.4853397382384474,0.6666666666666666,25,0.8,1.0,5,-1
1837798,1948160,4,2.4853397382384474,0.6666666666666666,25,0.8,1.0,5,-1
1837798,1948184,4,2.4853397382384474,0.6666666666666666,25,0.8,1.0,5,-1
1837798,1948195,4,2.4853397382384474,0.6666666666666666,25,0.8,1.0,5,-1
1838650,1905210,5,2.6348721105868336,0.38461538461538464,72,0.7499999999999999,1.0,0,-1
1838650,1940647,11,5.87394318697474,0.8461538461538461,144,1.6904761904761905,1.0,18,1
1838650,1975646,5,2.6348721105868336,0.38461538461538464,72,0.7499999999999999,1.0,10,-1
1838650,1975649,5,2.6348721105868336,0.38461538461538464,72,0.7499999999999999,1.0,10,-1
1838650,1977950,5,2.6348721105868336,0.38461538461538464,72,0.7499999999999999,1.0,10,-1
1838650,1994673,5,2.6348721105868336,0.38461538461538464,72,0.7499999999999999,1.0,10,-1
1838800,1895193,3,2.164042561333445,0.6,16,0.75,1.0,3,-1
1838800,1938425,3,2.164042561333445,0.6,16,0.75,1.0,3,-1
1838800,1947226,3,2.164042561333445,0.6,16,0.75,1.0,3,-1
1838983,1838990,5,2.7905531327562363,0.7142857142857143,36,0.8333333333333333,1.0,6,-1
1838983,1862157,5,2.7905531327562363,0.7142857142857143,36,0.8333333333333333,1.0,6,-1
1838983,1892122,5,2.7905531327562363,0.7142857142857143,36,0.8333333333333333,1.0,6,-1
1838983,1900639,5,2.7905531327562363,0.7142857142857143,36,0.8333333333333333,1.0,6,-1
1838983,1908336,5,2.7905531327562363,0.7142857142857143,36,0.8333333333333333,1.0,7,-1
1838983,1939743,5,2.7905531327562363,0.7142857142857143,36,0.8333333333333333,1.0,6,-1
1838990,1862157,5,2.7905531327562363,0.7142857142857143,36,0.8333333333333333,1.0,6,-1
1838990,1892122,5,2.7905531327562363,0.7142857142857143,36,0.8333333333333333,1.0,9,-1
1838990,1900639,5,2.7905531327562363,0.7142857142857143,36,0.8333333333333333,1.0,9,-1
1838990,1908336,5,2.7905531327562363,0.7142857142857143,36,0.8333333333333333,1.0,6,-1
1838990,1939743,5,2.7905531327562363,0.7142857142857143,36,0.8333333333333333,1.0,9,-1
1839733,1947488,2,1.8204784532536746,0.5,9,0.6666666666666666,1.0,2,-1
1839733,1948042,2,1.8204784532536746,0.5,9,0.6666666666666666,1.0,0,-1
1839733,1948263,2,1.8204784532536746,0.5,9,0.6666666666666666,1.0,0,-1
1839821,1839863,9,4.598514212939248,0.8181818181818182,100,1.2714285714285716,1.0,8,1
1839821,1863350,9,4.598514212939248,0.8181818181818182,100,1.2714285714285716,1.0,8,1
1839821,1864604,9,4.598514212939248,0.8181818181818182,100,1.2714285714285716,1.0,8,1
1839821,1966533,5,2.4191046988122498,0.45454545454545453,60,0.6333333333333333,1.0,9,-1
1839821,1966535,5,2.4191046988122498,0.45454545454545453,60,0.6333333333333333,1.0,9,-1
1839821,1984651,5,2.4191046988122498,0.45454545454545453,60,0.6333333333333333,1.0,9,-1
1839863,1863350,9,4.598514212939248,0.8181818181818182,100,1.2714285714285714,1.0,10,1
1839863,1864604,9,4.598514212939248,0.8181818181818182,100,1.2714285714285714,1.0,10,1
1839863,1966533,5,2.4191046988122498,0.45454545454545453,60,0.6333333333333333,1.0,6,-1
1839863,1966535,5,2.4191046988122498,0.45454545454545453,60,0.6333333333333333,1.0,6,-1
1839863,1984651,5,2.4191046988122498,0.45454545454545453,60,0.6333333333333333,1.0,6,-1
1840015,1880088,3,2.164042561333445,0.6,16,0.75,1.0,4,-1
1840015,1910878,3,2.164042561333445,0.6,16,0.75,1.0,7,-1
1840015,1993795,3,2.164042561333445,0.6,16,0.75,1.0,7,-1
1840015,2004603,3,2.164042561333445,0.6,16,0.75,1.0,7,-1
1840082,1877884,6,2.9154679681099473,0.46153846153846156,84,0.7698412698412698,1.0,7,-1
1840082,1878497,6,2.9154679681099473,0.46153846153846156,84,0.7698412698412698,1.0,7,-1
1840082,1905631,6,2.9154679681099473,0.46153846153846156,84,0.7698412698412698,1.0,9,-1
1840082,1950102,6,2.9154679681099473,0.46153846153846156,84,0.7698412698412698,1.0,7,-1
1840082,1950145,6,2.9154679681099473,0.46153846153846156,84,0.7698412698412698,1.0,9,-1
1840082,1950600,6,3.083390054218504,0.25,216,0.857142857142857,1.0,7,-1
1840082,1950627,6,2.9154679681099473,0.46153846153846156,84,0.7698412698412698,1.0,7,-1
1841000,1850915,1,1.4426950408889634,0.0625,30,0.5,1.0,0,-1
1841000,1850920,1,0.36926937306885504,0.3333333333333333,4,0.06666666666666667,1.0,0,-1
1841537,1841575,6,3.083390054218504,0.75,49,0.857142857142857,1.0,11,1
1841537,1912738,6,3.083390054218504,0.75,49,0.857142857142857,1.0,7,-1
1841537,1913648,6,3.083390054218504,0.75,49,0.857142857142857,1.0,11,1
1841537,1914212,6,3.083390054218504,0.75,49,0.857142857142857,1.0,11,-1
1841537,1949911,6,3.083390054218504,0.75,49,0.857142857142857,1.0,11,1
1841537,1973470,6,3.083390054218504,0.75,49,0.857142857142857,1.0,7,-1
1841537,1985371,6,3.083390054218504,0.75,49,0.857142857142857,1.0,7,-1
1841575,1912738,6,3.083390054218504,0.75,49,0.857142857142857,1.0,7,-1
1841575,1913648,6,3.083390054218504,0.75,49,0.857142857142857,1.0,11,1
1841575,1914212,6,3.083390054218504,0.75,49,0.857142857142857,1.0,11,-1
1841575,1949911,6,3.083390054218504,0.75,49,0.857142857142857,1.0,11,1
1841575,1973470,6,3.083390054218504,0.75,49,0.857142857142857,1.0,7,-1
1841575,1985371,6,3.083390054218504,0.75,49,0.857142857142857,1.0,7,-1
1841775,1848751,1,0.40242960438184466,0.1111111111111111,24,0.08333333333333333,0.5,2,-1
1841775,1872309,1,0.40242960438184466,0.1111111111111111,24,0.08333333333333333,0.5,2,-1
1841775,1879620,1,0.40242960438184466,0.1111111111111111,24,0.08333333333333333,0.5,2,-1
1841775,1946363,1,0.40242960438184466,0.1111111111111111,24,0.08333333333333333,0.5,2,-1
1841775,1951891,3,1.845124645270808,0.6,16,0.5833333333333333,1.0,4,-1
1841775,1985661,1,0.40242960438184466,0.1111111111111111,24,0.08333333333333333,0.5,2,-1
1841775,1985669,1,0.40242960438184466,0.1111111111111111,24,0.08333333333333333,0.5,2,-1
1841775,2001070,3,1.845124645270808,0.6,16,0.5833333333333333,1.0,4,-1
1841775,2003870,3,1.845124645270808,0.6,16,0.5833333333333333,1.0,4,-1
1842041,1986549,3,2.164042561333445,0.6,16,0.75,1.0,4,-1
1842041,1986556,3,2.164042561333445,0.6,16,0.75,1.0,4,-1
1842041,2001022,3,2.164042561333445,0.6,16,0.75,1.0,5,-1
1842041,2003489,3,2.164042561333445,0.6,16,0.75,1.0,4,-1
1842381,1865867,10,4.081750261571267,0.8333333333333334,121,0.865800865800866,1.0,11,-1
1842381,1867093,10,4.081750261571267,0.8333333333333334,121,0.865800865800866,1.0,11,-1
1842381,1898926,10,4.081750261571267,0.8333333333333334,121,0.865800865800866,1.0,16,-1
1842381,1909198,10,4.081750261571267,0.8333333333333334,121,0.865800865800866,1.0,16,-1
1842381,1918381,10,4.081750261571267,0.8333333333333334,121,0.865800865800866,1.0,11,-1
1842381,1966370,1,0.3284587387530511,0.05,110,0.047619047619047616,0.5,2,-1
1842381,1967113,1,0.3284587387530511,0.05,110,0.047619047619047616,0.5,2,-1
1842381,1972900,1,0.3284587387530511,0.05,110,0.047619047619047616,0.5,2,-1
1842381,1972904,1,0.3284587387530511,0.05,110,0.047619047619047616,0.5,2,-1
1842381,1974709,10,4.170323914242463,0.45454545454545453,231,0.9090909090909093,1.0,16,-1
1842381,1974724,1,0.3284587387530511,0.05,110,0.047619047619047616,0.5,2,-1
1842381,1974728,1,0.3284587387530511,0.05,110,0.047619047619047616,0.5,2,-1
1842381,1984462,1,0.3284587387530511,0.05,110,0.047619047619047616,0.5,2,-1
1842381,1984466,1,0.3284587387530511,0.05,110,0.047619047619047616,0.5,2,-1
1842381,1984479,1,0.3284587387530511,0.05,110,0.047619047619047616,0.5,2,-1
1842381,1985079,10,4.081750261571267,0.8333333333333334,121,0.8658008658008659,1.0,11,-1
1842381,1985087,10,4.081750261571267,0.8333333333333334,121,0.8658008658008659,1.0,11,-1
1842381,1986562,10,4.081750261571267,0.8333333333333334,121,0.865800865800866,1.0,16,-1
1842381,1994665,1,0.3284587387530511,0.05,110,0.047619047619047616,0.5,2,-1
1842381,2004869,10,4.081750261571267,0.8333333333333334,121,0.865800865800866,1.0,11,-1
1842381,2005331,10,4.081750261571267,0.8333333333333334,121,0.865800865800866,1.0,16,-1
1842829,1939861,1,0.48089834696298783,0.14285714285714285,16,0.125,0.5,2,-1
1842829,1940022,3,1.9235933878519513,0.6,16,0.625,1.0,4,-1
1842829,1940042,3,1.923593387851951,0.6,16,0.625,1.0,4,-1
1842829,1947473,1,0.48089834696298783,0.14285714285714285,16,0.125,0.5,2,-1
1842829,1947482,3,2.164042561333445,0.3333333333333333,32,0.75,1.0,4,-1
1842829,1947813,1,0.48089834696298783,0.16666666666666666,12,0.125,0.5,2,-1
1842829,1948851,3,1.923593387851951,0.6,16,0.625,1.0,4,-1
1842829,1979272,1,0.48089834696298783,0.16666666666666666,12,0.125,0.5,2,-1
1843263,1939974,3,1.766210494037636,0.10714285714285714,108,0.5454545454545454,1.0,4,-1
1843263,1946724,3,1.766210494037636,0.10714285714285714,108,0.5454545454545454,1.0,5,-1
1843263,1947132,3,1.766210494037636,0.10714285714285714,108,0.5454545454545454,1.0,4,-1
1843263,1947474,21,8.2772614554454,0.75,594,1.6973684210526307,1.0,22,1
1843762,1861705,26,8.6451535171802,0.9285714285714286,729,1.3038720538720534,1.0,27,1
1843762,1866976,26,8.6451535171802,0.9285714285714286,729,1.3038720538720534,1.0,44,1
1843762,1868467,26,8.6451535171802,0.9285714285714286,729,1.3038720538720532,1.0,44,1
1843762,1931823,26,8.6451535171802,0.9285714285714286,729,1.3038720538720532,1.0,27,1
1843762,1939815,11,3.733609946323332,0.39285714285714285,324,0.5925925925925926,1.0,21,-1
1843762,1948447,26,8.6451535171802,0.9285714285714286,729,1.3038720538720532,1.0,44,1
1843762,1948456,11,3.733609946323332,0.39285714285714285,324,0.5925925925925926,1.0,21,-1
1843762,1948472,11,3.733609946323332,0.39285714285714285,324,0.5925925925925926,1.0,21,-1
1843762,1948546,11,3.733609946323332,0.39285714285714285,324,0.5925925925925926,1.0,12,-1
1843762,1948782,11,3.733609946323332,0.39285714285714285,324,0.5925925925925926,1.0,21,1
1843762,1948796,26,8.6451535171802,0.9285714285714286,729,1.3038720538720534,1.0,44,1
1843762,1948822,26,8.6451535171802,0.9285714285714286,729,1.3038720538720532,1.0,44,1
1843959,1849291,5,2.7905531327562363,0.7142857142857143,36,0.8333333333333333,1.0,5,-1
1843959,1855193,5,2.7905531327562363,0.7142857142857143,36,0.8333333333333333,1.0,5,-1
1843959,1940460,5,2.7905531327562363,0.7142857142857143,36,0.8333333333333333,1.0,5,-1
1843959,1942031,5,2.7905531327562363,0.7142857142857143,36,0.8333333333333333,1.0,5,-1
1843959,1950477,5,2.7905531327562363,0.7142857142857143,36,0.8333333333333333,1.0,0,-1
1843959,1950486,5,2.7905531327562363,0.7142857142857143,36,0.8333333333333333,1.0,5,-1
1844000,1864085,6,3.083390054218504,0.75,49,0.857142857142857,1.0,7,-1
1844000,1913605,6,3.083390054218504,0.75,49,0.857142857142857,1.0,10,-1
1844000,1938008,6,3.083390054218504,0.75,49,0.857142857142857,1.0,10,-1
1844000,1946649,6,3.083390054218504,0.75,49,0.857142857142857,1.0,7,-1
1844000,2047249,6,3.083390054218504,0.75,49,0.857142857142857,1.0,7,-1
1844221,1844238,5,2.622313751456269,0.7142857142857143,36,0.7435897435897435,1.0,9,-1
1844221,1868884,5,2.7905531327562363,0.35714285714285715,78,0.8333333333333333,1.0,5,-1
1844221,1939810,1,0.3898712452512801,0.08333333333333333,42,0.07692307692307693,0.5,2,-1
1844221,1939820,1,0.3898712452512801,0.08333333333333333,42,0.07692307692307693,0.5,2,-1
1844221,1940028,1,0.3898712452512801,0.08333333333333333,42,0.07692307692307693,0.5,2,-1
1844221,1940279,1,0.3898712452512801,0.08333333333333333,42,0.07692307692307693,0.5,2,-1
1844221,1947396,1,0.3898712452512801,0.08333333333333333,42,0.07692307692307693,0.5,2,-1
1844221,1947401,1,0.3898712452512801,0.08333333333333333,42,0.07692307692307693,0.5,2,-1
1844221,1947425,1,0.3898712452512801,0.08333333333333333,42,0.07692307692307693,0.5,2,-1
1844221,1967119,5,2.622313751456269,0.7142857142857143,36,0.7435897435897435,1.0,9,-1
1844221,1970613,5,2.622313751456269,0.7142857142857143,36,0.7435897435897435,1.0,9,-1
1844221,1974778,5,2.622313751456269,0.7142857142857143,36,0.7435897435897435,1.0,9,-1
1844221,1977973,5,2.622313751456269,0.7142857142857143,36,0.7435897435897435,1.0,0,-1
1844238,1868884,5,2.7905531327562363,0.35714285714285715,78,0.8333333333333333,1.0,5,-1
1844238,1939810,1,0.3898712452512801,0.08333333333333333,42,0.07692307692307693,0.5,2,-1
1844238,1939820,1,0.3898712452512801,0.08333333333333333,42,0.07692307692307693,0.5,2,-1
1844238,1940028,1,0.3898712452512801,0.08333333333333333,42,0.07692307692307693,0.5,2,-1
1844238,1940279,1,0.3898712452512801,0.08333333333333333,42,0.07692307692307693,0.5,2,-1
1844238,1947396,1,0.3898712452512801,0.08333333333333333,42,0.07692307692307693,0.5,2,-1
1844238,1947401,1,0.3898712452512801,0.08333333333333333,42,0.07692307692307693,0.5,2,-1
1844238,1947425,1,0.3898712452512801,0.08333333333333333,42,0.07692307692307693,0.5,2,-1
1844238,1967119,5,2.622313751456269,0.7142857142857143,36,0.7435897435897435,1.0,9,-1
1844238,1970613,5,2.622313751456269,0.7142857142857143,36,0.7435897435897435,1.0,9,-1
1844238,1974778,5,2.622313751456269,0.7142857142857143,36,0.7435897435897435,1.0,9,-1
1844238,1977973,5,2.622313751456269,0.7142857142857143,36,0.7435897435897435,1.0,0,-1
1844312,1923211,2,1.8204784532536746,0.5,9,0.6666666666666666,1.0,6,1
1844312,1923251,2,1.8204784532536746,0.5,9,0.6666666666666666,1.0,6,-1
1844312,1947794,2,1.8204784532536746,0.5,9,0.6666666666666666,1.0,6,1
1844500,1867604,5,2.6875621195184074,0.7142857142857143,36,0.7777777777777777,1.0,6,-1
1844500,1868822,5,2.6875621195184074,0.7142857142857143,36,0.7777777777777777,1.0,10,-1
1844500,1930552,1,0.45511961331341866,0.125,18,0.1111111111111111,0.5,2,-1
1844500,1940463,1,0.45511961331341866,0.125,18,0.1111111111111111,0.5,2,-1
1844500,1947452,5,2.7905531327562363,0.5,54,0.8333333333333333,1.0,6,-1
1844500,1947465,1,0.45511961331341866,0.125,18,0.1111111111111111,0.5,2,-1
1844500,1985044,5,2.6875621195184074,0.7142857142857143,36,0.7777777777777777,1.0,10,-1
1844500,2002426,5,2.6875621195184074,0.7142857142857143,36,0.7777777777777777,1.0,10,-1
1844500,2037379,5,2.6875621195184074,0.7142857142857143,36,0.7777777777777777,1.0,10,-1
1844751,1868590,13,4.844052384652786,0.8666666666666667,196,0.8916256157635466,1.0,25,-1
1844751,1870022,13,4.844052384652786,0.8666666666666667,196,0.8916256157635465,1.0,25,-1
1844751,1870101,13,4.844052384652786,0.8666666666666667,196,0.8916256157635466,1.0,25,-1
1844751,1901901,13,4.926001361969367,0.43333333333333335,406,0.9285714285714283,1.0,14,-1
1844751,1938780,13,4.844052384652786,0.8666666666666667,196,0.8916256157635466,1.0,25,-1
1844751,1938785,13,4.844052384652786,0.8666666666666667,196,0.8916256157635465,1.0,25,-1
1844751,1939941,13,4.844052384652786,0.8666666666666667,196,0.8916256157635465,1.0,25,-1
1844751,1940111,13,4.844052384652786,0.8666666666666667,196,0.8916256157635466,1.0,25,-1
1844751,1940122,13,4.844052384652786,0.8666666666666667,196,0.8916256157635466,1.0,25,-1
1844751,1940125,13,4.844052384652786,0.8666666666666667,196,0.8916256157635466,1.0,25,-1
1844751,1940213,13,4.844052384652786,0.8666666666666667,196,0.8916256157635466,1.0,14,-1
1844751,1940217,13,4.844052384652786,0.8666666666666667,196,0.8916256157635466,1.0,25,-1
1844751,1946861,13,4.844052384652786,0.8666666666666667,196,0.8916256157635466,1.0,25,-1
1844751,1947680,13,4.844052384652786,0.8666666666666667,196,0.8916256157635465,1.0,14,-1
1845066,1845113,5,2.7905531327562363,0.7142857142857143,36,0.8333333333333333,1.0,6,-1
1845066,1845118,5,2.7905531327562363,0.7142857142857143,36,0.8333333333333333,1.0,10,-1
1845066,1868340,5,2.7905531327562363,0.7142857142857143,36,0.8333333333333333,1.0,6,-1
1845066,1909469,5,2.7905531327562363,0.7142857142857143,36,0.8333333333333333,1.0,10,-1
1845066,1983284,5,2.7905531327562363,0.7142857142857143,36,0.8333333333333333,1.0,10,-1
1845066,2003437,5,2.7905531327562363,0.7142857142857143,36,0.8333333333333333,1.0,10,-1
1845113,1845118,5,2.7905531327562363,0.7142857142857143,36,0.8333333333333333,1.0,6,-1
1845113,1868340,5,2.7905531327562363,0.7142857142857143,36,0.8333333333333333,1.0,6,-1
1845113,1909469,5,2.7905531327562363,0.7142857142857143,36,0.8333333333333333,1.0,6,-1
1845113,1983284,5,2.7905531327562363,0.7142857142857143,36,0.8333333333333333,1.0,6,-1
1845113,2003437,5,2.7905531327562363,0.7142857142857143,36,0.8333333333333333,1.0,6,-1
1845118,1868340,5,2.7905531327562363,0.7142857142857143,36,0.8333333333333333,1.0,6,-1
1845118,1909469,5,2.7905531327562363,0.7142857142857143,36,0.8333333333333333,1.0,10,-1
1845118,1983284,5,2.7905531327562363,0.7142857142857143,36,0.8333333333333333,1.0,10,-1
1845118,2003437,5,2.7905531327562363,0.7142857142857143,36,0.8333333333333333,1.0,10,-1
1845669,1930605,2,1.8204784532536746,0.5,9,0.6666666666666666,1.0,0,-1
1845669,1935099,2,1.8204784532536746,0.5,9,0.6666666666666666,1.0,2,-1
1845669,1942350,2,1.8204784532536746,0.5,9,0.6666666666666666,1.0,3,1
1847568,1874154,5,2.7905531327562363,0.3333333333333333,84,0.8333333333333333,1.0,5,-1
1847568,1875169,5,2.7905531327562363,0.3333333333333333,84,0.8333333333333333,1.0,5,-1
1847568,1938565,5,2.7905531327562363,0.3333333333333333,84,0.8333333333333333,1.0,0,-1
1847568,1939561,5,2.7905531327562363,0.3333333333333333,84,0.8333333333333333,1.0,5,-1
1847568,1939805,5,2.7905531327562363,0.3333333333333333,84,0.8333333333333333,1.0,5,-1
1847568,1939809,5,2.7905531327562363,0.3333333333333333,84,0.8333333333333333,1.0,5,-1
1847613,1924476,4,2.4853397382384474,0.6666666666666666,25,0.8,1.0,7,-1
1847613,1934148,4,2.4853397382384474,0.6666666666666666,25,0.8,1.0,7,-1
1847613,1983476,4,2.4853397382384474,0.6666666666666666,25,0.8,1.0,5,-1
1847613,1986260,4,2.4853397382384474,0.6666666666666666,25,0.8,1.0,5,-1
1847613,2000847,4,2.4853397382384474,0.6666666666666666,25,0.8,1.0,5,-1
1847868,1870070,12,4.678454943015361,0.8571428571428571,169,0.9230769230769229,1.0,24,-1
1847868,1925455,12,4.678454943015361,0.8571428571428571,169,0.9230769230769229,1.0,13,-1
1847868,1967287,12,4.678454943015361,0.8571428571428571,169,0.9230769230769229,1.0,24,-1
1847868,1967289,12,4.678454943015361,0.8571428571428571,169,0.9230769230769229,1.0,24,-1
1847868,1967291,12,4.678454943015361,0.8571428571428571,169,0.9230769230769229,1.0,24,-1
1847868,1970866,12,4.678454943015361,0.8571428571428571,169,0.9230769230769229,1.0,24,-1
1847868,1970875,12,4.678454943015361,0.8571428571428571,169,0.9230769230769229,1.0,24,-1
1847868,1970879,12,4.678454943015361,0.8571428571428571,169,0.9230769230769229,1.0,24,-1
1847868,1975074,12,4.678454943015361,0.8571428571428571,169,0.9230769230769229,1.0,24,-1
1847868,1978265,12,4.678454943015361,0.8571428571428571,169,0.9230769230769229,1.0,24,-1
1847868,1984714,12,4.678454943015361,0.8571428571428571,169,0.9230769230769229,1.0,24,-1
1847868,1995020,12,4.678454943015361,0.8571428571428571,169,0.9230769230769229,1.0,13,-1
1847868,1995024,12,4.678454943015361,0.8571428571428571,169,0.9230769230769229,1.0,24,-1
1847988,1847994,16,6.803040071486352,0.8888888888888888,289,1.5381992261787656,1.0,28,1
1847988,1861016,12,4.533682443894843,0.6666666666666666,221,0.8534330120007869,1.0,22,-1
1847988,1861270,12,4.533682443894843,0.6666666666666666,221,0.8534330120007869,1.0,13,-1
1847988,1871126,16,6.803040071486352,0.8888888888888888,289,1.5381992261787656,1.0,28,1
1847988,1900425,12,4.533682443894843,0.6666666666666666,221,0.8534330120007869,1.0,13,-1
1847988,1922982,12,4.533682443894843,0.6666666666666666,221,0.8534330120007869,1.0,22,-1
1847988,1932213,12,4.533682443894843,0.6666666666666666,221,0.8534330120007869,1.0,13,-1
1847988,1977315,12,4.604624700242323,0.42857142857142855,391,0.8868778280542986,1.0,13,-1
1847988,1979104,12,4.533682443894843,0.6666666666666666,221,0.8534330120007869,1.0,22,-1
1847988,1983705,12,4.533682443894843,0.6666666666666666,221,0.8534330120007869,1.0,22,-1
1847988,1986510,12,4.533682443894843,0.6666666666666666,221,0.8534330120007869,1.0,22,-1
1847988,1986513,12,4.533682443894843,0.6666666666666666,221,0.8534330120007869,1.0,22,-1
1847988,2003484,12,4.533682443894843,0.6666666666666666,221,0.8534330120007869,1.0,22,-1
1847994,1861016,12,4.533682443894843,0.6666666666666666,221,0.8534330120007869,1.0,22,-1
1847994,1861270,12,4.533682443894843,0.6666666666666666,221,0.8534330120007869,1.0,13,-1
1847994,1871126,16,6.803040071486352,0.8888888888888888,289,1.5381992261787656,1.0,28,1
1847994,1900425,12,4.533682443894843,0.6666666666666666,221,0.8534330120007869,1.0,13,-1
1847994,1922982,12,4.533682443894843,0.6666666666666666,221,0.8534330120007869,1.0,22,-1
1847994,1932213,12,4.533682443894843,0.6666666666666666,221,0.8534330120007869,1.0,13,-1
1847994,1977315,12,4.604624700242323,0.42857142857142855,391,0.8868778280542986,1.0,13,-1
1847994,1979104,12,4.533682443894843,0.6666666666666666,221,0.8534330120007869,1.0,22,-1
1847994,1983705,12,4.533682443894843,0.6666666666666666,221,0.8534330120007869,1.0,22,-1
1847994,1986510,12,4.533682443894843,0.6666666666666666,221,0.8534330120007869,1.0,22,-1
1847994,1986513,12,4.533682443894843,0.6666666666666666,221,0.8534330120007869,1.0,22,-1
1847994,2003484,12,4.533682443894843,0.6666666666666666,221,0.8534330120007869,1.0,22,-1
1848640,1893308,1,0.3396232718951086,0.07142857142857142,50,0.05263157894736842,0.5,2,-1
1848640,1911107,1,0.3396232718951086,0.05555555555555555,70,0.05263157894736842,0.5,2,-1
1848640,1911132,1,0.3396232718951086,0.05555555555555555,70,0.05263157894736842,0.5,2,-1
1848640,1949635,4,2.203628075573944,0.6666666666666666,25,0.6526315789473685,1.0,5,-1
1848640,1949657,4,2.203628075573944,0.6666666666666666,25,0.6526315789473685,1.0,5,-1
1848640,1949686,4,2.203628075573944,0.6666666666666666,25,0.6526315789473685,1.0,5,-1
1848640,1949987,4,2.4853397382384474,0.2,95,0.8,1.0,5,-1
1848640,1950050,4,2.203628075573944,0.6666666666666666,25,0.6526315789473685,1.0,5,-1
1848640,1971607,1,0.3396232718951086,0.07142857142857142,50,0.05263157894736842,0.5,2,-1
1848640,1975637,1,0.3396232718951086,0.07142857142857142,50,0.05263157894736842,0.5,2,-1
1848640,1976777,1,0.3396232718951086,0.07142857142857142,50,0.05263157894736842,0.5,2,-1
1848640,1976784,1,0.3396232718951086,0.07142857142857142,50,0.05263157894736842,0.5,2,-1
1848640,1977911,1,0.3396232718951086,0.07142857142857142,50,0.05263157894736842,0.5,2,-1
1848640,1980578,1,0.3396232718951086,0.05555555555555555,70,0.05263157894736842,0.5,2,-1
1848640,1994651,1,0.3396232718951086,0.07142857142857142,50,0.05263157894736842,0.5,2,-1
1848751,1872309,5,2.6348721105868336,0.7142857142857143,36,0.7499999999999999,1.0,9,-1
1848751,1879620,5,2.6348721105868336,0.7142857142857143,36,0.7499999999999999,1.0,6,-1
1848751,1946363,5,2.6348721105868336,0.7142857142857143,36,0.75,1.0,6,-1
1848751,1951891,1,0.40242960438184466,0.1111111111111111,24,0.08333333333333333,0.5,4,-1
1848751,1985661,5,2.6348721105868336,0.7142857142857143,36,0.75,1.0,9,-1
1848751,1985669,5,2.6348721105868336,0.7142857142857143,36,0.7499999999999999,1.0,6,-1
1848751,2001070,1,0.40242960438184466,0.1111111111111111,24,0.08333333333333333,0.5,4,-1
1848751,2003870,1,0.40242960438184466,0.1111111111111111,24,0.08333333333333333,0.5,4,-1
1848842,1870777,12,4.323743661277966,0.8571428571428571,169,0.7558528428093645,1.0,26,-1
1848842,1875835,12,4.394685917625445,0.5,299,0.7892976588628762,1.0,26,-1
1848842,1876156,12,4.394685917625445,0.5,299,0.7892976588628762,1.0,26,-1
1848842,1893610,12,4.394685917625445,0.5,299,0.7892976588628762,1.0,26,-1
1848842,1929899,12,4.323743661277966,0.8571428571428571,169,0.7558528428093645,1.0,26,-1
1848842,1934245,12,4.323743661277966,0.8571428571428571,169,0.7558528428093645,1.0,26,-1
1848842,2016969,12,4.323743661277966,0.8571428571428571,169,0.7558528428093645,1.0,26,-1
1848842,2019842,12,4.323743661277966,0.8571428571428571,169,0.7558528428093645,1.0,26,-1
1848842,2024394,12,4.323743661277966,0.8571428571428571,169,0.7558528428093645,1.0,26,-1
1848842,2024398,12,4.323743661277966,0.8571428571428571,169,0.7558528428093645,1.0,26,-1
1848842,2045212,12,4.323743661277966,0.8571428571428571,169,0.7558528428093645,1.0,26,-1
1848842,2046316,12,4.394685917625445,0.5,299,0.7892976588628762,1.0,26,-1
1848842,2047275,12,4.394685917625445,0.5,299,0.7892976588628762,1.0,26,-1
1848895,1947250,0,0.0,0.0,1,0.0,1.0,2,-1
1849291,1855193,5,2.7905531327562363,0.7142857142857143,36,0.8333333333333333,1.0,6,-1
1849291,1940460,5,2.7905531327562363,0.7142857142857143,36,0.8333333333333333,1.0,5,-1
1849291,1942031,5,2.7905531327562363,0.7142857142857143,36,0.8333333333333333,1.0,5,-1
1849291,1950477,5,2.7905531327562363,0.7142857142857143,36,0.8333333333333333,1.0,0,-1
1849291,1950486,5,2.7905531327562363,0.7142857142857143,36,0.8333333333333333,1.0,5,-1
1850767,1855831,2,1.8204784532536746,0.5,9,0.6666666666666666,1.0,4,-1
1850767,1923510,2,1.8204784532536746,0.5,9,0.6666666666666666,1.0,3,-1
1850915,1850920,1,1.4426950408889634,0.0625,30,0.5,1.0,1,-1
1851156,1872491,9,3.853279036915966,0.8181818181818182,100,0.8714285714285713,1.0,6,-1
1851156,1872515,9,3.853279036915966,0.8181818181818182,100,0.8714285714285713,1.0,0,-1
1851156,1879229,9,3.9086503371292665,0.6,140,0.8999999999999999,1.0,4,-1
1851156,1938821,9,3.853279036915966,0.8181818181818182,100,0.8714285714285713,1.0,0,-1
1851156,1938845,9,3.853279036915966,0.8181818181818182,100,0.8714285714285713,1.0,0,-1
1851156,1938850,9,3.853279036915966,0.8181818181818182,100,0.8714285714285713,1.0,0,-1
1851156,1939814,9,3.853279036915966,0.8181818181818182,100,0.8714285714285713,1.0,0,-1
1851156,1946935,9,3.853279036915966,0.8181818181818182,100,0.8714285714285713,1.0,4,-1
1851156,1947390,9,3.853279036915966,0.8181818181818182,100,0.8714285714285713,1.0,6,-1
1851156,1947429,9,3.853279036915966,0.8181818181818182,100,0.8714285714285713,1.0,0,-1
1851191,1915663,4,2.4853397382384474,0.6666666666666666,25,0.8,1.0,8,1
1851191,1950775,4,2.4853397382384474,0.6666666666666666,25,0.8,1.0,8,1
1851191,1951644,4,2.4853397382384474,0.6666666666666666,25,0.8,1.0,8,1
1851191,1952733,4,2.4853397382384474,0.6666666666666666,25,0.8,1.0,8,1
1851206,1882936,18,7.121781573241108,0.72,456,1.4495124156888863,1.0,19,1
1851206,1906269,23,9.190852468735233,0.92,576,1.8989388664311266,1.0,24,1
1851206,1942393,16,6.349062384189035,0.64,408,1.3026944245984495,1.0,17,1
1851206,1950400,16,6.349062384189034,0.64,408,1.3026944245984495,1.0,23,1
1851206,1951220,9,3.531665909585015,0.36,240,0.7119453044375643,1.0,10,1
1851206,1951228,9,3.531665909585015,0.36,240,0.7119453044375644,1.0,12,1
1851206,2000406,9,3.531665909585015,0.36,240,0.7119453044375643,1.0,10,-1
1851206,2001992,9,3.531665909585015,0.36,240,0.7119453044375643,1.0,10,-1
1851206,2004362,9,3.531665909585015,0.36,240,0.7119453044375643,1.0,10,-1
1851206,2004386,9,3.531665909585015,0.36,240,0.7119453044375643,1.0,10,-1
1851849,1940199,8,3.640956906507349,0.8,81,0.8888888888888891,1.0,0,-1
1851849,1947168,8,3.640956906507349,0.8,81,0.8888888888888891,1.0,0,-1
1851849,1947188,8,3.640956906507349,0.8,81,0.8888888888888891,1.0,0,-1
1851849,1947613,8,3.640956906507349,0.8,81,0.8888888888888891,1.0,0,-1
1851849,1947618,8,3.640956906507349,0.8,81,0.8888888888888891,1.0,0,-1
1851849,1947633,8,3.640956906507349,0.8,81,0.8888888888888891,1.0,0,-1
1851849,1947641,8,3.640956906507349,0.8,81,0.8888888888888891,1.0,0,-1
1851849,1947643,8,3.640956906507349,0.8,81,0.8888888888888891,1.0,0,-1
1851849,1947819,8,3.640956906507349,0.8,81,0.8888888888888891,1.0,2,-1
1852315,1861244,8,3.4767064304587407,0.4444444444444444,153,0.8090463458110516,1.0,9,1
1852315,1873037,16,7.4258088528904045,0.8888888888888888,289,1.8613339275103984,1.0,29,1
1852315,1899818,8,3.3344664381613764,0.4444444444444444,153,0.7320261437908497,1.0,9,-1
1852315,1940044,8,3.3344664381613764,0.4444444444444444,153,0.7320261437908497,1.0,9,-1
1852315,1942017,10,4.6310149054504075,0.5555555555555556,187,1.1625816993464053,1.0,19,1
1852315,1947160,8,3.3344664381613764,0.4444444444444444,153,0.7320261437908497,1.0,15,-1
1852315,1947575,8,3.3344664381613764,0.4444444444444444,153,0.7320261437908497,1.0,15,-1
1852315,1947606,16,7.4258088528904045,0.8888888888888888,289,1.8613339275103984,1.0,17,1
1852315,1947609,16,7.4258088528904045,0.8888888888888888,289,1.8613339275103986,1.0,29,1
1852315,1947762,8,3.3344664381613764,0.4444444444444444,153,0.7320261437908497,1.0,15,-1
1852315,1947931,8,3.3344664381613764,0.4444444444444444,153,0.7320261437908497,1.0,15,-1
1852315,1949718,5,1.9310203763319485,0.2777777777777778,102,0.37849079025549615,1.0,6,-1
1852871,1937387,5,2.7905531327562363,0.7142857142857143,36,0.8333333333333333,1.0,6,-1
1852871,1937782,5,2.7905531327562363,0.7142857142857143,36,0.8333333333333333,1.0,6,-1
1852871,1937795,5,2.7905531327562363,0.7142857142857143,36,0.8333333333333333,1.0,6,-1
1852871,1940619,5,2.7905531327562363,0.7142857142857143,36,0.8333333333333333,1.0,6,-1
1852871,1949705,5,2.7905531327562363,0.7142857142857143,36,0.8333333333333333,1.0,7,-1
1852871,1949713,5,2.7905531327562363,0.7142857142857143,36,0.8333333333333333,1.0,6,-1
1853008,1866122,7,3.0886809481858526,0.4666666666666667,112,0.7329545454545454,1.0,0,-1
1853008,1873576,7,2.986705782912816,0.7777777777777778,64,0.6793831168831168,1.0,5,-1
1853008,1874733,7,2.986705782912816,0.7777777777777778,64,0.6793831168831168,1.0,0,-1
1853008,1892195,2,0.6841892133709133,0.13333333333333333,72,0.10795454545454546,0.5,3,-1
1853008,1899417,2,0.6841892133709133,0.13333333333333333,72,0.10795454545454546,0.5,3,-1
1853008,1938870,7,2.986705782912816,0.7777777777777778,64,0.6793831168831168,1.0,4,-1
1853008,1938889,7,2.986705782912816,0.7777777777777778,64,0.6793831168831168,1.0,0,-1
1853008,1939871,7,3.106930369653563,0.4117647058823529,128,0.7418831168831168,1.0,4,-1
1853008,1940238,7,3.1440886767271317,0.30434782608695654,176,0.7589285714285714,1.0,4,-1
1853008,1947502,7,2.986705782912816,0.7777777777777778,64,0.6793831168831168,1.0,0,-1
1853008,1966625,2,0.6841892133709133,0.10526315789473684,104,0.10795454545454546,0.5,3,-1
1853008,1984685,2,0.6841892133709133,0.13333333333333333,72,0.10795454545454546,0.5,3,-1
1853008,1987461,2,0.6841892133709133,0.13333333333333333,72,0.10795454545454546,0.5,3,-1
1853008,2004398,2,0.6841892133709133,0.13333333333333333,72,0.10795454545454546,0.5,3,-1
1853008,2004403,2,0.6841892133709133,0.13333333333333333,72,0.10795454545454546,0.5,0,-1
1853008,2004411,2,0.6841892133709133,0.13333333333333333,72,0.10795454545454546,0.5,3,-1
1853500,1982512,4,2.4853397382384474,0.4,45,0.8,1.0,5,-1
1853500,1985393,4,2.3191244169922545,0.6666666666666666,25,0.711111111111111,1.0,5,-1
1853500,2005591,4,2.3191244169922545,0.6666666666666666,25,0.711111111111111,1.0,8,-1
1853500,2037726,4,2.3191244169922545,0.6666666666666666,25,0.711111111111111,1.0,8,-1
1853500,2037745,4,2.3191244169922545,0.6666666666666666,25,0.711111111111111,1.0,8,-1
1854653,1860228,8,3.640956906507349,0.8,81,0.8888888888888891,1.0,0,1
1854653,1872060,8,3.640956906507349,0.8,81,0.8888888888888891,1.0,0,1
1854653,1872271,8,3.640956906507349,0.8,81,0.8888888888888891,1.0,0,1
1854653,1873271,8,3.640956906507349,0.8,81,0.8888888888888891,1.0,0,1
1854653,1907694,8,3.640956906507349,0.8,81,0.8888888888888891,1.0,2,1
1854653,1965153,8,3.640956906507349,0.8,81,0.8888888888888891,1.0,0,1
1854653,1970763,8,3.640956906507349,0.8,81,0.8888888888888891,1.0,2,1
1854653,1975795,8,3.640956906507349,0.8,81,0.8888888888888891,1.0,0,1
1854653,1982171,8,3.640956906507349,0.8,81,0.8888888888888891,1.0,0,1
1855193,1940460,5,2.7905531327562363,0.7142857142857143,36,0.8333333333333333,1.0,5,-1
1855193,1942031,5,2.7905531327562363,0.7142857142857143,36,0.8333333333333333,1.0,5,-1
1855193,1950477,5,2.7905531327562363,0.7142857142857143,36,0.8333333333333333,1.0,0,-1
1855193,1950486,5,2.7905531327562363,0.7142857142857143,36,0.8333333333333333,1.0,5,-1
1855312,1858181,6,3.083390054218504,0.75,49,0.857142857142857,1.0,0,-1
1855312,1923323,6,3.083390054218504,0.75,49,0.857142857142857,1.0,0,-1
1855312,2026163,6,3.083390054218504,0.75,49,0.857142857142857,1.0,0,-1
1855312,2047219,6,3.083390054218504,0.75,49,0.857142857142857,1.0,0,-1
1855312,2047222,6,3.083390054218504,0.75,49,0.857142857142857,1.0,0,-1
1855312,2047226,6,3.083390054218504,0.75,49,0.857142857142857,1.0,0,-1
1855756,1983796,5,2.7905531327562363,0.7142857142857143,36,0.8333333333333333,1.0,0,-1
1855756,1986610,5,2.7905531327562363,0.7142857142857143,36,0.8333333333333333,1.0,0,-1
1855756,1986622,5,2.7905531327562363,0.7142857142857143,36,0.8333333333333333,1.0,0,-1
1855756,1986629,5,2.7905531327562363,0.7142857142857143,36,0.8333333333333333,1.0,1,-1
1855756,2003922,5,2.7905531327562363,0.7142857142857143,36,0.8333333333333333,1.0,0,-1
1855756,2003936,5,2.7905531327562363,0.7142857142857143,36,0.8333333333333333,1.0,0,-1
1855831,1923510,2,1.8204784532536746,0.5,9,0.6666666666666666,1.0,3,-1
1856825,1856846,11,5.054475588849437,0.8461538461538461,144,1.25,1.0,11,1
1856825,1871892,7,3.0524134584163423,0.5384615384615384,96,0.7083333333333333,1.0,7,-1
1856825,1968739,11,5.054475588849437,0.8461538461538461,144,1.25,1.0,17,1
1856825,1970059,11,5.054475588849437,0.8461538461538461,144,1.25,1.0,17,1
1856825,1970854,7,3.0524134584163423,0.5384615384615384,96,0.7083333333333333,1.0,7,-1
1856825,1970871,7,3.0524134584163423,0.5384615384615384,96,0.7083333333333333,1.0,7,-1
1856825,1972551,11,5.054475588849437,0.8461538461538461,144,1.25,1.0,17,1
1856825,1975070,7,3.0524134584163423,0.5384615384615384,96,0.7083333333333333,1.0,0,-1
1856846,1871892,7,3.0524134584163423,0.5384615384615384,96,0.7083333333333333,1.0,7,-1
1856846,1968739,11,5.054475588849437,0.8461538461538461,144,1.25,1.0,11,1
1856846,1970059,11,5.054475588849437,0.8461538461538461,144,1.25,1.0,11,1
1856846,1970854,7,3.0524134584163423,0.5384615384615384,96,0.7083333333333334,1.0,7,-1
1856846,1970871,7,3.0524134584163423,0.5384615384615384,96,0.7083333333333333,1.0,8,-1
1856846,1972551,11,5.054475588849437,0.8461538461538461,144,1.25,1.0,11,1
1856846,1975070,7,3.0524134584163423,0.5384615384615384,96,0.7083333333333334,1.0,0,-1
1856969,1874783,6,3.083390054218504,0.75,49,0.857142857142857,1.0,10,-1
1856969,1953338,6,3.083390054218504,0.75,49,0.857142857142857,1.0,10,1
1856969,1977917,6,3.083390054218504,0.75,49,0.857142857142857,1.0,10,-1
1856969,1977919,6,3.083390054218504,0.75,49,0.857142857142857,1.0,10,-1
1856969,1989690,6,3.083390054218504,0.75,49,0.857142857142857,1.0,0,-1
1856969,1989694,6,3.083390054218504,0.75,49,0.857142857142857,1.0,0,-1
1856969,1994644,6,3.083390054218504,0.75,49,0.857142857142857,1.0,10,-1
1857016,1916357,4,2.4853397382384474,0.3076923076923077,60,0.8,1.0,6,-1
1857016,1966336,4,2.4853397382384474,0.3076923076923077,60,0.8,1.0,0,-1
1857016,1967063,4,2.4853397382384474,0.3076923076923077,60,0.8,1.0,0,-1
1857016,1983019,4,2.4853397382384474,0.3076923076923077,60,0.8,1.0,6,-1
1857016,1983034,4,2.4853397382384474,0.3076923076923077,60,0.8,1.0,6,-1
1857279,1939694,1,1.4426950408889634,0.3333333333333333,4,0.5,1.0,4,-1
1857279,1939858,1,1.4426950408889634,0.3333333333333333,4,0.5,1.0,4,-1
1857332,1939857,3,2.164042561333445,0.6,16,0.75,1.0,4,-1
1857332,1944732,3,2.164042561333445,0.6,16,0.75,1.0,5,-1
1857332,1947029,3,2.164042561333445,0.6,16,0.75,1.0,4,-1
1857584,1858717,8,3.640956906507349,0.8,81,0.8888888888888891,1.0,15,-1
1857584,1882387,8,3.640956906507349,0.8,81,0.8888888888888891,1.0,15,-1
1857584,1949079,8,3.640956906507349,0.8,81,0.8888888888888891,1.0,15,-1
1857584,1949088,8,3.640956906507349,0.8,81,0.8888888888888891,1.0,8,-1
1857584,1949092,8,3.640956906507349,0.8,81,0.8888888888888891,1.0,15,-1
1857584,1949986,8,3.640956906507349,0.8,81,0.8888888888888891,1.0,15,-1
1857584,1950164,8,3.640956906507349,0.8,81,0.8888888888888891,1.0,15,-1
1857584,1950168,8,3.640956906507349,0.8,81,0.8888888888888891,1.0,0,-1
1857584,1950172,8,3.640956906507349,0.8,81,0.8888888888888891,1.0,15,-1
1857642,1857649,2,1.8204784532536746,0.5,9,0.6666666666666666,1.0,6,-1
1857642,1857652,2,1.8204784532536746,0.5,9,0.6666666666666666,1.0,6,-1
1857642,1947264,2,1.8204784532536746,0.5,9,0.6666666666666666,1.0,6,-1
1857649,1857652,2,1.8204784532536746,0.5,9,0.6666666666666666,1.0,6,-1
1857649,1947264,2,1.8204784532536746,0.5,9,0.6666666666666666,1.0,6,-1
1857652,1947264,2,1.8204784532536746,0.5,9,0.6666666666666666,1.0,6,-1
1857748,1857762,2,1.8204784532536746,0.5,9,0.6666666666666666,1.0,5,-1
1857748,1887676,2,1.8204784532536746,0.5,9,0.6666666666666666,1.0,3,-1
1857748,2001163,2,1.8204784532536746,0.5,9,0.6666666666666666,1.0,5,-1
1857762,1887676,2,1.8204784532536746,0.5,9,0.6666666666666666,1.0,3,-1
1857762,2001163,2,1.8204784532536746,0.5,9,0.6666666666666666,1.0,5,-1
1858181,1923323,6,3.083390054218504,0.75,49,0.857142857142857,1.0,9,-1
1858181,2026163,6,3.083390054218504,0.75,49,0.857142857142857,1.0,9,-1
1858181,2047219,6,3.083390054218504,0.75,49,0.857142857142857,1.0,9,-1
1858181,2047222,6,3.083390054218504,0.75,49,0.857142857142857,1.0,9,-1
1858181,2047226,6,3.083390054218504,0.75,49,0.857142857142857,1.0,5,-1
1858405,1859532,22,8.369752145635438,0.9166666666666666,529,1.596109839816933,1.0,28,1
1858405,1859620,22,8.388579506038827,0.7586206896551724,644,1.6038738149722127,1.0,28,1
1858405,1859646,11,4.157396441362772,0.4583333333333333,276,0.7893374741200828,1.0,12,1
1858405,1880900,11,4.157396441362772,0.4583333333333333,276,0.7893374741200829,1.0,12,-1
1858405,1950815,11,4.157396441362772,0.4583333333333333,276,0.7893374741200828,1.0,12,1
1858405,1951296,11,4.157396441362772,0.4583333333333333,276,0.7893374741200829,1.0,12,-1
1858405,1951322,11,4.157396441362772,0.4583333333333333,276,0.7893374741200828,1.0,12,1
1858405,1951676,11,4.157396441362772,0.4583333333333333,276,0.7893374741200828,1.0,12,1
1858405,1951682,11,4.157396441362772,0.4583333333333333,276,0.7893374741200829,1.0,12,1
1858405,1952327,11,4.157396441362772,0.4583333333333333,276,0.7893374741200829,1.0,12,1
1858405,1952331,11,4.157396441362772,0.4583333333333333,276,0.7893374741200829,1.0,12,1
1858405,1952337,22,8.369752145635438,0.9166666666666666,529,1.596109839816933,1.0,23,1
1858479,1939534,8,3.640956906507349,0.8,81,0.8888888888888891,1.0,9,-1
1858479,1939748,8,3.640956906507349,0.8,81,0.8888888888888891,1.0,17,-1
1858479,1939988,8,3.640956906507349,0.8,81,0.8888888888888891,1.0,17,-1
1858479,1946658,8,3.640956906507349,0.8,81,0.8888888888888891,1.0,17,-1
1858479,1946692,8,3.640956906507349,0.8,81,0.8888888888888891,1.0,17,-1
1858479,1947164,8,3.640956906507349,0.8,81,0.8888888888888891,1.0,17,-1
1858479,1947181,8,3.640956906507349,0.8,81,0.8888888888888891,1.0,17,-1
1858479,1947384,8,3.640956906507349,0.8,81,0.8888888888888891,1.0,17,-1
1858557,1906097,28,8.315277722454367,0.8484848484848485,928,0.9655172413793099,1.0,8,-1
1858557,1988429,28,8.315277722454367,0.8484848484848485,928,0.9655172413793099,1.0,0,-1
1858557,1988432,28,8.315277722454367,0.8484848484848485,928,0.9655172413793099,1.0,0,-1
1858557,1988455,28,8.315277722454367,0.8484848484848485,928,0.9655172413793099,1.0,0,-1
1858557,1988466,28,8.315277722454367,0.8484848484848485,928,0.9655172413793099,1.0,0,-1
1858557,1988480,28,8.315277722454367,0.8484848484848485,928,0.9655172413793099,1.0,0,-1
1858557,1988494,28,8.315277722454367,0.8484848484848485,928,0.9655172413793099,1.0,0,-1
1858557,1988499,28,8.315277722454367,0.8484848484848485,928,0.9655172413793099,1.0,0,-1
1858557,1988508,28,8.315277722454367,0.8484848484848485,928,0.9655172413793099,1.0,0,-1
1858557,1988511,28,8.315277722454367,0.8484848484848485,928,0.9655172413793099,1.0,0,-1
1858557,1988530,28,8.315277722454367,0.8484848484848485,928,0.9655172413793099,1.0,8,-1
1858557,2000878,28,8.315277722454367,0.8484848484848485,928,0.9655172413793099,1.0,8,-1
1858557,2012324,28,8.315277722454367,0.8484848484848485,928,0.9655172413793099,1.0,0,-1
1858557,2018153,28,8.315277722454367,0.8484848484848485,928,0.9655172413793099,1.0,8,-1
1858557,2018160,28,8.315277722454367,0.8484848484848485,928,0.9655172413793099,1.0,0,-1
1858557,2018171,28,8.315277722454367,0.8484848484848485,928,0.9655172413793099,1.0,0,-1
1858557,2018187,28,8.315277722454367,0.8484848484848485,928,0.9655172413793099,1.0,8,-1
1858557,2018492,28,8.315277722454367,0.8484848484848485,928,0.9655172413793099,1.0,0,-1
1858557,2018507,28,8.315277722454367,0.8484848484848485,928,0.9655172413793099,1.0,10,-1
1858557,2020892,28,8.315277722454367,0.8484848484848485,928,0.9655172413793099,1.0,0,-1
1858557,2020910,28,8.315277722454367,0.8484848484848485,928,0.9655172413793099,1.0,0,-1
1858557,2020915,28,8.315277722454367,0.8484848484848485,928,0.9655172413793099,1.0,0,-1
1858557,2025714,28,8.315277722454367,0.8484848484848485,928,0.9655172413793099,1.0,0,-1
1858557,2025732,28,8.315277722454367,0.8484848484848485,928,0.9655172413793099,1.0,10,-1
1858557,2026117,28,8.315277722454367,0.8484848484848485,928,0.9655172413793099,1.0,0,-1
1858557,2026121,28,8.315277722454367,0.8484848484848485,928,0.9655172413793099,1.0,0,-1
1858557,2026125,28,8.315277722454367,0.8484848484848485,928,0.9655172413793099,1.0,0,-1
1858557,2047148,28,8.315277722454367,0.8484848484848485,928,0.9655172413793099,1.0,8,-1
1858557,2047159,28,8.315277722454367,0.8484848484848485,928,0.9655172413793099,1.0,0,-1
1858677,1895880,8,3.640956906507349,0.8,81,0.8888888888888891,1.0,9,1
1858677,1937163,8,3.640956906507349,0.8,81,0.8888888888888891,1.0,16,-1
1858677,1958142,8,3.640956906507349,0.8,81,0.8888888888888891,1.0,16,1
1858677,1958474,8,3.640956906507349,0.8,81,0.8888888888888891,1.0,9,1
1858677,1964289,8,3.640956906507349,0.8,81,0.8888888888888891,1.0,16,1
1858677,1976191,8,3.640956906507349,0.8,81,0.8888888888888891,1.0,16,1
1858677,1985488,8,3.640956906507349,0.8,81,0.8888888888888891,1.0,16,-1
1858677,1985882,8,3.640956906507349,0.8,81,0.8888888888888891,1.0,16,1
1858677,2002558,8,3.640956906507349,0.8,81,0.8888888888888891,1.0,16,-1
1858717,1882387,8,3.640956906507349,0.8,81,0.8888888888888891,1.0,15,-1
1858717,1949079,8,3.640956906507349,0.8,81,0.8888888888888891,1.0,15,-1
1858717,1949088,8,3.640956906507349,0.8,81,0.8888888888888891,1.0,8,-1
1858717,1949092,8,3.640956906507349,0.8,81,0.8888888888888891,1.0,15,-1
1858717,1949986,8,3.640956906507349,0.8,81,0.8888888888888891,1.0,15,-1
1858717,1950164,8,3.640956906507349,0.8,81,0.8888888888888891,1.0,15,-1
1858717,1950168,8,3.640956906507349,0.8,81,0.8888888888888891,1.0,0,-1
1858717,1950172,8,3.640956906507349,0.8,81,0.8888888888888891,1.0,15,-1
1859071,1927520,3,2.164042561333445,0.6,16,0.75,1.0,8,-1
1859071,1970743,3,2.164042561333445,0.6,16,0.75,1.0,8,-1
1859071,1984587,3,2.164042561333445,0.6,16,0.75,1.0,8,-1
1859230,1859236,2,1.8204784532536746,0.5,9,0.6666666666666666,1.0,6,-1
1859230,1932108,2,1.8204784532536746,0.5,9,0.6666666666666666,1.0,6,-1
1859230,2003777,2,1.8204784532536746,0.5,9,0.6666666666666666,1.0,6,-1
1859236,1932108,2,1.8204784532536746,0.5,9,0.6666666666666666,1.0,6,-1
1859236,2003777,2,1.8204784532536746,0.5,9,0.6666666666666666,1.0,6,-1
1859527,1910969,5,2.7905531327562363,0.7142857142857143,36,0.8333333333333333,1.0,6,-1
1859527,1912723,5,2.7905531327562363,0.7142857142857143,36,0.8333333333333333,1.0,6,-1
1859527,1967134,5,2.7905531327562363,0.7142857142857143,36,0.8333333333333333,1.0,6,-1
1859527,1979303,5,2.7905531327562363,0.7142857142857143,36,0.8333333333333333,1.0,7,-1
1859527,1983104,5,2.7905531327562363,0.7142857142857143,36,0.8333333333333333,1.0,6,-1
1859527,1983114,5,2.7905531327562363,0.7142857142857143,36,0.8333333333333333,1.0,6,-1
1859532,1859620,22,8.388579506038827,0.7586206896551724,644,1.6038738149722127,1.0,28,1
1859532,1859646,11,4.157396441362772,0.4583333333333333,276,0.7893374741200829,1.0,12,1
1859532,1880900,11,4.157396441362772,0.4583333333333333,276,0.7893374741200829,1.0,12,-1
1859532,1950815,11,4.157396441362772,0.4583333333333333,276,0.7893374741200829,1.0,12,1
1859532,1951296,11,4.157396441362772,0.4583333333333333,276,0.7893374741200829,1.0,12,-1
1859532,1951322,11,4.157396441362772,0.4583333333333333,276,0.7893374741200829,1.0,12,1
1859532,1951676,11,4.157396441362772,0.4583333333333333,276,0.7893374741200829,1.0,12,1
1859532,1951682,11,4.157396441362772,0.4583333333333333,276,0.7893374741200829,1.0,12,1
1859532,1952327,11,4.157396441362772,0.4583333333333333,276,0.7893374741200829,1.0,12,1
1859532,1952331,11,4.157396441362772,0.4583333333333333,276,0.7893374741200829,1.0,12,1
1859532,1952337,22,8.369752145635438,0.9166666666666666,529,1.596109839816933,1.0,23,1
1859620,1859646,11,4.17622380176616,0.3793103448275862,336,0.7971014492753623,1.0,12,1
1859620,1880900,11,4.17622380176616,0.3793103448275862,336,0.7971014492753624,1.0,12,-1
1859620,1950815,11,4.17622380176616,0.3793103448275862,336,0.7971014492753623,1.0,12,1
1859620,1951296,11,4.17622380176616,0.3793103448275862,336,0.7971014492753624,1.0,12,-1
1859620,1951322,11,4.17622380176616,0.3793103448275862,336,0.7971014492753623,1.0,12,1
1859620,1951676,11,4.17622380176616,0.3793103448275862,336,0.7971014492753623,1.0,12,1
1859620,1951682,11,4.17622380176616,0.3793103448275862,336,0.7971014492753624,1.0,12,1
1859620,1952327,11,4.17622380176616,0.3793103448275862,336,0.7971014492753624,1.0,12,1
1859620,1952331,11,4.17622380176616,0.3793103448275862,336,0.7971014492753624,1.0,12,1
1859620,1952337,22,8.388579506038827,0.7586206896551724,644,1.6038738149722127,1.0,23,1
1859646,1880900,11,4.073895825884729,0.8461538461538461,144,0.7494824016563147,1.0,12,-1
1859646,1950815,11,4.073895825884729,0.8461538461538461,144,0.7494824016563147,1.0,16,1
1859646,1951296,11,4.073895825884729,0.8461538461538461,144,0.7494824016563147,1.0,12,-1
1859646,1951322,11,4.073895825884729,0.8461538461538461,144,0.7494824016563147,1.0,16,1
1859646,1951676,11,4.073895825884729,0.8461538461538461,144,0.7494824016563147,1.0,16,1
1859646,1951682,11,4.073895825884729,0.8461538461538461,144,0.7494824016563147,1.0,12,1
1859646,1952327,11,4.073895825884729,0.8461538461538461,144,0.7494824016563147,1.0,16,1
1859646,1952331,11,4.073895825884729,0.8461538461538461,144,0.7494824016563147,1.0,12,1
1859646,1952337,11,4.157396441362772,0.4583333333333333,276,0.7893374741200829,1.0,12,1
1859791,1941073,5,2.7905531327562363,0.7142857142857143,36,0.8333333333333333,1.0,11,-1
1859791,1941078,5,2.7905531327562363,0.7142857142857143,36,0.8333333333333333,1.0,11,-1
1859791,1942208,5,2.7905531327562363,0.7142857142857143,36,0.8333333333333333,1.0,11,-1
1859791,1949875,5,2.7905531327562363,0.7142857142857143,36,0.8333333333333333,1.0,6,-1
1859791,1949885,5,2.7905531327562363,0.7142857142857143,36,0.8333333333333333,1.0,11,-1
1859791,1950045,5,2.7905531327562363,0.7142857142857143,36,0.8333333333333333,1.0,11,-1
1860228,1872060,8,3.640956906507349,0.8,81,0.8888888888888891,1.0,0,1
1860228,1872271,8,3.640956906507349,0.8,81,0.8888888888888891,1.0,0,1
1860228,1873271,8,3.640956906507349,0.8,81,0.8888888888888891,1.0,4,1
1860228,1907694,8,3.640956906507349,0.8,81,0.8888888888888891,1.0,0,1
1860228,1965153,8,3.640956906507349,0.8,81,0.8888888888888891,1.0,0,1
1860228,1970763,8,3.640956906507349,0.8,81,0.8888888888888891,1.0,0,1
1860228,1975795,8,3.640956906507349,0.8,81,0.8888888888888891,1.0,0,1
1860228,1982171,8,3.640956906507349,0.8,81,0.8888888888888891,1.0,4,1
1860629,1940987,11,4.426725648200291,0.8461538461538461,144,0.9166666666666667,1.0,12,-1
1860629,1941002,11,4.426725648200291,0.8461538461538461,144,0.9166666666666667,1.0,12,-1
1860629,1941971,11,4.426725648200291,0.8461538461538461,144,0.9166666666666667,1.0,12,-1
1860629,1942115,11,4.426725648200291,0.8461538461538461,144,0.9166666666666667,1.0,12,-1
1860629,1949108,11,4.426725648200291,0.8461538461538461,144,0.9166666666666667,1.0,12,-1
1860629,1949771,11,4.426725648200291,0.8461538461538461,144,0.9166666666666667,1.0,12,-1
1860629,1949912,11,4.426725648200291,0.8461538461538461,144,0.9166666666666667,1.0,12,-1
1860629,1949919,11,4.426725648200291,0.8461538461538461,144,0.9166666666666667,1.0,12,-1
1860629,1949947,11,4.426725648200291,0.8461538461538461,144,0.9166666666666667,1.0,12,-1
1860629,1950280,11,4.426725648200291,0.8461538461538461,144,0.9166666666666667,1.0,12,-1
1860629,1950290,11,4.426725648200291,0.8461538461538461,144,0.9166666666666667,1.0,12,-1
1860629,1950317,11,4.426725648200291,0.8461538461538461,144,0.9166666666666667,1.0,12,-1
1860938,1978677,5,2.7905531327562363,0.38461538461538464,72,0.8333333333333333,1.0,6,-1
1860938,1983048,5,2.7905531327562363,0.38461538461538464,72,0.8333333333333333,1.0,6,-1
1860938,1988934,5,2.7905531327562363,0.38461538461538464,72,0.8333333333333333,1.0,6,-1
1860938,2000505,5,2.7905531327562363,0.38461538461538464,72,0.8333333333333333,1.0,6,-1
1860938,2000527,5,2.7905531327562363,0.38461538461538464,72,0.8333333333333333,1.0,6,-1
1860938,2003250,5,2.7905531327562363,0.38461538461538464,72,0.8333333333333333,1.0,6,-1
1861016,1861270,12,4.496767322508324,0.8571428571428571,169,0.8353334644894748,1.0,13,-1
1861016,1871126,12,4.533682443894843,0.6666666666666666,221,0.8534330120007869,1.0,22,-1
1861016,1900425,12,4.496767322508324,0.8571428571428571,169,0.8353334644894748,1.0,13,-1
1861016,1922982,12,4.496767322508324,0.8571428571428571,169,0.8353334644894748,1.0,22,-1
1861016,1932213,12,4.496767322508324,0.8571428571428571,169,0.8353334644894748,1.0,13,-1
1861016,1977315,12,4.567709578855804,0.5,299,0.8687782805429864,1.0,13,-1
1861016,1979104,12,4.496767322508324,0.8571428571428571,169,0.8353334644894748,1.0,22,-1
1861016,1983705,12,4.496767322508324,0.8571428571428571,169,0.8353334644894748,1.0,22,-1
1861016,1986510,12,4.496767322508324,0.8571428571428571,169,0.8353334644894748,1.0,22,-1
1861016,1986513,12,4.496767322508324,0.8571428571428571,169,0.8353334644894748,1.0,22,-1
1861016,2003484,12,4.496767322508324,0.8571428571428571,169,0.8353334644894748,1.0,22,-1
1861244,1873037,8,3.4767064304587407,0.4444444444444444,153,0.8090463458110517,1.0,9,1
1861244,1899818,4,1.4118244954590446,0.2857142857142857,81,0.23529411764705882,0.5,5,-1
1861244,1940044,4,1.4118244954590446,0.2857142857142857,81,0.23529411764705882,0.5,5,-1
1861244,1942017,8,3.412630162899255,0.6666666666666666,99,0.7769607843137255,1.0,9,1
1861244,1947160,4,1.4118244954590446,0.2857142857142857,81,0.23529411764705882,0.5,5,-1
1861244,1947575,4,1.4118244954590446,0.2857142857142857,81,0.23529411764705882,0.5,5,-1
1861244,1947606,8,3.47670643045874,0.4444444444444444,153,0.8090463458110516,1.0,9,1
1861244,1947609,8,3.4767064304587407,0.4444444444444444,153,0.8090463458110516,1.0,9,1
1861244,1947762,4,1.4118244954590446,0.2857142857142857,81,0.23529411764705882,0.5,5,-1
1861244,1947931,4,1.4118244954590446,0.2857142857142857,81,0.23529411764705882,0.5,5,-1
1861244,1949718,5,1.8288568868832908,0.5,54,0.32620320855614976,1.0,6,-1
1861270,1871126,12,4.533682443894843,0.6666666666666666,221,0.8534330120007869,1.0,13,-1
1861270,1900425,12,4.496767322508324,0.8571428571428571,169,0.8353334644894748,1.0,13,-1
1861270,1922982,12,4.496767322508324,0.8571428571428571,169,0.8353334644894748,1.0,13,-1
1861270,1932213,12,4.496767322508324,0.8571428571428571,169,0.8353334644894748,1.0,13,-1
1861270,1977315,12,4.567709578855804,0.5,299,0.8687782805429864,1.0,13,-1
1861270,1979104,12,4.496767322508324,0.8571428571428571,169,0.8353334644894748,1.0,13,-1
1861270,1983705,12,4.496767322508324,0.8571428571428571,169,0.8353334644894748,1.0,13,-1
1861270,1986510,12,4.496767322508324,0.8571428571428571,169,0.8353334644894748,1.0,13,-1
1861270,1986513,12,4.496767322508324,0.8571428571428571,169,0.8353334644894748,1.0,13,-1
1861270,2003484,12,4.496767322508324,0.8571428571428571,169,0.8353334644894748,1.0,13,-1
1861656,1877817,5,2.7905531327562363,0.7142857142857143,36,0.8333333333333333,1.0,0,-1
1861656,1892859,5,2.7905531327562363,0.7142857142857143,36,0.8333333333333333,1.0,10,-1
1861656,1940070,5,2.7905531327562363,0.7142857142857143,36,0.8333333333333333,1.0,10,-1
1861656,1941302,5,2.7905531327562363,0.7142857142857143,36,0.8333333333333333,1.0,10,-1
1861656,1941397,5,2.7905531327562363,0.7142857142857143,36,0.8333333333333333,1.0,10,-1
1861656,1941416,5,2.7905531327562363,0.7142857142857143,36,0.8333333333333333,1.0,10,-1
1861705,1866976,26,8.6451535171802,0.9285714285714286,729,1.3038720538720534,1.0,27,1
1861705,1868467,26,8.6451535171802,0.9285714285714286,729,1.3038720538720532,1.0,27,1
1861705,1931823,26,8.6451535171802,0.9285714285714286,729,1.3038720538720532,1.0,27,1
1861705,1939815,11,3.733609946323332,0.39285714285714285,324,0.5925925925925926,1.0,12,-1
1861705,1948447,26,8.6451535171802,0.9285714285714286,729,1.3038720538720532,1.0,27,1
1861705,1948456,11,3.733609946323332,0.39285714285714285,324,0.5925925925925926,1.0,12,-1
1861705,1948472,11,3.733609946323332,0.39285714285714285,324,0.5925925925925926,1.0,12,-1
1861705,1948546,11,3.733609946323332,0.39285714285714285,324,0.5925925925925926,1.0,12,-1
1861705,1948782,11,3.733609946323332,0.39285714285714285,324,0.5925925925925926,1.0,12,-1
1861705,1948796,26,8.6451535171802,0.9285714285714286,729,1.3038720538720534,1.0,27,1
1861705,1948822,26,8.6451535171802,0.9285714285714286,729,1.3038720538720532,1.0,27,1
1861771,2011227,6,3.083390054218504,0.75,49,0.857142857142857,1.0,7,-1
1861771,2011244,6,3.083390054218504,0.75,49,0.857142857142857,1.0,7,-1
1861771,2045278,6,3.083390054218504,0.75,49,0.857142857142857,1.0,10,-1
1861771,2045290,6,3.083390054218504,0.75,49,0.857142857142857,1.0,7,-1
1861771,2045304,6,3.083390054218504,0.75,49,0.857142857142857,1.0,10,-1
1861771,2045307,6,3.083390054218504,0.75,49,0.857142857142857,1.0,7,-1
1861771,2047410,6,3.083390054218504,0.75,49,0.857142857142857,1.0,10,-1
1862157,1892122,5,2.7905531327562363,0.7142857142857143,36,0.8333333333333333,1.0,6,-1
1862157,1900639,5,2.7905531327562363,0.7142857142857143,36,0.8333333333333333,1.0,6,-1
1862157,1908336,5,2.7905531327562363,0.7142857142857143,36,0.8333333333333333,1.0,6,-1
1862157,1939743,5,2.7905531327562363,0.7142857142857143,36,0.8333333333333333,1.0,6,-1
1862239,1983002,4,2.4853397382384474,0.6666666666666666,25,0.8,1.0,10,-1
1862239,1985786,4,2.4853397382384474,0.6666666666666666,25,0.8,1.0,10,-1
1862239,2000483,4,2.4853397382384474,0.6666666666666666,25,0.8,1.0,10,-1
1862239,2000487,4,2.4853397382384474,0.6666666666666666,25,0.8,1.0,10,-1
1862239,2003217,4,2.4853397382384474,0.6666666666666666,25,0.8,1.0,10,-1
1862262,1954635,16,7.281913813014698,0.8888888888888888,289,1.7777777777777783,1.0,24,1
1862262,1983092,8,3.5387934170586917,0.4444444444444444,153,0.8366013071895426,1.0,9,-1
1862262,1985893,8,3.538793417058691,0.4444444444444444,153,0.8366013071895426,1.0,9,-1
1862262,1985898,8,3.5387934170586917,0.4444444444444444,153,0.8366013071895426,1.0,9,-1
1862262,2002936,8,3.5387934170586917,0.4444444444444444,153,0.8366013071895426,1.0,11,-1
1862262,2002958,8,3.5387934170586917,0.4444444444444444,153,0.8366013071895426,1.0,9,-1
1862262,2002986,8,3.5387934170586917,0.4444444444444444,153,0.8366013071895426,1.0,9,-1
1862262,2003304,8,3.538793417058691,0.4444444444444444,153,0.8366013071895426,1.0,9,-1
1862262,2003317,8,3.5387934170586917,0.4444444444444444,153,0.8366013071895426,1.0,9,-1
1862272,1862376,7,4.649382299571893,0.7777777777777778,64,1.5499999999999998,1.0,16,-1
1862272,1975042,3,1.923593387851951,0.3333333333333333,32,0.625,1.0,8,-1
1862272,1977002,3,1.923593387851951,0.3333333333333333,32,0.625,1.0,8,-1
1862272,1977005,3,1.923593387851951,0.3333333333333333,32,0.625,1.0,8,-1
1862272,1984811,4,2.3449031506418234,0.4444444444444444,40,0.7250000000000001,1.0,10,-1
1862272,1984845,4,2.3449031506418234,0.4444444444444444,40,0.7250000000000001,1.0,10,-1
1862272,2002197,4,2.3449031506418234,0.4444444444444444,40,0.7250000000000001,1.0,10,-1
1862272,2005022,4,2.3449031506418234,0.4444444444444444,40,0.7250000000000001,1.0,10,-1
1862309,1937509,7,3.366288428740915,0.7777777777777778,64,0.875,1.0,14,-1
1862309,1938777,7,3.366288428740915,0.7777777777777778,64,0.875,1.0,8,-1
1862309,1939060,7,3.366288428740915,0.7777777777777778,64,0.875,1.0,14,-1
1862309,1946201,7,3.366288428740915,0.7777777777777778,64,0.875,1.0,8,-1
1862309,1967265,7,3.366288428740915,0.7777777777777778,64,0.875,1.0,14,-1
1862309,1967268,7,3.366288428740915,0.7777777777777778,64,0.875,1.0,14,-1
1862309,1978199,7,3.366288428740915,0.7777777777777778,64,0.875,1.0,14,-1
1862309,1984481,7,3.366288428740915,0.7777777777777778,64,0.875,1.0,14,-1
1862376,1975042,3,1.923593387851951,0.3333333333333333,32,0.625,1.0,8,-1
1862376,1977002,3,1.923593387851951,0.3333333333333333,32,0.625,1.0,8,-1
1862376,1977005,3,1.923593387851951,0.3333333333333333,32,0.625,1.0,8,-1
1862376,1984811,4,2.3449031506418234,0.4444444444444444,40,0.7250000000000001,1.0,10,-1
1862376,1984845,4,2.3449031506418234,0.4444444444444444,40,0.7250000000000001,1.0,10,-1
1862376,2002197,4,2.3449031506418234,0.4444444444444444,40,0.7250000000000001,1.0,10,-1
1862376,2005022,4,2.3449031506418234,0.4444444444444444,40,0.7250000000000001,1.0,10,-1
1862504,1970512,3,1.923593387851951,0.6,16,0.625,1.0,8,-1
1862504,1977896,3,1.923593387851951,0.6,16,0.625,1.0,8,-1
1862504,1989663,3,1.923593387851951,0.6,16,0.625,1.0,8,-1
1862597,1969797,5,2.7905531327562363,0.7142857142857143,36,0.8333333333333333,1.0,12,1
1862597,1972335,5,2.7905531327562363,0.7142857142857143,36,0.8333333333333333,1.0,12,1
1862597,1983785,5,2.7905531327562363,0.7142857142857143,36,0.8333333333333333,1.0,12,-1
1862597,1986553,5,2.7905531327562363,0.7142857142857143,36,0.8333333333333333,1.0,12,-1
1862597,2001078,5,2.7905531327562363,0.7142857142857143,36,0.8333333333333333,1.0,12,-1
1862597,2003594,5,2.7905531327562363,0.7142857142857143,36,0.8333333333333333,1.0,12,-1
1863094,1863142,6,3.083390054218504,0.75,49,0.857142857142857,1.0,14,-1
1863094,1903424,6,3.083390054218504,0.75,49,0.857142857142857,1.0,14,-1
1863094,1939514,6,3.083390054218504,0.75,49,0.857142857142857,1.0,14,-1
1863094,1939530,6,3.083390054218504,0.75,49,0.857142857142857,1.0,14,-1
1863094,1939544,6,3.083390054218504,0.75,49,0.857142857142857,1.0,14,-1
1863094,1940015,6,3.083390054218504,0.75,49,0.857142857142857,1.0,14,-1
1863094,1947430,6,3.083390054218504,0.75,49,0.857142857142857,1.0,14,-1
1863142,1903424,6,3.083390054218504,0.75,49,0.857142857142857,1.0,14,-1
1863142,1939514,6,3.083390054218504,0.75,49,0.857142857142857,1.0,14,-1
1863142,1939530,6,3.083390054218504,0.75,49,0.857142857142857,1.0,14,-1
1863142,1939544,6,3.083390054218504,0.75,49,0.857142857142857,1.0,14,-1
1863142,1940015,6,3.083390054218504,0.75,49,0.857142857142857,1.0,14,-1
1863142,1947430,6,3.083390054218504,0.75,49,0.857142857142857,1.0,14,-1
1863350,1864604,9,4.598514212939248,0.8181818181818182,100,1.2714285714285714,1.0,10,1
1863350,1966533,5,2.4191046988122498,0.45454545454545453,60,0.6333333333333333,1.0,6,-1
1863350,1966535,5,2.4191046988122498,0.45454545454545453,60,0.6333333333333333,1.0,6,-1
1863350,1984651,5,2.4191046988122498,0.45454545454545453,60,0.6333333333333333,1.0,6,-1
1863363,1863388,7,3.366288428740915,0.7777777777777778,64,0.875,1.0,14,-1
1863363,1863399,7,3.366288428740915,0.7777777777777778,64,0.875,1.0,14,-1
1863363,1863657,7,3.366288428740915,0.7777777777777778,64,0.875,1.0,8,-1
1863363,1863911,7,3.366288428740915,0.7777777777777778,64,0.875,1.0,8,-1
1863363,1950807,7,3.366288428740915,0.7777777777777778,64,0.875,1.0,14,-1
1863363,1951310,7,3.366288428740915,0.7777777777777778,64,0.875,1.0,14,-1
1863363,1951685,7,3.366288428740915,0.7777777777777778,64,0.875,1.0,14,-1
1863363,1952755,7,3.366288428740915,0.7777777777777778,64,0.875,1.0,14,-1
1863388,1863399,7,3.366288428740915,0.7777777777777778,64,0.875,1.0,14,-1
1863388,1863657,7,3.366288428740915,0.7777777777777778,64,0.875,1.0,8,-1
1863388,1863911,7,3.366288428740915,0.7777777777777778,64,0.875,1.0,8,-1
1863388,1950807,7,3.366288428740915,0.7777777777777778,64,0.875,1.0,14,-1
1863388,1951310,7,3.366288428740915,0.7777777777777778,64,0.875,1.0,14,-1
1863388,1951685,7,3.366288428740915,0.7777777777777778,64,0.875,1.0,14,-1
1863388,1952755,7,3.366288428740915,0.7777777777777778,64,0.875,1.0,14,-1
1863399,1863657,7,3.366288428740915,0.7777777777777778,64,0.875,1.0,8,-1
1863399,1863911,7,3.366288428740915,0.7777777777777778,64,0.875,1.0,8,-1
1863399,1950807,7,3.366288428740915,0.7777777777777778,64,0.875,1.0,14,-1
1863399,1951310,7,3.366288428740915,0.7777777777777778,64,0.875,1.0,14,-1
1863399,1951685,7,3.366288428740915,0.7777777777777778,64,0.875,1.0,14,-1
1863399,1952755,7,3.366288428740915,0.7777777777777778,64,0.875,1.0,14,-1
1863441,1912967,1,1.4426950408889634,0.3333333333333333,4,0.5,1.0,2,1
1863441,1983500,1,1.4426950408889634,0.3333333333333333,4,0.5,1.0,2,-1
1863657,1863911,7,3.366288428740915,0.7777777777777778,64,0.875,1.0,9,-1
1863657,1950807,7,3.366288428740915,0.7777777777777778,64,0.875,1.0,8,-1
1863657,1951310,7,3.366288428740915,0.7777777777777778,64,0.875,1.0,8,-1
1863657,1951685,7,3.366288428740915,0.7777777777777778,64,0.875,1.0,8,-1
1863657,1952755,7,3.366288428740915,0.7777777777777778,64,0.875,1.0,8,-1
1863911,1950807,7,3.366288428740915,0.7777777777777778,64,0.875,1.0,8,-1
1863911,1951310,7,3.366288428740915,0.7777777777777778,64,0.875,1.0,8,-1
1863911,1951685,7,3.366288428740915,0.7777777777777778,64,0.875,1.0,8,-1
1863911,1952755,7,3.366288428740915,0.7777777777777778,64,0.875,1.0,8,-1
1864037,1865352,2,2.8853900817779268,0.5,9,1.0,1.0,6,1
1864037,1951701,1,0.9102392266268373,0.25,6,0.3333333333333333,1.0,4,-1
1864085,1913605,6,3.083390054218504,0.75,49,0.857142857142857,1.0,7,-1
1864085,1938008,6,3.083390054218504,0.75,49,0.857142857142857,1.0,7,-1
1864085,1946649,6,3.083390054218504,0.75,49,0.857142857142857,1.0,7,-1
1864085,2047249,6,3.083390054218504,0.75,49,0.857142857142857,1.0,7,-1
1864199,1971693,5,2.7905531327562363,0.7142857142857143,36,0.8333333333333333,1.0,6,-1
1864199,1971704,5,2.7905531327562363,0.7142857142857143,36,0.8333333333333333,1.0,6,1
1864199,1971713,5,2.7905531327562363,0.7142857142857143,36,0.8333333333333333,1.0,6,1
1864199,1979315,5,2.7905531327562363,0.7142857142857143,36,0.8333333333333333,1.0,6,-1
1864199,1979320,5,2.7905531327562363,0.7142857142857143,36,0.8333333333333333,1.0,6,-1
1864199,1983123,5,2.7905531327562363,0.7142857142857143,36,0.8333333333333333,1.0,6,-1
1864414,1982272,2,1.8204784532536746,0.5,9,0.6666666666666666,1.0,6,-1
1864414,1982303,2,1.8204784532536746,0.5,9,0.6666666666666666,1.0,6,-1
1864414,2002324,2,1.8204784532536746,0.5,9,0.6666666666666666,1.0,6,-1
1864490,1880330,5,2.7905531327562363,0.38461538461538464,72,0.8333333333333333,1.0,0,-1
1864490,1880672,5,2.7905531327562363,0.38461538461538464,72,0.8333333333333333,1.0,4,-1
1864490,1881831,5,2.7905531327562363,0.38461538461538464,72,0.8333333333333333,1.0,4,-1
1864490,1972875,5,2.7905531327562363,0.38461538461538464,72,0.8333333333333333,1.0,4,-1
1864490,1989675,5,2.7905531327562363,0.38461538461538464,72,0.8333333333333333,1.0,4,-1
1864490,1989685,5,2.7905531327562363,0.38461538461538464,72,0.8333333333333333,1.0,0,-1
1864604,1966533,5,2.4191046988122498,0.45454545454545453,60,0.6333333333333333,1.0,6,-1
1864604,1966535,5,2.4191046988122498,0.45454545454545453,60,0.6333333333333333,1.0,6,-1
1864604,1984651,5,2.4191046988122498,0.45454545454545453,60,0.6333333333333333,1.0,6,-1
1864945,1865915,4,2.2982992855820874,0.3333333333333333,55,0.7,1.0,9,-1
1864945,1940675,9,5.143256018450194,0.75,110,1.5619047619047617,1.0,18,1
1864945,1947890,4,2.2982992855820874,0.3333333333333333,55,0.7,1.0,5,-1
1864945,1947991,4,2.2982992855820874,0.3333333333333333,55,0.7,1.0,9,-1
1864945,1948210,4,2.2982992855820874,0.3333333333333333,55,0.7,1.0,9,-1
1865180,1865194,5,2.5429208434602453,0.7142857142857143,36,0.7,1.0,9,-1
1865180,1925535,5,2.666736988108241,0.45454545454545453,60,0.7666666666666666,1.0,6,-1
1865180,1931228,2,0.8685889638065035,0.2222222222222222,30,0.2,0.5,3,-1
1865180,1931241,2,0.8685889638065035,0.2222222222222222,30,0.2,0.5,3,-1
1865180,1942117,2,0.8685889638065035,0.2222222222222222,30,0.2,0.5,4,-1
1865180,1949882,2,0.8685889638065035,0.2222222222222222,30,0.2,0.5,4,-1
1865180,1950621,5,2.666736988108241,0.45454545454545453,60,0.7666666666666666,1.0,6,-1
1865180,1952345,5,2.5429208434602453,0.7142857142857143,36,0.7,1.0,9,1
1865180,1983395,5,2.5429208434602453,0.7142857142857143,36,0.7,1.0,6,-1
1865180,1984450,5,2.5429208434602453,0.7142857142857143,36,0.7,1.0,9,-1
1865194,1925535,5,2.666736988108241,0.45454545454545453,60,0.7666666666666666,1.0,6,-1
1865194,1931228,2,0.8685889638065035,0.2222222222222222,30,0.2,0.5,3,-1
1865194,1931241,2,0.8685889638065035,0.2222222222222222,30,0.2,0.5,3,-1
1865194,1942117,2,0.8685889638065035,0.2222222222222222,30,0.2,0.5,4,-1
1865194,1949882,2,0.8685889638065035,0.2222222222222222,30,0.2,0.5,4,-1
1865194,1950621,5,2.666736988108241,0.45454545454545453,60,0.7666666666666666,1.0,6,-1
1865194,1952345,5,2.5429208434602453,0.7142857142857143,36,0.7,1.0,9,-1
1865194,1983395,5,2.5429208434602453,0.7142857142857143,36,0.7,1.0,6,-1
1865194,1984450,5,2.5429208434602453,0.7142857142857143,36,0.7,1.0,9,-1
1865352,1951701,1,0.9102392266268373,0.25,6,0.3333333333333333,1.0,4,-1
1865527,1983816,0,0.0,0.0,3,0.0,1.0,1,-1
1865692,1946545,5,2.7463408485747394,0.7142857142857143,36,0.8095238095238095,1.0,6,-1
1865692,1947110,5,2.7463408485747394,0.7142857142857143,36,0.8095238095238095,1.0,7,-1
1865692,1947300,5,2.7463408485747394,0.7142857142857143,36,0.8095238095238095,1.0,6,-1
1865692,1947309,5,2.7463408485747394,0.7142857142857143,36,0.8095238095238095,1.0,6,-1
1865692,1947317,5,2.7463408485747394,0.7142857142857143,36,0.8095238095238095,1.0,6,-1
1865867,1867093,10,4.081750261571267,0.8333333333333334,121,0.865800865800866,1.0,13,-1
1865867,1898926,10,4.081750261571267,0.8333333333333334,121,0.865800865800866,1.0,11,-1
1865867,1909198,10,4.081750261571267,0.8333333333333334,121,0.865800865800866,1.0,11,-1
1865867,1918381,10,4.081750261571267,0.8333333333333334,121,0.865800865800866,1.0,11,1
1865867,1966370,1,0.3284587387530511,0.05,110,0.047619047619047616,0.5,2,-1
1865867,1967113,1,0.3284587387530511,0.05,110,0.047619047619047616,0.5,2,-1
1865867,1972900,1,0.3284587387530511,0.05,110,0.047619047619047616,0.5,2,-1
1865867,1972904,1,0.3284587387530511,0.05,110,0.047619047619047616,0.5,2,-1
1865867,1974709,10,4.170323914242463,0.45454545454545453,231,0.9090909090909093,1.0,11,1
1865867,1974724,1,0.3284587387530511,0.05,110,0.047619047619047616,0.5,2,-1
1865867,1974728,1,0.3284587387530511,0.05,110,0.047619047619047616,0.5,2,-1
1865867,1984462,1,0.3284587387530511,0.05,110,0.047619047619047616,0.5,2,-1
1865867,1984466,1,0.3284587387530511,0.05,110,0.047619047619047616,0.5,2,-1
1865867,1984479,1,0.3284587387530511,0.05,110,0.047619047619047616,0.5,2,-1
1865867,1985079,10,4.081750261571267,0.8333333333333334,121,0.8658008658008659,1.0,11,-1
1865867,1985087,10,4.081750261571267,0.8333333333333334,121,0.8658008658008659,1.0,11,-1
1865867,1986562,10,4.081750261571267,0.8333333333333334,121,0.865800865800866,1.0,11,-1
1865867,1994665,1,0.3284587387530511,0.05,110,0.047619047619047616,0.5,2,-1
1865867,2004869,10,4.081750261571267,0.8333333333333334,121,0.865800865800866,1.0,13,-1
1865867,2005331,10,4.081750261571267,0.8333333333333334,121,0.865800865800866,1.0,11,-1
1865915,1940675,4,2.281037195103082,0.36363636363636365,50,0.6909090909090909,1.0,9,-1
1865915,1947890,4,2.0939967424467216,0.6666666666666666,25,0.5909090909090908,1.0,5,-1
1865915,1947991,4,2.0939967424467216,0.6666666666666666,25,0.5909090909090908,1.0,9,-1
1865915,1948210,4,2.0939967424467216,0.6666666666666666,25,0.5909090909090908,1.0,9,-1
1866122,1873576,7,3.0886809481858526,0.4666666666666667,112,0.7329545454545454,1.0,0,-1
1866122,1874733,7,3.0886809481858526,0.4666666666666667,112,0.7329545454545454,1.0,3,-1
1866122,1892195,2,0.6841892133709133,0.09523809523809523,126,0.10795454545454546,0.5,0,-1
1866122,1899417,2,0.6841892133709133,0.09523809523809523,126,0.10795454545454546,0.5,0,-1
1866122,1938870,7,3.0886809481858526,0.4666666666666667,112,0.7329545454545454,1.0,0,-1
1866122,1938889,7,3.0886809481858526,0.4666666666666667,112,0.7329545454545454,1.0,4,-1
1866122,1939871,7,3.2089055349265996,0.30434782608695654,224,0.7954545454545454,1.0,0,-1
1866122,1940238,7,3.246063842000168,0.2413793103448276,308,0.8125,1.0,0,-1
1866122,1947502,7,3.0886809481858526,0.4666666666666667,112,0.7329545454545454,1.0,3,-1
1866122,1966625,2,0.6841892133709133,0.08,182,0.10795454545454546,0.5,0,-1
1866122,1984685,2,0.6841892133709133,0.09523809523809523,126,0.10795454545454546,0.5,0,-1
1866122,1987461,2,0.6841892133709133,0.09523809523809523,126,0.10795454545454546,0.5,0,-1
1866122,2004398,2,0.6841892133709133,0.09523809523809523,126,0.10795454545454546,0.5,0,-1
1866122,2004403,2,0.6841892133709133,0.09523809523809523,126,0.10795454545454546,0.5,0,-1
1866122,2004411,2,0.6841892133709133,0.09523809523809523,126,0.10795454545454546,0.5,0,-1
1866304,1866361,1,1.4426950408889634,0.3333333333333333,4,0.5,1.0,4,-1
1866304,1976767,1,1.4426950408889634,0.3333333333333333,4,0.5,1.0,4,-1
1866361,1976767,1,1.4426950408889634,0.3333333333333333,4,0.5,1.0,4,-1
1866450,1868121,13,4.758426432778033,0.8666666666666667,196,0.8503663003663,1.0,14,-1
1866450,1877187,13,4.758426432778033,0.8666666666666667,196,0.8503663003663002,1.0,24,-1
1866450,1877490,13,4.758426432778033,0.8666666666666667,196,0.8503663003663001,1.0,24,-1
1866450,1878269,13,4.8304219380378495,0.48148148148148145,364,0.8833333333333331,1.0,24,-1
1866450,1878365,13,4.808890875714933,0.5909090909090909,294,0.8741758241758238,1.0,24,-1
1866450,1878374,13,4.758426432778033,0.8666666666666667,196,0.8503663003663002,1.0,14,-1
1866450,1939007,2,0.635386415183186,0.1,112,0.08608058608058608,0.5,3,-1
1866450,1939021,2,0.635386415183186,0.1,112,0.08608058608058608,0.5,6,-1
1866450,1940321,2,0.635386415183186,0.1,112,0.08608058608058608,0.5,6,-1
1866450,1940416,2,0.635386415183186,0.1,112,0.08608058608058608,0.5,6,-1
1866450,1941924,13,4.80354141377265,0.6190476190476191,280,0.8717948717948715,1.0,14,-1
1866450,1941934,13,4.758426432778033,0.8666666666666667,196,0.8503663003663002,1.0,24,-1
1866450,1941941,13,4.758426432778033,0.8666666666666667,196,0.8503663003663002,1.0,24,-1
1866450,1942097,13,4.758426432778033,0.8666666666666667,196,0.8503663003663002,1.0,24,-1
1866450,1943122,1,0.33380820069533407,0.05263157894736842,84,0.05,0.5,2,-1
1866450,1943132,1,0.33380820069533407,0.05263157894736842,84,0.05,0.5,2,-1
1866450,1943135,1,0.33380820069533407,0.05263157894736842,84,0.05,0.5,2,-1
1866450,1947732,2,0.635386415183186,0.1,112,0.08608058608058608,0.5,3,-1
1866450,1947746,2,0.635386415183186,0.1,112,0.08608058608058608,0.5,3,-1
1866450,1947841,2,0.635386415183186,0.1,112,0.08608058608058608,0.5,6,-1
1866450,1949737,13,4.758426432778033,0.8666666666666667,196,0.8503663003663002,1.0,24,-1
1866450,1949821,13,4.758426432778033,0.8666666666666667,196,0.8503663003663002,1.0,24,-1
1866450,1949998,13,4.758426432778033,0.8666666666666667,196,0.8503663003663002,1.0,24,-1
1866450,1950189,13,4.758426432778033,0.8666666666666667,196,0.8503663003663002,1.0,14,-1
1866450,1950771,1,0.33380820069533407,0.05263157894736842,84,0.05,0.5,2,-1
1866450,1951653,1,0.33380820069533407,0.05263157894736842,84,0.05,0.5,2,-1
1866450,1952715,1,0.33380820069533407,0.05263157894736842,84,0.05,0.5,2,-1
1866692,1982898,2,1.8204784532536746,0.5,9,0.6666666666666666,1.0,5,-1
1866692,1996906,2,1.8204784532536746,0.5,9,0.6666666666666666,1.0,5,-1
1866692,2030051,2,1.8204784532536746,0.5,9,0.6666666666666666,1.0,3,-1
1866943,1906584,2,1.8204784532536746,0.5,9,0.6666666666666666,1.0,6,-1
1866943,1939631,2,1.8204784532536746,0.5,9,0.6666666666666666,1.0,6,-1
1866943,1939649,2,1.8204784532536746,0.5,9,0.6666666666666666,1.0,6,-1
1866953,1940004,3,2.164042561333445,0.6,16,0.75,1.0,8,-1
1866953,1940009,3,2.164042561333445,0.6,16,0.75,1.0,8,-1
1866953,1947154,3,2.164042561333445,0.6,16,0.75,1.0,8,-1
1866953,1947201,3,2.164042561333445,0.6,16,0.75,1.0,8,-1
1866976,1868467,26,8.6451535171802,0.9285714285714286,729,1.3038720538720532,1.0,44,1
1866976,1931823,26,8.6451535171802,0.9285714285714286,729,1.3038720538720532,1.0,27,1
1866976,1939815,11,3.733609946323332,0.39285714285714285,324,0.5925925925925926,1.0,21,-1
1866976,1948447,26,8.6451535171802,0.9285714285714286,729,1.3038720538720532,1.0,44,1
1866976,1948456,11,3.733609946323332,0.39285714285714285,324,0.5925925925925926,1.0,21,-1
1866976,1948472,11,3.733609946323332,0.39285714285714285,324,0.5925925925925926,1.0,21,-1
1866976,1948546,11,3.733609946323332,0.39285714285714285,324,0.5925925925925926,1.0,12,-1
1866976,1948782,11,3.733609946323332,0.39285714285714285,324,0.5925925925925926,1.0,21,1
1866976,1948796,26,8.6451535171802,0.9285714285714286,729,1.3038720538720534,1.0,44,1
1866976,1948822,26,8.6451535171802,0.9285714285714286,729,1.3038720538720532,1.0,44,1
1867093,1898926,10,4.081750261571267,0.8333333333333334,121,0.865800865800866,1.0,11,-1
1867093,1909198,10,4.081750261571267,0.8333333333333334,121,0.865800865800866,1.0,11,-1
1867093,1918381,10,4.081750261571267,0.8333333333333334,121,0.865800865800866,1.0,11,-1
1867093,1966370,1,0.3284587387530511,0.05,110,0.047619047619047616,0.5,2,-1
1867093,1967113,1,0.3284587387530511,0.05,110,0.047619047619047616,0.5,2,-1
1867093,1972900,1,0.3284587387530511,0.05,110,0.047619047619047616,0.5,2,-1
1867093,1972904,1,0.3284587387530511,0.05,110,0.047619047619047616,0.5,2,-1
1867093,1974709,10,4.170323914242463,0.45454545454545453,231,0.9090909090909093,1.0,11,-1
1867093,1974724,1,0.3284587387530511,0.05,110,0.047619047619047616,0.5,2,-1
1867093,1974728,1,0.3284587387530511,0.05,110,0.047619047619047616,0.5,2,-1
1867093,1984462,1,0.3284587387530511,0.05,110,0.047619047619047616,0.5,2,-1
1867093,1984466,1,0.3284587387530511,0.05,110,0.047619047619047616,0.5,2,-1
1867093,1984479,1,0.3284587387530511,0.05,110,0.047619047619047616,0.5,2,-1
1867093,1985079,10,4.081750261571267,0.8333333333333334,121,0.8658008658008659,1.0,11,-1
1867093,1985087,10,4.081750261571267,0.8333333333333334,121,0.8658008658008659,1.0,11,-1
1867093,1986562,10,4.081750261571267,0.8333333333333334,121,0.865800865800866,1.0,11,-1
1867093,1994665,1,0.3284587387530511,0.05,110,0.047619047619047616,0.5,2,-1
1867093,2004869,10,4.081750261571267,0.8333333333333334,121,0.865800865800866,1.0,13,-1
1867093,2005331,10,4.081750261571267,0.8333333333333334,121,0.865800865800866,1.0,11,-1
1867604,1868822,5,2.6875621195184074,0.7142857142857143,36,0.7777777777777777,1.0,6,-1
1867604,1930552,1,0.45511961331341866,0.125,18,0.1111111111111111,0.5,2,-1
1867604,1940463,1,0.45511961331341866,0.125,18,0.1111111111111111,0.5,2,-1
1867604,1947452,5,2.7905531327562363,0.5,54,0.8333333333333333,1.0,6,-1
1867604,1947465,1,0.45511961331341866,0.125,18,0.1111111111111111,0.5,2,-1
1867604,1985044,5,2.6875621195184074,0.7142857142857143,36,0.7777777777777777,1.0,6,-1
1867604,2002426,5,2.6875621195184074,0.7142857142857143,36,0.7777777777777777,1.0,6,-1
1867604,2037379,5,2.6875621195184074,0.7142857142857143,36,0.7777777777777777,1.0,6,-1
1867818,1924382,4,2.4853397382384474,0.6666666666666666,25,0.8,1.0,7,-1
1867818,1971686,4,2.4853397382384474,0.6666666666666666,25,0.8,1.0,7,-1
1867818,1975667,4,2.4853397382384474,0.6666666666666666,25,0.8,1.0,5,-1
1867818,1983070,4,2.4853397382384474,0.6666666666666666,25,0.8,1.0,5,-1
1867818,1989787,4,2.4853397382384474,0.6666666666666666,25,0.8,1.0,5,-1
1868050,1877605,6,3.083390054218504,0.75,49,0.857142857142857,1.0,7,1
1868050,1940109,6,3.083390054218504,0.75,49,0.857142857142857,1.0,8,1
1868050,1948711,6,3.083390054218504,0.75,49,0.857142857142857,1.0,7,1
1868050,1948733,6,3.083390054218504,0.75,49,0.857142857142857,1.0,7,-1
1868050,1948772,6,3.083390054218504,0.75,49,0.857142857142857,1.0,7,1
1868050,1948917,6,3.083390054218504,0.75,49,0.857142857142857,1.0,7,-1
1868050,1949187,6,3.083390054218504,0.75,49,0.857142857142857,1.0,7,-1
1868121,1877187,13,4.758426432778033,0.8666666666666667,196,0.8503663003663,1.0,14,-1
1868121,1877490,13,4.758426432778033,0.8666666666666667,196,0.8503663003663001,1.0,14,-1
1868121,1878269,13,4.8304219380378495,0.48148148148148145,364,0.8833333333333331,1.0,14,-1
1868121,1878365,13,4.808890875714933,0.5909090909090909,294,0.8741758241758238,1.0,14,-1
1868121,1878374,13,4.758426432778033,0.8666666666666667,196,0.8503663003663,1.0,14,-1
1868121,1939007,2,0.635386415183186,0.1,112,0.08608058608058608,0.5,3,-1
1868121,1939021,2,0.635386415183186,0.1,112,0.08608058608058608,0.5,3,-1
1868121,1940321,2,0.635386415183186,0.1,112,0.08608058608058608,0.5,3,-1
1868121,1940416,2,0.635386415183186,0.1,112,0.08608058608058608,0.5,3,-1
1868121,1941924,13,4.80354141377265,0.6190476190476191,280,0.8717948717948716,1.0,14,-1
1868121,1941934,13,4.758426432778033,0.8666666666666667,196,0.8503663003663,1.0,14,-1
1868121,1941941,13,4.758426432778033,0.8666666666666667,196,0.8503663003663,1.0,14,-1
1868121,1942097,13,4.758426432778033,0.8666666666666667,196,0.8503663003663,1.0,14,-1
1868121,1943122,1,0.33380820069533407,0.05263157894736842,84,0.05,0.5,2,-1
1868121,1943132,1,0.33380820069533407,0.05263157894736842,84,0.05,0.5,2,-1
1868121,1943135,1,0.33380820069533407,0.05263157894736842,84,0.05,0.5,2,-1
1868121,1947732,2,0.635386415183186,0.1,112,0.08608058608058608,0.5,3,-1
1868121,1947746,2,0.635386415183186,0.1,112,0.08608058608058608,0.5,3,-1
1868121,1947841,2,0.635386415183186,0.1,112,0.08608058608058608,0.5,3,-1
1868121,1949737,13,4.758426432778033,0.8666666666666667,196,0.8503663003663,1.0,14,-1
1868121,1949821,13,4.758426432778033,0.8666666666666667,196,0.8503663003663,1.0,14,-1
1868121,1949998,13,4.758426432778033,0.8666666666666667,196,0.8503663003663,1.0,14,-1
1868121,1950189,13,4.758426432778033,0.8666666666666667,196,0.8503663003663,1.0,14,-1
1868121,1950771,1,0.33380820069533407,0.05263157894736842,84,0.05,0.5,2,-1
1868121,1951653,1,0.33380820069533407,0.05263157894736842,84,0.05,0.5,2,-1
1868121,1952715,1,0.33380820069533407,0.05263157894736842,84,0.05,0.5,2,-1
1868303,1901803,9,3.7614088937672445,0.8181818181818182,100,0.825,1.0,10,-1
1868303,1901812,9,3.8350296154482555,0.5294117647058824,160,0.8624999999999999,1.0,18,1
1868303,1968900,9,3.8350296154482555,0.5294117647058824,160,0.8624999999999999,1.0,18,-1
1868303,1973020,9,3.7614088937672445,0.8181818181818182,100,0.825,1.0,10,-1
1868303,1973028,9,3.7614088937672445,0.8181818181818182,100,0.825,1.0,18,-1
1868303,1973040,9,3.7614088937672445,0.8181818181818182,100,0.825,1.0,18,-1
1868303,1976893,9,3.7614088937672445,0.8181818181818182,100,0.825,1.0,18,-1
1868303,1976904,9,3.7614088937672445,0.8181818181818182,100,0.825,1.0,18,-1
1868303,1984574,9,3.7614088937672445,0.8181818181818182,100,0.825,1.0,18,-1
1868303,1984579,9,3.7614088937672445,0.8181818181818182,100,0.825,1.0,18,-1
1868317,1939888,2,1.8204784532536746,0.5,9,0.6666666666666666,1.0,5,-1
1868317,1939914,2,1.8204784532536746,0.5,9,0.6666666666666666,1.0,5,-1
1868317,1947357,2,1.8204784532536746,0.5,9,0.6666666666666666,1.0,3,-1
1868340,1909469,5,2.7905531327562363,0.7142857142857143,36,0.8333333333333333,1.0,6,-1
1868340,1983284,5,2.7905531327562363,0.7142857142857143,36,0.8333333333333333,1.0,6,-1
1868340,2003437,5,2.7905531327562363,0.7142857142857143,36,0.8333333333333333,1.0,6,-1
1868467,1931823,26,8.6451535171802,0.9285714285714286,729,1.3038720538720532,1.0,27,1
1868467,1939815,11,3.733609946323332,0.39285714285714285,324,0.5925925925925926,1.0,21,-1
1868467,1948447,26,8.6451535171802,0.9285714285714286,729,1.3038720538720532,1.0,44,1
1868467,1948456,11,3.733609946323332,0.39285714285714285,324,0.5925925925925926,1.0,21,-1
1868467,1948472,11,3.733609946323332,0.39285714285714285,324,0.5925925925925926,1.0,21,-1
1868467,1948546,11,3.733609946323332,0.39285714285714285,324,0.5925925925925926,1.0,12,-1
1868467,1948782,11,3.733609946323332,0.39285714285714285,324,0.5925925925925926,1.0,21,-1
1868467,1948796,26,8.6451535171802,0.9285714285714286,729,1.3038720538720532,1.0,44,1
1868467,1948822,26,8.6451535171802,0.9285714285714286,729,1.3038720538720532,1.0,44,1
1868590,1870022,13,4.844052384652786,0.8666666666666667,196,0.8916256157635465,1.0,25,-1
1868590,1870101,13,4.844052384652786,0.8666666666666667,196,0.8916256157635466,1.0,25,-1
1868590,1901901,13,4.926001361969367,0.43333333333333335,406,0.9285714285714283,1.0,14,-1
1868590,1938780,13,4.844052384652786,0.8666666666666667,196,0.8916256157635466,1.0,25,-1
1868590,1938785,13,4.844052384652786,0.8666666666666667,196,0.8916256157635465,1.0,25,-1
1868590,1939941,13,4.844052384652786,0.8666666666666667,196,0.8916256157635465,1.0,25,-1
1868590,1940111,13,4.844052384652786,0.8666666666666667,196,0.8916256157635466,1.0,25,-1
1868590,1940122,13,4.844052384652786,0.8666666666666667,196,0.8916256157635466,1.0,25,-1
1868590,1940125,13,4.844052384652786,0.8666666666666667,196,0.8916256157635466,1.0,25,-1
1868590,1940213,13,4.844052384652786,0.8666666666666667,196,0.8916256157635466,1.0,14,-1
1868590,1940217,13,4.844052384652786,0.8666666666666667,196,0.8916256157635466,1.0,25,-1
1868590,1946861,13,4.844052384652786,0.8666666666666667,196,0.8916256157635466,1.0,25,-1
1868590,1947680,13,4.844052384652786,0.8666666666666667,196,0.8916256157635465,1.0,14,-1
1868822,1930552,1,0.45511961331341866,0.125,18,0.1111111111111111,0.5,2,-1
1868822,1940463,1,0.45511961331341866,0.125,18,0.1111111111111111,0.5,2,-1
1868822,1947452,5,2.7905531327562363,0.5,54,0.8333333333333333,1.0,6,-1
1868822,1947465,1,0.45511961331341866,0.125,18,0.1111111111111111,0.5,2,-1
1868822,1985044,5,2.6875621195184074,0.7142857142857143,36,0.7777777777777777,1.0,10,-1
1868822,2002426,5,2.6875621195184074,0.7142857142857143,36,0.7777777777777777,1.0,10,-1
1868822,2037379,5,2.6875621195184074,0.7142857142857143,36,0.7777777777777777,1.0,10,-1
1868884,1939810,6,3.083390054218504,0.42857142857142855,91,0.857142857142857,1.0,7,-1
1868884,1939820,6,3.083390054218504,0.42857142857142855,91,0.857142857142857,1.0,7,-1
1868884,1940028,6,3.083390054218504,0.42857142857142855,91,0.857142857142857,1.0,7,-1
1868884,1940279,6,3.083390054218504,0.42857142857142855,91,0.857142857142857,1.0,7,-1
1868884,1947396,6,3.083390054218504,0.42857142857142855,91,0.857142857142857,1.0,7,-1
1868884,1947401,6,3.083390054218504,0.42857142857142855,91,0.857142857142857,1.0,7,-1
1868884,1947425,6,3.083390054218504,0.42857142857142855,91,0.857142857142857,1.0,7,-1
1868884,1967119,5,2.7905531327562363,0.35714285714285715,78,0.8333333333333333,1.0,5,-1
1868884,1970613,5,2.7905531327562363,0.35714285714285715,78,0.8333333333333333,1.0,5,-1
1868884,1974778,5,2.7905531327562363,0.35714285714285715,78,0.8333333333333333,1.0,5,-1
1868884,1977973,5,2.7905531327562363,0.35714285714285715,78,0.8333333333333333,1.0,0,-1
1869327,1977883,2,1.8204784532536746,0.3333333333333333,15,0.6666666666666666,1.0,2,-1
1869327,1977891,2,1.8204784532536746,0.3333333333333333,15,0.6666666666666666,1.0,0,-1
1869327,1989658,2,1.8204784532536746,0.3333333333333333,15,0.6666666666666666,1.0,3,-1
1869344,1942204,1,1.4426950408889634,0.3333333333333333,4,0.5,1.0,3,-1
1869344,1950068,1,1.4426950408889634,0.3333333333333333,4,0.5,1.0,2,-1
1869717,1941243,7,3.2643132634678786,0.4666666666666667,112,0.8214285714285714,1.0,0,-1
1869717,1950346,7,3.264313263467878,0.4666666666666667,112,0.8214285714285714,1.0,0,-1
1869717,1987239,7,3.1623380981948417,0.7777777777777778,64,0.7678571428571428,1.0,0,-1
1869717,2001776,7,3.1623380981948417,0.7777777777777778,64,0.7678571428571428,1.0,0,-1
1869717,2004181,7,3.1623380981948417,0.7777777777777778,64,0.7678571428571428,1.0,0,-1
1869717,2004194,7,3.1623380981948417,0.7777777777777778,64,0.7678571428571428,1.0,0,-1
1869717,2004218,7,3.1623380981948417,0.7777777777777778,64,0.7678571428571428,1.0,0,-1
1869717,2004235,7,3.1623380981948417,0.7777777777777778,64,0.7678571428571428,1.0,0,-1
1869814,1983293,3,2.164042561333445,0.6,16,0.75,1.0,4,-1
1869814,1986121,3,2.164042561333445,0.6,16,0.75,1.0,6,-1
1869814,2003407,3,2.164042561333445,0.6,16,0.75,1.0,4,-1
1869814,2003422,3,2.164042561333445,0.6,16,0.75,1.0,6,-1
1869963,1873081,8,3.3221353525659305,0.2857142857142857,243,0.7274743230625582,1.0,17,-1
1869963,1873094,23,9.973546678953888,0.8214285714285714,648,2.2969187675070026,1.0,34,1
1869963,1873117,13,5.738957563465595,0.4642857142857143,378,1.358065953654189,1.0,25,1
1869963,1873124,16,7.314522166840145,0.5714285714285714,459,1.8091325341325342,1.0,31,1
1869963,1873942,10,4.067949503262342,0.35714285714285715,297,0.859848484848485,1.0,9,1
1869963,1909718,8,3.3221353525659305,0.2857142857142857,243,0.7274743230625584,1.0,17,-1
1869963,1949120,10,4.067949503262341,0.35714285714285715,297,0.859848484848485,1.0,9,-1
1869963,1949123,10,4.067949503262341,0.35714285714285715,297,0.859848484848485,1.0,0,-1
1869963,1949129,10,4.067949503262342,0.35714285714285715,297,0.859848484848485,1.0,9,-1
1869963,1949132,10,4.067949503262342,0.35714285714285715,297,0.859848484848485,1.0,9,-1
1869963,1949776,10,4.067949503262342,0.35714285714285715,297,0.859848484848485,1.0,9,-1
1869963,1949780,10,4.067949503262342,0.35714285714285715,297,0.859848484848485,1.0,9,-1
1869963,1949922,10,4.067949503262341,0.35714285714285715,297,0.859848484848485,1.0,11,1
1869963,1950034,10,4.067949503262342,0.35714285714285715,297,0.859848484848485,1.0,9,-1
1869963,1950041,10,4.067949503262342,0.35714285714285715,297,0.859848484848485,1.0,0,-1
1869963,1977213,8,3.3221353525659305,0.2857142857142857,243,0.7274743230625582,1.0,9,-1
1869963,2012836,8,3.3221353525659305,0.2857142857142857,243,0.7274743230625584,1.0,17,-1
1869963,2013351,8,3.3221353525659305,0.2857142857142857,243,0.7274743230625584,1.0,17,-1
1869963,2045522,8,3.3221353525659305,0.2857142857142857,243,0.7274743230625584,1.0,17,-1
1870022,1870101,13,4.844052384652786,0.8666666666666667,196,0.8916256157635465,1.0,25,-1
1870022,1901901,13,4.926001361969367,0.43333333333333335,406,0.9285714285714283,1.0,14,-1
1870022,1938780,13,4.844052384652786,0.8666666666666667,196,0.8916256157635465,1.0,25,-1
1870022,1938785,13,4.844052384652786,0.8666666666666667,196,0.8916256157635466,1.0,25,-1
1870022,1939941,13,4.844052384652786,0.8666666666666667,196,0.8916256157635466,1.0,25,-1
1870022,1940111,13,4.844052384652786,0.8666666666666667,196,0.8916256157635465,1.0,25,-1
1870022,1940122,13,4.844052384652786,0.8666666666666667,196,0.8916256157635465,1.0,25,-1
1870022,1940125,13,4.844052384652786,0.8666666666666667,196,0.8916256157635465,1.0,25,-1
1870022,1940213,13,4.844052384652786,0.8666666666666667,196,0.8916256157635465,1.0,14,-1
1870022,1940217,13,4.844052384652786,0.8666666666666667,196,0.8916256157635465,1.0,25,-1
1870022,1946861,13,4.844052384652786,0.8666666666666667,196,0.8916256157635465,1.0,25,-1
1870022,1947680,13,4.844052384652786,0.8666666666666667,196,0.8916256157635466,1.0,14,-1
1870070,1925455,12,4.678454943015361,0.8571428571428571,169,0.9230769230769229,1.0,13,-1
1870070,1967287,12,4.678454943015361,0.8571428571428571,169,0.9230769230769229,1.0,24,-1
1870070,1967289,12,4.678454943015361,0.8571428571428571,169,0.9230769230769229,1.0,24,-1
1870070,1967291,12,4.678454943015361,0.8571428571428571,169,0.9230769230769229,1.0,24,-1
1870070,1970866,12,4.678454943015361,0.8571428571428571,169,0.9230769230769229,1.0,24,-1
1870070,1970875,12,4.678454943015361,0.8571428571428571,169,0.9230769230769229,1.0,24,-1
1870070,1970879,12,4.678454943015361,0.8571428571428571,169,0.9230769230769229,1.0,24,-1
1870070,1975074,12,4.678454943015361,0.8571428571428571,169,0.9230769230769229,1.0,24,-1
1870070,1978265,12,4.678454943015361,0.8571428571428571,169,0.9230769230769229,1.0,24,-1
1870070,1984714,12,4.678454943015361,0.8571428571428571,169,0.9230769230769229,1.0,24,-1
1870070,1995020,12,4.678454943015361,0.8571428571428571,169,0.9230769230769229,1.0,13,-1
1870070,1995024,12,4.678454943015361,0.8571428571428571,169,0.9230769230769229,1.0,24,-1
1870101,1901901,13,4.926001361969367,0.43333333333333335,406,0.9285714285714283,1.0,14,-1
1870101,1938780,13,4.844052384652786,0.8666666666666667,196,0.8916256157635466,1.0,25,-1
1870101,1938785,13,4.844052384652786,0.8666666666666667,196,0.8916256157635465,1.0,25,-1
1870101,1939941,13,4.844052384652786,0.8666666666666667,196,0.8916256157635465,1.0,25,-1
1870101,1940111,13,4.844052384652786,0.8666666666666667,196,0.8916256157635466,1.0,25,-1
1870101,1940122,13,4.844052384652786,0.8666666666666667,196,0.8916256157635466,1.0,25,-1
1870101,1940125,13,4.844052384652786,0.8666666666666667,196,0.8916256157635466,1.0,25,-1
1870101,1940213,13,4.844052384652786,0.8666666666666667,196,0.8916256157635466,1.0,14,-1
1870101,1940217,13,4.844052384652786,0.8666666666666667,196,0.8916256157635466,1.0,25,-1
1870101,1946861,13,4.844052384652786,0.8666666666666667,196,0.8916256157635466,1.0,25,-1
1870101,1947680,13,4.844052384652786,0.8666666666666667,196,0.8916256157635465,1.0,14,-1
1870216,1875249,2,1.8204784532536746,0.09523809523809523,132,0.6666666666666666,1.0,3,-1
1870216,1947273,2,1.3272716180510837,0.15384615384615385,36,0.4242424242424242,1.0,4,-1
1870216,1947622,2,1.3272716180510837,0.15384615384615385,36,0.4242424242424242,1.0,3,-1
1870273,1940209,3,2.164042561333445,0.2727272727272727,40,0.75,1.0,0,-1
1870273,2002368,3,1.876989522792215,0.6,16,0.6,1.0,0,-1
1870273,2002382,3,1.876989522792215,0.6,16,0.6,1.0,0,-1
1870273,2002538,3,1.876989522792215,0.6,16,0.6,1.0,0,-1
1870777,1875835,12,4.394685917625445,0.5,299,0.7892976588628762,1.0,26,-1
1870777,1876156,12,4.394685917625445,0.5,299,0.7892976588628762,1.0,26,-1
1870777,1893610,12,4.394685917625445,0.5,299,0.7892976588628762,1.0,26,-1
1870777,1929899,12,4.323743661277966,0.8571428571428571,169,0.7558528428093645,1.0,26,-1
1870777,1934245,12,4.323743661277966,0.8571428571428571,169,0.7558528428093645,1.0,26,-1
1870777,2016969,12,4.323743661277966,0.8571428571428571,169,0.7558528428093645,1.0,26,-1
1870777,2019842,12,4.323743661277966,0.8571428571428571,169,0.7558528428093645,1.0,26,-1
1870777,2024394,12,4.323743661277966,0.8571428571428571,169,0.7558528428093645,1.0,26,-1
1870777,2024398,12,4.323743661277966,0.8571428571428571,169,0.7558528428093645,1.0,26,-1
1870777,2045212,12,4.323743661277966,0.8571428571428571,169,0.7558528428093645,1.0,26,-1
1870777,2046316,12,4.394685917625445,0.5,299,0.7892976588628762,1.0,26,-1
1870777,2047275,12,4.394685917625445,0.5,299,0.7892976588628762,1.0,26,-1
1870914,1940858,3,2.164042561333445,0.6,16,0.75,1.0,8,-1
1870914,1949690,3,2.164042561333445,0.6,16,0.75,1.0,8,-1
1870914,1949944,3,2.164042561333445,0.6,16,0.75,1.0,8,-1
1870914,1950019,3,2.164042561333445,0.6,16,0.75,1.0,8,-1
1870980,1872027,9,3.9086503371292665,0.8181818181818182,100,0.8999999999999999,1.0,14,-1
1870980,1872115,9,3.9086503371292665,0.8181818181818182,100,0.8999999999999999,1.0,14,-1
1870980,1941185,9,3.9086503371292665,0.8181818181818182,100,0.8999999999999999,1.0,0,-1
1870980,1941202,9,3.9086503371292665,0.8181818181818182,100,0.8999999999999999,1.0,0,-1
1870980,1941213,9,3.9086503371292665,0.8181818181818182,100,0.8999999999999999,1.0,14,-1
1870980,1941217,9,3.9086503371292665,0.8181818181818182,100,0.8999999999999999,1.0,14,-1
1870980,1947948,9,3.9086503371292665,0.8181818181818182,100,0.8999999999999999,1.0,14,-1
1870980,1948522,9,3.9086503371292665,0.8181818181818182,100,0.8999999999999999,1.0,14,-1
1870980,1948536,9,3.9086503371292665,0.8181818181818182,100,0.8999999999999999,1.0,14,-1
1870980,1948541,9,3.9086503371292665,0.8181818181818182,100,0.8999999999999999,1.0,0,-1
1871126,1900425,12,4.533682443894843,0.6666666666666666,221,0.8534330120007869,1.0,13,-1
1871126,1922982,12,4.533682443894843,0.6666666666666666,221,0.8534330120007869,1.0,22,-1
1871126,1932213,12,4.533682443894843,0.6666666666666666,221,0.8534330120007869,1.0,13,-1
1871126,1977315,12,4.604624700242323,0.42857142857142855,391,0.8868778280542986,1.0,13,-1
1871126,1979104,12,4.533682443894843,0.6666666666666666,221,0.8534330120007869,1.0,22,-1
1871126,1983705,12,4.533682443894843,0.6666666666666666,221,0.8534330120007869,1.0,22,-1
1871126,1986510,12,4.533682443894843,0.6666666666666666,221,0.8534330120007869,1.0,22,-1
1871126,1986513,12,4.533682443894843,0.6666666666666666,221,0.8534330120007869,1.0,22,-1
1871126,2003484,12,4.533682443894843,0.6666666666666666,221,0.8534330120007869,1.0,22,-1
1871877,1982168,7,3.366288428740915,0.7777777777777778,64,0.875,1.0,0,-1
1871877,1985047,7,3.366288428740915,0.7777777777777778,64,0.875,1.0,0,-1
1871877,1999799,7,3.366288428740915,0.7777777777777778,64,0.875,1.0,0,-1
1871877,1999848,7,3.366288428740915,0.7777777777777778,64,0.875,1.0,2,-1
1871877,2002222,7,3.366288428740915,0.7777777777777778,64,0.875,1.0,3,-1
1871877,2002272,7,3.366288428740915,0.7777777777777778,64,0.875,1.0,0,-1
1871877,2002418,7,3.366288428740915,0.7777777777777778,64,0.875,1.0,0,-1
1871877,2002437,7,3.366288428740915,0.7777777777777778,64,0.875,1.0,0,-1
1871892,1968739,7,3.0524134584163423,0.5384615384615384,96,0.7083333333333333,1.0,7,-1
1871892,1970059,7,3.0524134584163423,0.5384615384615384,96,0.7083333333333333,1.0,7,-1
1871892,1970854,7,2.973944715835199,0.7777777777777778,64,0.6666666666666666,1.0,7,-1
1871892,1970871,7,2.973944715835199,0.7777777777777778,64,0.6666666666666666,1.0,7,-1
1871892,1972551,7,3.0524134584163423,0.5384615384615384,96,0.7083333333333333,1.0,7,-1
1871892,1975070,7,2.973944715835199,0.7777777777777778,64,0.6666666666666666,1.0,0,-1
1872021,1983620,1,1.4426950408889634,0.3333333333333333,4,0.5,1.0,0,-1
1872021,1986365,1,1.4426950408889634,0.3333333333333333,4,0.5,1.0,1,-1
1872027,1872115,9,3.9086503371292665,0.8181818181818182,100,0.8999999999999999,1.0,14,-1
1872027,1941185,9,3.9086503371292665,0.8181818181818182,100,0.8999999999999999,1.0,0,-1
1872027,1941202,9,3.9086503371292665,0.8181818181818182,100,0.8999999999999999,1.0,0,-1
1872027,1941213,9,3.9086503371292665,0.8181818181818182,100,0.8999999999999999,1.0,14,-1
1872027,1941217,9,3.9086503371292665,0.8181818181818182,100,0.8999999999999999,1.0,14,-1
1872027,1947948,9,3.9086503371292665,0.8181818181818182,100,0.8999999999999999,1.0,14,-1
1872027,1948522,9,3.9086503371292665,0.8181818181818182,100,0.8999999999999999,1.0,14,-1
1872027,1948536,9,3.9086503371292665,0.8181818181818182,100,0.8999999999999999,1.0,14,-1
1872027,1948541,9,3.9086503371292665,0.8181818181818182,100,0.8999999999999999,1.0,0,-1
1872060,1872271,8,3.640956906507349,0.8,81,0.8888888888888891,1.0,0,1
1872060,1873271,8,3.640956906507349,0.8,81,0.8888888888888891,1.0,0,1
1872060,1907694,8,3.640956906507349,0.8,81,0.8888888888888891,1.0,0,1
1872060,1965153,8,3.640956906507349,0.8,81,0.8888888888888891,1.0,0,1
1872060,1970763,8,3.640956906507349,0.8,81,0.8888888888888891,1.0,0,1
1872060,1975795,8,3.640956906507349,0.8,81,0.8888888888888891,1.0,0,1
1872060,1982171,8,3.640956906507349,0.8,81,0.8888888888888891,1.0,0,1
1872115,1941185,9,3.9086503371292665,0.8181818181818182,100,0.8999999999999999,1.0,0,-1
1872115,1941202,9,3.9086503371292665,0.8181818181818182,100,0.8999999999999999,1.0,0,-1
1872115,1941213,9,3.9086503371292665,0.8181818181818182,100,0.8999999999999999,1.0,14,-1
1872115,1941217,9,3.9086503371292665,0.8181818181818182,100,0.8999999999999999,1.0,14,-1
1872115,1947948,9,3.9086503371292665,0.8181818181818182,100,0.8999999999999999,1.0,14,-1
1872115,1948522,9,3.9086503371292665,0.8181818181818182,100,0.8999999999999999,1.0,14,-1
1872115,1948536,9,3.9086503371292665,0.8181818181818182,100,0.8999999999999999,1.0,14,-1
1872115,1948541,9,3.9086503371292665,0.8181818181818182,100,0.8999999999999999,1.0,0,-1
1872144,1872193,5,2.7905531327562363,0.7142857142857143,36,0.8333333333333333,1.0,6,-1
1872144,1983425,5,2.7905531327562363,0.7142857142857143,36,0.8333333333333333,1.0,6,-1
1872144,1983447,5,2.7905531327562363,0.7142857142857143,36,0.8333333333333333,1.0,7,-1
1872144,2003224,5,2.7905531327562363,0.7142857142857143,36,0.8333333333333333,1.0,6,-1
1872144,2003229,5,2.7905531327562363,0.7142857142857143,36,0.8333333333333333,1.0,6,-1
1872144,2003632,5,2.7905531327562363,0.7142857142857143,36,0.8333333333333333,1.0,6,-1
1872193,1983425,5,2.7905531327562363,0.7142857142857143,36,0.8333333333333333,1.0,9,-1
1872193,1983447,5,2.7905531327562363,0.7142857142857143,36,0.8333333333333333,1.0,6,-1
1872193,2003224,5,2.7905531327562363,0.7142857142857143,36,0.8333333333333333,1.0,9,-1
1872193,2003229,5,2.7905531327562363,0.7142857142857143,36,0.8333333333333333,1.0,9,-1
1872193,2003632,5,2.7905531327562363,0.7142857142857143,36,0.8333333333333333,1.0,6,-1
1872271,1873271,8,3.640956906507349,0.8,81,0.8888888888888891,1.0,0,1
1872271,1907694,8,3.640956906507349,0.8,81,0.8888888888888891,1.0,0,1
1872271,1965153,8,3.640956906507349,0.8,81,0.8888888888888891,1.0,2,1
1872271,1970763,8,3.640956906507349,0.8,81,0.8888888888888891,1.0,0,1
1872271,1975795,8,3.640956906507349,0.8,81,0.8888888888888891,1.0,2,1
1872271,1982171,8,3.640956906507349,0.8,81,0.8888888888888891,1.0,0,1
1872309,1879620,5,2.6348721105868336,0.7142857142857143,36,0.7499999999999999,1.0,6,-1
1872309,1946363,5,2.6348721105868336,0.7142857142857143,36,0.75,1.0,6,-1
1872309,1951891,1,0.40242960438184466,0.1111111111111111,24,0.08333333333333333,0.5,4,-1
1872309,1985661,5,2.6348721105868336,0.7142857142857143,36,0.75,1.0,9,-1
1872309,1985669,5,2.6348721105868336,0.7142857142857143,36,0.7499999999999999,1.0,6,-1
1872309,2001070,1,0.40242960438184466,0.1111111111111111,24,0.08333333333333333,0.5,4,-1
1872309,2003870,1,0.40242960438184466,0.1111111111111111,24,0.08333333333333333,0.5,4,-1
1872362,1931384,4,2.4853397382384474,0.6666666666666666,25,0.8,1.0,9,-1
1872362,1941989,4,2.4853397382384474,0.6666666666666666,25,0.8,1.0,5,-1
1872362,1941997,4,2.4853397382384474,0.6666666666666666,25,0.8,1.0,9,-1
1872362,1950073,4,2.4853397382384474,0.6666666666666666,25,0.8,1.0,9,-1
1872362,1950377,4,2.4853397382384474,0.6666666666666666,25,0.8,1.0,9,-1
1872491,1872515,9,3.853279036915966,0.8181818181818182,100,0.8714285714285713,1.0,0,-1
1872491,1879229,9,3.9086503371292665,0.6,140,0.8999999999999999,1.0,4,-1
1872491,1938821,9,3.853279036915966,0.8181818181818182,100,0.8714285714285713,1.0,0,-1
1872491,1938845,9,3.853279036915966,0.8181818181818182,100,0.8714285714285713,1.0,0,-1
1872491,1938850,9,3.853279036915966,0.8181818181818182,100,0.8714285714285713,1.0,0,-1
1872491,1939814,9,3.853279036915966,0.8181818181818182,100,0.8714285714285713,1.0,0,-1
1872491,1946935,9,3.853279036915966,0.8181818181818182,100,0.8714285714285713,1.0,4,-1
1872491,1947390,9,3.853279036915966,0.8181818181818182,100,0.8714285714285713,1.0,6,-1
1872491,1947429,9,3.853279036915966,0.8181818181818182,100,0.8714285714285713,1.0,0,-1
1872515,1879229,9,3.9086503371292665,0.6,140,0.8999999999999999,1.0,0,-1
1872515,1938821,9,3.853279036915966,0.8181818181818182,100,0.8714285714285713,1.0,10,-1
1872515,1938845,9,3.853279036915966,0.8181818181818182,100,0.8714285714285713,1.0,10,-1
1872515,1938850,9,3.853279036915966,0.8181818181818182,100,0.8714285714285713,1.0,10,-1
1872515,1939814,9,3.853279036915966,0.8181818181818182,100,0.8714285714285713,1.0,10,-1
1872515,1946935,9,3.853279036915966,0.8181818181818182,100,0.8714285714285713,1.0,0,-1
1872515,1947390,9,3.853279036915966,0.8181818181818182,100,0.8714285714285713,1.0,0,-1
1872515,1947429,9,3.853279036915966,0.8181818181818182,100,0.8714285714285713,1.0,10,-1
1872518,1872645,9,3.9086503371292665,0.8181818181818182,100,0.8999999999999999,1.0,20,-1
1872518,1965239,9,3.9086503371292665,0.8181818181818182,100,0.8999999999999999,1.0,20,-1
1872518,1965247,9,3.9086503371292665,0.8181818181818182,100,0.8999999999999999,1.0,20,-1
1872518,1965251,9,3.9086503371292665,0.8181818181818182,100,0.8999999999999999,1.0,20,-1
1872518,1982841,9,3.9086503371292665,0.8181818181818182,100,0.8999999999999999,1.0,20,-1
1872518,1988305,9,3.9086503371292665,0.8181818181818182,100,0.8999999999999999,1.0,20,-1
1872518,1988408,9,3.9086503371292665,0.8181818181818182,100,0.8999999999999999,1.0,20,-1
1872518,1988413,9,3.9086503371292665,0.8181818181818182,100,0.8999999999999999,1.0,20,-1
1872518,2008340,9,3.9086503371292665,0.8181818181818182,100,0.8999999999999999,1.0,20,-1
1872518,2018138,9,3.9086503371292665,0.8181818181818182,100,0.8999999999999999,1.0,20,-1
1872617,1976889,1,1.4426950408889634,0.3333333333333333,4,0.5,1.0,4,-1
1872617,1979443,1,1.4426950408889634,0.3333333333333333,4,0.5,1.0,4,-1
1872645,1965239,9,3.9086503371292665,0.8181818181818182,100,0.8999999999999999,1.0,20,1
1872645,1965247,9,3.9086503371292665,0.8181818181818182,100,0.8999999999999999,1.0,20,1
1872645,1965251,9,3.9086503371292665,0.8181818181818182,100,0.8999999999999999,1.0,20,1
1872645,1982841,9,3.9086503371292665,0.8181818181818182,100,0.8999999999999999,1.0,20,1
1872645,1988305,9,3.9086503371292665,0.8181818181818182,100,0.8999999999999999,1.0,20,1
1872645,1988408,9,3.9086503371292665,0.8181818181818182,100,0.8999999999999999,1.0,20,-1
1872645,1988413,9,3.9086503371292665,0.8181818181818182,100,0.8999999999999999,1.0,20,-1
1872645,2008340,9,3.9086503371292665,0.8181818181818182,100,0.8999999999999999,1.0,20,1
1872645,2018138,9,3.9086503371292665,0.8181818181818182,100,0.8999999999999999,1.0,20,-1
1872721,1922578,6,3.083390054218504,0.75,49,0.857142857142857,1.0,10,-1
1872721,1930572,6,3.083390054218504,0.75,49,0.857142857142857,1.0,7,-1
1872721,1931255,6,3.083390054218504,0.75,49,0.857142857142857,1.0,7,-1
1872721,1976808,6,3.083390054218504,0.75,49,0.857142857142857,1.0,10,-1
1872721,1983043,6,3.083390054218504,0.75,49,0.857142857142857,1.0,10,-1
1872721,1984205,6,3.083390054218504,0.75,49,0.857142857142857,1.0,7,-1
1872721,1989758,6,3.083390054218504,0.75,49,0.857142857142857,1.0,7,-1
1872738,1903876,6,3.47817384818302,0.46153846153846156,84,1.0642857142857143,1.0,6,1
1872738,1943126,4,2.270466553858725,0.3076923076923077,60,0.6857142857142857,1.0,5,-1
1872738,1951639,4,2.270466553858725,0.3076923076923077,60,0.6857142857142857,1.0,5,-1
1872738,1952273,4,2.2704665538587254,0.3076923076923077,60,0.6857142857142857,1.0,5,-1
1872738,1952717,6,3.47817384818302,0.46153846153846156,84,1.0642857142857143,1.0,6,1
1872989,1874324,8,3.640956906507349,0.8,81,0.8888888888888891,1.0,9,-1
1872989,1874972,8,3.640956906507349,0.8,81,0.8888888888888891,1.0,9,-1
1872989,1935061,8,3.640956906507349,0.8,81,0.8888888888888891,1.0,9,-1
1872989,1936145,8,3.640956906507349,0.8,81,0.8888888888888891,1.0,9,-1
1872989,1939695,8,3.640956906507349,0.8,81,0.8888888888888891,1.0,9,-1
1872989,1940081,8,3.640956906507349,0.8,81,0.8888888888888891,1.0,9,-1
1872989,1940084,8,3.640956906507349,0.8,81,0.8888888888888891,1.0,9,-1
1872989,1940183,8,3.640956906507349,0.8,81,0.8888888888888891,1.0,9,-1
1873037,1899818,8,3.3344664381613764,0.4444444444444444,153,0.7320261437908497,1.0,9,-1
1873037,1940044,8,3.3344664381613764,0.4444444444444444,153,0.7320261437908497,1.0,9,-1
1873037,1942017,10,4.6310149054504075,0.5555555555555556,187,1.162581699346405,1.0,19,1
1873037,1947160,8,3.3344664381613764,0.4444444444444444,153,0.7320261437908497,1.0,15,-1
1873037,1947575,8,3.3344664381613764,0.4444444444444444,153,0.7320261437908497,1.0,15,-1
1873037,1947606,16,7.4258088528904045,0.8888888888888888,289,1.8613339275103984,1.0,17,1
1873037,1947609,16,7.4258088528904045,0.8888888888888888,289,1.8613339275103986,1.0,29,1
1873037,1947762,8,3.3344664381613764,0.4444444444444444,153,0.7320261437908497,1.0,15,-1
1873037,1947931,8,3.3344664381613764,0.4444444444444444,153,0.7320261437908497,1.0,15,-1
1873037,1949718,5,1.9310203763319485,0.2777777777777778,102,0.37849079025549615,1.0,6,-1
1873081,1873094,8,3.310890447664084,0.32,216,0.7228446934329287,1.0,17,-1
1873081,1873117,8,3.246625246418258,0.5333333333333333,126,0.693082788671024,1.0,17,-1
1873081,1873124,8,3.2725923042434477,0.4444444444444444,153,0.7056878306878307,1.0,17,-1
1873081,1873942,2,0.618071055986404,0.1111111111111111,99,0.07870370370370369,0.5,3,-1
1873081,1909718,8,3.170428814794791,0.8,81,0.6534002489884843,1.0,17,-1
1873081,1949120,2,0.618071055986404,0.1111111111111111,99,0.07870370370370369,0.5,3,-1
1873081,1949123,2,0.618071055986404,0.1111111111111111,99,0.07870370370370369,0.5,0,-1
1873081,1949129,2,0.618071055986404,0.1111111111111111,99,0.07870370370370369,0.5,3,-1
1873081,1949132,2,0.618071055986404,0.1111111111111111,99,0.07870370370370369,0.5,3,-1
1873081,1949776,2,0.618071055986404,0.1111111111111111,99,0.07870370370370369,0.5,3,-1
1873081,1949780,2,0.618071055986404,0.1111111111111111,99,0.07870370370370369,0.5,3,-1
1873081,1949922,2,0.618071055986404,0.1111111111111111,99,0.07870370370370369,0.5,6,-1
1873081,1950034,2,0.618071055986404,0.1111111111111111,99,0.07870370370370369,0.5,3,-1
1873081,1950041,2,0.618071055986404,0.1111111111111111,99,0.07870370370370369,0.5,0,-1
1873081,1977213,8,3.170428814794791,0.8,81,0.6534002489884843,1.0,9,-1
1873081,2012836,8,3.170428814794791,0.8,81,0.6534002489884843,1.0,17,-1
1873081,2013351,8,3.170428814794791,0.8,81,0.6534002489884843,1.0,17,-1
1873081,2045522,8,3.170428814794791,0.8,81,0.6534002489884843,1.0,17,-1
1873094,1873117,13,5.72771265856375,0.52,336,1.3534363240245595,1.0,25,1
1873094,1873124,13,5.75367971638894,0.4642857142857143,408,1.3660413660413662,1.0,25,1
1873094,1873942,10,4.056704598360495,0.4,264,0.8552188552188553,1.0,9,1
1873094,1909718,8,3.310890447664084,0.32,216,0.7228446934329287,1.0,17,-1
1873094,1949120,10,4.056704598360495,0.4,264,0.8552188552188553,1.0,9,-1
1873094,1949123,10,4.056704598360495,0.4,264,0.8552188552188553,1.0,0,-1
1873094,1949129,10,4.056704598360495,0.4,264,0.8552188552188553,1.0,9,-1
1873094,1949132,10,4.056704598360495,0.4,264,0.8552188552188553,1.0,9,-1
1873094,1949776,10,4.056704598360495,0.4,264,0.8552188552188553,1.0,9,-1
1873094,1949780,10,4.056704598360495,0.4,264,0.8552188552188553,1.0,9,-1
1873094,1949922,10,4.056704598360495,0.4,264,0.8552188552188553,1.0,11,1
1873094,1950034,10,4.056704598360495,0.4,264,0.8552188552188553,1.0,9,-1
1873094,1950041,10,4.056704598360495,0.4,264,0.8552188552188553,1.0,0,-1
1873094,1977213,8,3.310890447664084,0.32,216,0.7228446934329287,1.0,9,-1
1873094,2012836,8,3.310890447664084,0.32,216,0.7228446934329287,1.0,17,-1
1873094,2013351,8,3.310890447664084,0.32,216,0.7228446934329287,1.0,17,-1
1873094,2045522,8,3.310890447664084,0.32,216,0.7228446934329287,1.0,17,-1
1873117,1873124,13,5.689414515143113,0.7222222222222222,238,1.3362794612794613,1.0,25,1
1873117,1873942,2,0.618071055986404,0.08695652173913043,154,0.07870370370370369,0.5,3,-1
1873117,1909718,8,3.246625246418258,0.5333333333333333,126,0.693082788671024,1.0,17,-1
1873117,1949120,2,0.618071055986404,0.08695652173913043,154,0.07870370370370369,0.5,3,-1
1873117,1949123,2,0.618071055986404,0.08695652173913043,154,0.07870370370370369,0.5,0,-1
1873117,1949129,2,0.618071055986404,0.08695652173913043,154,0.07870370370370369,0.5,3,-1
1873117,1949132,2,0.618071055986404,0.08695652173913043,154,0.07870370370370369,0.5,3,-1
1873117,1949776,2,0.618071055986404,0.08695652173913043,154,0.07870370370370369,0.5,3,-1
1873117,1949780,2,0.618071055986404,0.08695652173913043,154,0.07870370370370369,0.5,3,-1
1873117,1949922,2,0.618071055986404,0.08695652173913043,154,0.07870370370370369,0.5,6,-1
1873117,1950034,2,0.618071055986404,0.08695652173913043,154,0.07870370370370369,0.5,3,-1
1873117,1950041,2,0.618071055986404,0.08695652173913043,154,0.07870370370370369,0.5,0,-1
1873117,1977213,8,3.246625246418258,0.5333333333333333,126,0.693082788671024,1.0,9,-1
1873117,2012836,8,3.246625246418258,0.5333333333333333,126,0.693082788671024,1.0,17,-1
1873117,2013351,8,3.246625246418258,0.5333333333333333,126,0.693082788671024,1.0,17,-1
1873117,2045522,8,3.246625246418258,0.5333333333333333,126,0.693082788671024,1.0,17,-1
1873124,1873942,2,0.618071055986404,0.07692307692307693,187,0.07870370370370369,0.5,3,-1
1873124,1909718,8,3.2725923042434477,0.4444444444444444,153,0.7056878306878307,1.0,17,-1
1873124,1949120,2,0.618071055986404,0.07692307692307693,187,0.07870370370370369,0.5,3,-1
1873124,1949123,2,0.618071055986404,0.07692307692307693,187,0.07870370370370369,0.5,0,-1
1873124,1949129,2,0.618071055986404,0.07692307692307693,187,0.07870370370370369,0.5,3,-1
1873124,1949132,2,0.618071055986404,0.07692307692307693,187,0.07870370370370369,0.5,3,-1
1873124,1949776,2,0.618071055986404,0.07692307692307693,187,0.07870370370370369,0.5,3,-1
1873124,1949780,2,0.618071055986404,0.07692307692307693,187,0.07870370370370369,0.5,3,-1
1873124,1949922,2,0.618071055986404,0.07692307692307693,187,0.07870370370370369,0.5,6,-1
1873124,1950034,2,0.618071055986404,0.07692307692307693,187,0.07870370370370369,0.5,3,-1
1873124,1950041,2,0.618071055986404,0.07692307692307693,187,0.07870370370370369,0.5,0,-1
1873124,1977213,8,3.2725923042434477,0.4444444444444444,153,0.7056878306878307,1.0,9,1
1873124,2012836,8,3.2725923042434477,0.4444444444444444,153,0.7056878306878307,1.0,17,-1
1873124,2013351,8,3.2725923042434477,0.4444444444444444,153,0.7056878306878307,1.0,17,-1
1873124,2045522,8,3.2725923042434477,0.4444444444444444,153,0.7056878306878307,1.0,17,-1
1873271,1907694,8,3.640956906507349,0.8,81,0.8888888888888891,1.0,0,1
1873271,1965153,8,3.640956906507349,0.8,81,0.8888888888888891,1.0,0,1
1873271,1970763,8,3.640956906507349,0.8,81,0.8888888888888891,1.0,0,1
1873271,1975795,8,3.640956906507349,0.8,81,0.8888888888888891,1.0,0,1
1873271,1982171,8,3.640956906507349,0.8,81,0.8888888888888891,1.0,4,1
1873294,1940608,4,2.3191244169922545,0.4,45,0.711111111111111,1.0,4,-1
1873294,1940624,4,2.3191244169922545,0.4,45,0.711111111111111,1.0,5,-1
1873294,1941647,4,2.3191244169922545,0.4,45,0.711111111111111,1.0,0,-1
1873294,1941656,4,2.3191244169922545,0.4,45,0.711111111111111,1.0,4,-1
1873294,1949561,8,4.970679476476895,0.8,81,1.5999999999999999,1.0,8,-1
1873294,1982210,4,2.3191244169922545,0.4,45,0.711111111111111,1.0,5,-1
1873294,1985092,4,2.3191244169922545,0.4,45,0.711111111111111,1.0,7,-1
1873294,2002305,4,2.3191244169922545,0.4,45,0.711111111111111,1.0,5,-1
1873294,2002477,4,2.319124416992254,0.4,45,0.7111111111111112,1.0,7,-1
1873576,1874733,7,2.986705782912816,0.7777777777777778,64,0.6793831168831168,1.0,0,-1
1873576,1892195,2,0.6841892133709133,0.13333333333333333,72,0.10795454545454546,0.5,3,-1
1873576,1899417,2,0.6841892133709133,0.13333333333333333,72,0.10795454545454546,0.5,3,-1
1873576,1938870,7,2.986705782912816,0.7777777777777778,64,0.6793831168831168,1.0,4,-1
1873576,1938889,7,2.986705782912816,0.7777777777777778,64,0.6793831168831168,1.0,0,-1
1873576,1939871,7,3.106930369653563,0.4117647058823529,128,0.7418831168831168,1.0,4,-1
1873576,1940238,7,3.1440886767271317,0.30434782608695654,176,0.7589285714285714,1.0,4,-1
1873576,1947502,7,2.986705782912816,0.7777777777777778,64,0.6793831168831168,1.0,0,-1
1873576,1966625,2,0.6841892133709133,0.10526315789473684,104,0.10795454545454546,0.5,3,-1
1873576,1984685,2,0.6841892133709133,0.13333333333333333,72,0.10795454545454546,0.5,3,-1
1873576,1987461,2,0.6841892133709133,0.13333333333333333,72,0.10795454545454546,0.5,3,-1
1873576,2004398,2,0.6841892133709133,0.13333333333333333,72,0.10795454545454546,0.5,3,-1
1873576,2004403,2,0.6841892133709133,0.13333333333333333,72,0.10795454545454546,0.5,0,-1
1873576,2004411,2,0.6841892133709133,0.13333333333333333,72,0.10795454545454546,0.5,3,-1
1873942,1909718,2,0.618071055986404,0.1111111111111111,99,0.07870370370370369,0.5,3,-1
1873942,1949120,10,3.9543301873803736,0.8333333333333334,121,0.8059764309764311,1.0,9,-1
1873942,1949123,10,3.9543301873803736,0.8333333333333334,121,0.8059764309764311,1.0,0,-1
1873942,1949129,10,3.954330187380374,0.8333333333333334,121,0.8059764309764311,1.0,9,-1
1873942,1949132,10,3.954330187380374,0.8333333333333334,121,0.805976430976431,1.0,9,-1
1873942,1949776,10,3.954330187380374,0.8333333333333334,121,0.805976430976431,1.0,10,-1
1873942,1949780,10,3.954330187380374,0.8333333333333334,121,0.805976430976431,1.0,9,-1
1873942,1949922,10,3.9543301873803736,0.8333333333333334,121,0.8059764309764311,1.0,9,1
1873942,1950034,10,3.954330187380374,0.8333333333333334,121,0.805976430976431,1.0,9,-1
1873942,1950041,10,3.954330187380374,0.8333333333333334,121,0.805976430976431,1.0,0,-1
1873942,1977213,2,0.618071055986404,0.1111111111111111,99,0.07870370370370369,0.5,3,-1
1873942,2012836,2,0.618071055986404,0.1111111111111111,99,0.07870370370370369,0.5,3,-1
1873942,2013351,2,0.618071055986404,0.1111111111111111,99,0.07870370370370369,0.5,3,-1
1873942,2045522,2,0.618071055986404,0.1111111111111111,99,0.07870370370370369,0.5,3,-1
1874108,1927858,3,2.164042561333445,0.6,16,0.75,1.0,8,-1
1874108,1970574,3,2.164042561333445,0.6,16,0.75,1.0,8,-1
1874108,1984238,3,2.164042561333445,0.6,16,0.75,1.0,8,-1
1874108,1989772,3,2.164042561333445,0.6,16,0.75,1.0,8,-1
1874146,1966412,9,3.9086503371292665,0.6,140,0.8999999999999999,1.0,10,-1
1874146,1967151,9,3.9086503371292665,0.6,140,0.8999999999999999,1.0,10,-1
1874146,1967167,9,3.9086503371292665,0.6,140,0.8999999999999999,1.0,10,-1
1874146,1970649,9,3.9086503371292665,0.6,140,0.8999999999999999,1.0,10,-1
1874146,1979343,9,3.9086503371292665,0.6,140,0.8999999999999999,1.0,10,-1
1874146,1983148,9,3.9086503371292665,0.6,140,0.8999999999999999,1.0,10,-1
1874146,1983153,9,3.9086503371292665,0.6,140,0.8999999999999999,1.0,10,-1
1874146,1983163,9,3.9086503371292665,0.6,140,0.8999999999999999,1.0,10,-1
1874146,1989833,9,3.9086503371292665,0.6,140,0.8999999999999999,1.0,10,-1
1874146,1989838,9,3.9086503371292665,0.6,140,0.8999999999999999,1.0,10,-1
1874154,1875169,5,2.6113656878949403,0.7142857142857143,36,0.738095238095238,1.0,5,-1
1874154,1938565,5,2.6113656878949403,0.7142857142857143,36,0.738095238095238,1.0,0,-1
1874154,1939561,5,2.6113656878949403,0.7142857142857143,36,0.738095238095238,1.0,5,-1
1874154,1939805,5,2.6113656878949403,0.7142857142857143,36,0.738095238095238,1.0,7,-1
1874154,1939809,5,2.6113656878949403,0.7142857142857143,36,0.738095238095238,1.0,7,-1
1874324,1874972,8,3.640956906507349,0.8,81,0.8888888888888891,1.0,12,1
1874324,1935061,8,3.640956906507349,0.8,81,0.8888888888888891,1.0,9,-1
1874324,1936145,8,3.640956906507349,0.8,81,0.8888888888888891,1.0,12,1
1874324,1939695,8,3.640956906507349,0.8,81,0.8888888888888891,1.0,9,-1
1874324,1940081,8,3.640956906507349,0.8,81,0.8888888888888891,1.0,9,-1
1874324,1940084,8,3.640956906507349,0.8,81,0.8888888888888891,1.0,9,-1
1874324,1940183,8,3.640956906507349,0.8,81,0.8888888888888891,1.0,9,-1
1874728,1874931,4,2.4853397382384474,0.6666666666666666,25,0.8,1.0,8,1
1874728,1953807,4,2.4853397382384474,0.6666666666666666,25,0.8,1.0,8,1
1874728,1954169,4,2.4853397382384474,0.6666666666666666,25,0.8,1.0,5,1
1874728,1979431,4,2.4853397382384474,0.6666666666666666,25,0.8,1.0,8,-1
1874728,1984561,4,2.4853397382384474,0.6666666666666666,25,0.8,1.0,5,-1
1874733,1892195,2,0.6841892133709133,0.13333333333333333,72,0.10795454545454546,0.5,0,-1
1874733,1899417,2,0.6841892133709133,0.13333333333333333,72,0.10795454545454546,0.5,0,-1
1874733,1938870,7,2.986705782912816,0.7777777777777778,64,0.6793831168831168,1.0,0,-1
1874733,1938889,7,2.986705782912816,0.7777777777777778,64,0.6793831168831168,1.0,3,-1
1874733,1939871,7,3.106930369653563,0.4117647058823529,128,0.7418831168831168,1.0,0,-1
1874733,1940238,7,3.1440886767271317,0.30434782608695654,176,0.7589285714285714,1.0,0,-1
1874733,1947502,7,2.986705782912816,0.7777777777777778,64,0.6793831168831168,1.0,3,-1
1874733,1966625,2,0.6841892133709133,0.10526315789473684,104,0.10795454545454546,0.5,0,-1
1874733,1984685,2,0.6841892133709133,0.13333333333333333,72,0.10795454545454546,0.5,0,-1
1874733,1987461,2,0.6841892133709133,0.13333333333333333,72,0.10795454545454546,0.5,0,-1
1874733,2004398,2,0.6841892133709133,0.13333333333333333,72,0.10795454545454546,0.5,0,-1
1874733,2004403,2,0.6841892133709133,0.13333333333333333,72,0.10795454545454546,0.5,0,-1
1874733,2004411,2,0.6841892133709133,0.13333333333333333,72,0.10795454545454546,0.5,0,-1
1874764,1877414,6,3.083390054218504,0.21428571428571427,189,0.857142857142857,1.0,7,-1
1874764,1877730,6,3.083390054218504,0.21428571428571427,189,0.857142857142857,1.0,7,-1
1874764,1877805,6,3.083390054218504,0.21428571428571427,189,0.857142857142857,1.0,7,-1
1874764,1877994,6,3.083390054218504,0.21428571428571427,189,0.857142857142857,1.0,7,-1
1874764,1915838,6,3.083390054218504,0.21428571428571427,189,0.857142857142857,1.0,7,-1
1874764,1986146,6,3.083390054218504,0.21428571428571427,189,0.857142857142857,1.0,7,-1
1874764,2003482,6,3.083390054218504,0.21428571428571427,189,0.857142857142857,1.0,7,-1
1874783,1953338,6,3.083390054218504,0.75,49,0.857142857142857,1.0,10,-1
1874783,1977917,6,3.083390054218504,0.75,49,0.857142857142857,1.0,10,-1
1874783,1977919,6,3.083390054218504,0.75,49,0.857142857142857,1.0,10,-1
1874783,1989690,6,3.083390054218504,0.75,49,0.857142857142857,1.0,0,-1
1874783,1989694,6,3.083390054218504,0.75,49,0.857142857142857,1.0,0,-1
1874783,1994644,6,3.083390054218504,0.75,49,0.857142857142857,1.0,10,-1
1874908,1890178,3,2.164042561333445,0.6,16,0.75,1.0,8,-1
1874908,1974675,3,2.164042561333445,0.6,16,0.75,1.0,8,-1
1874908,1982985,3,2.164042561333445,0.6,16,0.75,1.0,8,-1
1874908,1982989,3,2.164042561333445,0.6,16,0.75,1.0,8,-1
1874931,1953807,4,2.4853397382384474,0.6666666666666666,25,0.8,1.0,8,1
1874931,1954169,4,2.4853397382384474,0.6666666666666666,25,0.8,1.0,5,1
1874931,1979431,4,2.4853397382384474,0.6666666666666666,25,0.8,1.0,8,-1
1874931,1984561,4,2.4853397382384474,0.6666666666666666,25,0.8,1.0,5,-1
1874972,1935061,8,3.640956906507349,0.8,81,0.8888888888888891,1.0,9,-1
1874972,1936145,8,3.640956906507349,0.8,81,0.8888888888888891,1.0,12,1
1874972,1939695,8,3.640956906507349,0.8,81,0.8888888888888891,1.0,9,-1
1874972,1940081,8,3.640956906507349,0.8,81,0.8888888888888891,1.0,9,-1
1874972,1940084,8,3.640956906507349,0.8,81,0.8888888888888891,1.0,9,-1
1874972,1940183,8,3.640956906507349,0.8,81,0.8888888888888891,1.0,9,-1
1874977,1875400,4,2.4853397382384474,0.6666666666666666,25,0.8,1.0,10,-1
1874977,1875585,4,2.4853397382384474,0.6666666666666666,25,0.8,1.0,10,-1
1874977,1875586,4,2.4853397382384474,0.6666666666666666,25,0.8,1.0,10,-1
1874977,1951510,4,2.4853397382384474,0.6666666666666666,25,0.8,1.0,10,-1
1874977,1952625,4,2.4853397382384474,0.6666666666666666,25,0.8,1.0,10,-1
1875022,1905106,6,3.083390054218504,0.75,49,0.857142857142857,1.0,9,1
1875022,1985004,6,3.083390054218504,0.75,49,0.857142857142857,1.0,9,-1
1875022,1985064,6,3.083390054218504,0.75,49,0.857142857142857,1.0,7,-1
1875022,1999780,6,3.083390054218504,0.75,49,0.857142857142857,1.0,7,-1
1875022,1999812,6,3.083390054218504,0.75,49,0.857142857142857,1.0,7,-1
1875022,2002388,6,3.083390054218504,0.75,49,0.857142857142857,1.0,7,-1
1875022,2002408,6,3.083390054218504,0.75,49,0.857142857142857,1.0,7,-1
1875107,1926670,7,3.254659454846782,0.4375,120,0.8166666666666667,1.0,8,-1
1875107,1939411,7,3.1636323531350747,0.4375,120,0.7685897435897435,1.0,13,-1
1875107,1939414,7,3.1636323531350747,0.4375,120,0.7685897435897435,1.0,8,-1
1875107,1939422,14,6.641549755770123,0.875,225,1.7019230769230769,1.0,15,-1
1875107,1939887,7,3.1636323531350747,0.4375,120,0.7685897435897435,1.0,8,-1
1875107,1939900,7,3.1636323531350747,0.4375,120,0.7685897435897435,1.0,13,-1
1875107,1946551,7,3.1636323531350747,0.4375,120,0.7685897435897435,1.0,13,-1
1875107,1947277,7,3.254659454846782,0.3333333333333333,195,0.8166666666666667,1.0,13,-1
1875107,1947285,7,3.1636323531350747,0.4375,120,0.7685897435897435,1.0,13,-1
1875107,1970589,7,3.254659454846782,0.4375,120,0.8166666666666667,1.0,10,-1
1875107,1970616,7,3.254659454846782,0.4375,120,0.8166666666666667,1.0,8,-1
1875107,1976815,7,3.254659454846782,0.4375,120,0.8166666666666667,1.0,8,-1
1875107,1976818,7,3.254659454846782,0.4375,120,0.8166666666666667,1.0,8,-1
1875107,1976821,7,3.254659454846782,0.4375,120,0.8166666666666667,1.0,10,-1
1875107,1984492,7,3.254659454846782,0.4375,120,0.8166666666666667,1.0,8,-1
1875169,1938565,5,2.6113656878949403,0.7142857142857143,36,0.738095238095238,1.0,0,-1
1875169,1939561,5,2.6113656878949403,0.7142857142857143,36,0.738095238095238,1.0,5,-1
1875169,1939805,5,2.6113656878949403,0.7142857142857143,36,0.738095238095238,1.0,5,-1
1875169,1939809,5,2.6113656878949403,0.7142857142857143,36,0.738095238095238,1.0,5,-1
1875249,1947273,2,1.312668831008682,0.16666666666666666,33,0.41666666666666663,1.0,3,-1
1875249,1947622,2,1.312668831008682,0.16666666666666666,33,0.41666666666666663,1.0,4,-1
1875268,1917850,1,0.43429448190325176,0.07692307692307693,45,0.1,0.5,2,-1
1875268,1928651,1,0.43429448190325176,0.1111111111111111,25,0.1,0.5,2,-1
1875268,1946303,4,2.4853397382384474,0.36363636363636365,50,0.8,1.0,5,-1
1875268,1965682,1,0.43429448190325176,0.1111111111111111,25,0.1,0.5,2,-1
1875268,1971386,1,0.43429448190325176,0.1111111111111111,25,0.1,0.5,2,-1
1875268,1974671,4,2.2982992855820874,0.6666666666666666,25,0.7000000000000001,1.0,5,-1
1875268,1975622,4,2.2982992855820874,0.6666666666666666,25,0.7,1.0,5,-1
1875268,1975626,4,2.2982992855820874,0.6666666666666666,25,0.7,1.0,5,-1
1875268,1977914,4,2.2982992855820874,0.6666666666666666,25,0.7,1.0,5,-1
1875268,1982475,1,0.43429448190325176,0.1111111111111111,25,0.1,0.5,2,-1
1875400,1875585,4,2.4853397382384474,0.6666666666666666,25,0.8,1.0,10,-1
1875400,1875586,4,2.4853397382384474,0.6666666666666666,25,0.8,1.0,10,-1
1875400,1951510,4,2.4853397382384474,0.6666666666666666,25,0.8,1.0,10,-1
1875400,1952625,4,2.4853397382384474,0.6666666666666666,25,0.8,1.0,10,-1
1875456,1982214,3,2.164042561333445,0.6,16,0.75,1.0,3,-1
1875456,1985081,3,2.164042561333445,0.6,16,0.75,1.0,4,-1
1875456,1999839,3,2.164042561333445,0.6,16,0.75,1.0,3,-1
1875456,2002468,3,2.164042561333445,0.6,16,0.75,1.0,0,-1
1875585,1875586,4,2.4853397382384474,0.6666666666666666,25,0.8,1.0,10,-1
1875585,1951510,4,2.4853397382384474,0.6666666666666666,25,0.8,1.0,10,-1
1875585,1952625,4,2.4853397382384474,0.6666666666666666,25,0.8,1.0,10,-1
1875586,1951510,4,2.4853397382384474,0.6666666666666666,25,0.8,1.0,10,-1
1875586,1952625,4,2.4853397382384474,0.6666666666666666,25,0.8,1.0,10,-1
1875761,1982245,4,2.3191244169922545,0.4,45,0.711111111111111,1.0,9,-1
1875761,1982263,4,2.3191244169922545,0.4,45,0.711111111111111,1.0,9,-1
1875761,1994523,8,4.970679476476895,0.8,81,1.5999999999999999,1.0,17,1
1875761,2002277,4,2.3191244169922545,0.4,45,0.711111111111111,1.0,9,-1
1875835,1876156,22,8.254859990872436,0.9166666666666666,529,1.5370281892021016,1.0,46,1
1875835,1893610,22,8.254859990872436,0.9166666666666666,529,1.5370281892021016,1.0,46,1
1875835,1929899,12,4.394685917625445,0.5,299,0.7892976588628762,1.0,26,-1
1875835,1934245,12,4.394685917625445,0.5,299,0.7892976588628762,1.0,26,-1
1875835,2016969,12,4.394685917625445,0.5,299,0.7892976588628762,1.0,26,-1
1875835,2019842,12,4.394685917625445,0.5,299,0.7892976588628762,1.0,26,-1
1875835,2024394,12,4.394685917625445,0.5,299,0.7892976588628762,1.0,26,-1
1875835,2024398,12,4.394685917625445,0.5,299,0.7892976588628762,1.0,26,-1
1875835,2045212,12,4.394685917625445,0.5,299,0.7892976588628762,1.0,26,-1
1875835,2046316,22,8.254859990872436,0.9166666666666666,529,1.5370281892021016,1.0,46,1
1875835,2047275,22,8.254859990872436,0.9166666666666666,529,1.5370281892021016,1.0,46,1
1875946,1877040,5,2.7905531327562363,0.7142857142857143,36,0.8333333333333333,1.0,4,-1
1875946,2002139,5,2.7905531327562363,0.7142857142857143,36,0.8333333333333333,1.0,0,-1
1875946,2002143,5,2.7905531327562363,0.7142857142857143,36,0.8333333333333333,1.0,3,-1
1875946,2004930,5,2.7905531327562363,0.7142857142857143,36,0.8333333333333333,1.0,0,-1
1875946,2004938,5,2.7905531327562363,0.7142857142857143,36,0.8333333333333333,1.0,3,-1
1875946,2004941,5,2.7905531327562363,0.7142857142857143,36,0.8333333333333333,1.0,0,-1
1875950,1910371,8,4.970679476476895,0.8,81,1.5999999999999999,1.0,17,1
1875950,1952789,4,2.3191244169922545,0.4,45,0.711111111111111,1.0,10,-1
1875950,1983875,4,2.3191244169922545,0.4,45,0.711111111111111,1.0,10,-1
1875950,1983923,4,2.3191244169922545,0.4,45,0.711111111111111,1.0,10,-1
1875950,1986699,4,2.3191244169922545,0.4,45,0.711111111111111,1.0,10,-1
1876095,1902020,9,3.9086503371292665,0.6,140,0.8999999999999999,1.0,10,-1
1876095,1921142,9,3.9086503371292665,0.6,140,0.8999999999999999,1.0,10,-1
1876095,1921257,9,3.9086503371292665,0.6,140,0.8999999999999999,1.0,10,-1
1876095,1974931,9,3.9086503371292665,0.6,140,0.8999999999999999,1.0,10,-1
1876095,1974935,9,3.9086503371292665,0.6,140,0.8999999999999999,1.0,10,-1
1876095,1975768,9,3.9086503371292665,0.6,140,0.8999999999999999,1.0,10,-1
1876095,1975780,9,3.9086503371292665,0.6,140,0.8999999999999999,1.0,10,-1
1876095,1978095,9,3.9086503371292665,0.6,140,0.8999999999999999,1.0,10,-1
1876095,1984541,9,3.9086503371292665,0.6,140,0.8999999999999999,1.0,10,-1
1876095,1984551,9,3.9086503371292665,0.6,140,0.8999999999999999,1.0,10,-1
1876156,1893610,22,8.254859990872436,0.9166666666666666,529,1.5370281892021016,1.0,46,1
1876156,1929899,12,4.394685917625445,0.5,299,0.7892976588628762,1.0,26,-1
1876156,1934245,12,4.394685917625445,0.5,299,0.7892976588628762,1.0,26,-1
1876156,2016969,12,4.394685917625445,0.5,299,0.7892976588628762,1.0,26,-1
1876156,2019842,12,4.394685917625445,0.5,299,0.7892976588628762,1.0,26,-1
1876156,2024394,12,4.394685917625445,0.5,299,0.7892976588628762,1.0,26,-1
1876156,2024398,12,4.394685917625445,0.5,299,0.7892976588628762,1.0,26,-1
1876156,2045212,12,4.394685917625445,0.5,299,0.7892976588628762,1.0,26,-1
1876156,2046316,22,8.254859990872436,0.9166666666666666,529,1.5370281892021016,1.0,46,1
1876156,2047275,22,8.254859990872436,0.9166666666666666,529,1.5370281892021016,1.0,46,1
1876502,1940610,7,3.366288428740915,0.35,152,0.875,1.0,8,-1
1876502,1947862,7,3.366288428740915,0.35,152,0.875,1.0,8,-1
1876502,1948277,7,3.366288428740915,0.35,152,0.875,1.0,8,-1
1876502,1948291,7,3.366288428740915,0.35,152,0.875,1.0,8,-1
1876502,1948375,7,3.366288428740915,0.35,152,0.875,1.0,8,-1
1876502,1948477,7,3.366288428740915,0.35,152,0.875,1.0,8,-1
1876502,1948709,7,3.366288428740915,0.35,152,0.875,1.0,8,-1
1876502,1948717,7,3.366288428740915,0.35,152,0.875,1.0,8,-1
1876770,1876796,7,3.3024224732021734,0.4666666666666667,112,0.8409090909090909,1.0,8,-1
1876770,1877328,7,3.3024224732021734,0.4666666666666667,112,0.8409090909090909,1.0,8,-1
1876770,1941867,7,3.3024224732021734,0.4666666666666667,112,0.8409090909090909,1.0,8,-1
1876770,1941869,7,3.3024224732021734,0.4666666666666667,112,0.8409090909090909,1.0,8,-1
1876770,1949058,7,3.3024224732021734,0.4666666666666667,112,0.8409090909090909,1.0,8,-1
1876770,1949717,7,3.3024224732021734,0.4666666666666667,112,0.8409090909090909,1.0,8,-1
1876770,1950063,7,3.3024224732021734,0.4666666666666667,112,0.8409090909090909,1.0,8,-1
1876770,1950067,7,3.366288428740915,0.3888888888888889,154,0.875,1.0,8,-1
1876796,1877328,7,3.200447307929137,0.7777777777777778,64,0.7873376623376623,1.0,8,1
1876796,1941867,7,3.200447307929137,0.7777777777777778,64,0.7873376623376623,1.0,8,-1
1876796,1941869,7,3.200447307929137,0.7777777777777778,64,0.7873376623376623,1.0,8,1
1876796,1949058,7,3.200447307929137,0.7777777777777778,64,0.7873376623376623,1.0,8,-1
1876796,1949717,7,3.200447307929137,0.7777777777777778,64,0.7873376623376623,1.0,8,-1
1876796,1950063,7,3.200447307929137,0.7777777777777778,64,0.7873376623376623,1.0,8,-1
1876796,1950067,7,3.2643132634678786,0.5833333333333334,88,0.8214285714285714,1.0,8,-1
1877040,2002139,5,2.7905531327562363,0.7142857142857143,36,0.8333333333333333,1.0,0,-1
1877040,2002143,5,2.7905531327562363,0.7142857142857143,36,0.8333333333333333,1.0,3,-1
1877040,2004930,5,2.7905531327562363,0.7142857142857143,36,0.8333333333333333,1.0,0,-1
1877040,2004938,5,2.7905531327562363,0.7142857142857143,36,0.8333333333333333,1.0,3,-1
1877040,2004941,5,2.7905531327562363,0.7142857142857143,36,0.8333333333333333,1.0,0,-1
1877187,1877490,13,4.758426432778033,0.8666666666666667,196,0.8503663003663001,1.0,24,-1
1877187,1878269,13,4.8304219380378495,0.48148148148148145,364,0.8833333333333331,1.0,24,-1
1877187,1878365,13,4.808890875714933,0.5909090909090909,294,0.874175824175824,1.0,24,-1
1877187,1878374,13,4.758426432778033,0.8666666666666667,196,0.8503663003663002,1.0,14,-1
1877187,1939007,2,0.635386415183186,0.1,112,0.08608058608058608,0.5,3,-1
1877187,1939021,2,0.635386415183186,0.1,112,0.08608058608058608,0.5,6,-1
1877187,1940321,2,0.635386415183186,0.1,112,0.08608058608058608,0.5,6,-1
1877187,1940416,2,0.635386415183186,0.1,112,0.08608058608058608,0.5,6,-1
1877187,1941924,13,4.803541413772651,0.6190476190476191,280,0.8717948717948716,1.0,14,-1
1877187,1941934,13,4.758426432778033,0.8666666666666667,196,0.8503663003663002,1.0,24,-1
1877187,1941941,13,4.758426432778033,0.8666666666666667,196,0.8503663003663002,1.0,24,-1
1877187,1942097,13,4.758426432778033,0.8666666666666667,196,0.8503663003663002,1.0,24,-1
1877187,1943122,1,0.33380820069533407,0.05263157894736842,84,0.05,0.5,2,-1
1877187,1943132,1,0.33380820069533407,0.05263157894736842,84,0.05,0.5,2,-1
1877187,1943135,1,0.33380820069533407,0.05263157894736842,84,0.05,0.5,2,-1
1877187,1947732,2,0.635386415183186,0.1,112,0.08608058608058608,0.5,3,-1
1877187,1947746,2,0.635386415183186,0.1,112,0.08608058608058608,0.5,3,-1
1877187,1947841,2,0.635386415183186,0.1,112,0.08608058608058608,0.5,6,-1
1877187,1949737,13,4.758426432778033,0.8666666666666667,196,0.8503663003663002,1.0,24,-1
1877187,1949821,13,4.758426432778033,0.8666666666666667,196,0.8503663003663002,1.0,24,-1
1877187,1949998,13,4.758426432778033,0.8666666666666667,196,0.8503663003663002,1.0,24,-1
1877187,1950189,13,4.758426432778033,0.8666666666666667,196,0.8503663003663002,1.0,14,-1
1877187,1950771,1,0.33380820069533407,0.05263157894736842,84,0.05,0.5,2,-1
1877187,1951653,1,0.33380820069533407,0.05263157894736842,84,0.05,0.5,2,-1
1877187,1952715,1,0.33380820069533407,0.05263157894736842,84,0.05,0.5,2,-1
1877328,1941867,7,3.200447307929137,0.7777777777777778,64,0.7873376623376623,1.0,13,-1
1877328,1941869,7,3.200447307929137,0.7777777777777778,64,0.7873376623376623,1.0,13,1
1877328,1949058,7,3.200447307929137,0.7777777777777778,64,0.7873376623376623,1.0,13,-1
1877328,1949717,7,3.200447307929137,0.7777777777777778,64,0.7873376623376623,1.0,13,-1
1877328,1950063,7,3.200447307929137,0.7777777777777778,64,0.7873376623376623,1.0,13,-1
1877328,1950067,7,3.2643132634678786,0.5833333333333334,88,0.8214285714285714,1.0,8,-1
1877343,1891351,6,3.083390054218504,0.75,49,0.857142857142857,1.0,0,-1
1877343,1891371,6,3.083390054218504,0.75,49,0.857142857142857,1.0,0,-1
1877343,1892596,6,3.083390054218504,0.75,49,0.857142857142857,1.0,4,-1
1877343,1907673,6,3.083390054218504,0.75,49,0.857142857142857,1.0,4,-1
1877343,1907895,6,3.083390054218504,0.75,49,0.857142857142857,1.0,4,-1
1877343,1907909,6,3.083390054218504,0.75,49,0.857142857142857,1.0,4,-1
1877343,1947016,6,3.083390054218504,0.75,49,0.857142857142857,1.0,0,-1
1877414,1877730,6,2.8729047873910325,0.75,49,0.7513227513227512,1.0,12,-1
1877414,1877805,6,2.8729047873910325,0.75,49,0.7513227513227512,1.0,12,-1
1877414,1877994,6,2.8729047873910325,0.75,49,0.7513227513227512,1.0,12,-1
1877414,1915838,6,2.8729047873910325,0.75,49,0.7513227513227512,1.0,7,-1
1877414,1986146,6,2.8729047873910325,0.75,49,0.7513227513227512,1.0,12,-1
1877414,2003482,6,2.8729047873910325,0.75,49,0.7513227513227512,1.0,12,-1
1877458,1936640,2,1.8204784532536746,0.5,9,0.6666666666666666,1.0,6,1
1877458,1971610,2,1.8204784532536746,0.5,9,0.6666666666666666,1.0,6,1
1877458,1975634,2,1.8204784532536746,0.5,9,0.6666666666666666,1.0,6,1
1877490,1878269,13,4.8304219380378495,0.48148148148148145,364,0.8833333333333331,1.0,24,-1
1877490,1878365,13,4.808890875714933,0.5909090909090909,294,0.8741758241758238,1.0,24,-1
1877490,1878374,13,4.758426432778033,0.8666666666666667,196,0.8503663003663002,1.0,14,-1
1877490,1939007,2,0.635386415183186,0.1,112,0.08608058608058608,0.5,3,-1
1877490,1939021,2,0.635386415183186,0.1,112,0.08608058608058608,0.5,6,-1
1877490,1940321,2,0.635386415183186,0.1,112,0.08608058608058608,0.5,6,-1
1877490,1940416,2,0.635386415183186,0.1,112,0.08608058608058608,0.5,6,-1
1877490,1941924,13,4.80354141377265,0.6190476190476191,280,0.8717948717948715,1.0,14,-1
1877490,1941934,13,4.758426432778033,0.8666666666666667,196,0.8503663003663002,1.0,24,-1
1877490,1941941,13,4.758426432778033,0.8666666666666667,196,0.8503663003663002,1.0,24,-1
1877490,1942097,13,4.758426432778033,0.8666666666666667,196,0.8503663003663002,1.0,24,-1
1877490,1943122,1,0.33380820069533407,0.05263157894736842,84,0.05,0.5,2,-1
1877490,1943132,1,0.33380820069533407,0.05263157894736842,84,0.05,0.5,2,-1
1877490,1943135,1,0.33380820069533407,0.05263157894736842,84,0.05,0.5,2,-1
1877490,1947732,2,0.635386415183186,0.1,112,0.08608058608058608,0.5,3,-1
1877490,1947746,2,0.635386415183186,0.1,112,0.08608058608058608,0.5,3,-1
1877490,1947841,2,0.635386415183186,0.1,112,0.08608058608058608,0.5,6,-1
1877490,1949737,13,4.758426432778033,0.8666666666666667,196,0.8503663003663002,1.0,24,-1
1877490,1949821,13,4.758426432778033,0.8666666666666667,196,0.8503663003663002,1.0,24,-1
1877490,1949998,13,4.758426432778033,0.8666666666666667,196,0.8503663003663002,1.0,24,-1
1877490,1950189,13,4.758426432778033,0.8666666666666667,196,0.8503663003663002,1.0,14,-1
1877490,1950771,1,0.33380820069533407,0.05263157894736842,84,0.05,0.5,2,-1
1877490,1951653,1,0.33380820069533407,0.05263157894736842,84,0.05,0.5,2,-1
1877490,1952715,1,0.33380820069533407,0.05263157894736842,84,0.05,0.5,2,-1
1877573,1939837,5,3.928034779127411,0.7142857142857143,36,1.3,1.0,6,1
1877573,1947782,1,0.5581106265512472,0.14285714285714285,12,0.16666666666666666,1.0,2,-1
1877587,1877590,5,2.7905531327562363,0.7142857142857143,36,0.8333333333333333,1.0,8,-1
1877587,1913658,5,2.7905531327562363,0.7142857142857143,36,0.8333333333333333,1.0,8,-1
1877587,1942060,5,2.7905531327562363,0.7142857142857143,36,0.8333333333333333,1.0,8,-1
1877587,1945735,5,2.7905531327562363,0.7142857142857143,36,0.8333333333333333,1.0,0,-1
1877587,1950061,5,2.7905531327562363,0.7142857142857143,36,0.8333333333333333,1.0,5,-1
1877587,1950548,5,2.7905531327562363,0.7142857142857143,36,0.8333333333333333,1.0,5,-1
1877590,1913658,5,2.7905531327562363,0.7142857142857143,36,0.8333333333333333,1.0,8,-1
1877590,1942060,5,2.7905531327562363,0.7142857142857143,36,0.8333333333333333,1.0,8,-1
1877590,1945735,5,2.7905531327562363,0.7142857142857143,36,0.8333333333333333,1.0,0,-1
1877590,1950061,5,2.7905531327562363,0.7142857142857143,36,0.8333333333333333,1.0,5,-1
1877590,1950548,5,2.7905531327562363,0.7142857142857143,36,0.8333333333333333,1.0,5,-1
1877605,1940109,6,3.083390054218504,0.75,49,0.857142857142857,1.0,7,1
1877605,1948711,6,3.083390054218504,0.75,49,0.857142857142857,1.0,9,1
1877605,1948733,6,3.083390054218504,0.75,49,0.857142857142857,1.0,7,-1
1877605,1948772,6,3.083390054218504,0.75,49,0.857142857142857,1.0,7,1
1877605,1948917,6,3.083390054218504,0.75,49,0.857142857142857,1.0,7,-1
1877605,1949187,6,3.083390054218504,0.75,49,0.857142857142857,1.0,9,-1
1877690,1910097,11,5.616107761658439,0.55,228,1.5416666666666667,1.0,12,1
1877690,1911318,3,1.845124645270808,0.15,76,0.5833333333333333,1.0,4,-1
1877690,1983029,3,1.845124645270808,0.15,76,0.5833333333333333,1.0,4,-1
1877690,1984195,3,1.845124645270808,0.15,76,0.5833333333333333,1.0,4,-1
1877727,1877876,3,2.164042561333445,0.42857142857142855,24,0.75,1.0,5,-1
1877727,1946881,3,2.164042561333445,0.42857142857142855,24,0.75,1.0,4,-1
1877727,1947648,3,2.164042561333445,0.42857142857142855,24,0.75,1.0,4,-1
1877727,1947656,3,2.164042561333445,0.42857142857142855,24,0.75,1.0,4,-1
1877730,1877805,6,2.8729047873910325,0.75,49,0.7513227513227512,1.0,12,-1
1877730,1877994,6,2.8729047873910325,0.75,49,0.7513227513227512,1.0,12,-1
1877730,1915838,6,2.8729047873910325,0.75,49,0.7513227513227512,1.0,7,-1
1877730,1986146,6,2.8729047873910325,0.75,49,0.7513227513227512,1.0,12,-1
1877730,2003482,6,2.8729047873910325,0.75,49,0.7513227513227512,1.0,12,-1
1877789,1880653,2,1.8204784532536746,0.5,9,0.6666666666666666,1.0,5,-1
1877789,1966341,2,1.8204784532536746,0.5,9,0.6666666666666666,1.0,3,-1
1877789,1984434,2,1.8204784532536746,0.5,9,0.6666666666666666,1.0,5,-1
1877805,1877994,6,2.8729047873910325,0.75,49,0.7513227513227512,1.0,12,-1
1877805,1915838,6,2.8729047873910325,0.75,49,0.7513227513227512,1.0,7,-1
1877805,1986146,6,2.8729047873910325,0.75,49,0.7513227513227512,1.0,12,-1
1877805,2003482,6,2.8729047873910325,0.75,49,0.7513227513227512,1.0,12,-1
1877817,1892859,5,2.7905531327562363,0.7142857142857143,36,0.8333333333333333,1.0,0,-1
1877817,1940070,5,2.7905531327562363,0.7142857142857143,36,0.8333333333333333,1.0,0,-1
1877817,1941302,5,2.7905531327562363,0.7142857142857143,36,0.8333333333333333,1.0,0,-1
1877817,1941397,5,2.7905531327562363,0.7142857142857143,36,0.8333333333333333,1.0,0,-1
1877817,1941416,5,2.7905531327562363,0.7142857142857143,36,0.8333333333333333,1.0,0,-1
1877876,1946881,3,2.0008056674402104,0.6,16,0.6666666666666666,1.0,4,-1
1877876,1947648,3,2.0008056674402104,0.6,16,0.6666666666666666,1.0,4,-1
1877876,1947656,3,2.0008056674402104,0.6,16,0.6666666666666666,1.0,4,-1
1877884,1878497,6,2.8039992301220416,0.75,49,0.7103174603174602,1.0,8,-1
1877884,1905631,6,2.8039992301220416,0.75,49,0.7103174603174602,1.0,7,-1
1877884,1950102,6,2.8039992301220416,0.75,49,0.7103174603174602,1.0,7,-1
1877884,1950145,6,2.8039992301220416,0.75,49,0.7103174603174602,1.0,7,-1
1877884,1950600,6,2.971921316230598,0.3157894736842105,126,0.7976190476190474,1.0,7,-1
1877884,1950627,6,2.8039992301220416,0.75,49,0.7103174603174602,1.0,7,-1
1877994,1915838,6,2.8729047873910325,0.75,49,0.7513227513227512,1.0,7,-1
1877994,1986146,6,2.8729047873910325,0.75,49,0.7513227513227512,1.0,12,-1
1877994,2003482,6,2.8729047873910325,0.75,49,0.7513227513227512,1.0,12,-1
1878013,1878568,3,2.164042561333445,0.6,16,0.75,1.0,8,-1
1878013,1975630,3,2.164042561333445,0.6,16,0.75,1.0,8,-1
1878013,1979220,3,2.164042561333445,0.6,16,0.75,1.0,8,-1
1878013,1994647,3,2.164042561333445,0.6,16,0.75,1.0,8,-1
1878269,1878365,20,8.247174809715665,0.7407407407407407,546,1.7821428571428568,1.0,35,-1
1878269,1878374,13,4.8304219380378495,0.48148148148148145,364,0.8833333333333331,1.0,14,-1
1878269,1939007,7,3.2138488205309783,0.25925925925925924,208,0.7976190476190477,1.0,8,-1
1878269,1939021,7,3.2138488205309783,0.25925925925925924,208,0.7976190476190477,1.0,13,-1
1878269,1940321,7,3.2138488205309783,0.25925925925925924,208,0.7976190476190477,1.0,13,-1
1878269,1940416,7,3.2138488205309783,0.25925925925925924,208,0.7976190476190477,1.0,13,-1
1878269,1941924,13,4.875536919032466,0.3939393939393939,520,0.9047619047619044,1.0,14,-1
1878269,1941934,13,4.8304219380378495,0.48148148148148145,364,0.8833333333333331,1.0,24,-1
1878269,1941941,13,4.8304219380378495,0.48148148148148145,364,0.8833333333333331,1.0,24,-1
1878269,1942097,13,4.8304219380378495,0.48148148148148145,364,0.8833333333333331,1.0,24,-1
1878269,1943122,1,0.33380820069533407,0.03225806451612903,156,0.05,0.5,2,-1
1878269,1943132,1,0.33380820069533407,0.03225806451612903,156,0.05,0.5,2,-1
1878269,1943135,1,0.33380820069533407,0.03225806451612903,156,0.05,0.5,2,-1
1878269,1947732,7,3.2138488205309783,0.25925925925925924,208,0.7976190476190477,1.0,8,-1
1878269,1947746,7,3.2138488205309783,0.25925925925925924,208,0.7976190476190477,1.0,8,-1
1878269,1947841,7,3.2138488205309783,0.25925925925925924,208,0.7976190476190477,1.0,13,-1
1878269,1949737,13,4.8304219380378495,0.48148148148148145,364,0.8833333333333331,1.0,24,-1
1878269,1949821,13,4.8304219380378495,0.48148148148148145,364,0.8833333333333331,1.0,24,-1
1878269,1949998,13,4.8304219380378495,0.48148148148148145,364,0.8833333333333331,1.0,24,-1
1878269,1950189,13,4.8304219380378495,0.48148148148148145,364,0.8833333333333331,1.0,14,-1
1878269,1950771,1,0.33380820069533407,0.03225806451612903,156,0.05,0.5,2,-1
1878269,1951653,1,0.33380820069533407,0.03225806451612903,156,0.05,0.5,2,-1
1878269,1952715,1,0.33380820069533407,0.03225806451612903,156,0.05,0.5,2,-1
1878358,1878749,4,2.4853397382384474,0.6666666666666666,25,0.8,1.0,7,-1
1878358,1879461,4,2.4853397382384474,0.6666666666666666,25,0.8,1.0,7,-1
1878358,1986380,4,2.4853397382384474,0.6666666666666666,25,0.8,1.0,5,-1
1878358,2000879,4,2.4853397382384474,0.6666666666666666,25,0.8,1.0,5,-1
1878358,2003333,4,2.4853397382384474,0.6666666666666666,25,0.8,1.0,5,-1
1878365,1878374,13,4.808890875714933,0.5909090909090909,294,0.874175824175824,1.0,14,-1
1878365,1939007,7,3.192317758208062,0.3181818181818182,168,0.7884615384615384,1.0,8,-1
1878365,1939021,7,3.192317758208062,0.3181818181818182,168,0.7884615384615384,1.0,13,-1
1878365,1940321,7,3.192317758208062,0.3181818181818182,168,0.7884615384615384,1.0,13,-1
1878365,1940416,7,3.192317758208062,0.3181818181818182,168,0.7884615384615384,1.0,13,-1
1878365,1941924,13,4.85400585670955,0.4642857142857143,420,0.8956043956043953,1.0,14,-1
1878365,1941934,13,4.808890875714933,0.5909090909090909,294,0.874175824175824,1.0,24,-1
1878365,1941941,13,4.808890875714933,0.5909090909090909,294,0.874175824175824,1.0,24,-1
1878365,1942097,13,4.808890875714933,0.5909090909090909,294,0.874175824175824,1.0,24,-1
1878365,1943122,1,0.33380820069533407,0.038461538461538464,126,0.05,0.5,2,-1
1878365,1943132,1,0.33380820069533407,0.038461538461538464,126,0.05,0.5,2,-1
1878365,1943135,1,0.33380820069533407,0.038461538461538464,126,0.05,0.5,2,-1
1878365,1947732,7,3.192317758208062,0.3181818181818182,168,0.7884615384615384,1.0,8,-1
1878365,1947746,7,3.192317758208062,0.3181818181818182,168,0.7884615384615384,1.0,8,-1
1878365,1947841,7,3.192317758208062,0.3181818181818182,168,0.7884615384615384,1.0,13,-1
1878365,1949737,13,4.808890875714933,0.5909090909090909,294,0.874175824175824,1.0,24,-1
1878365,1949821,13,4.808890875714933,0.5909090909090909,294,0.8741758241758238,1.0,24,-1
1878365,1949998,13,4.808890875714933,0.5909090909090909,294,0.874175824175824,1.0,24,-1
1878365,1950189,13,4.808890875714933,0.5909090909090909,294,0.874175824175824,1.0,14,-1
1878365,1950771,1,0.33380820069533407,0.038461538461538464,126,0.05,0.5,2,-1
1878365,1951653,1,0.33380820069533407,0.038461538461538464,126,0.05,0.5,2,-1
1878365,1952715,1,0.33380820069533407,0.038461538461538464,126,0.05,0.5,2,-1
1878374,1939007,2,0.635386415183186,0.1,112,0.08608058608058608,0.5,3,-1
1878374,1939021,2,0.635386415183186,0.1,112,0.08608058608058608,0.5,3,-1
1878374,1940321,2,0.635386415183186,0.1,112,0.08608058608058608,0.5,3,-1
1878374,1940416,2,0.635386415183186,0.1,112,0.08608058608058608,0.5,3,-1
1878374,1941924,13,4.803541413772651,0.6190476190476191,280,0.8717948717948716,1.0,14,-1
1878374,1941934,13,4.758426432778033,0.8666666666666667,196,0.8503663003663002,1.0,14,-1
1878374,1941941,13,4.758426432778033,0.8666666666666667,196,0.8503663003663002,1.0,14,-1
1878374,1942097,13,4.758426432778033,0.8666666666666667,196,0.8503663003663002,1.0,14,-1
1878374,1943122,1,0.33380820069533407,0.05263157894736842,84,0.05,0.5,2,-1
1878374,1943132,1,0.33380820069533407,0.05263157894736842,84,0.05,0.5,2,-1
1878374,1943135,1,0.33380820069533407,0.05263157894736842,84,0.05,0.5,2,-1
1878374,1947732,2,0.635386415183186,0.1,112,0.08608058608058608,0.5,3,-1
1878374,1947746,2,0.635386415183186,0.1,112,0.08608058608058608,0.5,3,-1
1878374,1947841,2,0.635386415183186,0.1,112,0.08608058608058608,0.5,3,-1
1878374,1949737,13,4.758426432778033,0.8666666666666667,196,0.8503663003663002,1.0,14,-1
1878374,1949821,13,4.758426432778033,0.8666666666666667,196,0.8503663003663002,1.0,14,-1
1878374,1949998,13,4.758426432778033,0.8666666666666667,196,0.8503663003663002,1.0,14,-1
1878374,1950189,13,4.758426432778033,0.8666666666666667,196,0.8503663003663002,1.0,15,-1
1878374,1950771,1,0.33380820069533407,0.05263157894736842,84,0.05,0.5,2,-1
1878374,1951653,1,0.33380820069533407,0.05263157894736842,84,0.05,0.5,2,-1
1878374,1952715,1,0.33380820069533407,0.05263157894736842,84,0.05,0.5,2,-1
1878484,1954012,12,5.0623148681171335,0.75,195,1.124875124875125,1.0,13,1
1878484,1954013,12,5.0417129959347085,0.8571428571428571,169,1.1146187146187148,1.0,13,1
1878484,1954021,12,5.041712995934708,0.8571428571428571,169,1.1146187146187148,1.0,13,1
1878484,1954893,12,5.0417129959347085,0.8571428571428571,169,1.1146187146187148,1.0,13,1
1878484,1954895,12,5.0417129959347085,0.8571428571428571,169,1.1146187146187148,1.0,13,1
1878484,1965019,10,3.9867551650222404,0.7142857142857143,143,0.814918414918415,1.0,11,1
1878484,1968341,10,3.9867551650222404,0.7142857142857143,143,0.814918414918415,1.0,11,1
1878484,1974244,10,3.9867551650222404,0.7142857142857143,143,0.814918414918415,1.0,11,1
1878484,1975035,10,4.0139163111952065,0.625,169,0.828904428904429,1.0,11,-1
1878484,1977009,10,3.9867551650222404,0.7142857142857143,143,0.814918414918415,1.0,11,-1
1878484,1992112,10,3.9867551650222404,0.7142857142857143,143,0.814918414918415,1.0,11,1
1878497,1905631,6,2.8039992301220416,0.75,49,0.7103174603174602,1.0,7,-1
1878497,1950102,6,2.8039992301220416,0.75,49,0.7103174603174602,1.0,7,-1
1878497,1950145,6,2.8039992301220416,0.75,49,0.7103174603174602,1.0,7,-1
1878497,1950600,6,2.971921316230598,0.3157894736842105,126,0.7976190476190474,1.0,7,-1
1878497,1950627,6,2.8039992301220416,0.75,49,0.7103174603174602,1.0,7,-1
1878568,1975630,3,2.164042561333445,0.6,16,0.75,1.0,8,-1
1878568,1979220,3,2.164042561333445,0.6,16,0.75,1.0,8,-1
1878568,1994647,3,2.164042561333445,0.6,16,0.75,1.0,8,-1
1878749,1879461,4,2.4853397382384474,0.6666666666666666,25,0.8,1.0,7,-1
1878749,1986380,4,2.4853397382384474,0.6666666666666666,25,0.8,1.0,5,-1
1878749,2000879,4,2.4853397382384474,0.6666666666666666,25,0.8,1.0,5,-1
1878749,2003333,4,2.4853397382384474,0.6666666666666666,25,0.8,1.0,5,-1
1878901,1879041,2,1.8204784532536746,0.5,9,0.6666666666666666,1.0,6,-1
1878901,1879823,2,1.8204784532536746,0.5,9,0.6666666666666666,1.0,6,-1
1878901,1952392,2,1.8204784532536746,0.5,9,0.6666666666666666,1.0,6,-1
1879041,1879823,2,1.8204784532536746,0.5,9,0.6666666666666666,1.0,6,-1
1879041,1952392,2,1.8204784532536746,0.5,9,0.6666666666666666,1.0,6,-1
1879168,1982163,1,1.4426950408889634,0.3333333333333333,4,0.5,1.0,4,-1
1879168,2002400,1,1.4426950408889634,0.3333333333333333,4,0.5,1.0,4,-1
1879229,1938821,9,3.9086503371292665,0.6,140,0.8999999999999999,1.0,0,-1
1879229,1938845,9,3.9086503371292665,0.6,140,0.8999999999999999,1.0,0,-1
1879229,1938850,9,3.9086503371292665,0.6,140,0.8999999999999999,1.0,0,-1
1879229,1939814,9,3.9086503371292665,0.6,140,0.8999999999999999,1.0,0,-1
1879229,1946935,9,3.9086503371292665,0.6,140,0.8999999999999999,1.0,4,-1
1879229,1947390,9,3.9086503371292665,0.6,140,0.8999999999999999,1.0,4,-1
1879229,1947429,9,3.9086503371292665,0.6,140,0.8999999999999999,1.0,0,-1
1879461,1986380,4,2.4853397382384474,0.6666666666666666,25,0.8,1.0,5,-1
1879461,2000879,4,2.4853397382384474,0.6666666666666666,25,0.8,1.0,5,-1
1879461,2003333,4,2.4853397382384474,0.6666666666666666,25,0.8,1.0,5,-1
1879604,1966228,2,1.8204784532536746,0.5,9,0.6666666666666666,1.0,6,1
1879604,1993482,2,1.8204784532536746,0.5,9,0.6666666666666666,1.0,6,1
1879604,2037450,2,1.8204784532536746,0.5,9,0.6666666666666666,1.0,6,-1
1879620,1946363,5,2.6348721105868336,0.7142857142857143,36,0.75,1.0,6,-1
1879620,1951891,1,0.40242960438184466,0.1111111111111111,24,0.08333333333333333,0.5,2,-1
1879620,1985661,5,2.6348721105868336,0.7142857142857143,36,0.75,1.0,6,-1
1879620,1985669,5,2.6348721105868336,0.7142857142857143,36,0.7499999999999999,1.0,6,-1
1879620,2001070,1,0.40242960438184466,0.1111111111111111,24,0.08333333333333333,0.5,2,-1
1879620,2003870,1,0.40242960438184466,0.1111111111111111,24,0.08333333333333333,0.5,2,-1
1879635,1879692,5,2.7905531327562363,0.7142857142857143,36,0.8333333333333333,1.0,6,-1
1879635,1879701,5,2.7905531327562363,0.7142857142857143,36,0.8333333333333333,1.0,6,-1
1879635,1908507,5,2.7905531327562363,0.7142857142857143,36,0.8333333333333333,1.0,6,-1
1879635,1950764,5,2.7905531327562363,0.7142857142857143,36,0.8333333333333333,1.0,6,-1
1879635,1951275,5,2.7905531327562363,0.7142857142857143,36,0.8333333333333333,1.0,6,-1
1879635,1951282,5,2.7905531327562363,0.7142857142857143,36,0.8333333333333333,1.0,6,-1
1879692,1879701,5,2.7905531327562363,0.7142857142857143,36,0.8333333333333333,1.0,6,-1
1879692,1908507,5,2.7905531327562363,0.7142857142857143,36,0.8333333333333333,1.0,10,-1
1879692,1950764,5,2.7905531327562363,0.7142857142857143,36,0.8333333333333333,1.0,10,-1
1879692,1951275,5,2.7905531327562363,0.7142857142857143,36,0.8333333333333333,1.0,10,-1
1879692,1951282,5,2.7905531327562363,0.7142857142857143,36,0.8333333333333333,1.0,10,-1
1879701,1908507,5,2.7905531327562363,0.7142857142857143,36,0.8333333333333333,1.0,6,-1
1879701,1950764,5,2.7905531327562363,0.7142857142857143,36,0.8333333333333333,1.0,6,-1
1879701,1951275,5,2.7905531327562363,0.7142857142857143,36,0.8333333333333333,1.0,6,-1
1879701,1951282,5,2.7905531327562363,0.7142857142857143,36,0.8333333333333333,1.0,6,-1
1879823,1952392,2,1.8204784532536746,0.5,9,0.6666666666666666,1.0,6,-1
1879916,1939925,8,3.640956906507349,0.8,81,0.8888888888888891,1.0,9,1
1879916,1940103,8,3.640956906507349,0.8,81,0.8888888888888891,1.0,9,-1
1879916,1940372,8,3.640956906507349,0.8,81,0.8888888888888891,1.0,9,-1
1879916,1947062,8,3.640956906507349,0.8,81,0.8888888888888891,1.0,9,1
1879916,1947065,8,3.640956906507349,0.8,81,0.8888888888888891,1.0,9,1
1879916,1947499,8,3.640956906507349,0.8,81,0.8888888888888891,1.0,9,-1
1879916,1947522,8,3.640956906507349,0.8,81,0.8888888888888891,1.0,9,-1
1879916,1947531,8,3.640956906507349,0.8,81,0.8888888888888891,1.0,10,-1
1879916,1947712,8,3.640956906507349,0.8,81,0.8888888888888891,1.0,9,-1
1879937,1950106,3,1.8375687735469761,0.6,16,0.5833333333333333,1.0,8,-1
1879937,1950110,3,1.8375687735469761,0.6,16,0.5833333333333333,1.0,8,-1
1879937,1950148,3,2.0008056674402104,0.42857142857142855,24,0.6666666666666666,1.0,8,-1
1879937,1950554,3,2.0008056674402104,0.42857142857142855,24,0.6666666666666666,1.0,8,-1
1879975,1879976,6,3.083390054218504,0.75,49,0.857142857142857,1.0,14,-1
1879975,1880709,6,3.083390054218504,0.75,49,0.857142857142857,1.0,14,-1
1879975,1881216,6,3.083390054218504,0.75,49,0.857142857142857,1.0,14,-1
1879975,1881258,6,3.083390054218504,0.75,49,0.857142857142857,1.0,14,-1
1879975,1947002,6,3.083390054218504,0.75,49,0.857142857142857,1.0,14,-1
1879975,1947076,6,3.083390054218504,0.75,49,0.857142857142857,1.0,14,-1
1879975,1947232,6,3.083390054218504,0.75,49,0.857142857142857,1.0,14,-1
1879976,1880709,6,3.083390054218504,0.75,49,0.857142857142857,1.0,14,-1
1879976,1881216,6,3.083390054218504,0.75,49,0.857142857142857,1.0,14,-1
1879976,1881258,6,3.083390054218504,0.75,49,0.857142857142857,1.0,14,-1
1879976,1947002,6,3.083390054218504,0.75,49,0.857142857142857,1.0,14,-1
1879976,1947076,6,3.083390054218504,0.75,49,0.857142857142857,1.0,14,-1
1879976,1947232,6,3.083390054218504,0.75,49,0.857142857142857,1.0,14,-1
1880088,1910878,3,2.164042561333445,0.6,16,0.75,1.0,4,-1
1880088,1993795,3,2.164042561333445,0.6,16,0.75,1.0,4,-1
1880088,2004603,3,2.164042561333445,0.6,16,0.75,1.0,4,-1
1880182,1966389,9,3.9086503371292665,0.8181818181818182,100,0.8999999999999999,1.0,16,-1
1880182,1967144,9,3.9086503371292665,0.8181818181818182,100,0.8999999999999999,1.0,0,-1
1880182,1967148,9,3.9086503371292665,0.8181818181818182,100,0.8999999999999999,1.0,16,-1
1880182,1967154,9,3.9086503371292665,0.8181818181818182,100,0.8999999999999999,1.0,16,-1
1880182,1972939,9,3.9086503371292665,0.8181818181818182,100,0.8999999999999999,1.0,16,-1
1880182,1974822,9,3.9086503371292665,0.8181818181818182,100,0.8999999999999999,1.0,16,-1
1880182,1974827,9,3.9086503371292665,0.8181818181818182,100,0.8999999999999999,1.0,16,-1
1880182,1977987,9,3.9086503371292665,0.8181818181818182,100,0.8999999999999999,1.0,16,-1
1880182,1989792,9,3.9086503371292665,0.8181818181818182,100,0.8999999999999999,1.0,0,-1
1880182,1989800,9,3.9086503371292665,0.8181818181818182,100,0.8999999999999999,1.0,16,-1
1880330,1880672,5,2.6348721105868336,0.7142857142857143,36,0.7499999999999999,1.0,0,-1
1880330,1881831,5,2.6348721105868336,0.7142857142857143,36,0.7499999999999999,1.0,0,-1
1880330,1972875,5,2.6348721105868336,0.7142857142857143,36,0.7499999999999999,1.0,0,-1
1880330,1989675,5,2.6348721105868336,0.7142857142857143,36,0.7499999999999999,1.0,0,-1
1880330,1989685,5,2.6348721105868336,0.7142857142857143,36,0.7499999999999999,1.0,0,-1
1880508,1881054,9,3.9086503371292665,0.8181818181818182,100,0.8999999999999999,1.0,10,-1
1880508,1881077,9,3.9086503371292665,0.8181818181818182,100,0.8999999999999999,1.0,10,-1
1880508,1966460,9,3.9086503371292665,0.8181818181818182,100,0.8999999999999999,1.0,10,-1
1880508,1983196,9,3.9086503371292665,0.8181818181818182,100,0.8999999999999999,1.0,10,-1
1880508,1983210,9,3.9086503371292665,0.8181818181818182,100,0.8999999999999999,1.0,10,-1
1880508,1984324,9,3.9086503371292665,0.8181818181818182,100,0.8999999999999999,1.0,10,-1
1880508,1984329,9,3.9086503371292665,0.8181818181818182,100,0.8999999999999999,1.0,10,-1
1880508,1984334,9,3.9086503371292665,0.8181818181818182,100,0.8999999999999999,1.0,10,-1
1880508,1994844,9,3.9086503371292665,0.8181818181818182,100,0.8999999999999999,1.0,10,-1
1880508,1994849,9,3.9086503371292665,0.8181818181818182,100,0.8999999999999999,1.0,10,-1
1880653,1966341,2,1.8204784532536746,0.5,9,0.6666666666666666,1.0,3,-1
1880653,1984434,2,1.8204784532536746,0.5,9,0.6666666666666666,1.0,5,-1
1880672,1881831,5,2.6348721105868336,0.7142857142857143,36,0.7499999999999999,1.0,7,-1
1880672,1972875,5,2.6348721105868336,0.7142857142857143,36,0.7499999999999999,1.0,7,-1
1880672,1989675,5,2.6348721105868336,0.7142857142857143,36,0.7499999999999999,1.0,7,-1
1880672,1989685,5,2.6348721105868336,0.7142857142857143,36,0.7499999999999999,1.0,0,-1
1880709,1881216,6,3.083390054218504,0.75,49,0.857142857142857,1.0,14,-1
1880709,1881258,6,3.083390054218504,0.75,49,0.857142857142857,1.0,14,-1
1880709,1947002,6,3.083390054218504,0.75,49,0.857142857142857,1.0,14,-1
1880709,1947076,6,3.083390054218504,0.75,49,0.857142857142857,1.0,14,-1
1880709,1947232,6,3.083390054218504,0.75,49,0.857142857142857,1.0,14,-1
1880900,1950815,11,4.073895825884729,0.8461538461538461,144,0.7494824016563147,1.0,12,-1
1880900,1951296,11,4.073895825884729,0.8461538461538461,144,0.7494824016563146,1.0,12,1
1880900,1951322,11,4.073895825884729,0.8461538461538461,144,0.7494824016563147,1.0,12,-1
1880900,1951676,11,4.073895825884729,0.8461538461538461,144,0.7494824016563147,1.0,12,-1
1880900,1951682,11,4.073895825884729,0.8461538461538461,144,0.7494824016563146,1.0,12,-1
1880900,1952327,11,4.073895825884729,0.8461538461538461,144,0.7494824016563147,1.0,12,-1
1880900,1952331,11,4.073895825884729,0.8461538461538461,144,0.7494824016563147,1.0,12,-1
1880900,1952337,11,4.157396441362772,0.4583333333333333,276,0.7893374741200829,1.0,12,-1
1880910,1982906,9,3.9086503371292665,0.8181818181818182,100,0.8999999999999999,1.0,9,-1
1880910,1982923,9,3.9086503371292665,0.8181818181818182,100,0.8999999999999999,1.0,12,-1
1880910,1982959,9,3.9086503371292665,0.8181818181818182,100,0.8999999999999999,1.0,9,-1
1880910,1985697,9,3.9086503371292665,0.8181818181818182,100,0.8999999999999999,1.0,0,-1
1880910,1985705,9,3.9086503371292665,0.8181818181818182,100,0.8999999999999999,1.0,9,-1
1880910,1985713,9,3.9086503371292665,0.8181818181818182,100,0.8999999999999999,1.0,12,-1
1880910,2002805,9,3.9086503371292665,0.8181818181818182,100,0.8999999999999999,1.0,9,-1
1880910,2002821,9,3.9086503371292665,0.8181818181818182,100,0.8999999999999999,1.0,12,-1
1880910,2003120,9,3.9086503371292665,0.8181818181818182,100,0.8999999999999999,1.0,9,-1
1880910,2003143,9,3.9086503371292665,0.8181818181818182,100,0.8999999999999999,1.0,9,-1
1880915,1882551,4,2.4853397382384474,0.6666666666666666,25,0.8,1.0,6,-1
1880915,1950877,4,2.4853397382384474,0.6666666666666666,25,0.8,1.0,5,-1
1880915,1950916,4,2.4853397382384474,0.6666666666666666,25,0.8,1.0,5,-1
1880915,1951351,4,2.4853397382384474,0.6666666666666666,25,0.8,1.0,5,-1
1880915,1951758,4,2.4853397382384474,0.6666666666666666,25,0.8,1.0,5,-1
1880978,1882251,4,2.4853397382384474,0.6666666666666666,25,0.8,1.0,0,-1
1880978,1882266,4,2.4853397382384474,0.6666666666666666,25,0.8,1.0,0,-1
1880978,1970537,4,2.4853397382384474,0.6666666666666666,25,0.8,1.0,0,-1
1880978,1979263,4,2.4853397382384474,0.6666666666666666,25,0.8,1.0,0,-1
1880978,1989720,4,2.4853397382384474,0.6666666666666666,25,0.8,1.0,0,-1
1881054,1881077,9,3.9086503371292665,0.8181818181818182,100,0.8999999999999999,1.0,19,-1
1881054,1966460,9,3.9086503371292665,0.8181818181818182,100,0.8999999999999999,1.0,19,-1
1881054,1983196,9,3.9086503371292665,0.8181818181818182,100,0.8999999999999999,1.0,19,-1
1881054,1983210,9,3.9086503371292665,0.8181818181818182,100,0.8999999999999999,1.0,19,-1
1881054,1984324,9,3.9086503371292665,0.8181818181818182,100,0.8999999999999999,1.0,19,-1
1881054,1984329,9,3.9086503371292665,0.8181818181818182,100,0.8999999999999999,1.0,19,-1
1881054,1984334,9,3.9086503371292665,0.8181818181818182,100,0.8999999999999999,1.0,19,-1
1881054,1994844,9,3.9086503371292665,0.8181818181818182,100,0.8999999999999999,1.0,19,-1
1881054,1994849,9,3.9086503371292665,0.8181818181818182,100,0.8999999999999999,1.0,19,-1
1881077,1966460,9,3.9086503371292665,0.8181818181818182,100,0.8999999999999999,1.0,19,-1
1881077,1983196,9,3.9086503371292665,0.8181818181818182,100,0.8999999999999999,1.0,19,-1
1881077,1983210,9,3.9086503371292665,0.8181818181818182,100,0.8999999999999999,1.0,19,-1
1881077,1984324,9,3.9086503371292665,0.8181818181818182,100,0.8999999999999999,1.0,19,-1
1881077,1984329,9,3.9086503371292665,0.8181818181818182,100,0.8999999999999999,1.0,19,-1
1881077,1984334,9,3.9086503371292665,0.8181818181818182,100,0.8999999999999999,1.0,19,-1
1881077,1994844,9,3.9086503371292665,0.8181818181818182,100,0.8999999999999999,1.0,19,-1
1881077,1994849,9,3.9086503371292665,0.8181818181818182,100,0.8999999999999999,1.0,19,-1
1881169,1884169,2,1.8204784532536746,0.5,9,0.6666666666666666,1.0,3,-1
1881169,1940307,2,1.8204784532536746,0.5,9,0.6666666666666666,1.0,4,-1
1881169,1947943,2,1.8204784532536746,0.5,9,0.6666666666666666,1.0,3,-1
1881216,1881258,6,3.083390054218504,0.75,49,0.857142857142857,1.0,14,-1
1881216,1947002,6,3.083390054218504,0.75,49,0.857142857142857,1.0,14,-1
1881216,1947076,6,3.083390054218504,0.75,49,0.857142857142857,1.0,14,-1
1881216,1947232,6,3.083390054218504,0.75,49,0.857142857142857,1.0,14,-1
1881258,1947002,6,3.083390054218504,0.75,49,0.857142857142857,1.0,14,-1
1881258,1947076,6,3.083390054218504,0.75,49,0.857142857142857,1.0,14,-1
1881258,1947232,6,3.083390054218504,0.75,49,0.857142857142857,1.0,14,-1
1881482,1882006,8,3.640956906507349,0.38095238095238093,180,0.8888888888888891,1.0,14,-1
1881482,1951258,8,3.5196454938892643,0.8,81,0.827777777777778,1.0,14,-1
1881482,1952426,8,3.5196454938892643,0.8,81,0.827777777777778,1.0,14,-1
1881482,2017078,8,3.5196454938892643,0.8,81,0.827777777777778,1.0,0,-1
1881482,2019874,8,3.5196454938892643,0.8,81,0.827777777777778,1.0,14,-1
1881482,2019891,8,3.5196454938892643,0.8,81,0.827777777777778,1.0,14,-1
1881482,2019895,8,3.5196454938892643,0.8,81,0.827777777777778,1.0,0,-1
1881482,2024448,8,3.5196454938892643,0.8,81,0.827777777777778,1.0,14,-1
1881482,2024451,8,3.5196454938892643,0.8,81,0.827777777777778,1.0,14,-1
1881627,1881674,9,3.9086503371292665,0.8181818181818182,100,0.8999999999999999,1.0,9,-1
1881627,1970734,9,3.9086503371292665,0.8181818181818182,100,0.8999999999999999,1.0,9,-1
1881627,1973038,9,3.9086503371292665,0.8181818181818182,100,0.8999999999999999,1.0,9,-1
1881627,1979435,9,3.9086503371292665,0.8181818181818182,100,0.8999999999999999,1.0,9,-1
1881627,1979461,9,3.9086503371292665,0.8181818181818182,100,0.8999999999999999,1.0,0,-1
1881627,1979473,9,3.9086503371292665,0.8181818181818182,100,0.8999999999999999,1.0,9,-1
1881627,1983241,9,3.9086503371292665,0.8181818181818182,100,0.8999999999999999,1.0,9,-1
1881627,1983265,9,3.9086503371292665,0.8181818181818182,100,0.8999999999999999,1.0,9,-1
1881627,1989896,9,3.9086503371292665,0.8181818181818182,100,0.8999999999999999,1.0,9,-1
1881627,1989906,9,3.9086503371292665,0.8181818181818182,100,0.8999999999999999,1.0,9,-1
1881674,1970734,9,3.9086503371292665,0.8181818181818182,100,0.8999999999999999,1.0,17,-1
1881674,1973038,9,3.9086503371292665,0.8181818181818182,100,0.8999999999999999,1.0,17,-1
1881674,1979435,9,3.9086503371292665,0.8181818181818182,100,0.8999999999999999,1.0,17,-1
1881674,1979461,9,3.9086503371292665,0.8181818181818182,100,0.8999999999999999,1.0,0,-1
1881674,1979473,9,3.9086503371292665,0.8181818181818182,100,0.8999999999999999,1.0,17,-1
1881674,1983241,9,3.9086503371292665,0.8181818181818182,100,0.8999999999999999,1.0,17,-1
1881674,1983265,9,3.9086503371292665,0.8181818181818182,100,0.8999999999999999,1.0,17,-1
1881674,1989896,9,3.9086503371292665,0.8181818181818182,100,0.8999999999999999,1.0,17,-1
1881674,1989906,9,3.9086503371292665,0.8181818181818182,100,0.8999999999999999,1.0,17,-1
1881831,1972875,5,2.6348721105868336,0.7142857142857143,36,0.7499999999999999,1.0,7,-1
1881831,1989675,5,2.6348721105868336,0.7142857142857143,36,0.7499999999999999,1.0,7,-1
1881831,1989685,5,2.6348721105868336,0.7142857142857143,36,0.7499999999999999,1.0,0,-1
1881893,1882495,9,4.7623796045701425,0.8181818181818182,100,1.35,1.0,19,1
1881893,1949895,9,4.7623796045701425,0.8181818181818182,100,1.35,1.0,19,1
1881893,1950921,3,1.589936484250985,0.2727272727272727,40,0.44999999999999996,1.0,8,-1
1881893,1985673,3,1.589936484250985,0.2727272727272727,40,0.44999999999999996,1.0,8,-1
1882006,1951258,8,3.640956906507349,0.38095238095238093,180,0.8888888888888891,1.0,14,1
1882006,1952426,8,3.640956906507349,0.38095238095238093,180,0.8888888888888891,1.0,14,1
1882006,2017078,8,3.640956906507349,0.38095238095238093,180,0.8888888888888891,1.0,0,-1
1882006,2019874,8,3.640956906507349,0.38095238095238093,180,0.8888888888888891,1.0,14,-1
1882006,2019891,8,3.640956906507349,0.38095238095238093,180,0.8888888888888891,1.0,14,-1
1882006,2019895,8,3.640956906507349,0.38095238095238093,180,0.8888888888888891,1.0,0,-1
1882006,2024448,8,3.640956906507349,0.38095238095238093,180,0.8888888888888891,1.0,14,-1
1882006,2024451,8,3.640956906507349,0.38095238095238093,180,0.8888888888888891,1.0,14,-1
1882251,1882266,4,2.4853397382384474,0.6666666666666666,25,0.8,1.0,8,-1
1882251,1970537,4,2.4853397382384474,0.6666666666666666,25,0.8,1.0,8,-1
1882251,1979263,4,2.4853397382384474,0.6666666666666666,25,0.8,1.0,8,-1
1882251,1989720,4,2.4853397382384474,0.6666666666666666,25,0.8,1.0,8,-1
1882266,1970537,4,2.4853397382384474,0.6666666666666666,25,0.8,1.0,8,-1
1882266,1979263,4,2.4853397382384474,0.6666666666666666,25,0.8,1.0,8,-1
1882266,1989720,4,2.4853397382384474,0.6666666666666666,25,0.8,1.0,8,-1
1882387,1949079,8,3.640956906507349,0.8,81,0.8888888888888891,1.0,15,-1
1882387,1949088,8,3.640956906507349,0.8,81,0.8888888888888891,1.0,8,-1
1882387,1949092,8,3.640956906507349,0.8,81,0.8888888888888891,1.0,15,-1
1882387,1949986,8,3.640956906507349,0.8,81,0.8888888888888891,1.0,15,-1
1882387,1950164,8,3.640956906507349,0.8,81,0.8888888888888891,1.0,15,-1
1882387,1950168,8,3.640956906507349,0.8,81,0.8888888888888891,1.0,0,-1
1882387,1950172,8,3.640956906507349,0.8,81,0.8888888888888891,1.0,15,-1
1882495,1949895,9,4.7623796045701425,0.8181818181818182,100,1.35,1.0,19,1
1882495,1950921,3,1.589936484250985,0.2727272727272727,40,0.44999999999999996,1.0,8,1
1882495,1985673,3,1.589936484250985,0.2727272727272727,40,0.44999999999999996,1.0,8,-1
1882551,1950877,4,2.4853397382384474,0.6666666666666666,25,0.8,1.0,5,-1
1882551,1950916,4,2.4853397382384474,0.6666666666666666,25,0.8,1.0,5,-1
1882551,1951351,4,2.4853397382384474,0.6666666666666666,25,0.8,1.0,5,-1
1882551,1951758,4,2.4853397382384474,0.6666666666666666,25,0.8,1.0,5,-1
1882936,1906269,18,7.121781573241109,0.72,456,1.4495124156888866,1.0,19,1
1882936,1942393,11,4.279991488694908,0.44,323,0.853267973856209,1.0,12,-1
1882936,1950400,11,4.279991488694908,0.44,323,0.8532679738562091,1.0,12,-1
1882936,1951220,9,3.506700618134031,0.45,190,0.7009803921568627,1.0,10,-1
1882936,1951228,9,3.506700618134031,0.45,190,0.7009803921568627,1.0,10,-1
1882936,2000406,9,3.506700618134031,0.45,190,0.7009803921568627,1.0,10,-1
1882936,2001992,9,3.506700618134031,0.45,190,0.7009803921568627,1.0,10,-1
1882936,2004362,9,3.506700618134031,0.45,190,0.7009803921568627,1.0,10,-1
1882936,2004386,9,3.506700618134031,0.45,190,0.7009803921568627,1.0,10,-1
1883497,1883758,5,2.7905531327562363,0.7142857142857143,36,0.8333333333333333,1.0,11,-1
1883497,1883781,5,2.7905531327562363,0.7142857142857143,36,0.8333333333333333,1.0,11,-1
1883497,1883786,5,2.7905531327562363,0.7142857142857143,36,0.8333333333333333,1.0,6,-1
1883497,1885198,5,2.7905531327562363,0.7142857142857143,36,0.8333333333333333,1.0,11,-1
1883497,1885255,5,2.7905531327562363,0.7142857142857143,36,0.8333333333333333,1.0,11,-1
1883497,1950885,5,2.7905531327562363,0.7142857142857143,36,0.8333333333333333,1.0,11,-1
1883530,1966331,7,3.366288428740915,0.7777777777777778,64,0.875,1.0,8,-1
1883530,1967060,7,3.366288428740915,0.7777777777777778,64,0.875,1.0,8,-1
1883530,1967068,7,3.366288428740915,0.7777777777777778,64,0.875,1.0,8,-1
1883530,1974651,7,3.366288428740915,0.7777777777777778,64,0.875,1.0,8,-1
1883530,1974661,7,3.366288428740915,0.7777777777777778,64,0.875,1.0,9,-1
1883530,1974666,7,3.366288428740915,0.7777777777777778,64,0.875,1.0,8,-1
1883530,1976791,7,3.366288428740915,0.7777777777777778,64,0.875,1.0,8,-1
1883530,1984390,7,3.366288428740915,0.7777777777777778,64,0.875,1.0,8,-1
1883758,1883781,5,2.7905531327562363,0.7142857142857143,36,0.8333333333333333,1.0,11,-1
1883758,1883786,5,2.7905531327562363,0.7142857142857143,36,0.8333333333333333,1.0,6,-1
1883758,1885198,5,2.7905531327562363,0.7142857142857143,36,0.8333333333333333,1.0,11,-1
1883758,1885255,5,2.7905531327562363,0.7142857142857143,36,0.8333333333333333,1.0,11,-1
1883758,1950885,5,2.7905531327562363,0.7142857142857143,36,0.8333333333333333,1.0,11,-1
1883781,1883786,5,2.7905531327562363,0.7142857142857143,36,0.8333333333333333,1.0,6,-1
1883781,1885198,5,2.7905531327562363,0.7142857142857143,36,0.8333333333333333,1.0,11,-1
1883781,1885255,5,2.7905531327562363,0.7142857142857143,36,0.8333333333333333,1.0,11,-1
1883781,1950885,5,2.7905531327562363,0.7142857142857143,36,0.8333333333333333,1.0,11,-1
1883786,1885198,5,2.7905531327562363,0.7142857142857143,36,0.8333333333333333,1.0,6,-1
1883786,1885255,5,2.7905531327562363,0.7142857142857143,36,0.8333333333333333,1.0,6,-1
1883786,1950885,5,2.7905531327562363,0.7142857142857143,36,0.8333333333333333,1.0,6,-1
1884169,1940307,2,1.8204784532536746,0.5,9,0.6666666666666666,1.0,3,-1
1884169,1947943,2,1.8204784532536746,0.5,9,0.6666666666666666,1.0,3,-1
1884286,1901835,5,2.6875621195184074,0.45454545454545453,60,0.7777777777777778,1.0,5,-1
1884286,1938136,5,2.666736988108241,0.5,54,0.7666666666666666,1.0,5,-1
1884286,1988458,1,0.45511961331341866,0.125,18,0.1111111111111111,0.5,2,-1
1884286,2017021,5,2.563745974870412,0.7142857142857143,36,0.711111111111111,1.0,5,-1
1884286,2018480,1,0.45511961331341866,0.125,18,0.1111111111111111,0.5,2,-1
1884286,2019882,5,2.563745974870412,0.7142857142857143,36,0.7111111111111111,1.0,5,-1
1884286,2024438,5,2.563745974870412,0.7142857142857143,36,0.7111111111111111,1.0,0,-1
1884286,2047146,1,0.45511961331341866,0.125,18,0.1111111111111111,0.5,2,-1
1884286,2047361,5,2.563745974870412,0.7142857142857143,36,0.7111111111111111,1.0,5,-1
1884389,1919966,8,3.640956906507349,0.8,81,0.8888888888888891,1.0,8,-1
1884389,1938387,8,3.640956906507349,0.8,81,0.8888888888888891,1.0,14,-1
1884389,1938397,8,3.640956906507349,0.8,81,0.8888888888888891,1.0,14,-1
1884389,1946968,8,3.640956906507349,0.8,81,0.8888888888888891,1.0,14,-1
1884389,1946982,8,3.640956906507349,0.8,81,0.8888888888888891,1.0,14,-1
1884389,1947186,8,3.640956906507349,0.8,81,0.8888888888888891,1.0,0,-1
1884389,1947194,8,3.640956906507349,0.8,81,0.8888888888888891,1.0,14,-1
1884389,1947202,8,3.640956906507349,0.8,81,0.8888888888888891,1.0,14,-1
1884389,1947208,8,3.640956906507349,0.8,81,0.8888888888888891,1.0,8,-1
1884847,1901688,0,0.0,0.0,1,0.0,1.0,2,-1
1885028,1885647,6,3.083390054218504,0.75,49,0.857142857142857,1.0,13,-1
1885028,1886071,6,3.083390054218504,0.75,49,0.857142857142857,1.0,13,-1
1885028,1983201,6,3.083390054218504,0.75,49,0.857142857142857,1.0,13,-1
1885028,1986030,6,3.083390054218504,0.75,49,0.857142857142857,1.0,13,-1
1885028,1986034,6,3.083390054218504,0.75,49,0.857142857142857,1.0,13,-1
1885028,2002759,6,3.083390054218504,0.75,49,0.857142857142857,1.0,13,-1
1885028,2003380,6,3.083390054218504,0.75,49,0.857142857142857,1.0,7,-1
1885198,1885255,5,2.7905531327562363,0.7142857142857143,36,0.8333333333333333,1.0,11,-1
1885198,1950885,5,2.7905531327562363,0.7142857142857143,36,0.8333333333333333,1.0,11,-1
1885255,1950885,5,2.7905531327562363,0.7142857142857143,36,0.8333333333333333,1.0,11,-1
1885537,1982878,2,1.8204784532536746,0.5,9,0.6666666666666666,1.0,3,-1
1885537,1982888,2,1.8204784532536746,0.5,9,0.6666666666666666,1.0,5,-1
1885537,2003139,2,1.8204784532536746,0.5,9,0.6666666666666666,1.0,5,-1
1885647,1886071,6,3.083390054218504,0.75,49,0.857142857142857,1.0,13,-1
1885647,1983201,6,3.083390054218504,0.75,49,0.857142857142857,1.0,13,-1
1885647,1986030,6,3.083390054218504,0.75,49,0.857142857142857,1.0,13,-1
1885647,1986034,6,3.083390054218504,0.75,49,0.857142857142857,1.0,13,-1
1885647,2002759,6,3.083390054218504,0.75,49,0.857142857142857,1.0,13,-1
1885647,2003380,6,3.083390054218504,0.75,49,0.857142857142857,1.0,7,-1
1885916,1966006,5,2.6113656878949403,0.7142857142857143,36,0.738095238095238,1.0,6,-1
1885916,1966013,5,2.6113656878949403,0.7142857142857143,36,0.738095238095238,1.0,6,-1
1885916,1966859,5,2.7905531327562363,0.3333333333333333,84,0.8333333333333333,1.0,6,-1
1885916,1966862,5,2.6113656878949403,0.7142857142857143,36,0.738095238095238,1.0,6,-1
1885916,1972590,5,2.6113656878949403,0.7142857142857143,36,0.738095238095238,1.0,6,-1
1885916,1988728,5,2.6113656878949403,0.7142857142857143,36,0.738095238095238,1.0,6,-1
1886071,1983201,6,3.083390054218504,0.75,49,0.857142857142857,1.0,13,-1
1886071,1986030,6,3.083390054218504,0.75,49,0.857142857142857,1.0,13,-1
1886071,1986034,6,3.083390054218504,0.75,49,0.857142857142857,1.0,13,-1
1886071,2002759,6,3.083390054218504,0.75,49,0.857142857142857,1.0,13,-1
1886071,2003380,6,3.083390054218504,0.75,49,0.857142857142857,1.0,7,-1
1886072,1950794,3,2.164042561333445,0.6,16,0.75,1.0,7,-1
1886072,1951690,3,2.164042561333445,0.6,16,0.75,1.0,7,-1
1886072,1952744,3,2.164042561333445,0.6,16,0.75,1.0,4,-1
1886072,1952752,3,2.164042561333445,0.6,16,0.75,1.0,7,-1
1886077,1886341,8,3.640956906507349,0.8,81,0.8888888888888891,1.0,9,-1
1886077,1894066,8,3.640956906507349,0.8,81,0.8888888888888891,1.0,14,-1
1886077,1902156,8,3.640956906507349,0.8,81,0.8888888888888891,1.0,14,-1
1886077,1943019,8,3.640956906507349,0.8,81,0.8888888888888891,1.0,14,-1
1886077,1987071,8,3.640956906507349,0.8,81,0.8888888888888891,1.0,9,-1
1886077,1987085,8,3.640956906507349,0.8,81,0.8888888888888891,1.0,14,-1
1886077,2001587,8,3.640956906507349,0.8,81,0.8888888888888891,1.0,14,-1
1886077,2001608,8,3.640956906507349,0.8,81,0.8888888888888891,1.0,9,-1
1886077,2004054,8,3.640956906507349,0.8,81,0.8888888888888891,1.0,9,-1
1886321,1926158,11,5.048890676376956,0.6875,180,1.2483877233877234,1.0,24,1
1886321,1939673,8,3.3990810673799006,0.5,135,0.7622766122766123,1.0,18,-1
1886321,1939677,8,3.3990810673799006,0.5,135,0.7622766122766123,1.0,18,1
1886321,1941104,8,3.3990810673799006,0.5,135,0.7622766122766123,1.0,18,1
1886321,1947878,14,7.523864295503232,0.875,225,2.1317210567210565,1.0,29,1
1886321,1948296,10,4.539401570791672,0.625,165,1.1074786324786325,1.0,21,1
1886321,1948751,8,3.3990810673799006,0.5,135,0.7622766122766123,1.0,18,1
1886321,1948759,12,5.682783970067133,0.75,195,1.4547979797979798,1.0,25,1
1886321,1948767,8,3.3990810673799006,0.5,135,0.7622766122766123,1.0,18,-1
1886321,1950354,2,1.2795085996956923,0.125,45,0.39999999999999997,1.0,6,1
1886321,2004715,2,1.2795085996956923,0.125,45,0.39999999999999997,1.0,6,-1
1886341,1894066,8,3.640956906507349,0.8,81,0.8888888888888891,1.0,9,-1
1886341,1902156,8,3.640956906507349,0.8,81,0.8888888888888891,1.0,9,1
1886341,1943019,8,3.640956906507349,0.8,81,0.8888888888888891,1.0,9,1
1886341,1987071,8,3.640956906507349,0.8,81,0.8888888888888891,1.0,9,-1
1886341,1987085,8,3.640956906507349,0.8,81,0.8888888888888891,1.0,9,-1
1886341,2001587,8,3.640956906507349,0.8,81,0.8888888888888891,1.0,9,-1
1886341,2001608,8,3.640956906507349,0.8,81,0.8888888888888891,1.0,9,-1
1886341,2004054,8,3.640956906507349,0.8,81,0.8888888888888891,1.0,9,-1
1886744,1917504,3,2.164042561333445,0.6,16,0.75,1.0,7,1
1886744,1982064,3,2.164042561333445,0.6,16,0.75,1.0,4,1
1886744,1984945,3,2.164042561333445,0.6,16,0.75,1.0,7,-1
1886744,1988759,3,2.164042561333445,0.6,16,0.75,1.0,7,1
1886861,1894733,2,1.8204784532536746,0.25,21,0.6666666666666666,1.0,4,-1
1886861,1939708,2,1.8204784532536746,0.25,21,0.6666666666666666,1.0,3,1
1886861,1947610,2,1.8204784532536746,0.25,21,0.6666666666666666,1.0,3,-1
1887304,1903905,3,2.164042561333445,0.42857142857142855,24,0.75,1.0,3,-1
1887304,1970533,3,2.0008056674402104,0.6,16,0.6666666666666666,1.0,5,-1
1887304,1989708,3,2.0008056674402104,0.6,16,0.6666666666666666,1.0,5,-1
1887304,1989716,3,2.0008056674402104,0.6,16,0.6666666666666666,1.0,0,-1
1887409,1896670,2,1.8204784532536746,0.5,9,0.6666666666666666,1.0,3,-1
1887409,1939126,2,1.8204784532536746,0.5,9,0.6666666666666666,1.0,4,-1
1887409,1947999,2,1.8204784532536746,0.5,9,0.6666666666666666,1.0,3,-1
1887676,2001163,2,1.8204784532536746,0.5,9,0.6666666666666666,1.0,3,-1
1887865,1889131,7,3.366288428740915,0.7777777777777778,64,0.875,1.0,12,-1
1887865,1904473,7,3.366288428740915,0.7777777777777778,64,0.875,1.0,12,-1
1887865,1904478,7,3.366288428740915,0.7777777777777778,64,0.875,1.0,12,-1
1887865,1904504,7,3.366288428740915,0.7777777777777778,64,0.875,1.0,12,-1
1887865,1941348,7,3.366288428740915,0.7777777777777778,64,0.875,1.0,12,-1
1887865,1941486,7,3.366288428740915,0.7777777777777778,64,0.875,1.0,0,-1
1887865,1941494,7,3.366288428740915,0.7777777777777778,64,0.875,1.0,12,-1
1887865,1948261,7,3.366288428740915,0.7777777777777778,64,0.875,1.0,0,-1
1888117,1912628,11,5.652881766067257,0.7857142857142857,156,1.571428571428571,1.0,18,1
1888117,1919948,6,2.9593629571000335,0.46153846153846156,84,0.7912087912087911,1.0,7,-1
1888117,1966854,6,2.9593629571000335,0.46153846153846156,84,0.7912087912087911,1.0,7,-1
1888117,1966857,6,2.9593629571000335,0.46153846153846156,84,0.7912087912087911,1.0,7,-1
1888117,1972567,6,2.9593629571000335,0.46153846153846156,84,0.7912087912087911,1.0,7,-1
1888117,1974202,6,2.9593629571000335,0.46153846153846156,84,0.7912087912087911,1.0,10,-1
1888117,1978957,6,2.9593629571000335,0.46153846153846156,84,0.7912087912087911,1.0,10,-1
1888604,1895351,6,3.083390054218504,0.75,49,0.857142857142857,1.0,7,-1
1888604,1903727,6,3.083390054218504,0.75,49,0.857142857142857,1.0,7,-1
1888604,1904093,6,3.083390054218504,0.75,49,0.857142857142857,1.0,7,-1
1888604,1905079,6,3.083390054218504,0.75,49,0.857142857142857,1.0,7,-1
1888604,1985327,6,3.083390054218504,0.75,49,0.857142857142857,1.0,7,-1
1888604,2000038,6,3.083390054218504,0.75,49,0.857142857142857,1.0,8,-1
1888604,2002691,6,3.083390054218504,0.75,49,0.857142857142857,1.0,7,-1
1888693,1896555,1,1.4426950408889634,0.3333333333333333,4,0.5,1.0,2,-1
1888693,2004833,1,1.4426950408889634,0.3333333333333333,4,0.5,1.0,3,-1
1888766,1917266,4,2.4853397382384474,0.6666666666666666,25,0.8,1.0,5,-1
1888766,1935346,4,2.4853397382384474,0.6666666666666666,25,0.8,1.0,6,-1
1888766,1967708,4,2.4853397382384474,0.6666666666666666,25,0.8,1.0,5,-1
1888766,1976390,4,2.4853397382384474,0.6666666666666666,25,0.8,1.0,5,-1
1888766,2004794,4,2.4853397382384474,0.6666666666666666,25,0.8,1.0,5,-1
1889120,1909456,4,2.4853397382384474,0.6666666666666666,25,0.8,1.0,4,-1
1889120,1941935,4,2.4853397382384474,0.6666666666666666,25,0.8,1.0,7,-1
1889120,1942807,4,2.4853397382384474,0.6666666666666666,25,0.8,1.0,0,-1
1889120,1983463,4,2.4853397382384474,0.6666666666666666,25,0.8,1.0,7,-1
1889120,1984505,4,2.4853397382384474,0.6666666666666666,25,0.8,1.0,7,-1
1889131,1904473,7,3.366288428740915,0.7777777777777778,64,0.875,1.0,12,-1
1889131,1904478,7,3.366288428740915,0.7777777777777778,64,0.875,1.0,12,-1
1889131,1904504,7,3.366288428740915,0.7777777777777778,64,0.875,1.0,12,-1
1889131,1941348,7,3.366288428740915,0.7777777777777778,64,0.875,1.0,12,-1
1889131,1941486,7,3.366288428740915,0.7777777777777778,64,0.875,1.0,0,-1
1889131,1941494,7,3.366288428740915,0.7777777777777778,64,0.875,1.0,12,-1
1889131,1948261,7,3.366288428740915,0.7777777777777778,64,0.875,1.0,0,-1
1889240,1974004,9,5.083651947396312,0.8181818181818182,100,1.388888888888889,1.0,19,1
1889240,2000142,1,0.43429448190325176,0.09090909090909091,20,0.1,1.0,4,-1
1889803,1982636,5,2.7905531327562363,0.7142857142857143,36,0.8333333333333333,1.0,6,-1
1889803,1982682,5,2.7905531327562363,0.7142857142857143,36,0.8333333333333333,1.0,6,-1
1889803,1982709,5,2.7905531327562363,0.7142857142857143,36,0.8333333333333333,1.0,6,-1
1889803,2000247,5,2.7905531327562363,0.7142857142857143,36,0.8333333333333333,1.0,6,-1
1889803,2002642,5,2.7905531327562363,0.7142857142857143,36,0.8333333333333333,1.0,6,-1
1889803,2002934,5,2.7905531327562363,0.7142857142857143,36,0.8333333333333333,1.0,6,-1
1890109,1890908,6,2.9224478357135144,0.75,49,0.7731092436974789,1.0,7,-1
1890109,1891444,6,3.083390054218504,0.3333333333333333,119,0.857142857142857,1.0,8,-1
1890109,1940396,6,2.9224478357135144,0.75,49,0.7731092436974789,1.0,7,-1
1890109,1940401,6,2.9224478357135144,0.75,49,0.7731092436974789,1.0,7,-1
1890109,1947200,6,2.9224478357135144,0.75,49,0.7731092436974789,1.0,7,-1
1890109,1947921,6,2.9224478357135144,0.75,49,0.7731092436974789,1.0,7,-1
1890109,1947926,6,2.9224478357135144,0.75,49,0.7731092436974789,1.0,7,-1
1890178,1974675,3,2.164042561333445,0.6,16,0.75,1.0,8,-1
1890178,1982985,3,2.164042561333445,0.6,16,0.75,1.0,8,-1
1890178,1982989,3,2.164042561333445,0.6,16,0.75,1.0,8,-1
1890908,1891444,6,3.083390054218504,0.3333333333333333,119,0.857142857142857,1.0,7,-1
1890908,1940396,6,2.9224478357135144,0.75,49,0.7731092436974789,1.0,11,-1
1890908,1940401,6,2.9224478357135144,0.75,49,0.7731092436974789,1.0,11,-1
1890908,1947200,6,2.9224478357135144,0.75,49,0.7731092436974789,1.0,11,-1
1890908,1947921,6,2.9224478357135144,0.75,49,0.7731092436974789,1.0,11,-1
1890908,1947926,6,2.9224478357135144,0.75,49,0.7731092436974789,1.0,7,-1
1891351,1891371,6,3.083390054218504,0.75,49,0.857142857142857,1.0,4,-1
1891351,1892596,6,3.083390054218504,0.75,49,0.857142857142857,1.0,0,-1
1891351,1907673,6,3.083390054218504,0.75,49,0.857142857142857,1.0,0,-1
1891351,1907895,6,3.083390054218504,0.75,49,0.857142857142857,1.0,0,-1
1891351,1907909,6,3.083390054218504,0.75,49,0.857142857142857,1.0,0,-1
1891351,1947016,6,3.083390054218504,0.75,49,0.857142857142857,1.0,4,-1
1891371,1892596,6,3.083390054218504,0.75,49,0.857142857142857,1.0,0,-1
1891371,1907673,6,3.083390054218504,0.75,49,0.857142857142857,1.0,0,-1
1891371,1907895,6,3.083390054218504,0.75,49,0.857142857142857,1.0,0,-1
1891371,1907909,6,3.083390054218504,0.75,49,0.857142857142857,1.0,0,-1
1891371,1947016,6,3.083390054218504,0.75,49,0.857142857142857,1.0,4,-1
1891444,1940396,6,3.083390054218504,0.3333333333333333,119,0.857142857142857,1.0,7,-1
1891444,1940401,6,3.083390054218504,0.3333333333333333,119,0.857142857142857,1.0,7,-1
1891444,1947200,6,3.083390054218504,0.3333333333333333,119,0.857142857142857,1.0,7,-1
1891444,1947921,6,3.083390054218504,0.3333333333333333,119,0.857142857142857,1.0,7,-1
1891444,1947926,6,3.083390054218504,0.3333333333333333,119,0.857142857142857,1.0,7,-1
1891604,1891631,4,2.203628075573944,0.6666666666666666,25,0.6526315789473685,1.0,7,-1
1891604,1891675,4,2.203628075573944,0.6666666666666666,25,0.6526315789473685,1.0,5,-1
1891604,1900158,4,2.203628075573944,0.6666666666666666,25,0.6526315789473685,1.0,7,-1
1891604,1909641,4,2.4853397382384474,0.2,95,0.8,1.0,5,-1
1891604,2000670,4,2.203628075573944,0.6666666666666666,25,0.6526315789473685,1.0,5,-1
1891631,1891675,4,2.203628075573944,0.6666666666666666,25,0.6526315789473685,1.0,5,-1
1891631,1900158,4,2.203628075573944,0.6666666666666666,25,0.6526315789473685,1.0,7,1
1891631,1909641,4,2.4853397382384474,0.2,95,0.8,1.0,5,1
1891631,2000670,4,2.203628075573944,0.6666666666666666,25,0.6526315789473685,1.0,5,-1
1891675,1900158,4,2.203628075573944,0.6666666666666666,25,0.6526315789473685,1.0,5,-1
1891675,1909641,4,2.4853397382384474,0.2,95,0.8,1.0,5,-1
1891675,2000670,4,2.203628075573944,0.6666666666666666,25,0.6526315789473685,1.0,6,-1
1891680,1907911,8,3.640956906507349,0.8,81,0.8888888888888891,1.0,11,-1
1891680,1922640,8,3.640956906507349,0.8,81,0.8888888888888891,1.0,0,-1
1891680,1926742,8,3.640956906507349,0.8,81,0.8888888888888891,1.0,11,-1
1891680,1931864,8,3.640956906507349,0.8,81,0.8888888888888891,1.0,6,-1
1891680,1932009,8,3.640956906507349,0.8,81,0.8888888888888891,1.0,11,-1
1891680,1975663,8,3.640956906507349,0.8,81,0.8888888888888891,1.0,0,-1
1891680,1984223,8,3.640956906507349,0.8,81,0.8888888888888891,1.0,11,-1
1891680,1984483,8,3.640956906507349,0.8,81,0.8888888888888891,1.0,0,-1
1891680,1989782,8,3.640956906507349,0.8,81,0.8888888888888891,1.0,11,-1
1892122,1900639,5,2.7905531327562363,0.7142857142857143,36,0.8333333333333333,1.0,9,-1
1892122,1908336,5,2.7905531327562363,0.7142857142857143,36,0.8333333333333333,1.0,6,-1
1892122,1939743,5,2.7905531327562363,0.7142857142857143,36,0.8333333333333333,1.0,9,-1
1892195,1899417,8,3.3496585251892865,0.8,81,0.7404331779331779,1.0,8,-1
1892195,1938870,2,0.6841892133709133,0.13333333333333333,72,0.10795454545454546,0.5,3,-1
1892195,1938889,2,0.6841892133709133,0.13333333333333333,72,0.10795454545454546,0.5,0,-1
1892195,1939871,8,3.444104378280464,0.47058823529411764,144,0.789044289044289,1.0,8,-1
1892195,1940238,8,3.4812626853540327,0.34782608695652173,198,0.8060897435897436,1.0,8,-1
1892195,1947502,2,0.6841892133709133,0.13333333333333333,72,0.10795454545454546,0.5,0,-1
1892195,1966625,8,3.414906893251425,0.5714285714285714,117,0.7746212121212122,1.0,8,-1
1892195,1984685,8,3.3496585251892865,0.8,81,0.7404331779331779,1.0,8,-1
1892195,1987461,8,3.3496585251892865,0.8,81,0.7404331779331779,1.0,10,-1
1892195,2004398,8,3.3496585251892865,0.8,81,0.7404331779331779,1.0,8,-1
1892195,2004403,8,3.3496585251892865,0.8,81,0.7404331779331779,1.0,0,-1
1892195,2004411,8,3.3496585251892865,0.8,81,0.7404331779331779,1.0,10,-1
1892212,1899385,5,2.7905531327562363,0.45454545454545453,60,0.8333333333333333,1.0,6,-1
1892212,1985801,5,2.7905531327562363,0.45454545454545453,60,0.8333333333333333,1.0,6,-1
1892212,1985817,5,2.7905531327562363,0.45454545454545453,60,0.8333333333333333,1.0,6,-1
1892212,1985822,5,2.7905531327562363,0.45454545454545453,60,0.8333333333333333,1.0,6,-1
1892212,2000491,5,2.7905531327562363,0.45454545454545453,60,0.8333333333333333,1.0,6,-1
1892212,2002869,5,2.7905531327562363,0.45454545454545453,60,0.8333333333333333,1.0,6,-1
1892224,1985282,6,3.083390054218504,0.75,49,0.857142857142857,1.0,11,-1
1892224,2002694,6,3.083390054218504,0.75,49,0.857142857142857,1.0,11,-1
1892224,2005124,6,3.083390054218504,0.75,49,0.857142857142857,1.0,7,-1
1892224,2005551,6,3.083390054218504,0.75,49,0.857142857142857,1.0,7,-1
1892224,2037626,6,3.083390054218504,0.75,49,0.857142857142857,1.0,11,-1
1892224,2037647,6,3.083390054218504,0.75,49,0.857142857142857,1.0,7,-1
1892224,2037659,6,3.083390054218504,0.75,49,0.857142857142857,1.0,11,-1
1892596,1907673,6,3.083390054218504,0.75,49,0.857142857142857,1.0,7,-1
1892596,1907895,6,3.083390054218504,0.75,49,0.857142857142857,1.0,7,-1
1892596,1907909,6,3.083390054218504,0.75,49,0.857142857142857,1.0,7,-1
1892596,1947016,6,3.083390054218504,0.75,49,0.857142857142857,1.0,0,-1
1892646,1900738,6,3.083390054218504,0.75,49,0.857142857142857,1.0,7,-1
1892646,1911313,6,3.083390054218504,0.75,49,0.857142857142857,1.0,7,-1
1892646,1911334,6,3.083390054218504,0.75,49,0.857142857142857,1.0,8,-1
1892646,1916693,6,3.083390054218504,0.75,49,0.857142857142857,1.0,7,-1
1892646,1949231,6,3.083390054218504,0.75,49,0.857142857142857,1.0,7,-1
1892646,1950098,6,3.083390054218504,0.75,49,0.857142857142857,1.0,7,-1
1892646,1950654,6,3.083390054218504,0.75,49,0.857142857142857,1.0,7,-1
1892859,1940070,5,2.7905531327562363,0.7142857142857143,36,0.8333333333333333,1.0,10,-1
1892859,1941302,5,2.7905531327562363,0.7142857142857143,36,0.8333333333333333,1.0,10,-1
1892859,1941397,5,2.7905531327562363,0.7142857142857143,36,0.8333333333333333,1.0,10,-1
1892859,1941416,5,2.7905531327562363,0.7142857142857143,36,0.8333333333333333,1.0,10,-1
1892872,1892897,4,2.4853397382384474,0.6666666666666666,25,0.8,1.0,7,-1
1892872,1957285,4,2.4853397382384474,0.6666666666666666,25,0.8,1.0,5,-1
1892872,1970270,4,2.4853397382384474,0.6666666666666666,25,0.8,1.0,5,-1
1892872,1972599,4,2.4853397382384474,0.6666666666666666,25,0.8,1.0,5,-1
1892872,1984136,4,2.4853397382384474,0.6666666666666666,25,0.8,1.0,7,-1
1892887,2003323,0,0.0,0.0,1,0.0,1.0,2,-1
1892897,1957285,4,2.4853397382384474,0.6666666666666666,25,0.8,1.0,5,-1
1892897,1970270,4,2.4853397382384474,0.6666666666666666,25,0.8,1.0,5,-1
1892897,1972599,4,2.4853397382384474,0.6666666666666666,25,0.8,1.0,5,-1
1892897,1984136,4,2.4853397382384474,0.6666666666666666,25,0.8,1.0,7,-1
1893308,1911107,9,3.703236526694522,0.6,140,0.7954887218045111,1.0,15,-1
1893308,1911132,9,3.703236526694522,0.6,140,0.7954887218045111,1.0,15,-1
1893308,1949635,1,0.3396232718951086,0.07142857142857142,50,0.05263157894736842,0.5,2,-1
1893308,1949657,1,0.3396232718951086,0.07142857142857142,50,0.05263157894736842,0.5,2,-1
1893308,1949686,1,0.3396232718951086,0.07142857142857142,50,0.05263157894736842,0.5,2,-1
1893308,1949987,9,3.742536436489365,0.45,190,0.8142857142857142,1.0,10,-1
1893308,1950050,1,0.3396232718951086,0.07142857142857142,50,0.05263157894736842,0.5,2,-1
1893308,1971607,9,3.6478652264812217,0.8181818181818182,100,0.7669172932330826,1.0,10,-1
1893308,1975637,9,3.6478652264812217,0.8181818181818182,100,0.7669172932330826,1.0,10,-1
1893308,1976777,9,3.6478652264812217,0.8181818181818182,100,0.7669172932330826,1.0,15,-1
1893308,1976784,9,3.6478652264812217,0.8181818181818182,100,0.7669172932330826,1.0,10,-1
1893308,1977911,9,3.6478652264812217,0.8181818181818182,100,0.7669172932330826,1.0,15,-1
1893308,1980578,9,3.703236526694522,0.6,140,0.7954887218045111,1.0,15,-1
1893308,1994651,9,3.6478652264812217,0.8181818181818182,100,0.7669172932330826,1.0,10,-1
1893610,1929899,12,4.394685917625445,0.5,299,0.7892976588628762,1.0,26,-1
1893610,1934245,12,4.394685917625445,0.5,299,0.7892976588628762,1.0,26,-1
1893610,2016969,12,4.394685917625445,0.5,299,0.7892976588628762,1.0,26,-1
1893610,2019842,12,4.394685917625445,0.5,299,0.7892976588628762,1.0,26,-1
1893610,2024394,12,4.394685917625445,0.5,299,0.7892976588628762,1.0,26,-1
1893610,2024398,12,4.394685917625445,0.5,299,0.7892976588628762,1.0,26,-1
1893610,2045212,12,4.394685917625445,0.5,299,0.7892976588628762,1.0,26,-1
1893610,2046316,22,8.254859990872436,0.9166666666666666,529,1.5370281892021016,1.0,46,1
1893610,2047275,22,8.254859990872436,0.9166666666666666,529,1.5370281892021016,1.0,46,1
1894015,1894040,15,5.4101064033336135,0.8823529411764706,256,0.9375,1.0,28,-1
1894015,1911215,15,5.4101064033336135,0.8823529411764706,256,0.9375,1.0,28,-1
1894015,1912316,15,5.4101064033336135,0.8823529411764706,256,0.9375,1.0,28,-1
1894015,1912338,15,5.4101064033336135,0.8823529411764706,256,0.9375,1.0,16,-1
1894015,1913602,15,5.4101064033336135,0.8823529411764706,256,0.9375,1.0,28,1
1894015,1920080,15,5.4101064033336135,0.8823529411764706,256,0.9375,1.0,16,1
1894015,1921741,15,5.4101064033336135,0.8823529411764706,256,0.9375,1.0,28,1
1894015,1921749,15,5.4101064033336135,0.8823529411764706,256,0.9375,1.0,16,-1
1894015,1925199,15,5.4101064033336135,0.8823529411764706,256,0.9375,1.0,28,-1
1894015,1930082,15,5.4101064033336135,0.8823529411764706,256,0.9375,1.0,28,-1
1894015,1930157,15,5.4101064033336135,0.8823529411764706,256,0.9375,1.0,28,1
1894015,1952734,15,5.4101064033336135,0.8823529411764706,256,0.9375,1.0,28,1
1894015,1953153,15,5.4101064033336135,0.8823529411764706,256,0.9375,1.0,28,1
1894015,1967777,15,5.4101064033336135,0.8823529411764706,256,0.9375,1.0,28,1
1894015,1971418,15,5.4101064033336135,0.8823529411764706,256,0.9375,1.0,16,-1
1894015,1971421,15,5.4101064033336135,0.8823529411764706,256,0.9375,1.0,28,-1
1894040,1911215,15,5.4101064033336135,0.8823529411764706,256,0.9375,1.0,28,-1
1894040,1912316,15,5.4101064033336135,0.8823529411764706,256,0.9375,1.0,28,-1
1894040,1912338,15,5.4101064033336135,0.8823529411764706,256,0.9375,1.0,16,-1
1894040,1913602,15,5.4101064033336135,0.8823529411764706,256,0.9375,1.0,28,-1
1894040,1920080,15,5.4101064033336135,0.8823529411764706,256,0.9375,1.0,16,-1
1894040,1921741,15,5.4101064033336135,0.8823529411764706,256,0.9375,1.0,28,-1
1894040,1921749,15,5.4101064033336135,0.8823529411764706,256,0.9375,1.0,16,-1
1894040,1925199,15,5.4101064033336135,0.8823529411764706,256,0.9375,1.0,28,-1
1894040,1930082,15,5.4101064033336135,0.8823529411764706,256,0.9375,1.0,28,-1
1894040,1930157,15,5.4101064033336135,0.8823529411764706,256,0.9375,1.0,28,-1
1894040,1952734,15,5.4101064033336135,0.8823529411764706,256,0.9375,1.0,28,-1
1894040,1953153,15,5.4101064033336135,0.8823529411764706,256,0.9375,1.0,28,-1
1894040,1967777,15,5.4101064033336135,0.8823529411764706,256,0.9375,1.0,28,-1
1894040,1971418,15,5.4101064033336135,0.8823529411764706,256,0.9375,1.0,16,-1
1894040,1971421,15,5.4101064033336135,0.8823529411764706,256,0.9375,1.0,28,-1
1894066,1902156,8,3.640956906507349,0.8,81,0.8888888888888891,1.0,14,-1
1894066,1943019,8,3.640956906507349,0.8,81,0.8888888888888891,1.0,14,-1
1894066,1987071,8,3.640956906507349,0.8,81,0.8888888888888891,1.0,9,-1
1894066,1987085,8,3.640956906507349,0.8,81,0.8888888888888891,1.0,14,-1
1894066,2001587,8,3.640956906507349,0.8,81,0.8888888888888891,1.0,14,-1
1894066,2001608,8,3.640956906507349,0.8,81,0.8888888888888891,1.0,9,-1
1894066,2004054,8,3.640956906507349,0.8,81,0.8888888888888891,1.0,9,-1
1894319,1918711,9,3.9086503371292665,0.8181818181818182,100,0.8999999999999999,1.0,19,-1
1894319,1920919,9,3.9086503371292665,0.8181818181818182,100,0.8999999999999999,1.0,19,-1
1894319,1920951,9,3.9086503371292665,0.8181818181818182,100,0.8999999999999999,1.0,19,-1
1894319,1939458,9,3.9086503371292665,0.8181818181818182,100,0.8999999999999999,1.0,19,-1
1894319,1939730,9,3.9086503371292665,0.8181818181818182,100,0.8999999999999999,1.0,19,-1
1894319,1939953,9,3.9086503371292665,0.8181818181818182,100,0.8999999999999999,1.0,19,-1
1894319,1946555,9,3.9086503371292665,0.8181818181818182,100,0.8999999999999999,1.0,19,-1
1894319,1946565,9,3.9086503371292665,0.8181818181818182,100,0.8999999999999999,1.0,10,-1
1894319,1946587,9,3.9086503371292665,0.8181818181818182,100,0.8999999999999999,1.0,19,-1
1894319,1947339,9,3.9086503371292665,0.8181818181818182,100,0.8999999999999999,1.0,19,-1
1894543,1894554,1,1.4426950408889634,0.1111111111111111,16,0.5,1.0,2,1
1894543,2016845,1,0.48089834696298783,0.14285714285714285,12,0.125,0.5,2,-1
1894543,2019839,1,0.48089834696298783,0.14285714285714285,12,0.125,0.5,4,-1
1894543,2020874,1,0.48089834696298783,0.3333333333333333,4,0.125,1.0,0,-1
1894543,2045176,1,0.48089834696298783,0.14285714285714285,12,0.125,0.5,2,-1
1894543,2045178,1,0.48089834696298783,0.14285714285714285,12,0.125,0.5,4,-1
1894543,2045180,1,0.48089834696298783,0.14285714285714285,12,0.125,0.5,4,1
1894543,2045185,1,0.48089834696298783,0.14285714285714285,12,0.125,0.5,4,-1
1894554,2016845,5,2.7905531327562363,0.5555555555555556,48,0.8333333333333333,1.0,6,-1
1894554,2019839,5,2.7905531327562363,0.5555555555555556,48,0.8333333333333333,1.0,10,-1
1894554,2020874,1,1.4426950408889634,0.1111111111111111,16,0.5,1.0,0,-1
1894554,2045176,5,2.7905531327562363,0.5555555555555556,48,0.8333333333333333,1.0,6,-1
1894554,2045178,5,2.7905531327562363,0.5555555555555556,48,0.8333333333333333,1.0,10,-1
1894554,2045180,5,2.7905531327562363,0.5555555555555556,48,0.8333333333333333,1.0,10,1
1894554,2045185,5,2.7905531327562363,0.5555555555555556,48,0.8333333333333333,1.0,10,-1
1894733,1939708,2,1.424137568996588,0.5,9,0.47619047619047616,1.0,3,-1
1894733,1947610,2,1.424137568996588,0.5,9,0.47619047619047616,1.0,3,-1
1895193,1938425,3,2.164042561333445,0.6,16,0.75,1.0,3,-1
1895193,1947226,3,2.164042561333445,0.6,16,0.75,1.0,3,-1
1895351,1903727,6,3.083390054218504,0.75,49,0.857142857142857,1.0,7,-1
1895351,1904093,6,3.083390054218504,0.75,49,0.857142857142857,1.0,8,-1
1895351,1905079,6,3.083390054218504,0.75,49,0.857142857142857,1.0,7,-1
1895351,1985327,6,3.083390054218504,0.75,49,0.857142857142857,1.0,7,-1
1895351,2000038,6,3.083390054218504,0.75,49,0.857142857142857,1.0,7,-1
1895351,2002691,6,3.083390054218504,0.75,49,0.857142857142857,1.0,7,-1
1895455,1911113,7,4.208907954320659,0.7777777777777778,64,1.325,1.0,14,1
1895455,1940202,4,2.2044665630451994,0.4444444444444444,40,0.65,1.0,9,-1
1895455,1947322,4,2.2044665630451994,0.4444444444444444,40,0.65,1.0,9,-1
1895455,1947670,7,4.208907954320659,0.7777777777777778,64,1.325,1.0,14,1
1895455,1947675,4,2.2044665630451994,0.4444444444444444,40,0.65,1.0,5,-1
1895880,1937163,8,3.640956906507349,0.8,81,0.8888888888888891,1.0,9,-1
1895880,1958142,8,3.640956906507349,0.8,81,0.8888888888888891,1.0,9,1
1895880,1958474,8,3.640956906507349,0.8,81,0.8888888888888891,1.0,9,1
1895880,1964289,8,3.640956906507349,0.8,81,0.8888888888888891,1.0,9,1
1895880,1976191,8,3.640956906507349,0.8,81,0.8888888888888891,1.0,9,1
1895880,1985488,8,3.640956906507349,0.8,81,0.8888888888888891,1.0,9,-1
1895880,1985882,8,3.640956906507349,0.8,81,0.8888888888888891,1.0,9,1
1895880,2002558,8,3.640956906507349,0.8,81,0.8888888888888891,1.0,9,-1
1896555,2004833,1,1.4426950408889634,0.3333333333333333,4,0.5,1.0,2,-1
1896588,1985514,0,0.0,0.0,1,0.0,1.0,2,-1
1896670,1939126,2,1.8204784532536746,0.5,9,0.6666666666666666,1.0,3,-1
1896670,1947999,2,1.8204784532536746,0.5,9,0.6666666666666666,1.0,4,-1
1896783,1948025,6,2.9593629571000335,0.75,49,0.7912087912087911,1.0,14,-1
1896783,1986068,6,2.9593629571000335,0.75,49,0.7912087912087911,1.0,14,-1
1896783,1986089,6,2.9593629571000335,0.75,49,0.7912087912087911,1.0,14,-1
1896783,2000656,6,2.9593629571000335,0.75,49,0.7912087912087911,1.0,14,-1
1896783,2003106,6,2.9593629571000335,0.75,49,0.7912087912087911,1.0,14,-1
1896783,2003432,6,2.9593629571000335,0.75,49,0.7912087912087911,1.0,14,-1
1897445,1971841,8,3.5196454938892643,0.8,81,0.827777777777778,1.0,15,-1
1897445,1975862,8,3.5196454938892643,0.8,81,0.827777777777778,1.0,9,-1
1897445,1975871,8,3.5196454938892643,0.8,81,0.827777777777778,1.0,9,-1
1897445,1975880,8,3.5196454938892643,0.8,81,0.827777777777778,1.0,15,-1
1897445,1975889,8,3.5196454938892643,0.8,81,0.827777777777778,1.0,15,-1
1897445,1978170,8,3.640956906507349,0.38095238095238093,180,0.8888888888888891,1.0,9,-1
1897445,1979564,8,3.5196454938892643,0.8,81,0.827777777777778,1.0,15,-1
1897445,1979568,8,3.5196454938892643,0.8,81,0.827777777777778,1.0,15,-1
1897445,1994933,8,3.5196454938892643,0.8,81,0.827777777777778,1.0,15,-1
1897457,1915533,13,5.154656620375136,0.65,266,1.0454545454545454,1.0,14,1
1897457,1965286,13,5.154656620375136,0.65,266,1.0454545454545454,1.0,23,1
1897457,1971744,13,5.154656620375136,0.65,266,1.0454545454545454,1.0,23,1
1897457,1982894,13,5.154656620375136,0.65,266,1.0454545454545454,1.0,14,1
1897457,1982899,13,5.154656620375137,0.65,266,1.0454545454545454,1.0,23,1
1897457,1982903,13,5.154656620375137,0.65,266,1.0454545454545454,1.0,23,1
1897457,1984851,10,3.8654502363681025,0.5,209,0.7532467532467532,1.0,19,-1
1897457,1988345,13,5.154656620375137,0.65,266,1.0454545454545454,1.0,23,1
1897457,1988359,13,5.154656620375136,0.65,266,1.0454545454545454,1.0,23,1
1897457,2002231,10,3.865450236368102,0.5,209,0.7532467532467532,1.0,19,-1
1897457,2037225,10,3.8654502363681025,0.5,209,0.7532467532467532,1.0,11,-1
1897854,1935210,2,1.8204784532536746,0.5,9,0.6666666666666666,1.0,6,1
1897854,1975935,2,1.8204784532536746,0.5,9,0.6666666666666666,1.0,6,-1
1897854,1984694,2,1.8204784532536746,0.5,9,0.6666666666666666,1.0,6,-1
1898824,1906476,5,2.7905531327562363,0.7142857142857143,36,0.8333333333333333,1.0,12,-1
1898824,1941033,5,2.7905531327562363,0.7142857142857143,36,0.8333333333333333,1.0,12,-1
1898824,1941042,5,2.7905531327562363,0.7142857142857143,36,0.8333333333333333,1.0,12,-1
1898824,1949857,5,2.7905531327562363,0.7142857142857143,36,0.8333333333333333,1.0,12,-1
1898824,1950099,5,2.7905531327562363,0.7142857142857143,36,0.8333333333333333,1.0,12,-1
1898824,1950467,5,2.7905531327562363,0.7142857142857143,36,0.8333333333333333,1.0,12,-1
1898926,1909198,10,4.081750261571267,0.8333333333333334,121,0.865800865800866,1.0,16,-1
1898926,1918381,10,4.081750261571267,0.8333333333333334,121,0.865800865800866,1.0,11,-1
1898926,1966370,1,0.3284587387530511,0.05,110,0.047619047619047616,0.5,2,-1
1898926,1967113,1,0.3284587387530511,0.05,110,0.047619047619047616,0.5,2,-1
1898926,1972900,1,0.3284587387530511,0.05,110,0.047619047619047616,0.5,2,-1
1898926,1972904,1,0.3284587387530511,0.05,110,0.047619047619047616,0.5,2,-1
1898926,1974709,10,4.170323914242463,0.45454545454545453,231,0.9090909090909093,1.0,16,-1
1898926,1974724,1,0.3284587387530511,0.05,110,0.047619047619047616,0.5,2,-1
1898926,1974728,1,0.3284587387530511,0.05,110,0.047619047619047616,0.5,2,-1
1898926,1984462,1,0.3284587387530511,0.05,110,0.047619047619047616,0.5,2,-1
1898926,1984466,1,0.3284587387530511,0.05,110,0.047619047619047616,0.5,2,-1
1898926,1984479,1,0.3284587387530511,0.05,110,0.047619047619047616,0.5,2,-1
1898926,1985079,10,4.081750261571267,0.8333333333333334,121,0.8658008658008659,1.0,11,-1
1898926,1985087,10,4.081750261571267,0.8333333333333334,121,0.8658008658008659,1.0,11,-1
1898926,1986562,10,4.081750261571267,0.8333333333333334,121,0.865800865800866,1.0,16,-1
1898926,1994665,1,0.3284587387530511,0.05,110,0.047619047619047616,0.5,2,-1
1898926,2004869,10,4.081750261571267,0.8333333333333334,121,0.865800865800866,1.0,11,-1
1898926,2005331,10,4.081750261571267,0.8333333333333334,121,0.865800865800866,1.0,16,-1
1898988,1952385,1,1.4426950408889634,0.3333333333333333,4,0.5,1.0,2,-1
1898988,1952776,1,1.4426950408889634,0.3333333333333333,4,0.5,1.0,2,-1
1899385,1985801,5,2.666736988108241,0.7142857142857143,36,0.7666666666666666,1.0,6,-1
1899385,1985817,5,2.666736988108241,0.7142857142857143,36,0.7666666666666666,1.0,6,1
1899385,1985822,5,2.666736988108241,0.7142857142857143,36,0.7666666666666666,1.0,9,-1
1899385,2000491,5,2.666736988108241,0.7142857142857143,36,0.7666666666666666,1.0,9,-1
1899385,2002869,5,2.666736988108241,0.7142857142857143,36,0.7666666666666666,1.0,9,-1
1899417,1938870,2,0.6841892133709133,0.13333333333333333,72,0.10795454545454546,0.5,3,-1
1899417,1938889,2,0.6841892133709133,0.13333333333333333,72,0.10795454545454546,0.5,0,-1
1899417,1939871,8,3.444104378280464,0.47058823529411764,144,0.789044289044289,1.0,10,-1
1899417,1940238,8,3.4812626853540327,0.34782608695652173,198,0.8060897435897436,1.0,8,-1
1899417,1947502,2,0.6841892133709133,0.13333333333333333,72,0.10795454545454546,0.5,0,-1
1899417,1966625,8,3.414906893251425,0.5714285714285714,117,0.7746212121212122,1.0,8,-1
1899417,1984685,8,3.3496585251892865,0.8,81,0.7404331779331779,1.0,10,-1
1899417,1987461,8,3.3496585251892865,0.8,81,0.7404331779331779,1.0,8,-1
1899417,2004398,8,3.3496585251892865,0.8,81,0.7404331779331779,1.0,8,-1
1899417,2004403,8,3.3496585251892865,0.8,81,0.7404331779331779,1.0,0,-1
1899417,2004411,8,3.3496585251892865,0.8,81,0.7404331779331779,1.0,8,-1
1899818,1940044,8,3.232302948712719,0.8,81,0.6797385620915033,1.0,9,-1
1899818,1942017,4,1.4118244954590446,0.25,99,0.23529411764705882,0.5,5,-1
1899818,1947160,8,3.232302948712719,0.8,81,0.6797385620915033,1.0,9,-1
1899818,1947575,8,3.232302948712719,0.8,81,0.6797385620915033,1.0,9,-1
1899818,1947606,8,3.3344664381613764,0.4444444444444444,153,0.7320261437908497,1.0,9,-1
1899818,1947609,8,3.3344664381613764,0.4444444444444444,153,0.7320261437908497,1.0,9,-1
1899818,1947762,8,3.232302948712719,0.8,81,0.6797385620915033,1.0,9,-1
1899818,1947931,8,3.232302948712719,0.8,81,0.6797385620915033,1.0,9,-1
1899818,1949718,4,1.4118244954590446,0.36363636363636365,54,0.23529411764705882,0.5,5,-1
1900158,1909641,4,2.4853397382384474,0.2,95,0.8,1.0,5,1
1900158,2000670,4,2.203628075573944,0.6666666666666666,25,0.6526315789473685,1.0,5,-1
1900320,1905372,7,3.366288428740915,0.5,104,0.875,1.0,7,-1
1900320,1915309,7,3.366288428740915,0.5,104,0.875,1.0,7,-1
1900320,1939969,7,3.366288428740915,0.5,104,0.875,1.0,0,-1
1900320,1946613,7,3.366288428740915,0.5,104,0.875,1.0,12,-1
1900320,1946714,4,2.4853397382384474,0.2857142857142857,65,0.8,1.0,9,-1
1900320,1946722,4,2.4853397382384474,0.2857142857142857,65,0.8,1.0,5,-1
1900320,1947086,7,3.366288428740915,0.5,104,0.875,1.0,12,-1
1900320,1947166,4,2.4853397382384474,0.2857142857142857,65,0.8,1.0,9,-1
1900320,1947212,4,2.4853397382384474,0.2857142857142857,65,0.8,1.0,9,-1
1900320,1947388,7,3.366288428740915,0.5,104,0.875,1.0,12,-1
1900320,1947409,7,3.366288428740915,0.5,104,0.875,1.0,12,-1
1900320,1947422,7,3.366288428740915,0.5,104,0.875,1.0,12,-1
1900320,1947489,4,2.4853397382384474,0.2857142857142857,65,0.8,1.0,9,-1
1900351,1970281,4,2.4853397382384474,0.6666666666666666,25,0.8,1.0,5,-1
1900351,1972618,4,2.4853397382384474,0.6666666666666666,25,0.8,1.0,5,-1
1900351,1974196,4,2.4853397382384474,0.6666666666666666,25,0.8,1.0,5,-1
1900351,1977604,4,2.4853397382384474,0.6666666666666666,25,0.8,1.0,5,-1
1900351,1989331,4,2.4853397382384474,0.6666666666666666,25,0.8,1.0,5,-1
1900425,1922982,12,4.496767322508325,0.8571428571428571,169,0.8353334644894748,1.0,13,-1
1900425,1932213,12,4.496767322508324,0.8571428571428571,169,0.8353334644894748,1.0,13,-1
1900425,1977315,12,4.567709578855804,0.5,299,0.8687782805429864,1.0,13,-1
1900425,1979104,12,4.496767322508325,0.8571428571428571,169,0.8353334644894748,1.0,13,-1
1900425,1983705,12,4.496767322508324,0.8571428571428571,169,0.8353334644894748,1.0,13,-1
1900425,1986510,12,4.496767322508325,0.8571428571428571,169,0.8353334644894748,1.0,13,-1
1900425,1986513,12,4.496767322508325,0.8571428571428571,169,0.8353334644894748,1.0,13,-1
1900425,2003484,12,4.496767322508324,0.8571428571428571,169,0.8353334644894748,1.0,13,-1
1900639,1908336,5,2.7905531327562363,0.7142857142857143,36,0.8333333333333333,1.0,6,-1
1900639,1939743,5,2.7905531327562363,0.7142857142857143,36,0.8333333333333333,1.0,9,-1
1900738,1911313,6,3.083390054218504,0.75,49,0.857142857142857,1.0,12,-1
1900738,1911334,6,3.083390054218504,0.75,49,0.857142857142857,1.0,7,-1
1900738,1916693,6,3.083390054218504,0.75,49,0.857142857142857,1.0,12,-1
1900738,1949231,6,3.083390054218504,0.75,49,0.857142857142857,1.0,12,-1
1900738,1950098,6,3.083390054218504,0.75,49,0.857142857142857,1.0,12,-1
1900738,1950654,6,3.083390054218504,0.75,49,0.857142857142857,1.0,12,-1
1901803,1901812,9,3.8350296154482555,0.5294117647058824,160,0.8624999999999999,1.0,10,-1
1901803,1968900,9,3.8350296154482555,0.5294117647058824,160,0.8624999999999999,1.0,10,-1
1901803,1973020,9,3.7614088937672445,0.8181818181818182,100,0.825,1.0,10,-1
1901803,1973028,9,3.7614088937672445,0.8181818181818182,100,0.825,1.0,10,-1
1901803,1973040,9,3.7614088937672445,0.8181818181818182,100,0.825,1.0,10,-1
1901803,1976893,9,3.7614088937672445,0.8181818181818182,100,0.825,1.0,10,-1
1901803,1976904,9,3.7614088937672445,0.8181818181818182,100,0.825,1.0,10,-1
1901803,1984574,9,3.7614088937672445,0.8181818181818182,100,0.825,1.0,10,-1
1901803,1984579,9,3.7614088937672445,0.8181818181818182,100,0.825,1.0,10,-1
1901812,1968900,15,6.9920403913477704,0.8823529411764706,256,1.7571428571428573,1.0,30,1
1901812,1973020,9,3.8350296154482555,0.5294117647058824,160,0.8624999999999999,1.0,10,-1
1901812,1973028,9,3.8350296154482555,0.5294117647058824,160,0.8624999999999999,1.0,18,-1
1901812,1973040,9,3.8350296154482555,0.5294117647058824,160,0.8624999999999999,1.0,18,-1
1901812,1976893,9,3.8350296154482555,0.5294117647058824,160,0.8624999999999999,1.0,18,-1
1901812,1976904,9,3.8350296154482555,0.5294117647058824,160,0.8624999999999999,1.0,18,-1
1901812,1984574,9,3.8350296154482555,0.5294117647058824,160,0.8624999999999999,1.0,18,-1
1901812,1984579,9,3.8350296154482555,0.5294117647058824,160,0.8624999999999999,1.0,18,-1
1901835,1938136,5,2.7905531327562363,0.35714285714285715,90,0.8333333333333333,1.0,6,-1
1901835,1988458,1,0.45511961331341866,0.08333333333333333,30,0.1111111111111111,0.5,2,-1
1901835,2017021,5,2.6875621195184074,0.45454545454545453,60,0.7777777777777778,1.0,5,-1
1901835,2018480,1,0.45511961331341866,0.08333333333333333,30,0.1111111111111111,0.5,2,-1
1901835,2019882,5,2.6875621195184074,0.45454545454545453,60,0.7777777777777777,1.0,5,-1
1901835,2024438,5,2.6875621195184074,0.45454545454545453,60,0.7777777777777777,1.0,0,-1
1901835,2047146,1,0.45511961331341866,0.08333333333333333,30,0.1111111111111111,0.5,4,-1
1901835,2047361,5,2.6875621195184074,0.45454545454545453,60,0.7777777777777777,1.0,5,-1
1901901,1938780,13,4.926001361969367,0.43333333333333335,406,0.9285714285714283,1.0,14,-1
1901901,1938785,13,4.926001361969367,0.43333333333333335,406,0.9285714285714283,1.0,14,-1
1901901,1939941,13,4.926001361969367,0.43333333333333335,406,0.9285714285714283,1.0,14,-1
1901901,1940111,13,4.926001361969367,0.43333333333333335,406,0.9285714285714283,1.0,14,-1
1901901,1940122,13,4.926001361969367,0.43333333333333335,406,0.9285714285714283,1.0,14,-1
1901901,1940125,13,4.926001361969367,0.43333333333333335,406,0.9285714285714283,1.0,14,-1
1901901,1940213,13,4.926001361969367,0.43333333333333335,406,0.9285714285714283,1.0,14,-1
1901901,1940217,13,4.926001361969367,0.43333333333333335,406,0.9285714285714283,1.0,14,-1
1901901,1946861,13,4.926001361969367,0.43333333333333335,406,0.9285714285714283,1.0,14,-1
1901901,1947680,13,4.926001361969367,0.43333333333333335,406,0.9285714285714283,1.0,14,-1
1901914,1974743,6,3.083390054218504,0.75,49,0.857142857142857,1.0,7,-1
1901914,1975677,6,3.083390054218504,0.75,49,0.857142857142857,1.0,7,-1
1901914,1983082,6,3.083390054218504,0.75,49,0.857142857142857,1.0,12,-1
1901914,1983086,6,3.083390054218504,0.75,49,0.857142857142857,1.0,12,-1
1901914,1984245,6,3.083390054218504,0.75,49,0.857142857142857,1.0,12,-1
1901914,1984447,6,3.083390054218504,0.75,49,0.857142857142857,1.0,12,-1
1901914,1984452,6,3.083390054218504,0.75,49,0.857142857142857,1.0,12,-1
1902020,1921142,9,3.853279036915966,0.8181818181818182,100,0.8714285714285713,1.0,10,-1
1902020,1921257,9,3.853279036915966,0.8181818181818182,100,0.8714285714285713,1.0,18,-1
1902020,1974931,9,3.853279036915966,0.8181818181818182,100,0.8714285714285713,1.0,18,-1
1902020,1974935,9,3.853279036915966,0.8181818181818182,100,0.8714285714285713,1.0,18,-1
1902020,1975768,9,3.853279036915966,0.8181818181818182,100,0.8714285714285713,1.0,18,-1
1902020,1975780,9,3.853279036915966,0.8181818181818182,100,0.8714285714285713,1.0,18,-1
1902020,1978095,9,3.853279036915966,0.8181818181818182,100,0.8714285714285713,1.0,18,-1
1902020,1984541,9,3.853279036915966,0.8181818181818182,100,0.8714285714285713,1.0,18,-1
1902020,1984551,9,3.853279036915966,0.8181818181818182,100,0.8714285714285713,1.0,18,-1
1902156,1943019,8,3.640956906507349,0.8,81,0.8888888888888891,1.0,14,1
1902156,1987071,8,3.640956906507349,0.8,81,0.8888888888888891,1.0,9,-1
1902156,1987085,8,3.640956906507349,0.8,81,0.8888888888888891,1.0,14,-1
1902156,2001587,8,3.640956906507349,0.8,81,0.8888888888888891,1.0,14,-1
1902156,2001608,8,3.640956906507349,0.8,81,0.8888888888888891,1.0,9,-1
1902156,2004054,8,3.640956906507349,0.8,81,0.8888888888888891,1.0,9,-1
1902569,1904268,5,2.7905531327562363,0.7142857142857143,36,0.8333333333333333,1.0,12,1
1902569,1910164,5,2.7905531327562363,0.7142857142857143,36,0.8333333333333333,1.0,12,1
1902569,1912595,5,2.7905531327562363,0.7142857142857143,36,0.8333333333333333,1.0,12,1
1902569,1942777,5,2.7905531327562363,0.7142857142857143,36,0.8333333333333333,1.0,12,1
1903424,1939514,6,3.083390054218504,0.75,49,0.857142857142857,1.0,14,-1
1903424,1939530,6,3.083390054218504,0.75,49,0.857142857142857,1.0,14,-1
1903424,1939544,6,3.083390054218504,0.75,49,0.857142857142857,1.0,14,-1
1903424,1940015,6,3.083390054218504,0.75,49,0.857142857142857,1.0,14,-1
1903424,1947430,6,3.083390054218504,0.75,49,0.857142857142857,1.0,14,-1
1903685,1937952,2,1.8204784532536746,0.5,9,0.6666666666666666,1.0,6,-1
1903685,1985872,2,1.8204784532536746,0.5,9,0.6666666666666666,1.0,6,-1
1903685,2003331,2,1.8204784532536746,0.5,9,0.6666666666666666,1.0,6,-1
1903727,1904093,6,3.083390054218504,0.75,49,0.857142857142857,1.0,7,-1
1903727,1905079,6,3.083390054218504,0.75,49,0.857142857142857,1.0,9,-1
1903727,1985327,6,3.083390054218504,0.75,49,0.857142857142857,1.0,9,-1
1903727,2000038,6,3.083390054218504,0.75,49,0.857142857142857,1.0,7,-1
1903727,2002691,6,3.083390054218504,0.75,49,0.857142857142857,1.0,7,-1
1903876,1943126,4,2.158997815870819,0.5,35,0.6261904761904762,1.0,5,-1
1903876,1951639,4,2.158997815870819,0.5,35,0.6261904761904762,1.0,5,-1
1903876,1952273,4,2.158997815870819,0.5,35,0.6261904761904762,1.0,5,-1
1903876,1952717,6,3.366705110195113,0.75,49,1.0047619047619047,1.0,7,1
1903905,1970533,3,2.164042561333445,0.42857142857142855,24,0.75,1.0,3,-1
1903905,1989708,3,2.164042561333445,0.42857142857142855,24,0.75,1.0,3,-1
1903905,1989716,3,2.164042561333445,0.42857142857142855,24,0.75,1.0,0,-1
1904093,1905079,6,3.083390054218504,0.75,49,0.857142857142857,1.0,7,-1
1904093,1985327,6,3.083390054218504,0.75,49,0.857142857142857,1.0,7,-1
1904093,2000038,6,3.083390054218504,0.75,49,0.857142857142857,1.0,7,-1
1904093,2002691,6,3.083390054218504,0.75,49,0.857142857142857,1.0,7,-1
1904268,1910164,5,2.7905531327562363,0.7142857142857143,36,0.8333333333333333,1.0,12,1
1904268,1912595,5,2.7905531327562363,0.7142857142857143,36,0.8333333333333333,1.0,12,1
1904268,1942777,5,2.7905531327562363,0.7142857142857143,36,0.8333333333333333,1.0,12,1
1904303,1941916,1,1.4426950408889634,0.08333333333333333,22,0.5,1.0,0,-1
1904303,2003161,1,0.4170323914242463,0.3333333333333333,4,0.09090909090909091,1.0,2,-1
1904473,1904478,7,3.366288428740915,0.7777777777777778,64,0.875,1.0,12,-1
1904473,1904504,7,3.366288428740915,0.7777777777777778,64,0.875,1.0,12,-1
1904473,1941348,7,3.366288428740915,0.7777777777777778,64,0.875,1.0,12,-1
1904473,1941486,7,3.366288428740915,0.7777777777777778,64,0.875,1.0,0,-1
1904473,1941494,7,3.366288428740915,0.7777777777777778,64,0.875,1.0,12,-1
1904473,1948261,7,3.366288428740915,0.7777777777777778,64,0.875,1.0,0,-1
1904478,1904504,7,3.366288428740915,0.7777777777777778,64,0.875,1.0,12,-1
1904478,1941348,7,3.366288428740915,0.7777777777777778,64,0.875,1.0,12,-1
1904478,1941486,7,3.366288428740915,0.7777777777777778,64,0.875,1.0,0,-1
1904478,1941494,7,3.366288428740915,0.7777777777777778,64,0.875,1.0,12,-1
1904478,1948261,7,3.366288428740915,0.7777777777777778,64,0.875,1.0,0,-1
1904504,1941348,7,3.366288428740915,0.7777777777777778,64,0.875,1.0,12,-1
1904504,1941486,7,3.366288428740915,0.7777777777777778,64,0.875,1.0,0,-1
1904504,1941494,7,3.366288428740915,0.7777777777777778,64,0.875,1.0,12,-1
1904504,1948261,7,3.366288428740915,0.7777777777777778,64,0.875,1.0,0,-1
1904816,1939059,5,2.7905531327562363,0.7142857142857143,36,0.8333333333333333,1.0,6,-1
1904816,1939996,5,2.7905531327562363,0.7142857142857143,36,0.8333333333333333,1.0,6,-1
1904816,1940349,5,2.7905531327562363,0.7142857142857143,36,0.8333333333333333,1.0,6,-1
1904816,1940362,5,2.7905531327562363,0.7142857142857143,36,0.8333333333333333,1.0,9,-1
1904816,1940459,5,2.7905531327562363,0.7142857142857143,36,0.8333333333333333,1.0,9,-1
1904816,1947864,5,2.7905531327562363,0.7142857142857143,36,0.8333333333333333,1.0,9,-1
1905079,1985327,6,3.083390054218504,0.75,49,0.857142857142857,1.0,9,-1
1905079,2000038,6,3.083390054218504,0.75,49,0.857142857142857,1.0,7,-1
1905079,2002691,6,3.083390054218504,0.75,49,0.857142857142857,1.0,7,-1
1905106,1985004,6,3.083390054218504,0.75,49,0.857142857142857,1.0,9,-1
1905106,1985064,6,3.083390054218504,0.75,49,0.857142857142857,1.0,7,-1
1905106,1999780,6,3.083390054218504,0.75,49,0.857142857142857,1.0,7,-1
1905106,1999812,6,3.083390054218504,0.75,49,0.857142857142857,1.0,7,-1
1905106,2002388,6,3.083390054218504,0.75,49,0.857142857142857,1.0,7,-1
1905106,2002408,6,3.083390054218504,0.75,49,0.857142857142857,1.0,7,-1
1905210,1940647,5,2.6348721105868336,0.38461538461538464,72,0.75,1.0,0,-1
1905210,1975646,5,2.479191088417431,0.7142857142857143,36,0.6666666666666666,1.0,0,-1
1905210,1975649,5,2.479191088417431,0.7142857142857143,36,0.6666666666666666,1.0,0,-1
1905210,1977950,5,2.479191088417431,0.7142857142857143,36,0.6666666666666666,1.0,0,-1
1905210,1994673,5,2.479191088417431,0.7142857142857143,36,0.6666666666666666,1.0,0,-1
1905372,1915309,7,3.2752613270292077,0.7777777777777778,64,0.8269230769230769,1.0,7,-1
1905372,1939969,7,3.2752613270292077,0.7777777777777778,64,0.8269230769230769,1.0,0,-1
1905372,1946613,7,3.2752613270292077,0.7777777777777778,64,0.8269230769230769,1.0,7,-1
1905372,1946714,1,0.3898712452512801,0.08333333333333333,40,0.07692307692307693,0.5,2,-1
1905372,1946722,1,0.3898712452512801,0.08333333333333333,40,0.07692307692307693,0.5,2,-1
1905372,1947086,7,3.2752613270292077,0.7777777777777778,64,0.8269230769230769,1.0,7,-1
1905372,1947166,1,0.3898712452512801,0.08333333333333333,40,0.07692307692307693,0.5,2,-1
1905372,1947212,1,0.3898712452512801,0.08333333333333333,40,0.07692307692307693,0.5,2,-1
1905372,1947388,7,3.2752613270292077,0.7777777777777778,64,0.8269230769230769,1.0,7,-1
1905372,1947409,7,3.2752613270292077,0.7777777777777778,64,0.8269230769230769,1.0,7,-1
1905372,1947422,7,3.2752613270292077,0.7777777777777778,64,0.8269230769230769,1.0,7,-1
1905372,1947489,1,0.3898712452512801,0.08333333333333333,40,0.07692307692307693,0.5,2,-1
1905631,1950102,6,2.8039992301220416,0.75,49,0.7103174603174602,1.0,7,-1
1905631,1950145,6,2.8039992301220416,0.75,49,0.7103174603174602,1.0,9,-1
1905631,1950600,6,2.971921316230598,0.3157894736842105,126,0.7976190476190474,1.0,7,-1
1905631,1950627,6,2.8039992301220416,0.75,49,0.7103174603174602,1.0,7,-1
1906097,1988429,28,8.306842526258789,0.9333333333333333,841,0.9622844827586203,1.0,0,-1
1906097,1988432,28,8.306842526258789,0.9333333333333333,841,0.9622844827586203,1.0,0,-1
1906097,1988455,28,8.306842526258789,0.9333333333333333,841,0.9622844827586203,1.0,0,-1
1906097,1988466,28,8.306842526258789,0.9333333333333333,841,0.9622844827586203,1.0,0,-1
1906097,1988480,28,8.306842526258789,0.9333333333333333,841,0.9622844827586203,1.0,0,-1
1906097,1988494,28,8.306842526258789,0.9333333333333333,841,0.9622844827586203,1.0,0,-1
1906097,1988499,28,8.306842526258789,0.9333333333333333,841,0.9622844827586203,1.0,0,-1
1906097,1988508,28,8.306842526258789,0.9333333333333333,841,0.9622844827586203,1.0,0,-1
1906097,1988511,28,8.306842526258789,0.9333333333333333,841,0.9622844827586203,1.0,0,-1
1906097,1988530,28,8.306842526258789,0.9333333333333333,841,0.9622844827586203,1.0,8,-1
1906097,2000878,28,8.306842526258789,0.9333333333333333,841,0.9622844827586203,1.0,8,-1
1906097,2012324,28,8.306842526258789,0.9333333333333333,841,0.9622844827586203,1.0,0,-1
1906097,2018153,28,8.306842526258789,0.9333333333333333,841,0.9622844827586203,1.0,8,-1
1906097,2018160,28,8.306842526258789,0.9333333333333333,841,0.9622844827586203,1.0,0,-1
1906097,2018171,28,8.306842526258789,0.9333333333333333,841,0.9622844827586203,1.0,0,-1
1906097,2018187,28,8.306842526258789,0.9333333333333333,841,0.9622844827586203,1.0,8,-1
1906097,2018492,28,8.306842526258789,0.9333333333333333,841,0.9622844827586203,1.0,0,-1
1906097,2018507,28,8.306842526258789,0.9333333333333333,841,0.9622844827586203,1.0,8,-1
1906097,2020892,28,8.306842526258789,0.9333333333333333,841,0.9622844827586203,1.0,0,-1
1906097,2020910,28,8.306842526258789,0.9333333333333333,841,0.9622844827586203,1.0,0,-1
1906097,2020915,28,8.306842526258789,0.9333333333333333,841,0.9622844827586203,1.0,0,-1
1906097,2025714,28,8.306842526258789,0.9333333333333333,841,0.9622844827586203,1.0,0,-1
1906097,2025732,28,8.306842526258789,0.9333333333333333,841,0.9622844827586203,1.0,8,-1
1906097,2026117,28,8.306842526258789,0.9333333333333333,841,0.9622844827586203,1.0,0,-1
1906097,2026121,28,8.306842526258789,0.9333333333333333,841,0.9622844827586203,1.0,0,-1
1906097,2026125,28,8.306842526258789,0.9333333333333333,841,0.9622844827586203,1.0,0,-1
1906097,2047148,28,8.306842526258789,0.9333333333333333,841,0.9622844827586203,1.0,8,-1
1906097,2047159,28,8.306842526258789,0.9333333333333333,841,0.9622844827586203,1.0,0,-1
1906137,1912299,12,4.617042436517131,0.8571428571428571,169,0.8937728937728937,1.0,12,-1
1906137,1971612,12,4.678454943015361,0.5454545454545454,273,0.9230769230769229,1.0,12,-1
1906137,1982713,12,4.617042436517131,0.8571428571428571,169,0.8937728937728937,1.0,12,-1
1906137,1982723,12,4.617042436517131,0.8571428571428571,169,0.8937728937728937,1.0,12,-1
1906137,1985548,12,4.617042436517131,0.8571428571428571,169,0.8937728937728937,1.0,12,-1
1906137,2000264,12,4.617042436517131,0.8571428571428571,169,0.8937728937728937,1.0,12,-1
1906137,2002679,12,4.617042436517131,0.8571428571428571,169,0.8937728937728937,1.0,12,-1
1906137,2002918,12,4.617042436517131,0.8571428571428571,169,0.8937728937728937,1.0,12,-1
1906137,2002925,12,4.617042436517131,0.8571428571428571,169,0.8937728937728937,1.0,12,-1
1906137,2002929,12,4.617042436517131,0.8571428571428571,169,0.8937728937728937,1.0,0,-1
1906137,2002969,12,4.617042436517131,0.8571428571428571,169,0.8937728937728937,1.0,12,-1
1906137,2002974,12,4.617042436517131,0.8571428571428571,169,0.8937728937728937,1.0,12,-1
1906137,2002984,12,4.617042436517131,0.8571428571428571,169,0.8937728937728937,1.0,12,-1
1906245,1913723,0,0.0,0.0,1,0.0,1.0,2,-1
1906269,1942393,16,6.349062384189035,0.64,408,1.3026944245984493,1.0,17,1
1906269,1950400,16,6.349062384189034,0.64,408,1.3026944245984495,1.0,17,1
1906269,1951220,9,3.5316659095850147,0.36,240,0.7119453044375644,1.0,10,1
1906269,1951228,9,3.5316659095850147,0.36,240,0.7119453044375645,1.0,10,1
1906269,2000406,9,3.5316659095850147,0.36,240,0.7119453044375644,1.0,13,-1
1906269,2001992,9,3.5316659095850147,0.36,240,0.7119453044375644,1.0,13,-1
1906269,2004362,9,3.5316659095850147,0.36,240,0.7119453044375644,1.0,13,-1
1906269,2004386,9,3.5316659095850147,0.36,240,0.7119453044375644,1.0,10,-1
1906272,1950843,10,4.170323914242463,0.8333333333333334,121,0.9090909090909093,1.0,14,-1
1906272,1950881,10,4.170323914242463,0.8333333333333334,121,0.9090909090909093,1.0,14,-1
1906272,1950888,10,4.170323914242463,0.8333333333333334,121,0.9090909090909093,1.0,14,-1
1906272,1950897,10,4.170323914242463,0.8333333333333334,121,0.9090909090909093,1.0,0,-1
1906272,1951719,10,4.170323914242463,0.8333333333333334,121,0.9090909090909093,1.0,14,-1
1906272,1951722,10,4.170323914242463,0.8333333333333334,121,0.9090909090909093,1.0,0,-1
1906272,1951729,10,4.170323914242463,0.8333333333333334,121,0.9090909090909093,1.0,0,-1
1906272,1952371,10,4.170323914242463,0.8333333333333334,121,0.9090909090909093,1.0,14,-1
1906272,1952756,10,4.170323914242463,0.8333333333333334,121,0.9090909090909093,1.0,0,-1
1906272,1952757,10,4.170323914242463,0.8333333333333334,121,0.9090909090909093,1.0,14,-1
1906272,1952762,10,4.170323914242463,0.8333333333333334,121,0.9090909090909093,1.0,14,-1
1906476,1941033,5,2.7905531327562363,0.7142857142857143,36,0.8333333333333333,1.0,12,-1
1906476,1941042,5,2.7905531327562363,0.7142857142857143,36,0.8333333333333333,1.0,12,-1
1906476,1949857,5,2.7905531327562363,0.7142857142857143,36,0.8333333333333333,1.0,12,-1
1906476,1950099,5,2.7905531327562363,0.7142857142857143,36,0.8333333333333333,1.0,12,-1
1906476,1950467,5,2.7905531327562363,0.7142857142857143,36,0.8333333333333333,1.0,12,-1
1906584,1939631,2,1.8204784532536746,0.5,9,0.6666666666666666,1.0,6,-1
1906584,1939649,2,1.8204784532536746,0.5,9,0.6666666666666666,1.0,6,-1
1906607,1939931,4,2.4853397382384474,0.6666666666666666,25,0.8,1.0,10,1
1906607,1940358,4,2.4853397382384474,0.6666666666666666,25,0.8,1.0,10,1
1906607,1940456,4,2.4853397382384474,0.6666666666666666,25,0.8,1.0,10,1
1906607,1947085,4,2.4853397382384474,0.6666666666666666,25,0.8,1.0,10,-1
1906607,1947549,4,2.4853397382384474,0.6666666666666666,25,0.8,1.0,10,1
1906932,1956263,1,1.4426950408889634,0.3333333333333333,4,0.5,1.0,2,1
1906932,2004420,1,1.4426950408889634,0.3333333333333333,4,0.5,1.0,2,-1
1907468,1940121,2,1.8204784532536746,0.5,9,0.6666666666666666,1.0,6,-1
1907468,1946784,2,1.8204784532536746,0.5,9,0.6666666666666666,1.0,6,-1
1907468,1947550,2,1.8204784532536746,0.5,9,0.6666666666666666,1.0,6,-1
1907673,1907895,6,3.083390054218504,0.75,49,0.857142857142857,1.0,7,-1
1907673,1907909,6,3.083390054218504,0.75,49,0.857142857142857,1.0,7,-1
1907673,1947016,6,3.083390054218504,0.75,49,0.857142857142857,1.0,0,-1
1907694,1965153,8,3.640956906507349,0.8,81,0.8888888888888891,1.0,0,1
1907694,1970763,8,3.640956906507349,0.8,81,0.8888888888888891,1.0,2,1
1907694,1975795,8,3.640956906507349,0.8,81,0.8888888888888891,1.0,0,1
1907694,1982171,8,3.640956906507349,0.8,81,0.8888888888888891,1.0,0,1
1907895,1907909,6,3.083390054218504,0.75,49,0.857142857142857,1.0,7,-1
1907895,1947016,6,3.083390054218504,0.75,49,0.857142857142857,1.0,0,-1
1907909,1947016,6,3.083390054218504,0.75,49,0.857142857142857,1.0,0,-1
1907911,1922640,8,3.640956906507349,0.8,81,0.8888888888888891,1.0,0,-1
1907911,1926742,8,3.640956906507349,0.8,81,0.8888888888888891,1.0,11,-1
1907911,1931864,8,3.640956906507349,0.8,81,0.8888888888888891,1.0,6,-1
1907911,1932009,8,3.640956906507349,0.8,81,0.8888888888888891,1.0,11,-1
1907911,1975663,8,3.640956906507349,0.8,81,0.8888888888888891,1.0,0,-1
1907911,1984223,8,3.640956906507349,0.8,81,0.8888888888888891,1.0,11,-1
1907911,1984483,8,3.640956906507349,0.8,81,0.8888888888888891,1.0,0,-1
1907911,1989782,8,3.640956906507349,0.8,81,0.8888888888888891,1.0,11,-1
1908186,1910710,4,2.4853397382384474,0.6666666666666666,25,0.8,1.0,10,-1
1908186,1940303,4,2.4853397382384474,0.6666666666666666,25,0.8,1.0,10,-1
1908186,1940771,4,2.4853397382384474,0.6666666666666666,25,0.8,1.0,10,-1
1908186,1948089,4,2.4853397382384474,0.6666666666666666,25,0.8,1.0,10,-1
1908186,1948322,4,2.4853397382384474,0.6666666666666666,25,0.8,1.0,10,-1
1908336,1939743,5,2.7905531327562363,0.7142857142857143,36,0.8333333333333333,1.0,6,-1
1908507,1950764,5,2.7905531327562363,0.7142857142857143,36,0.8333333333333333,1.0,10,-1
1908507,1951275,5,2.7905531327562363,0.7142857142857143,36,0.8333333333333333,1.0,10,-1
1908507,1951282,5,2.7905531327562363,0.7142857142857143,36,0.8333333333333333,1.0,10,-1
1909198,1918381,10,4.081750261571267,0.8333333333333334,121,0.865800865800866,1.0,11,-1
1909198,1966370,1,0.3284587387530511,0.05,110,0.047619047619047616,0.5,2,-1
1909198,1967113,1,0.3284587387530511,0.05,110,0.047619047619047616,0.5,2,-1
1909198,1972900,1,0.3284587387530511,0.05,110,0.047619047619047616,0.5,2,-1
1909198,1972904,1,0.3284587387530511,0.05,110,0.047619047619047616,0.5,2,-1
1909198,1974709,10,4.170323914242463,0.45454545454545453,231,0.9090909090909093,1.0,16,-1
1909198,1974724,1,0.3284587387530511,0.05,110,0.047619047619047616,0.5,2,-1
1909198,1974728,1,0.3284587387530511,0.05,110,0.047619047619047616,0.5,2,-1
1909198,1984462,1,0.3284587387530511,0.05,110,0.047619047619047616,0.5,2,-1
1909198,1984466,1,0.3284587387530511,0.05,110,0.047619047619047616,0.5,2,-1
1909198,1984479,1,0.3284587387530511,0.05,110,0.047619047619047616,0.5,2,-1
1909198,1985079,10,4.081750261571267,0.8333333333333334,121,0.8658008658008659,1.0,11,-1
1909198,1985087,10,4.081750261571267,0.8333333333333334,121,0.8658008658008659,1.0,11,-1
1909198,1986562,10,4.081750261571267,0.8333333333333334,121,0.865800865800866,1.0,16,-1
1909198,1994665,1,0.3284587387530511,0.05,110,0.047619047619047616,0.5,2,-1
1909198,2004869,10,4.081750261571267,0.8333333333333334,121,0.865800865800866,1.0,11,-1
1909198,2005331,10,4.081750261571267,0.8333333333333334,121,0.865800865800866,1.0,16,-1
1909456,1941935,4,2.4853397382384474,0.6666666666666666,25,0.8,1.0,4,1
1909456,1942807,4,2.4853397382384474,0.6666666666666666,25,0.8,1.0,0,1
1909456,1983463,4,2.4853397382384474,0.6666666666666666,25,0.8,1.0,4,-1
1909456,1984505,4,2.4853397382384474,0.6666666666666666,25,0.8,1.0,4,-1
1909469,1983284,5,2.7905531327562363,0.7142857142857143,36,0.8333333333333333,1.0,10,-1
1909469,2003437,5,2.7905531327562363,0.7142857142857143,36,0.8333333333333333,1.0,10,-1
1909641,2000670,4,2.4853397382384474,0.2,95,0.8,1.0,5,-1
1909718,1949120,2,0.618071055986404,0.1111111111111111,99,0.07870370370370369,0.5,3,-1
1909718,1949123,2,0.618071055986404,0.1111111111111111,99,0.07870370370370369,0.5,0,-1
1909718,1949129,2,0.618071055986404,0.1111111111111111,99,0.07870370370370369,0.5,3,-1
1909718,1949132,2,0.618071055986404,0.1111111111111111,99,0.07870370370370369,0.5,3,-1
1909718,1949776,2,0.618071055986404,0.1111111111111111,99,0.07870370370370369,0.5,3,-1
1909718,1949780,2,0.618071055986404,0.1111111111111111,99,0.07870370370370369,0.5,3,-1
1909718,1949922,2,0.618071055986404,0.1111111111111111,99,0.07870370370370369,0.5,6,-1
1909718,1950034,2,0.618071055986404,0.1111111111111111,99,0.07870370370370369,0.5,3,-1
1909718,1950041,2,0.618071055986404,0.1111111111111111,99,0.07870370370370369,0.5,0,-1
1909718,1977213,8,3.170428814794791,0.8,81,0.6534002489884843,1.0,9,-1
1909718,2012836,8,3.170428814794791,0.8,81,0.6534002489884843,1.0,17,-1
1909718,2013351,8,3.170428814794791,0.8,81,0.6534002489884843,1.0,17,-1
1909718,2045522,8,3.170428814794791,0.8,81,0.6534002489884843,1.0,17,-1
1910097,1911318,3,1.782318312784072,0.23076923076923078,48,0.5526315789473684,1.0,4,-1
1910097,1983029,3,1.782318312784072,0.23076923076923078,48,0.5526315789473684,1.0,6,-1
1910097,1984195,3,1.782318312784072,0.23076923076923078,48,0.5526315789473684,1.0,6,-1
1910164,1912595,5,2.7905531327562363,0.7142857142857143,36,0.8333333333333333,1.0,12,1
1910164,1942777,5,2.7905531327562363,0.7142857142857143,36,0.8333333333333333,1.0,12,1
1910371,1952789,4,2.319124416992254,0.4,45,0.7111111111111112,1.0,10,-1
1910371,1983875,4,2.319124416992254,0.4,45,0.7111111111111112,1.0,10,-1
1910371,1983923,4,2.319124416992254,0.4,45,0.7111111111111112,1.0,10,-1
1910371,1986699,4,2.319124416992254,0.4,45,0.7111111111111112,1.0,10,-1
1910710,1940303,4,2.4853397382384474,0.6666666666666666,25,0.8,1.0,10,-1
1910710,1940771,4,2.4853397382384474,0.6666666666666666,25,0.8,1.0,10,-1
1910710,1948089,4,2.4853397382384474,0.6666666666666666,25,0.8,1.0,10,-1
1910710,1948322,4,2.4853397382384474,0.6666666666666666,25,0.8,1.0,10,-1
1910878,1993795,3,2.164042561333445,0.6,16,0.75,1.0,7,1
1910878,2004603,3,2.164042561333445,0.6,16,0.75,1.0,7,-1
1910969,1912723,5,2.7905531327562363,0.7142857142857143,36,0.8333333333333333,1.0,6,-1
1910969,1967134,5,2.7905531327562363,0.7142857142857143,36,0.8333333333333333,1.0,6,-1
1910969,1979303,5,2.7905531327562363,0.7142857142857143,36,0.8333333333333333,1.0,6,-1
1910969,1983104,5,2.7905531327562363,0.7142857142857143,36,0.8333333333333333,1.0,8,-1
1910969,1983114,5,2.7905531327562363,0.7142857142857143,36,0.8333333333333333,1.0,8,-1
1911107,1911132,13,5.814201196386826,0.8666666666666667,196,1.3954887218045113,1.0,22,1
1911107,1949635,1,0.3396232718951086,0.05555555555555555,70,0.05263157894736842,0.5,2,-1
1911107,1949657,1,0.3396232718951086,0.05555555555555555,70,0.05263157894736842,0.5,2,-1
1911107,1949686,1,0.3396232718951086,0.05555555555555555,70,0.05263157894736842,0.5,2,-1
1911107,1949987,13,5.853501106181668,0.65,266,1.4142857142857141,1.0,14,1
1911107,1950050,1,0.3396232718951086,0.05555555555555555,70,0.05263157894736842,0.5,2,-1
1911107,1971607,9,3.703236526694522,0.6,140,0.7954887218045111,1.0,10,-1
1911107,1975637,9,3.703236526694522,0.6,140,0.7954887218045111,1.0,10,-1
1911107,1976777,9,3.703236526694522,0.6,140,0.7954887218045111,1.0,15,-1
1911107,1976784,9,3.703236526694522,0.6,140,0.7954887218045111,1.0,10,-1
1911107,1977911,9,3.703236526694522,0.6,140,0.7954887218045111,1.0,15,-1
1911107,1980578,13,5.814201196386826,0.8666666666666667,196,1.3954887218045111,1.0,22,1
1911107,1994651,9,3.703236526694522,0.6,140,0.7954887218045111,1.0,10,-1
1911113,1940202,4,2.2044665630451994,0.4444444444444444,40,0.65,1.0,9,-1
1911113,1947322,4,2.2044665630451994,0.4444444444444444,40,0.65,1.0,9,-1
1911113,1947670,7,4.208907954320659,0.7777777777777778,64,1.325,1.0,14,1
1911113,1947675,4,2.2044665630451994,0.4444444444444444,40,0.65,1.0,5,-1
1911126,1939613,5,2.7905531327562363,0.7142857142857143,36,0.8333333333333333,1.0,0,-1
1911126,1939629,5,2.7905531327562363,0.7142857142857143,36,0.8333333333333333,1.0,0,-1
1911126,2009215,5,2.7905531327562363,0.7142857142857143,36,0.8333333333333333,1.0,0,-1
1911126,2011118,5,2.7905531327562363,0.7142857142857143,36,0.8333333333333333,1.0,0,-1
1911126,2047263,5,2.7905531327562363,0.7142857142857143,36,0.8333333333333333,1.0,0,-1
1911126,2047266,5,2.7905531327562363,0.7142857142857143,36,0.8333333333333333,1.0,0,-1
1911132,1949635,1,0.3396232718951086,0.05555555555555555,70,0.05263157894736842,0.5,2,-1
1911132,1949657,1,0.3396232718951086,0.05555555555555555,70,0.05263157894736842,0.5,2,-1
1911132,1949686,1,0.3396232718951086,0.05555555555555555,70,0.05263157894736842,0.5,2,-1
1911132,1949987,13,5.853501106181668,0.65,266,1.4142857142857144,1.0,14,1
1911132,1950050,1,0.3396232718951086,0.05555555555555555,70,0.05263157894736842,0.5,2,-1
1911132,1971607,9,3.703236526694522,0.6,140,0.7954887218045111,1.0,10,-1
1911132,1975637,9,3.703236526694522,0.6,140,0.7954887218045111,1.0,10,-1
1911132,1976777,9,3.703236526694522,0.6,140,0.7954887218045111,1.0,15,-1
1911132,1976784,9,3.703236526694522,0.6,140,0.7954887218045111,1.0,10,-1
1911132,1977911,9,3.703236526694522,0.6,140,0.7954887218045111,1.0,15,-1
1911132,1980578,13,5.814201196386826,0.8666666666666667,196,1.3954887218045113,1.0,22,1
1911132,1994651,9,3.703236526694522,0.6,140,0.7954887218045111,1.0,10,-1
1911215,1912316,15,5.4101064033336135,0.8823529411764706,256,0.9375,1.0,28,-1
1911215,1912338,15,5.4101064033336135,0.8823529411764706,256,0.9375,1.0,16,-1
1911215,1913602,15,5.4101064033336135,0.8823529411764706,256,0.9375,1.0,28,-1
1911215,1920080,15,5.4101064033336135,0.8823529411764706,256,0.9375,1.0,16,-1
1911215,1921741,15,5.4101064033336135,0.8823529411764706,256,0.9375,1.0,28,-1
1911215,1921749,15,5.4101064033336135,0.8823529411764706,256,0.9375,1.0,16,-1
1911215,1925199,15,5.4101064033336135,0.8823529411764706,256,0.9375,1.0,28,-1
1911215,1930082,15,5.4101064033336135,0.8823529411764706,256,0.9375,1.0,28,-1
1911215,1930157,15,5.4101064033336135,0.8823529411764706,256,0.9375,1.0,28,-1
1911215,1952734,15,5.4101064033336135,0.8823529411764706,256,0.9375,1.0,28,-1
1911215,1953153,15,5.4101064033336135,0.8823529411764706,256,0.9375,1.0,28,-1
1911215,1967777,15,5.4101064033336135,0.8823529411764706,256,0.9375,1.0,28,-1
1911215,1971418,15,5.4101064033336135,0.8823529411764706,256,0.9375,1.0,16,-1
1911215,1971421,15,5.4101064033336135,0.8823529411764706,256,0.9375,1.0,28,-1
1911313,1911334,6,3.083390054218504,0.75,49,0.857142857142857,1.0,7,-1
1911313,1916693,6,3.083390054218504,0.75,49,0.857142857142857,1.0,12,-1
1911313,1949231,6,3.083390054218504,0.75,49,0.857142857142857,1.0,12,-1
1911313,1950098,6,3.083390054218504,0.75,49,0.857142857142857,1.0,12,-1
1911313,1950654,6,3.083390054218504,0.75,49,0.857142857142857,1.0,12,-1
1911318,1983029,3,1.4634003967214348,0.6,16,0.38596491228070173,1.0,4,1
1911318,1984195,3,1.4634003967214348,0.6,16,0.38596491228070173,1.0,4,-1
1911334,1916693,6,3.083390054218504,0.75,49,0.857142857142857,1.0,7,-1
1911334,1949231,6,3.083390054218504,0.75,49,0.857142857142857,1.0,7,-1
1911334,1950098,6,3.083390054218504,0.75,49,0.857142857142857,1.0,7,-1
1911334,1950654,6,3.083390054218504,0.75,49,0.857142857142857,1.0,7,-1
1911339,1923948,3,2.164042561333445,0.6,16,0.75,1.0,4,-1
1911339,1940168,3,2.164042561333445,0.6,16,0.75,1.0,4,-1
1911339,1947378,3,2.164042561333445,0.6,16,0.75,1.0,4,-1
1911339,1947576,3,2.164042561333445,0.6,16,0.75,1.0,4,-1
1911514,1917520,1,1.4426950408889634,0.2,8,0.5,1.0,2,-1
1911514,1950624,1,1.4426950408889634,0.2,8,0.5,1.0,3,-1
1912299,1971612,12,4.678454943015361,0.5454545454545454,273,0.9230769230769229,1.0,12,-1
1912299,1982713,12,4.617042436517131,0.8571428571428571,169,0.8937728937728937,1.0,12,-1
1912299,1982723,12,4.617042436517131,0.8571428571428571,169,0.8937728937728937,1.0,12,-1
1912299,1985548,12,4.617042436517131,0.8571428571428571,169,0.8937728937728937,1.0,12,-1
1912299,2000264,12,4.617042436517131,0.8571428571428571,169,0.8937728937728937,1.0,12,-1
1912299,2002679,12,4.617042436517131,0.8571428571428571,169,0.8937728937728937,1.0,12,-1
1912299,2002918,12,4.617042436517131,0.8571428571428571,169,0.8937728937728937,1.0,12,-1
1912299,2002925,12,4.617042436517131,0.8571428571428571,169,0.8937728937728937,1.0,12,-1
1912299,2002929,12,4.617042436517131,0.8571428571428571,169,0.8937728937728937,1.0,0,-1
1912299,2002969,12,4.617042436517131,0.8571428571428571,169,0.8937728937728937,1.0,12,-1
1912299,2002974,12,4.617042436517131,0.8571428571428571,169,0.8937728937728937,1.0,12,-1
1912299,2002984,12,4.617042436517131,0.8571428571428571,169,0.8937728937728937,1.0,12,-1
1912316,1912338,15,5.4101064033336135,0.8823529411764706,256,0.9375,1.0,16,-1
1912316,1913602,15,5.4101064033336135,0.8823529411764706,256,0.9375,1.0,28,-1
1912316,1920080,15,5.4101064033336135,0.8823529411764706,256,0.9375,1.0,16,-1
1912316,1921741,15,5.4101064033336135,0.8823529411764706,256,0.9375,1.0,28,-1
1912316,1921749,15,5.4101064033336135,0.8823529411764706,256,0.9375,1.0,16,-1
1912316,1925199,15,5.4101064033336135,0.8823529411764706,256,0.9375,1.0,28,-1
1912316,1930082,15,5.4101064033336135,0.8823529411764706,256,0.9375,1.0,28,-1
1912316,1930157,15,5.4101064033336135,0.8823529411764706,256,0.9375,1.0,28,-1
1912316,1952734,15,5.4101064033336135,0.8823529411764706,256,0.9375,1.0,28,-1
1912316,1953153,15,5.4101064033336135,0.8823529411764706,256,0.9375,1.0,28,-1
1912316,1967777,15,5.4101064033336135,0.8823529411764706,256,0.9375,1.0,28,-1
1912316,1971418,15,5.4101064033336135,0.8823529411764706,256,0.9375,1.0,16,-1
1912316,1971421,15,5.4101064033336135,0.8823529411764706,256,0.9375,1.0,28,-1
1912338,1913602,15,5.4101064033336135,0.8823529411764706,256,0.9375,1.0,16,-1
1912338,1920080,15,5.4101064033336135,0.8823529411764706,256,0.9375,1.0,16,-1
1912338,1921741,15,5.4101064033336135,0.8823529411764706,256,0.9375,1.0,16,-1
1912338,1921749,15,5.4101064033336135,0.8823529411764706,256,0.9375,1.0,16,-1
1912338,1925199,15,5.4101064033336135,0.8823529411764706,256,0.9375,1.0,16,-1
1912338,1930082,15,5.4101064033336135,0.8823529411764706,256,0.9375,1.0,16,-1
1912338,1930157,15,5.4101064033336135,0.8823529411764706,256,0.9375,1.0,16,-1
1912338,1952734,15,5.4101064033336135,0.8823529411764706,256,0.9375,1.0,16,-1
1912338,1953153,15,5.4101064033336135,0.8823529411764706,256,0.9375,1.0,16,-1
1912338,1967777,15,5.4101064033336135,0.8823529411764706,256,0.9375,1.0,16,-1
1912338,1971418,15,5.4101064033336135,0.8823529411764706,256,0.9375,1.0,16,-1
1912338,1971421,15,5.4101064033336135,0.8823529411764706,256,0.9375,1.0,16,-1
1912350,1970277,2,1.8204784532536746,0.5,9,0.6666666666666666,1.0,6,-1
1912350,1977587,2,1.8204784532536746,0.5,9,0.6666666666666666,1.0,6,-1
1912350,1977601,2,1.8204784532536746,0.5,9,0.6666666666666666,1.0,6,-1
1912595,1942777,5,2.7905531327562363,0.7142857142857143,36,0.8333333333333333,1.0,12,1
1912628,1919948,6,2.971921316230598,0.42857142857142855,91,0.7976190476190474,1.0,7,-1
1912628,1966854,6,2.971921316230598,0.42857142857142855,91,0.7976190476190474,1.0,7,-1
1912628,1966857,6,2.971921316230598,0.42857142857142855,91,0.7976190476190474,1.0,7,-1
1912628,1972567,6,2.971921316230598,0.42857142857142855,91,0.7976190476190477,1.0,7,-1
1912628,1974202,6,2.971921316230598,0.42857142857142855,91,0.7976190476190477,1.0,10,-1
1912628,1978957,6,2.971921316230598,0.42857142857142855,91,0.7976190476190474,1.0,10,-1
1912723,1967134,5,2.7905531327562363,0.7142857142857143,36,0.8333333333333333,1.0,6,-1
1912723,1979303,5,2.7905531327562363,0.7142857142857143,36,0.8333333333333333,1.0,6,-1
1912723,1983104,5,2.7905531327562363,0.7142857142857143,36,0.8333333333333333,1.0,6,-1
1912723,1983114,5,2.7905531327562363,0.7142857142857143,36,0.8333333333333333,1.0,6,-1
1912738,1913648,6,3.083390054218504,0.75,49,0.857142857142857,1.0,7,-1
1912738,1914212,6,3.083390054218504,0.75,49,0.857142857142857,1.0,7,-1
1912738,1949911,6,3.083390054218504,0.75,49,0.857142857142857,1.0,7,-1
1912738,1973470,6,3.083390054218504,0.75,49,0.857142857142857,1.0,7,-1
1912738,1985371,6,3.083390054218504,0.75,49,0.857142857142857,1.0,7,-1
1912967,1983500,1,1.4426950408889634,0.3333333333333333,4,0.5,1.0,3,-1
1913113,1919526,6,2.96583259610584,0.3,133,0.7936507936507935,1.0,14,-1
1913113,1973803,6,2.85033625468753,0.6,63,0.7351712614870509,1.0,14,-1
1913113,1975179,6,2.85033625468753,0.6,63,0.7351712614870509,1.0,14,-1
1913113,1983824,6,2.791557525631198,0.75,49,0.7034252297410191,1.0,14,-1
1913113,1986618,6,2.791557525631198,0.75,49,0.7034252297410191,1.0,14,-1
1913113,2001107,6,2.791557525631198,0.75,49,0.7034252297410191,1.0,14,-1
1913113,2003914,6,2.791557525631198,0.75,49,0.7034252297410191,1.0,14,-1
1913602,1920080,15,5.4101064033336135,0.8823529411764706,256,0.9375,1.0,16,1
1913602,1921741,15,5.4101064033336135,0.8823529411764706,256,0.9375,1.0,28,1
1913602,1921749,15,5.4101064033336135,0.8823529411764706,256,0.9375,1.0,16,-1
1913602,1925199,15,5.4101064033336135,0.8823529411764706,256,0.9375,1.0,28,-1
1913602,1930082,15,5.4101064033336135,0.8823529411764706,256,0.9375,1.0,28,1
1913602,1930157,15,5.4101064033336135,0.8823529411764706,256,0.9375,1.0,28,1
1913602,1952734,15,5.4101064033336135,0.8823529411764706,256,0.9375,1.0,28,1
1913602,1953153,15,5.4101064033336135,0.8823529411764706,256,0.9375,1.0,28,1
1913602,1967777,15,5.4101064033336135,0.8823529411764706,256,0.9375,1.0,28,1
1913602,1971418,15,5.4101064033336135,0.8823529411764706,256,0.9375,1.0,16,1
1913602,1971421,15,5.4101064033336135,0.8823529411764706,256,0.9375,1.0,28,1
1913605,1938008,6,3.083390054218504,0.75,49,0.857142857142857,1.0,10,-1
1913605,1946649,6,3.083390054218504,0.75,49,0.857142857142857,1.0,7,-1
1913605,2047249,6,3.083390054218504,0.75,49,0.857142857142857,1.0,7,-1
1913648,1914212,6,3.083390054218504,0.75,49,0.857142857142857,1.0,11,-1
1913648,1949911,6,3.083390054218504,0.75,49,0.857142857142857,1.0,11,1
1913648,1973470,6,3.083390054218504,0.75,49,0.857142857142857,1.0,7,-1
1913648,1985371,6,3.083390054218504,0.75,49,0.857142857142857,1.0,7,-1
1913658,1942060,5,2.7905531327562363,0.7142857142857143,36,0.8333333333333333,1.0,8,-1
1913658,1945735,5,2.7905531327562363,0.7142857142857143,36,0.8333333333333333,1.0,0,-1
1913658,1950061,5,2.7905531327562363,0.7142857142857143,36,0.8333333333333333,1.0,5,-1
1913658,1950548,5,2.7905531327562363,0.7142857142857143,36,0.8333333333333333,1.0,5,-1
1913762,1921014,4,2.2982992855820874,0.4,45,0.7,1.0,4,-1
1913762,1926753,2,0.8894140952166705,0.2222222222222222,30,0.2111111111111111,0.5,3,-1
1913762,1931161,4,2.319124416992254,0.36363636363636365,50,0.7111111111111112,1.0,4,-1
1913762,1980919,2,0.8894140952166705,0.25,25,0.2111111111111111,0.5,3,-1
1913762,1983537,4,2.132083964335894,0.6666666666666666,25,0.6111111111111112,1.0,0,-1
1913762,1986360,2,0.8894140952166705,0.25,25,0.2111111111111111,0.5,3,-1
1913762,2000861,4,2.132083964335894,0.6666666666666666,25,0.6111111111111112,1.0,4,-1
1913762,2003659,4,2.132083964335894,0.6666666666666666,25,0.6111111111111112,1.0,4,-1
1913762,2003663,2,0.8894140952166705,0.25,25,0.2111111111111111,0.5,3,-1
1914212,1949911,6,3.083390054218504,0.75,49,0.857142857142857,1.0,11,-1
1914212,1973470,6,3.083390054218504,0.75,49,0.857142857142857,1.0,7,-1
1914212,1985371,6,3.083390054218504,0.75,49,0.857142857142857,1.0,7,-1
1915309,1939969,7,3.2752613270292077,0.7777777777777778,64,0.8269230769230769,1.0,0,-1
1915309,1946613,7,3.2752613270292077,0.7777777777777778,64,0.8269230769230769,1.0,7,-1
1915309,1946714,1,0.3898712452512801,0.08333333333333333,40,0.07692307692307693,0.5,2,-1
1915309,1946722,1,0.3898712452512801,0.08333333333333333,40,0.07692307692307693,0.5,2,-1
1915309,1947086,7,3.2752613270292077,0.7777777777777778,64,0.8269230769230769,1.0,7,-1
1915309,1947166,1,0.3898712452512801,0.08333333333333333,40,0.07692307692307693,0.5,2,-1
1915309,1947212,1,0.3898712452512801,0.08333333333333333,40,0.07692307692307693,0.5,2,-1
1915309,1947388,7,3.2752613270292077,0.7777777777777778,64,0.8269230769230769,1.0,7,-1
1915309,1947409,7,3.2752613270292077,0.7777777777777778,64,0.8269230769230769,1.0,7,-1
1915309,1947422,7,3.2752613270292077,0.7777777777777778,64,0.8269230769230769,1.0,7,-1
1915309,1947489,1,0.3898712452512801,0.08333333333333333,40,0.07692307692307693,0.5,2,-1
1915533,1965286,13,5.1153567105802935,0.8666666666666667,196,1.0266575529733424,1.0,14,1
1915533,1971744,13,5.1153567105802935,0.8666666666666667,196,1.0266575529733424,1.0,14,1
1915533,1982894,13,5.1153567105802935,0.8666666666666667,196,1.0266575529733424,1.0,14,1
1915533,1982899,13,5.1153567105802935,0.8666666666666667,196,1.0266575529733424,1.0,14,1
1915533,1982903,13,5.115356710580294,0.8666666666666667,196,1.0266575529733424,1.0,14,1
1915533,1984851,10,3.8261503265732597,0.6666666666666666,154,0.7344497607655502,1.0,11,-1
1915533,1988345,13,5.115356710580294,0.8666666666666667,196,1.0266575529733424,1.0,14,1
1915533,1988359,13,5.1153567105802935,0.8666666666666667,196,1.0266575529733424,1.0,14,1
1915533,2002231,10,3.8261503265732593,0.6666666666666666,154,0.7344497607655502,1.0,11,-1
1915533,2037225,10,3.8261503265732597,0.6666666666666666,154,0.7344497607655502,1.0,11,-1
1915663,1950775,4,2.4853397382384474,0.6666666666666666,25,0.8,1.0,8,1
1915663,1951644,4,2.4853397382384474,0.6666666666666666,25,0.8,1.0,8,1
1915663,1952733,4,2.4853397382384474,0.6666666666666666,25,0.8,1.0,8,1
1915838,1986146,6,2.8729047873910325,0.75,49,0.7513227513227512,1.0,7,-1
1915838,2003482,6,2.8729047873910325,0.75,49,0.7513227513227512,1.0,7,-1
1916357,1966336,4,2.26643440806068,0.6666666666666666,25,0.6833333333333333,1.0,0,-1
1916357,1967063,4,2.26643440806068,0.6666666666666666,25,0.6833333333333335,1.0,0,-1
1916357,1983019,4,2.26643440806068,0.6666666666666666,25,0.6833333333333333,1.0,6,-1
1916357,1983034,4,2.26643440806068,0.6666666666666666,25,0.6833333333333333,1.0,6,-1
1916693,1949231,6,3.083390054218504,0.75,49,0.857142857142857,1.0,12,-1
1916693,1950098,6,3.083390054218504,0.75,49,0.857142857142857,1.0,12,-1
1916693,1950654,6,3.083390054218504,0.75,49,0.857142857142857,1.0,12,-1
1917266,1935346,4,2.4853397382384474,0.6666666666666666,25,0.8,1.0,5,-1
1917266,1967708,4,2.4853397382384474,0.6666666666666666,25,0.8,1.0,7,1
1917266,1976390,4,2.4853397382384474,0.6666666666666666,25,0.8,1.0,7,1
1917266,2004794,4,2.4853397382384474,0.6666666666666666,25,0.8,1.0,5,-1
1917504,1982064,3,2.164042561333445,0.6,16,0.75,1.0,4,1
1917504,1984945,3,2.164042561333445,0.6,16,0.75,1.0,7,-1
1917504,1988759,3,2.164042561333445,0.6,16,0.75,1.0,7,1
1917520,1950624,1,0.7213475204444817,0.3333333333333333,4,0.25,1.0,2,-1
1917850,1928651,4,2.2982992855820874,0.4,45,0.7000000000000001,1.0,5,-1
1917850,1946303,4,2.4853397382384474,0.26666666666666666,90,0.8,1.0,5,-1
1917850,1950852,3,2.164042561333445,0.3,36,0.75,1.0,4,-1
1917850,1951315,3,2.164042561333445,0.3,36,0.75,1.0,4,-1
1917850,1952361,3,2.164042561333445,0.3,36,0.75,1.0,4,-1
1917850,1952746,3,2.164042561333445,0.3,36,0.75,1.0,4,-1
1917850,1965682,4,2.2982992855820874,0.4,45,0.7000000000000001,1.0,5,-1
1917850,1971386,4,2.2982992855820874,0.4,45,0.7000000000000001,1.0,5,-1
1917850,1974671,1,0.43429448190325176,0.07692307692307693,45,0.1,0.5,2,-1
1917850,1975622,1,0.43429448190325176,0.07692307692307693,45,0.1,0.5,2,-1
1917850,1975626,1,0.43429448190325176,0.07692307692307693,45,0.1,0.5,2,-1
1917850,1977914,1,0.43429448190325176,0.07692307692307693,45,0.1,0.5,2,-1
1917850,1982475,4,2.2982992855820874,0.4,45,0.7000000000000001,1.0,5,-1
1917914,1986352,2,1.8204784532536746,0.5,9,0.6666666666666666,1.0,5,-1
1917914,2003081,2,1.8204784532536746,0.5,9,0.6666666666666666,1.0,3,-1
1917914,2003099,2,1.8204784532536746,0.5,9,0.6666666666666666,1.0,5,-1
1918381,1966370,1,0.3284587387530511,0.05,110,0.047619047619047616,0.5,2,-1
1918381,1967113,1,0.3284587387530511,0.05,110,0.047619047619047616,0.5,2,-1
1918381,1972900,1,0.3284587387530511,0.05,110,0.047619047619047616,0.5,2,-1
1918381,1972904,1,0.3284587387530511,0.05,110,0.047619047619047616,0.5,2,-1
1918381,1974709,10,4.170323914242463,0.45454545454545453,231,0.9090909090909093,1.0,11,1
1918381,1974724,1,0.3284587387530511,0.05,110,0.047619047619047616,0.5,2,-1
1918381,1974728,1,0.3284587387530511,0.05,110,0.047619047619047616,0.5,2,-1
1918381,1984462,1,0.3284587387530511,0.05,110,0.047619047619047616,0.5,2,-1
1918381,1984466,1,0.3284587387530511,0.05,110,0.047619047619047616,0.5,2,-1
1918381,1984479,1,0.3284587387530511,0.05,110,0.047619047619047616,0.5,2,-1
1918381,1985079,10,4.081750261571267,0.8333333333333334,121,0.8658008658008659,1.0,12,-1
1918381,1985087,10,4.081750261571267,0.8333333333333334,121,0.8658008658008659,1.0,11,-1
1918381,1986562,10,4.081750261571267,0.8333333333333334,121,0.865800865800866,1.0,11,-1
1918381,1994665,1,0.3284587387530511,0.05,110,0.047619047619047616,0.5,2,-1
1918381,2004869,10,4.081750261571267,0.8333333333333334,121,0.865800865800866,1.0,11,-1
1918381,2005331,10,4.081750261571267,0.8333333333333334,121,0.865800865800866,1.0,11,-1
1918560,1940407,3,2.164042561333445,0.6,16,0.75,1.0,4,-1
1918560,1947551,3,2.164042561333445,0.6,16,0.75,1.0,4,-1
1918560,1947570,3,2.164042561333445,0.6,16,0.75,1.0,4,-1
1918560,1947751,3,2.164042561333445,0.6,16,0.75,1.0,4,-1
1918711,1920919,9,3.9086503371292665,0.8181818181818182,100,0.8999999999999999,1.0,19,-1
1918711,1920951,9,3.9086503371292665,0.8181818181818182,100,0.8999999999999999,1.0,19,-1
1918711,1939458,9,3.9086503371292665,0.8181818181818182,100,0.8999999999999999,1.0,19,-1
1918711,1939730,9,3.9086503371292665,0.8181818181818182,100,0.8999999999999999,1.0,19,-1
1918711,1939953,9,3.9086503371292665,0.8181818181818182,100,0.8999999999999999,1.0,19,-1
1918711,1946555,9,3.9086503371292665,0.8181818181818182,100,0.8999999999999999,1.0,19,-1
1918711,1946565,9,3.9086503371292665,0.8181818181818182,100,0.8999999999999999,1.0,10,-1
1918711,1946587,9,3.9086503371292665,0.8181818181818182,100,0.8999999999999999,1.0,19,-1
1918711,1947339,9,3.9086503371292665,0.8181818181818182,100,0.8999999999999999,1.0,19,-1
1918765,1940896,7,3.366288428740915,0.7777777777777778,64,0.875,1.0,13,-1
1918765,1940939,7,3.366288428740915,0.7777777777777778,64,0.875,1.0,8,-1
1918765,1940942,7,3.366288428740915,0.7777777777777778,64,0.875,1.0,13,-1
1918765,1940945,7,3.366288428740915,0.7777777777777778,64,0.875,1.0,8,-1
1918765,1947892,7,3.366288428740915,0.7777777777777778,64,0.875,1.0,13,-1
1918765,1948329,7,3.366288428740915,0.7777777777777778,64,0.875,1.0,13,-1
1918765,1948402,7,3.366288428740915,0.7777777777777778,64,0.875,1.0,8,-1
1918765,1948527,7,3.366288428740915,0.7777777777777778,64,0.875,1.0,13,-1
1918947,1919690,7,3.366288428740915,0.7777777777777778,64,0.875,1.0,8,-1
1918947,1950785,7,3.366288428740915,0.7777777777777778,64,0.875,1.0,8,-1
1918947,1950789,7,3.366288428740915,0.7777777777777778,64,0.875,1.0,8,-1
1918947,1951692,7,3.366288428740915,0.7777777777777778,64,0.875,1.0,8,-1
1918947,1952343,7,3.366288428740915,0.7777777777777778,64,0.875,1.0,8,-1
1918947,1952346,7,3.366288428740915,0.7777777777777778,64,0.875,1.0,8,-1
1918947,1952350,7,3.366288428740915,0.7777777777777778,64,0.875,1.0,8,-1
1918947,1952754,7,3.366288428740915,0.7777777777777778,64,0.875,1.0,8,-1
1919141,1950767,8,3.640956906507349,0.8,81,0.8888888888888891,1.0,8,-1
1919141,1951260,8,3.640956906507349,0.8,81,0.8888888888888891,1.0,11,-1
1919141,1951272,8,3.640956906507349,0.8,81,0.8888888888888891,1.0,0,-1
1919141,1951291,8,3.640956906507349,0.8,81,0.8888888888888891,1.0,11,-1
1919141,1951660,8,3.640956906507349,0.8,81,0.8888888888888891,1.0,11,-1
1919141,1951672,8,3.640956906507349,0.8,81,0.8888888888888891,1.0,8,-1
1919141,1951679,8,3.640956906507349,0.8,81,0.8888888888888891,1.0,8,-1
1919141,1952319,8,3.640956906507349,0.8,81,0.8888888888888891,1.0,8,-1
1919141,1952334,8,3.640956906507349,0.8,81,0.8888888888888891,1.0,8,-1
1919218,1983650,7,3.366288428740915,0.7777777777777778,64,0.875,1.0,13,-1
1919218,1986466,7,3.366288428740915,0.7777777777777778,64,0.875,1.0,8,-1
1919218,2000972,7,3.366288428740915,0.7777777777777778,64,0.875,1.0,13,-1
1919218,2000977,7,3.366288428740915,0.7777777777777778,64,0.875,1.0,8,-1
1919218,2000982,7,3.366288428740915,0.7777777777777778,64,0.875,1.0,13,-1
1919218,2003746,7,3.366288428740915,0.7777777777777778,64,0.875,1.0,13,-1
1919218,2003795,7,3.366288428740915,0.7777777777777778,64,0.875,1.0,13,-1
1919218,2003804,7,3.366288428740915,0.7777777777777778,64,0.875,1.0,8,-1
1919510,1928751,9,3.9086503371292665,0.8181818181818182,100,0.8999999999999999,1.0,10,-1
1919510,1928761,9,3.9086503371292665,0.8181818181818182,100,0.8999999999999999,1.0,10,-1
1919510,1928767,9,3.9086503371292665,0.8181818181818182,100,0.8999999999999999,1.0,10,-1
1919510,1966418,9,3.9086503371292665,0.8181818181818182,100,0.8999999999999999,1.0,10,-1
1919510,1974887,9,3.9086503371292665,0.8181818181818182,100,0.8999999999999999,1.0,10,-1
1919510,1974892,9,3.9086503371292665,0.8181818181818182,100,0.8999999999999999,1.0,10,-1
1919510,1974905,9,3.9086503371292665,0.8181818181818182,100,0.8999999999999999,1.0,10,-1
1919510,1983183,9,3.9086503371292665,0.8181818181818182,100,0.8999999999999999,1.0,10,-1
1919510,1983187,9,3.9086503371292665,0.8181818181818182,100,0.8999999999999999,1.0,10,-1
1919510,1994789,9,3.9086503371292665,0.8181818181818182,100,0.8999999999999999,1.0,10,-1
1919526,1973803,8,4.467306366051135,0.4,171,1.3253968253968251,1.0,18,1
1919526,1975179,8,4.467306366051135,0.4,171,1.3253968253968251,1.0,18,1
1919526,1983824,6,2.96583259610584,0.3,133,0.7936507936507935,1.0,14,-1
1919526,1986618,6,2.96583259610584,0.3,133,0.7936507936507935,1.0,14,-1
1919526,2001107,6,2.96583259610584,0.3,133,0.7936507936507935,1.0,14,-1
1919526,2003914,6,2.96583259610584,0.3,133,0.7936507936507935,1.0,14,-1
1919690,1950785,7,3.366288428740915,0.7777777777777778,64,0.875,1.0,13,-1
1919690,1950789,7,3.366288428740915,0.7777777777777778,64,0.875,1.0,13,-1
1919690,1951692,7,3.366288428740915,0.7777777777777778,64,0.875,1.0,8,-1
1919690,1952343,7,3.366288428740915,0.7777777777777778,64,0.875,1.0,8,-1
1919690,1952346,7,3.366288428740915,0.7777777777777778,64,0.875,1.0,13,-1
1919690,1952350,7,3.366288428740915,0.7777777777777778,64,0.875,1.0,13,-1
1919690,1952754,7,3.366288428740915,0.7777777777777778,64,0.875,1.0,13,-1
1919948,1966854,6,2.8478942191121277,0.75,49,0.7316849816849815,1.0,7,-1
1919948,1966857,6,2.8478942191121277,0.75,49,0.7316849816849815,1.0,7,-1
1919948,1972567,6,2.8478942191121277,0.75,49,0.7316849816849818,1.0,7,-1
1919948,1974202,6,2.8478942191121277,0.75,49,0.7316849816849818,1.0,7,-1
1919948,1978957,6,2.8478942191121277,0.75,49,0.7316849816849815,1.0,7,-1
1919966,1938387,8,3.640956906507349,0.8,81,0.8888888888888891,1.0,8,-1
1919966,1938397,8,3.640956906507349,0.8,81,0.8888888888888891,1.0,8,-1
1919966,1946968,8,3.640956906507349,0.8,81,0.8888888888888891,1.0,8,-1
1919966,1946982,8,3.640956906507349,0.8,81,0.8888888888888891,1.0,8,-1
1919966,1947186,8,3.640956906507349,0.8,81,0.8888888888888891,1.0,0,-1
1919966,1947194,8,3.640956906507349,0.8,81,0.8888888888888891,1.0,8,-1
1919966,1947202,8,3.640956906507349,0.8,81,0.8888888888888891,1.0,8,-1
1919966,1947208,8,3.640956906507349,0.8,81,0.8888888888888891,1.0,8,-1
1920080,1921741,15,5.4101064033336135,0.8823529411764706,256,0.9375,1.0,16,1
1920080,1921749,15,5.4101064033336135,0.8823529411764706,256,0.9375,1.0,16,-1
1920080,1925199,15,5.4101064033336135,0.8823529411764706,256,0.9375,1.0,16,-1
1920080,1930082,15,5.4101064033336135,0.8823529411764706,256,0.9375,1.0,16,1
1920080,1930157,15,5.4101064033336135,0.8823529411764706,256,0.9375,1.0,16,1
1920080,1952734,15,5.4101064033336135,0.8823529411764706,256,0.9375,1.0,16,1
1920080,1953153,15,5.4101064033336135,0.8823529411764706,256,0.9375,1.0,16,1
1920080,1967777,15,5.4101064033336135,0.8823529411764706,256,0.9375,1.0,16,1
1920080,1971418,15,5.4101064033336135,0.8823529411764706,256,0.9375,1.0,16,1
1920080,1971421,15,5.4101064033336135,0.8823529411764706,256,0.9375,1.0,16,1
1920919,1920951,9,3.9086503371292665,0.8181818181818182,100,0.8999999999999999,1.0,19,-1
1920919,1939458,9,3.9086503371292665,0.8181818181818182,100,0.8999999999999999,1.0,19,-1
1920919,1939730,9,3.9086503371292665,0.8181818181818182,100,0.8999999999999999,1.0,19,-1
1920919,1939953,9,3.9086503371292665,0.8181818181818182,100,0.8999999999999999,1.0,19,-1
1920919,1946555,9,3.9086503371292665,0.8181818181818182,100,0.8999999999999999,1.0,19,-1
1920919,1946565,9,3.9086503371292665,0.8181818181818182,100,0.8999999999999999,1.0,10,-1
1920919,1946587,9,3.9086503371292665,0.8181818181818182,100,0.8999999999999999,1.0,19,-1
1920919,1947339,9,3.9086503371292665,0.8181818181818182,100,0.8999999999999999,1.0,19,-1
1920951,1939458,9,3.9086503371292665,0.8181818181818182,100,0.8999999999999999,1.0,19,-1
1920951,1939730,9,3.9086503371292665,0.8181818181818182,100,0.8999999999999999,1.0,19,-1
1920951,1939953,9,3.9086503371292665,0.8181818181818182,100,0.8999999999999999,1.0,19,-1
1920951,1946555,9,3.9086503371292665,0.8181818181818182,100,0.8999999999999999,1.0,19,-1
1920951,1946565,9,3.9086503371292665,0.8181818181818182,100,0.8999999999999999,1.0,10,-1
1920951,1946587,9,3.9086503371292665,0.8181818181818182,100,0.8999999999999999,1.0,19,-1
1920951,1947339,9,3.9086503371292665,0.8181818181818182,100,0.8999999999999999,1.0,19,-1
1921014,1926753,4,2.2982992855820874,0.36363636363636365,54,0.7,1.0,5,-1
1921014,1931161,8,4.90745516846853,0.7272727272727273,90,1.5666666666666664,1.0,14,-1
1921014,1980919,4,2.2350749775737224,0.4,45,0.6666666666666667,1.0,9,-1
1921014,1983537,4,2.2982992855820874,0.4,45,0.7,1.0,0,-1
1921014,1986360,4,2.235074977573723,0.4,45,0.6666666666666667,1.0,9,-1
1921014,2000861,4,2.2982992855820874,0.4,45,0.7,1.0,7,-1
1921014,2003659,4,2.2982992855820874,0.4,45,0.7,1.0,7,-1
1921014,2003663,4,2.2350749775737224,0.4,45,0.6666666666666667,1.0,9,-1
1921065,1926027,9,3.6141674504052226,0.5294117647058824,160,0.75,1.0,16,-1
1921065,1931042,9,3.614167450405223,0.5294117647058824,160,0.75,1.0,16,-1
1921065,1931046,9,3.6141674504052226,0.5294117647058824,160,0.75,1.0,16,-1
1921065,1931051,9,3.6141674504052226,0.5294117647058824,160,0.75,1.0,10,-1
1921065,1972862,9,3.5405467287242116,0.8181818181818182,100,0.7124999999999999,1.0,10,-1
1921065,1977889,9,3.540546728724212,0.8181818181818182,100,0.7124999999999999,1.0,10,-1
1921065,1977899,9,3.5405467287242116,0.8181818181818182,100,0.7124999999999999,1.0,16,-1
1921065,1982145,9,3.614167450405223,0.5294117647058824,160,0.75,1.0,16,-1
1921065,1984166,9,3.540546728724212,0.8181818181818182,100,0.7124999999999999,1.0,10,-1
1921065,1984174,9,3.5405467287242116,0.8181818181818182,100,0.7124999999999999,1.0,16,-1
1921142,1921257,9,3.853279036915966,0.8181818181818182,100,0.8714285714285713,1.0,10,-1
1921142,1974931,9,3.853279036915966,0.8181818181818182,100,0.8714285714285713,1.0,10,-1
1921142,1974935,9,3.853279036915966,0.8181818181818182,100,0.8714285714285713,1.0,10,-1
1921142,1975768,9,3.853279036915966,0.8181818181818182,100,0.8714285714285713,1.0,10,-1
1921142,1975780,9,3.853279036915966,0.8181818181818182,100,0.8714285714285713,1.0,10,-1
1921142,1978095,9,3.853279036915966,0.8181818181818182,100,0.8714285714285713,1.0,10,-1
1921142,1984541,9,3.853279036915966,0.8181818181818182,100,0.8714285714285713,1.0,10,-1
1921142,1984551,9,3.853279036915966,0.8181818181818182,100,0.8714285714285713,1.0,10,-1
1921257,1974931,9,3.853279036915966,0.8181818181818182,100,0.8714285714285713,1.0,18,-1
1921257,1974935,9,3.853279036915966,0.8181818181818182,100,0.8714285714285713,1.0,18,-1
1921257,1975768,9,3.853279036915966,0.8181818181818182,100,0.8714285714285713,1.0,18,-1
1921257,1975780,9,3.853279036915966,0.8181818181818182,100,0.8714285714285713,1.0,18,-1
1921257,1978095,9,3.853279036915966,0.8181818181818182,100,0.8714285714285713,1.0,18,-1
1921257,1984541,9,3.853279036915966,0.8181818181818182,100,0.8714285714285713,1.0,18,-1
1921257,1984551,9,3.853279036915966,0.8181818181818182,100,0.8714285714285713,1.0,18,-1
1921741,1921749,15,5.4101064033336135,0.8823529411764706,256,0.9375,1.0,16,-1
1921741,1925199,15,5.4101064033336135,0.8823529411764706,256,0.9375,1.0,28,-1
1921741,1930082,15,5.4101064033336135,0.8823529411764706,256,0.9375,1.0,28,-1
1921741,1930157,15,5.4101064033336135,0.8823529411764706,256,0.9375,1.0,28,1
1921741,1952734,15,5.4101064033336135,0.8823529411764706,256,0.9375,1.0,28,1
1921741,1953153,15,5.4101064033336135,0.8823529411764706,256,0.9375,1.0,28,1
1921741,1967777,15,5.4101064033336135,0.8823529411764706,256,0.9375,1.0,28,1
1921741,1971418,15,5.4101064033336135,0.8823529411764706,256,0.9375,1.0,16,-1
1921741,1971421,15,5.4101064033336135,0.8823529411764706,256,0.9375,1.0,28,-1
1921749,1925199,15,5.4101064033336135,0.8823529411764706,256,0.9375,1.0,16,-1
1921749,1930082,15,5.4101064033336135,0.8823529411764706,256,0.9375,1.0,16,-1
1921749,1930157,15,5.4101064033336135,0.8823529411764706,256,0.9375,1.0,16,-1
1921749,1952734,15,5.4101064033336135,0.8823529411764706,256,0.9375,1.0,16,-1
1921749,1953153,15,5.4101064033336135,0.8823529411764706,256,0.9375,1.0,16,-1
1921749,1967777,15,5.4101064033336135,0.8823529411764706,256,0.9375,1.0,16,-1
1921749,1971418,15,5.4101064033336135,0.8823529411764706,256,0.9375,1.0,17,-1
1921749,1971421,15,5.4101064033336135,0.8823529411764706,256,0.9375,1.0,16,-1
1921783,1927330,9,3.9086503371292665,0.8181818181818182,100,0.8999999999999999,1.0,19,-1
1921783,1940914,9,3.9086503371292665,0.8181818181818182,100,0.8999999999999999,1.0,19,-1
1921783,1940925,9,3.9086503371292665,0.8181818181818182,100,0.8999999999999999,1.0,19,-1
1921783,1941891,9,3.9086503371292665,0.8181818181818182,100,0.8999999999999999,1.0,19,-1
1921783,1949684,9,3.9086503371292665,0.8181818181818182,100,0.8999999999999999,1.0,10,-1
1921783,1949688,9,3.9086503371292665,0.8181818181818182,100,0.8999999999999999,1.0,19,-1
1921783,1949697,9,3.9086503371292665,0.8181818181818182,100,0.8999999999999999,1.0,19,-1
1921783,1949775,9,3.9086503371292665,0.8181818181818182,100,0.8999999999999999,1.0,19,-1
1921783,1949991,9,3.9086503371292665,0.8181818181818182,100,0.8999999999999999,1.0,19,-1
1921783,1950153,9,3.9086503371292665,0.8181818181818182,100,0.8999999999999999,1.0,19,-1
1922119,1926804,7,3.366288428740915,0.7777777777777778,64,0.875,1.0,0,-1
1922119,1927422,7,3.366288428740915,0.7777777777777778,64,0.875,1.0,0,-1
1922119,1927447,7,3.366288428740915,0.7777777777777778,64,0.875,1.0,0,-1
1922119,1931226,7,3.366288428740915,0.7777777777777778,64,0.875,1.0,0,-1
1922119,1931234,7,3.366288428740915,0.7777777777777778,64,0.875,1.0,0,-1
1922119,1931913,7,3.366288428740915,0.7777777777777778,64,0.875,1.0,0,-1
1922119,1931938,7,3.366288428740915,0.7777777777777778,64,0.875,1.0,0,-1
1922119,1932043,7,3.366288428740915,0.7777777777777778,64,0.875,1.0,0,-1
1922578,1930572,6,3.083390054218504,0.75,49,0.857142857142857,1.0,7,-1
1922578,1931255,6,3.083390054218504,0.75,49,0.857142857142857,1.0,7,-1
1922578,1976808,6,3.083390054218504,0.75,49,0.857142857142857,1.0,10,-1
1922578,1983043,6,3.083390054218504,0.75,49,0.857142857142857,1.0,10,-1
1922578,1984205,6,3.083390054218504,0.75,49,0.857142857142857,1.0,7,-1
1922578,1989758,6,3.083390054218504,0.75,49,0.857142857142857,1.0,7,-1
1922640,1926742,8,3.640956906507349,0.8,81,0.8888888888888891,1.0,0,-1
1922640,1931864,8,3.640956906507349,0.8,81,0.8888888888888891,1.0,0,-1
1922640,1932009,8,3.640956906507349,0.8,81,0.8888888888888891,1.0,0,-1
1922640,1975663,8,3.640956906507349,0.8,81,0.8888888888888891,1.0,4,-1
1922640,1984223,8,3.640956906507349,0.8,81,0.8888888888888891,1.0,0,-1
1922640,1984483,8,3.640956906507349,0.8,81,0.8888888888888891,1.0,4,-1
1922640,1989782,8,3.640956906507349,0.8,81,0.8888888888888891,1.0,0,-1
1922834,1984724,7,3.366288428740915,0.7777777777777778,64,0.875,1.0,11,-1
1922834,1987483,7,3.366288428740915,0.7777777777777778,64,0.875,1.0,0,-1
1922834,1987493,7,3.366288428740915,0.7777777777777778,64,0.875,1.0,11,-1
1922834,1987507,7,3.366288428740915,0.7777777777777778,64,0.875,1.0,11,-1
1922834,2002049,7,3.366288428740915,0.7777777777777778,64,0.875,1.0,11,-1
1922834,2004428,7,3.366288428740915,0.7777777777777778,64,0.875,1.0,0,-1
1922834,2004456,7,3.366288428740915,0.7777777777777778,64,0.875,1.0,6,-1
1922834,2004497,7,3.366288428740915,0.7777777777777778,64,0.875,1.0,11,-1
1922982,1932213,12,4.496767322508324,0.8571428571428571,169,0.8353334644894748,1.0,13,-1
1922982,1977315,12,4.567709578855804,0.5,299,0.8687782805429864,1.0,13,-1
1922982,1979104,12,4.496767322508325,0.8571428571428571,169,0.8353334644894748,1.0,22,-1
1922982,1983705,12,4.496767322508324,0.8571428571428571,169,0.8353334644894748,1.0,22,-1
1922982,1986510,12,4.496767322508325,0.8571428571428571,169,0.8353334644894748,1.0,22,-1
1922982,1986513,12,4.496767322508325,0.8571428571428571,169,0.8353334644894748,1.0,22,-1
1922982,2003484,12,4.496767322508324,0.8571428571428571,169,0.8353334644894748,1.0,22,-1
1923181,1938938,2,1.8204784532536746,0.5,9,0.6666666666666666,1.0,3,-1
1923181,1940095,2,1.8204784532536746,0.5,9,0.6666666666666666,1.0,5,-1
1923181,1940352,2,1.8204784532536746,0.5,9,0.6666666666666666,1.0,5,-1
1923211,1923251,2,1.8204784532536746,0.5,9,0.6666666666666666,1.0,6,-1
1923211,1947794,2,1.8204784532536746,0.5,9,0.6666666666666666,1.0,6,1
1923251,1947794,2,1.8204784532536746,0.5,9,0.6666666666666666,1.0,6,-1
1923323,2026163,6,3.083390054218504,0.75,49,0.857142857142857,1.0,9,-1
1923323,2047219,6,3.083390054218504,0.75,49,0.857142857142857,1.0,9,-1
1923323,2047222,6,3.083390054218504,0.75,49,0.857142857142857,1.0,9,-1
1923323,2047226,6,3.083390054218504,0.75,49,0.857142857142857,1.0,5,-1
1923529,1950799,3,2.164042561333445,0.6,16,0.75,1.0,0,-1
1923529,1950803,3,2.164042561333445,0.6,16,0.75,1.0,0,-1
1923529,1950857,3,2.164042561333445,0.6,16,0.75,1.0,0,-1
1923529,1951703,3,2.164042561333445,0.6,16,0.75,1.0,1,-1
1923948,1940168,3,2.164042561333445,0.6,16,0.75,1.0,5,-1
1923948,1947378,3,2.164042561333445,0.6,16,0.75,1.0,4,-1
1923948,1947576,3,2.164042561333445,0.6,16,0.75,1.0,4,-1
1924160,1928778,1,1.4426950408889634,0.3333333333333333,4,0.5,1.0,2,-1
1924160,1928790,1,1.4426950408889634,0.3333333333333333,4,0.5,1.0,3,-1
1924382,1971686,4,2.4853397382384474,0.6666666666666666,25,0.8,1.0,7,-1
1924382,1975667,4,2.4853397382384474,0.6666666666666666,25,0.8,1.0,5,-1
1924382,1983070,4,2.4853397382384474,0.6666666666666666,25,0.8,1.0,5,-1
1924382,1989787,4,2.4853397382384474,0.6666666666666666,25,0.8,1.0,5,-1
1924476,1934148,4,2.4853397382384474,0.6666666666666666,25,0.8,1.0,7,-1
1924476,1983476,4,2.4853397382384474,0.6666666666666666,25,0.8,1.0,5,-1
1924476,1986260,4,2.4853397382384474,0.6666666666666666,25,0.8,1.0,5,-1
1924476,2000847,4,2.4853397382384474,0.6666666666666666,25,0.8,1.0,5,-1
1924622,1925456,3,2.164042561333445,0.6,16,0.75,1.0,4,-1
1924622,1942176,3,2.164042561333445,0.6,16,0.75,1.0,7,-1
1924622,1949201,3,2.164042561333445,0.6,16,0.75,1.0,7,-1
1924622,1950465,3,2.164042561333445,0.6,16,0.75,1.0,7,-1
1924888,1966357,3,2.164042561333445,0.6,16,0.75,1.0,0,-1
1924888,1976800,3,2.164042561333445,0.6,16,0.75,1.0,0,-1
1924888,1984216,3,2.164042561333445,0.6,16,0.75,1.0,0,-1
1924888,1989738,3,2.164042561333445,0.6,16,0.75,1.0,0,-1
1925199,1930082,15,5.4101064033336135,0.8823529411764706,256,0.9375,1.0,28,-1
1925199,1930157,15,5.4101064033336135,0.8823529411764706,256,0.9375,1.0,28,-1
1925199,1952734,15,5.4101064033336135,0.8823529411764706,256,0.9375,1.0,28,-1
1925199,1953153,15,5.4101064033336135,0.8823529411764706,256,0.9375,1.0,28,-1
1925199,1967777,15,5.4101064033336135,0.8823529411764706,256,0.9375,1.0,28,-1
1925199,1971418,15,5.4101064033336135,0.8823529411764706,256,0.9375,1.0,16,-1
1925199,1971421,15,5.4101064033336135,0.8823529411764706,256,0.9375,1.0,28,-1
1925455,1967287,12,4.678454943015361,0.8571428571428571,169,0.9230769230769229,1.0,13,-1
1925455,1967289,12,4.678454943015361,0.8571428571428571,169,0.9230769230769229,1.0,13,-1
1925455,1967291,12,4.678454943015361,0.8571428571428571,169,0.9230769230769229,1.0,13,-1
1925455,1970866,12,4.678454943015361,0.8571428571428571,169,0.9230769230769229,1.0,13,-1
1925455,1970875,12,4.678454943015361,0.8571428571428571,169,0.9230769230769229,1.0,13,-1
1925455,1970879,12,4.678454943015361,0.8571428571428571,169,0.9230769230769229,1.0,13,-1
1925455,1975074,12,4.678454943015361,0.8571428571428571,169,0.9230769230769229,1.0,13,-1
1925455,1978265,12,4.678454943015361,0.8571428571428571,169,0.9230769230769229,1.0,13,-1
1925455,1984714,12,4.678454943015361,0.8571428571428571,169,0.9230769230769229,1.0,13,-1
1925455,1995020,12,4.678454943015361,0.8571428571428571,169,0.9230769230769229,1.0,13,-1
1925455,1995024,12,4.678454943015361,0.8571428571428571,169,0.9230769230769229,1.0,13,-1
1925456,1942176,3,2.164042561333445,0.6,16,0.75,1.0,4,-1
1925456,1949201,3,2.164042561333445,0.6,16,0.75,1.0,4,-1
1925456,1950465,3,2.164042561333445,0.6,16,0.75,1.0,4,-1
1925535,1931228,4,2.2982992855820874,0.36363636363636365,50,0.7000000000000001,1.0,6,-1
1925535,1931241,4,2.2982992855820874,0.36363636363636365,50,0.7000000000000001,1.0,5,-1
1925535,1942117,4,2.2982992855820874,0.36363636363636365,50,0.7000000000000001,1.0,5,-1
1925535,1949882,4,2.2982992855820874,0.36363636363636365,50,0.7000000000000001,1.0,5,-1
1925535,1950621,9,5.275892870994684,0.8181818181818182,100,1.6333333333333335,1.0,10,-1
1925535,1952345,5,2.666736988108241,0.45454545454545453,60,0.7666666666666666,1.0,6,-1
1925535,1983395,5,2.666736988108241,0.45454545454545453,60,0.7666666666666666,1.0,6,-1
1925535,1984450,5,2.666736988108241,0.45454545454545453,60,0.7666666666666666,1.0,6,-1
1926027,1931042,15,6.293555063505745,0.8823529411764706,256,1.3875000000000002,1.0,27,1
1926027,1931046,15,6.293555063505745,0.8823529411764706,256,1.3875000000000002,1.0,27,1
1926027,1931051,15,6.293555063505745,0.8823529411764706,256,1.3875000000000002,1.0,16,1
1926027,1972862,9,3.6141674504052226,0.5294117647058824,160,0.75,1.0,10,-1
1926027,1977889,9,3.6141674504052226,0.5294117647058824,160,0.7499999999999999,1.0,10,-1
1926027,1977899,9,3.6141674504052226,0.5294117647058824,160,0.75,1.0,16,-1
1926027,1982145,15,6.293555063505745,0.8823529411764706,256,1.3875000000000002,1.0,27,1
1926027,1984166,9,3.6141674504052226,0.5294117647058824,160,0.7499999999999999,1.0,10,-1
1926027,1984174,9,3.6141674504052226,0.5294117647058824,160,0.75,1.0,16,-1
1926158,1939673,8,3.365920836066911,0.6153846153846154,108,0.7456099456099456,1.0,18,-1
1926158,1939677,8,3.365920836066911,0.6153846153846154,108,0.7456099456099456,1.0,18,-1
1926158,1941104,8,3.365920836066911,0.6153846153846154,108,0.7456099456099456,1.0,18,-1
1926158,1947878,11,5.048890676376956,0.6875,180,1.2483877233877234,1.0,24,1
1926158,1948296,9,3.884906404919071,0.6428571428571429,132,0.8908119658119658,1.0,20,-1
1926158,1948751,8,3.365920836066911,0.6153846153846154,108,0.7456099456099456,1.0,18,-1
1926158,1948759,11,5.028288804194531,0.7857142857142857,156,1.2381313131313132,1.0,24,1
1926158,1948767,8,3.365920836066911,0.6153846153846154,108,0.7456099456099456,1.0,18,-1
1926158,1950354,2,0.7385387461377101,0.15384615384615385,36,0.13333333333333333,0.5,6,-1
1926158,2004715,2,0.7385387461377101,0.15384615384615385,36,0.13333333333333333,0.5,6,-1
1926189,1926831,6,3.083390054218504,0.75,49,0.857142857142857,1.0,7,-1
1926189,1944738,6,3.083390054218504,0.75,49,0.857142857142857,1.0,7,-1
1926189,1985722,6,3.083390054218504,0.75,49,0.857142857142857,1.0,7,-1
1926189,1985736,6,3.083390054218504,0.75,49,0.857142857142857,1.0,7,-1
1926189,1985751,6,3.083390054218504,0.75,49,0.857142857142857,1.0,7,-1
1926189,1985778,6,3.083390054218504,0.75,49,0.857142857142857,1.0,7,-1
1926189,2002840,6,3.083390054218504,0.75,49,0.857142857142857,1.0,7,-1
1926608,1935604,6,3.083390054218504,0.75,49,0.857142857142857,1.0,13,-1
1926608,1942870,6,3.083390054218504,0.75,49,0.857142857142857,1.0,13,-1
1926608,1943030,6,3.083390054218504,0.75,49,0.857142857142857,1.0,7,-1
1926608,1971833,6,3.083390054218504,0.75,49,0.857142857142857,1.0,13,-1
1926608,1971838,6,3.083390054218504,0.75,49,0.857142857142857,1.0,13,-1
1926608,1979572,6,3.083390054218504,0.75,49,0.857142857142857,1.0,13,-1
1926608,1984671,6,3.083390054218504,0.75,49,0.857142857142857,1.0,13,-1
1926670,1939411,2,0.7385387461377101,0.14285714285714285,64,0.13333333333333333,0.5,3,-1
1926670,1939414,2,0.7385387461377101,0.14285714285714285,64,0.13333333333333333,0.5,3,-1
1926670,1939422,7,3.2546594548467827,0.4375,120,0.8166666666666667,1.0,8,-1
1926670,1939887,2,0.7385387461377101,0.14285714285714285,64,0.13333333333333333,0.5,3,-1
1926670,1939900,2,0.7385387461377101,0.14285714285714285,64,0.13333333333333333,0.5,3,-1
1926670,1946551,2,0.7385387461377101,0.14285714285714285,64,0.13333333333333333,0.5,3,-1
1926670,1947277,2,0.7385387461377101,0.10526315789473684,104,0.13333333333333333,0.5,3,-1
1926670,1947285,2,0.7385387461377101,0.14285714285714285,64,0.13333333333333333,0.5,3,-1
1926670,1970589,7,3.1430304809526497,0.7777777777777778,64,0.7583333333333333,1.0,8,-1
1926670,1970616,7,3.1430304809526497,0.7777777777777778,64,0.7583333333333333,1.0,8,-1
1926670,1976815,7,3.1430304809526497,0.7777777777777778,64,0.7583333333333333,1.0,10,-1
1926670,1976818,7,3.1430304809526497,0.7777777777777778,64,0.7583333333333333,1.0,8,-1
1926670,1976821,7,3.1430304809526497,0.7777777777777778,64,0.7583333333333333,1.0,8,-1
1926670,1984492,7,3.1430304809526497,0.7777777777777778,64,0.7583333333333333,1.0,10,-1
1926742,1931864,8,3.640956906507349,0.8,81,0.8888888888888891,1.0,6,-1
1926742,1932009,8,3.640956906507349,0.8,81,0.8888888888888891,1.0,11,-1
1926742,1975663,8,3.640956906507349,0.8,81,0.8888888888888891,1.0,0,-1
1926742,1984223,8,3.640956906507349,0.8,81,0.8888888888888891,1.0,11,-1
1926742,1984483,8,3.640956906507349,0.8,81,0.8888888888888891,1.0,0,-1
1926742,1989782,8,3.640956906507349,0.8,81,0.8888888888888891,1.0,11,-1
1926753,1931161,5,3.761819457881218,0.45454545454545453,60,1.211111111111111,1.0,6,1
1926753,1980919,4,2.1320839643358944,0.5714285714285714,30,0.6111111111111112,1.0,5,-1
1926753,1983537,2,0.8894140952166705,0.2222222222222222,30,0.2111111111111111,0.5,0,-1
1926753,1986360,4,2.1320839643358944,0.5714285714285714,30,0.6111111111111112,1.0,5,-1
1926753,2000861,2,0.8894140952166705,0.2222222222222222,30,0.2111111111111111,0.5,3,-1
1926753,2003659,2,0.8894140952166705,0.2222222222222222,30,0.2111111111111111,0.5,3,-1
1926753,2003663,4,2.1320839643358944,0.5714285714285714,30,0.6111111111111112,1.0,5,-1
1926802,1927241,2,1.8204784532536746,0.5,9,0.6666666666666666,1.0,3,-1
1926802,1927260,2,1.8204784532536746,0.5,9,0.6666666666666666,1.0,5,-1
1926802,1931060,2,1.8204784532536746,0.5,9,0.6666666666666666,1.0,5,-1
1926804,1927422,7,3.366288428740915,0.7777777777777778,64,0.875,1.0,14,-1
1926804,1927447,7,3.366288428740915,0.7777777777777778,64,0.875,1.0,14,-1
1926804,1931226,7,3.366288428740915,0.7777777777777778,64,0.875,1.0,14,-1
1926804,1931234,7,3.366288428740915,0.7777777777777778,64,0.875,1.0,14,-1
1926804,1931913,7,3.366288428740915,0.7777777777777778,64,0.875,1.0,14,-1
1926804,1931938,7,3.366288428740915,0.7777777777777778,64,0.875,1.0,14,-1
1926804,1932043,7,3.366288428740915,0.7777777777777778,64,0.875,1.0,14,-1
1926831,1944738,6,3.083390054218504,0.75,49,0.857142857142857,1.0,12,-1
1926831,1985722,6,3.083390054218504,0.75,49,0.857142857142857,1.0,12,-1
1926831,1985736,6,3.083390054218504,0.75,49,0.857142857142857,1.0,7,-1
1926831,1985751,6,3.083390054218504,0.75,49,0.857142857142857,1.0,12,-1
1926831,1985778,6,3.083390054218504,0.75,49,0.857142857142857,1.0,12,-1
1926831,2002840,6,3.083390054218504,0.75,49,0.857142857142857,1.0,12,-1
1927127,1985968,1,1.4426950408889634,0.3333333333333333,4,0.5,1.0,4,-1
1927127,1986502,1,1.4426950408889634,0.3333333333333333,4,0.5,1.0,4,-1
1927241,1927260,2,1.8204784532536746,0.5,9,0.6666666666666666,1.0,3,-1
1927241,1931060,2,1.8204784532536746,0.5,9,0.6666666666666666,1.0,3,-1
1927260,1931060,2,1.8204784532536746,0.5,9,0.6666666666666666,1.0,5,-1
1927330,1940914,9,3.9086503371292665,0.8181818181818182,100,0.8999999999999999,1.0,19,-1
1927330,1940925,9,3.9086503371292665,0.8181818181818182,100,0.8999999999999999,1.0,19,-1
1927330,1941891,9,3.9086503371292665,0.8181818181818182,100,0.8999999999999999,1.0,19,-1
1927330,1949684,9,3.9086503371292665,0.8181818181818182,100,0.8999999999999999,1.0,10,-1
1927330,1949688,9,3.9086503371292665,0.8181818181818182,100,0.8999999999999999,1.0,19,-1
1927330,1949697,9,3.9086503371292665,0.8181818181818182,100,0.8999999999999999,1.0,19,-1
1927330,1949775,9,3.9086503371292665,0.8181818181818182,100,0.8999999999999999,1.0,19,-1
1927330,1949991,9,3.9086503371292665,0.8181818181818182,100,0.8999999999999999,1.0,19,-1
1927330,1950153,9,3.9086503371292665,0.8181818181818182,100,0.8999999999999999,1.0,19,-1
1927422,1927447,7,3.366288428740915,0.7777777777777778,64,0.875,1.0,14,-1
1927422,1931226,7,3.366288428740915,0.7777777777777778,64,0.875,1.0,14,-1
1927422,1931234,7,3.366288428740915,0.7777777777777778,64,0.875,1.0,14,-1
1927422,1931913,7,3.366288428740915,0.7777777777777778,64,0.875,1.0,14,-1
1927422,1931938,7,3.366288428740915,0.7777777777777778,64,0.875,1.0,14,-1
1927422,1932043,7,3.366288428740915,0.7777777777777778,64,0.875,1.0,14,-1
1927447,1931226,7,3.366288428740915,0.7777777777777778,64,0.875,1.0,14,-1
1927447,1931234,7,3.366288428740915,0.7777777777777778,64,0.875,1.0,14,-1
1927447,1931913,7,3.366288428740915,0.7777777777777778,64,0.875,1.0,14,-1
1927447,1931938,7,3.366288428740915,0.7777777777777778,64,0.875,1.0,14,-1
1927447,1932043,7,3.366288428740915,0.7777777777777778,64,0.875,1.0,14,-1
1927520,1970743,3,2.164042561333445,0.6,16,0.75,1.0,8,-1
1927520,1984587,3,2.164042561333445,0.6,16,0.75,1.0,8,-1
1927858,1970574,3,2.164042561333445,0.6,16,0.75,1.0,8,-1
1927858,1984238,3,2.164042561333445,0.6,16,0.75,1.0,8,-1
1927858,1989772,3,2.164042561333445,0.6,16,0.75,1.0,8,-1
1928058,1938540,7,3.366288428740915,0.7777777777777778,64,0.875,1.0,8,-1
1928058,1938557,7,3.366288428740915,0.7777777777777778,64,0.875,1.0,12,-1
1928058,1938574,7,3.366288428740915,0.7777777777777778,64,0.875,1.0,8,-1
1928058,1946689,7,3.366288428740915,0.7777777777777778,64,0.875,1.0,12,-1
1928058,1947093,7,3.366288428740915,0.7777777777777778,64,0.875,1.0,12,-1
1928058,1947103,7,3.366288428740915,0.7777777777777778,64,0.875,1.0,8,-1
1928058,1947437,7,3.366288428740915,0.7777777777777778,64,0.875,1.0,12,-1
1928065,1985139,4,2.4853397382384474,0.6666666666666666,25,0.8,1.0,9,-1
1928065,1985153,4,2.4853397382384474,0.6666666666666666,25,0.8,1.0,5,-1
1928065,1985165,4,2.4853397382384474,0.6666666666666666,25,0.8,1.0,9,-1
1928065,2002344,4,2.4853397382384474,0.6666666666666666,25,0.8,1.0,9,-1
1928065,2002505,4,2.4853397382384474,0.6666666666666666,25,0.8,1.0,9,-1
1928651,1946303,4,2.319124416992254,0.36363636363636365,50,0.7111111111111112,1.0,5,-1
1928651,1950852,1,0.45511961331341866,0.125,20,0.1111111111111111,0.5,2,-1
1928651,1951315,1,0.45511961331341866,0.125,20,0.1111111111111111,0.5,2,-1
1928651,1952361,1,0.45511961331341866,0.125,20,0.1111111111111111,0.5,2,-1
1928651,1952746,1,0.45511961331341866,0.125,20,0.1111111111111111,0.5,2,-1
1928651,1965682,4,2.1320839643358944,0.6666666666666666,25,0.611111111111111,1.0,5,-1
1928651,1971386,4,2.132083964335894,0.6666666666666666,25,0.6111111111111112,1.0,5,-1
1928651,1974671,1,0.43429448190325176,0.1111111111111111,25,0.1,0.5,2,-1
1928651,1975622,1,0.43429448190325176,0.1111111111111111,25,0.1,0.5,2,-1
1928651,1975626,1,0.43429448190325176,0.1111111111111111,25,0.1,0.5,2,-1
1928651,1977914,1,0.43429448190325176,0.1111111111111111,25,0.1,0.5,2,-1
1928651,1982475,4,2.1320839643358944,0.6666666666666666,25,0.611111111111111,1.0,5,-1
1928751,1928761,9,3.9086503371292665,0.8181818181818182,100,0.8999999999999999,1.0,10,-1
1928751,1928767,9,3.9086503371292665,0.8181818181818182,100,0.8999999999999999,1.0,10,-1
1928751,1966418,9,3.9086503371292665,0.8181818181818182,100,0.8999999999999999,1.0,10,-1
1928751,1974887,9,3.9086503371292665,0.8181818181818182,100,0.8999999999999999,1.0,10,-1
1928751,1974892,9,3.9086503371292665,0.8181818181818182,100,0.8999999999999999,1.0,10,-1
1928751,1974905,9,3.9086503371292665,0.8181818181818182,100,0.8999999999999999,1.0,10,-1
1928751,1983183,9,3.9086503371292665,0.8181818181818182,100,0.8999999999999999,1.0,10,-1
1928751,1983187,9,3.9086503371292665,0.8181818181818182,100,0.8999999999999999,1.0,10,-1
1928751,1994789,9,3.9086503371292665,0.8181818181818182,100,0.8999999999999999,1.0,10,-1
1928761,1928767,9,3.9086503371292665,0.8181818181818182,100,0.8999999999999999,1.0,10,-1
1928761,1966418,9,3.9086503371292665,0.8181818181818182,100,0.8999999999999999,1.0,10,-1
1928761,1974887,9,3.9086503371292665,0.8181818181818182,100,0.8999999999999999,1.0,10,-1
1928761,1974892,9,3.9086503371292665,0.8181818181818182,100,0.8999999999999999,1.0,10,-1
1928761,1974905,9,3.9086503371292665,0.8181818181818182,100,0.8999999999999999,1.0,10,-1
1928761,1983183,9,3.9086503371292665,0.8181818181818182,100,0.8999999999999999,1.0,10,-1
1928761,1983187,9,3.9086503371292665,0.8181818181818182,100,0.8999999999999999,1.0,10,-1
1928761,1994789,9,3.9086503371292665,0.8181818181818182,100,0.8999999999999999,1.0,10,-1
1928767,1966418,9,3.9086503371292665,0.8181818181818182,100,0.8999999999999999,1.0,10,-1
1928767,1974887,9,3.9086503371292665,0.8181818181818182,100,0.8999999999999999,1.0,10,-1
1928767,1974892,9,3.9086503371292665,0.8181818181818182,100,0.8999999999999999,1.0,10,-1
1928767,1974905,9,3.9086503371292665,0.8181818181818182,100,0.8999999999999999,1.0,10,-1
1928767,1983183,9,3.9086503371292665,0.8181818181818182,100,0.8999999999999999,1.0,10,-1
1928767,1983187,9,3.9086503371292665,0.8181818181818182,100,0.8999999999999999,1.0,10,-1
1928767,1994789,9,3.9086503371292665,0.8181818181818182,100,0.8999999999999999,1.0,10,-1
1928778,1928790,1,1.4426950408889634,0.3333333333333333,4,0.5,1.0,2,-1
1928856,1938369,6,2.9387610849176085,0.75,49,0.7809523809523808,1.0,14,-1
1928856,1939636,6,3.083390054218504,0.375,105,0.857142857142857,1.0,14,-1
1928856,1939641,6,2.9387610849176085,0.75,49,0.7809523809523808,1.0,14,-1
1928856,1939645,6,2.9387610849176085,0.75,49,0.7809523809523808,1.0,14,-1
1928856,1939654,6,2.9387610849176085,0.75,49,0.7809523809523808,1.0,14,-1
1928856,1939827,6,2.9387610849176085,0.75,49,0.7809523809523808,1.0,14,-1
1928856,1947044,6,2.9387610849176085,0.75,49,0.7809523809523808,1.0,14,-1
1929542,1970516,3,2.164042561333445,0.6,16,0.75,1.0,4,-1
1929542,1971631,3,2.164042561333445,0.6,16,0.75,1.0,4,-1
1929542,1977935,3,2.164042561333445,0.6,16,0.75,1.0,4,-1
1929542,1979244,3,2.164042561333445,0.6,16,0.75,1.0,4,-1
1929899,1934245,12,4.323743661277966,0.8571428571428571,169,0.7558528428093645,1.0,26,-1
1929899,2016969,12,4.323743661277966,0.8571428571428571,169,0.7558528428093645,1.0,26,-1
1929899,2019842,12,4.323743661277966,0.8571428571428571,169,0.7558528428093645,1.0,26,-1
1929899,2024394,12,4.323743661277966,0.8571428571428571,169,0.7558528428093643,1.0,26,-1
1929899,2024398,12,4.323743661277966,0.8571428571428571,169,0.7558528428093645,1.0,26,-1
1929899,2045212,12,4.323743661277966,0.8571428571428571,169,0.7558528428093645,1.0,26,-1
1929899,2046316,12,4.394685917625445,0.5,299,0.7892976588628762,1.0,26,-1
1929899,2047275,12,4.394685917625445,0.5,299,0.7892976588628762,1.0,26,-1
1930082,1930157,15,5.4101064033336135,0.8823529411764706,256,0.9375,1.0,28,-1
1930082,1952734,15,5.4101064033336135,0.8823529411764706,256,0.9375,1.0,28,1
1930082,1953153,15,5.4101064033336135,0.8823529411764706,256,0.9375,1.0,28,1
1930082,1967777,15,5.4101064033336135,0.8823529411764706,256,0.9375,1.0,28,1
1930082,1971418,15,5.4101064033336135,0.8823529411764706,256,0.9375,1.0,16,1
1930082,1971421,15,5.4101064033336135,0.8823529411764706,256,0.9375,1.0,28,1
1930157,1952734,15,5.4101064033336135,0.8823529411764706,256,0.9375,1.0,28,1
1930157,1953153,15,5.4101064033336135,0.8823529411764706,256,0.9375,1.0,28,1
1930157,1967777,15,5.4101064033336135,0.8823529411764706,256,0.9375,1.0,28,1
1930157,1971418,15,5.4101064033336135,0.8823529411764706,256,0.9375,1.0,16,-1
1930157,1971421,15,5.4101064033336135,0.8823529411764706,256,0.9375,1.0,28,-1
1930552,1940463,2,1.365358839940256,0.5,9,0.4444444444444444,1.0,6,-1
1930552,1947452,2,1.8204784532536746,0.2,27,0.6666666666666666,1.0,6,-1
1930552,1947465,2,1.365358839940256,0.5,9,0.4444444444444444,1.0,6,-1
1930552,1985044,1,0.45511961331341866,0.125,18,0.1111111111111111,0.5,2,-1
1930552,2002426,1,0.45511961331341866,0.125,18,0.1111111111111111,0.5,2,-1
1930552,2037379,1,0.45511961331341866,0.125,18,0.1111111111111111,0.5,2,-1
1930572,1931255,6,3.083390054218504,0.75,49,0.857142857142857,1.0,9,-1
1930572,1976808,6,3.083390054218504,0.75,49,0.857142857142857,1.0,7,-1
1930572,1983043,6,3.083390054218504,0.75,49,0.857142857142857,1.0,7,-1
1930572,1984205,6,3.083390054218504,0.75,49,0.857142857142857,1.0,9,-1
1930572,1989758,6,3.083390054218504,0.75,49,0.857142857142857,1.0,7,-1
1930605,1935099,2,1.8204784532536746,0.5,9,0.6666666666666666,1.0,0,-1
1930605,1942350,2,1.8204784532536746,0.5,9,0.6666666666666666,1.0,0,-1
1930645,1932289,8,3.264600165608177,0.6153846153846154,108,0.6944444444444444,1.0,8,-1
1930645,1955177,8,3.321053513728828,0.42105263157894735,162,0.7222222222222221,1.0,8,-1
1930645,1955437,8,3.321053513728828,0.42105263157894735,162,0.7222222222222223,1.0,8,-1
1930645,1966467,8,3.264600165608177,0.6153846153846154,108,0.6944444444444444,1.0,8,-1
1930645,1971764,8,3.211910156676603,0.8,81,0.6666666666666667,1.0,8,-1
1930645,1971767,8,3.211910156676603,0.8,81,0.6666666666666667,1.0,8,-1
1930645,1973000,8,3.211910156676603,0.8,81,0.6666666666666665,1.0,8,-1
1930645,1973004,8,3.264600165608177,0.6153846153846154,108,0.6944444444444444,1.0,8,-1
1930645,1973007,8,3.2646001656081767,0.6153846153846154,108,0.6944444444444444,1.0,0,-1
1930645,2002499,6,2.3016709300497658,0.5454545454545454,72,0.44444444444444436,0.5,6,-1
1930645,2029219,6,2.3016709300497658,0.5454545454545454,72,0.44444444444444436,0.5,6,-1
1930645,2037484,6,2.3016709300497658,0.5454545454545454,72,0.44444444444444436,0.5,6,-1
1931042,1931046,15,6.293555063505745,0.8823529411764706,256,1.3875000000000002,1.0,27,1
1931042,1931051,15,6.293555063505745,0.8823529411764706,256,1.3875000000000002,1.0,16,1
1931042,1972862,9,3.614167450405223,0.5294117647058824,160,0.75,1.0,10,-1
1931042,1977889,9,3.6141674504052226,0.5294117647058824,160,0.75,1.0,10,-1
1931042,1977899,9,3.614167450405223,0.5294117647058824,160,0.75,1.0,16,-1
1931042,1982145,15,6.293555063505745,0.8823529411764706,256,1.3875000000000002,1.0,27,1
1931042,1984166,9,3.6141674504052226,0.5294117647058824,160,0.75,1.0,10,-1
1931042,1984174,9,3.614167450405223,0.5294117647058824,160,0.75,1.0,16,-1
1931046,1931051,15,6.293555063505745,0.8823529411764706,256,1.3875000000000002,1.0,16,1
1931046,1972862,9,3.6141674504052226,0.5294117647058824,160,0.75,1.0,10,-1
1931046,1977889,9,3.6141674504052226,0.5294117647058824,160,0.75,1.0,10,-1
1931046,1977899,9,3.6141674504052226,0.5294117647058824,160,0.75,1.0,16,-1
1931046,1982145,15,6.293555063505745,0.8823529411764706,256,1.3875000000000002,1.0,27,1
1931046,1984166,9,3.6141674504052226,0.5294117647058824,160,0.75,1.0,10,-1
1931046,1984174,9,3.6141674504052226,0.5294117647058824,160,0.75,1.0,16,-1
1931051,1972862,9,3.6141674504052226,0.5294117647058824,160,0.75,1.0,10,-1
1931051,1977889,9,3.6141674504052226,0.5294117647058824,160,0.7499999999999999,1.0,10,-1
1931051,1977899,9,3.6141674504052226,0.5294117647058824,160,0.75,1.0,10,-1
1931051,1982145,15,6.293555063505745,0.8823529411764706,256,1.3875000000000002,1.0,16,1
1931051,1984166,9,3.6141674504052226,0.5294117647058824,160,0.7499999999999999,1.0,10,-1
1931051,1984174,9,3.6141674504052226,0.5294117647058824,160,0.75,1.0,10,-1
1931063,1965480,4,2.4853397382384474,0.6666666666666666,25,0.8,1.0,4,1
1931063,1978479,4,2.4853397382384474,0.6666666666666666,25,0.8,1.0,7,1
1931063,1978489,4,2.4853397382384474,0.6666666666666666,25,0.8,1.0,7,1
1931063,1982869,4,2.4853397382384474,0.6666666666666666,25,0.8,1.0,0,-1
1931063,2003104,4,2.4853397382384474,0.6666666666666666,25,0.8,1.0,7,-1
1931161,1980919,4,2.2559001089838895,0.36363636363636365,50,0.6777777777777778,1.0,9,-1
1931161,1983537,4,2.319124416992254,0.36363636363636365,50,0.7111111111111112,1.0,0,-1
1931161,1986360,4,2.2559001089838895,0.36363636363636365,50,0.6777777777777778,1.0,9,-1
1931161,2000861,4,2.319124416992254,0.36363636363636365,50,0.7111111111111112,1.0,7,-1
1931161,2003659,4,2.319124416992254,0.36363636363636365,50,0.7111111111111112,1.0,7,-1
1931161,2003663,4,2.2559001089838895,0.36363636363636365,50,0.6777777777777778,1.0,9,-1
1931226,1931234,7,3.366288428740915,0.7777777777777778,64,0.875,1.0,14,-1
1931226,1931913,7,3.366288428740915,0.7777777777777778,64,0.875,1.0,14,-1
1931226,1931938,7,3.366288428740915,0.7777777777777778,64,0.875,1.0,14,-1
1931226,1932043,7,3.366288428740915,0.7777777777777778,64,0.875,1.0,14,-1
1931228,1931241,4,2.1112588329257274,0.6666666666666666,25,0.6,1.0,5,-1
1931228,1942117,4,2.1112588329257274,0.6666666666666666,25,0.6,1.0,5,-1
1931228,1949882,4,2.1112588329257274,0.6666666666666666,25,0.6,1.0,5,-1
1931228,1950621,4,2.2982992855820874,0.36363636363636365,50,0.7000000000000001,1.0,5,-1
1931228,1952345,2,0.8685889638065035,0.2222222222222222,30,0.2,0.5,3,-1
1931228,1983395,2,0.8685889638065035,0.2222222222222222,30,0.2,0.5,3,-1
1931228,1984450,2,0.8685889638065035,0.2222222222222222,30,0.2,0.5,3,-1
1931234,1931913,7,3.366288428740915,0.7777777777777778,64,0.875,1.0,14,-1
1931234,1931938,7,3.366288428740915,0.7777777777777778,64,0.875,1.0,14,-1
1931234,1932043,7,3.366288428740915,0.7777777777777778,64,0.875,1.0,14,-1
1931241,1942117,4,2.1112588329257274,0.6666666666666666,25,0.6,1.0,5,-1
1931241,1949882,4,2.1112588329257274,0.6666666666666666,25,0.6,1.0,5,-1
1931241,1950621,4,2.2982992855820874,0.36363636363636365,50,0.7000000000000001,1.0,6,-1
1931241,1952345,2,0.8685889638065035,0.2222222222222222,30,0.2,0.5,3,-1
1931241,1983395,2,0.8685889638065035,0.2222222222222222,30,0.2,0.5,3,-1
1931241,1984450,2,0.8685889638065035,0.2222222222222222,30,0.2,0.5,3,-1
1931255,1976808,6,3.083390054218504,0.75,49,0.857142857142857,1.0,7,-1
1931255,1983043,6,3.083390054218504,0.75,49,0.857142857142857,1.0,7,-1
1931255,1984205,6,3.083390054218504,0.75,49,0.857142857142857,1.0,9,-1
1931255,1989758,6,3.083390054218504,0.75,49,0.857142857142857,1.0,7,-1
1931384,1941989,4,2.4853397382384474,0.6666666666666666,25,0.8,1.0,5,-1
1931384,1941997,4,2.4853397382384474,0.6666666666666666,25,0.8,1.0,9,-1
1931384,1950073,4,2.4853397382384474,0.6666666666666666,25,0.8,1.0,9,-1
1931384,1950377,4,2.4853397382384474,0.6666666666666666,25,0.8,1.0,9,-1
1931823,1939815,11,3.733609946323332,0.39285714285714285,324,0.5925925925925926,1.0,12,-1
1931823,1948447,26,8.6451535171802,0.9285714285714286,729,1.3038720538720532,1.0,27,1
1931823,1948456,11,3.733609946323332,0.39285714285714285,324,0.5925925925925926,1.0,12,-1
1931823,1948472,11,3.733609946323332,0.39285714285714285,324,0.5925925925925926,1.0,12,-1
1931823,1948546,11,3.733609946323332,0.39285714285714285,324,0.5925925925925926,1.0,12,-1
1931823,1948782,11,3.733609946323332,0.39285714285714285,324,0.5925925925925926,1.0,12,1
1931823,1948796,26,8.6451535171802,0.9285714285714286,729,1.3038720538720532,1.0,27,1
1931823,1948822,26,8.6451535171802,0.9285714285714286,729,1.3038720538720532,1.0,27,1
1931864,1932009,8,3.640956906507349,0.8,81,0.8888888888888891,1.0,6,-1
1931864,1975663,8,3.640956906507349,0.8,81,0.8888888888888891,1.0,0,-1
1931864,1984223,8,3.640956906507349,0.8,81,0.8888888888888891,1.0,6,-1
1931864,1984483,8,3.640956906507349,0.8,81,0.8888888888888891,1.0,0,-1
1931864,1989782,8,3.640956906507349,0.8,81,0.8888888888888891,1.0,6,-1
1931913,1931938,7,3.366288428740915,0.7777777777777778,64,0.875,1.0,14,-1
1931913,1932043,7,3.366288428740915,0.7777777777777778,64,0.875,1.0,14,-1
1931938,1932043,7,3.366288428740915,0.7777777777777778,64,0.875,1.0,14,-1
1932009,1975663,8,3.640956906507349,0.8,81,0.8888888888888891,1.0,0,-1
1932009,1984223,8,3.640956906507349,0.8,81,0.8888888888888891,1.0,11,-1
1932009,1984483,8,3.640956906507349,0.8,81,0.8888888888888891,1.0,0,-1
1932009,1989782,8,3.640956906507349,0.8,81,0.8888888888888891,1.0,11,-1
1932108,2003777,2,1.8204784532536746,0.5,9,0.6666666666666666,1.0,6,-1
1932213,1977315,12,4.567709578855804,0.5,299,0.8687782805429864,1.0,13,-1
1932213,1979104,12,4.496767322508324,0.8571428571428571,169,0.8353334644894748,1.0,13,-1
1932213,1983705,12,4.496767322508324,0.8571428571428571,169,0.8353334644894748,1.0,13,-1
1932213,1986510,12,4.496767322508324,0.8571428571428571,169,0.8353334644894748,1.0,13,-1
1932213,1986513,12,4.496767322508324,0.8571428571428571,169,0.8353334644894748,1.0,13,-1
1932213,2003484,12,4.496767322508324,0.8571428571428571,169,0.8353334644894748,1.0,13,-1
1932289,1955177,11,4.816438563549365,0.5789473684210527,216,1.1250000000000002,1.0,11,-1
1932289,1955437,11,4.816438563549365,0.5789473684210527,216,1.1250000000000002,1.0,11,-1
1932289,1966467,11,4.759985215428714,0.8461538461538461,144,1.0972222222222223,1.0,19,-1
1932289,1971764,8,3.264600165608177,0.6153846153846154,108,0.6944444444444444,1.0,13,-1
1932289,1971767,8,3.264600165608177,0.6153846153846154,108,0.6944444444444444,1.0,13,-1
1932289,1973000,8,3.264600165608177,0.6153846153846154,108,0.6944444444444444,1.0,13,-1
1932289,1973004,11,4.759985215428714,0.8461538461538461,144,1.0972222222222223,1.0,19,-1
1932289,1973007,11,4.759985215428714,0.8461538461538461,144,1.0972222222222223,1.0,0,-1
1932289,2002499,7,2.861038019593897,0.5384615384615384,96,0.611111111111111,1.0,12,-1
1932289,2029219,7,2.861038019593897,0.5384615384615384,96,0.611111111111111,1.0,12,-1
1932289,2037484,7,2.8610380195938965,0.5384615384615384,96,0.611111111111111,1.0,12,-1
1932778,1951761,3,2.164042561333445,0.6,16,0.75,1.0,6,-1
1932778,1952390,3,2.164042561333445,0.6,16,0.75,1.0,0,-1
1932778,1952399,3,2.164042561333445,0.6,16,0.75,1.0,6,-1
1932778,1952759,3,2.164042561333445,0.6,16,0.75,1.0,6,-1
1933542,1950848,8,3.640956906507349,0.8,81,0.8888888888888891,1.0,9,-1
1933542,1950860,8,3.640956906507349,0.8,81,0.8888888888888891,1.0,9,-1
1933542,1951337,8,3.640956906507349,0.8,81,0.8888888888888891,1.0,9,-1
1933542,1951347,8,3.640956906507349,0.8,81,0.8888888888888891,1.0,9,-1
1933542,1951714,8,3.640956906507349,0.8,81,0.8888888888888891,1.0,9,-1
1933542,1951732,8,3.640956906507349,0.8,81,0.8888888888888891,1.0,9,-1
1933542,1951739,8,3.640956906507349,0.8,81,0.8888888888888891,1.0,9,-1
1933542,1952366,8,3.640956906507349,0.8,81,0.8888888888888891,1.0,9,-1
1933542,1952772,8,3.640956906507349,0.8,81,0.8888888888888891,1.0,9,-1
1933621,1933712,3,2.164042561333445,0.6,16,0.75,1.0,8,-1
1933621,1933716,3,2.164042561333445,0.6,16,0.75,1.0,8,-1
1933621,1937897,3,2.164042561333445,0.6,16,0.75,1.0,8,-1
1933621,1982761,3,2.164042561333445,0.6,16,0.75,1.0,8,-1
1933712,1933716,3,2.164042561333445,0.6,16,0.75,1.0,8,-1
1933712,1937897,3,2.164042561333445,0.6,16,0.75,1.0,8,-1
1933712,1982761,3,2.164042561333445,0.6,16,0.75,1.0,8,-1
1933716,1937897,3,2.164042561333445,0.6,16,0.75,1.0,8,-1
1933716,1982761,3,2.164042561333445,0.6,16,0.75,1.0,8,-1
1934148,1983476,4,2.4853397382384474,0.6666666666666666,25,0.8,1.0,5,-1
1934148,1986260,4,2.4853397382384474,0.6666666666666666,25,0.8,1.0,5,-1
1934148,2000847,4,2.4853397382384474,0.6666666666666666,25,0.8,1.0,5,-1
1934164,1934232,0,0.0,0.0,1,0.0,1.0,2,-1
1934245,2016969,12,4.323743661277966,0.8571428571428571,169,0.7558528428093645,1.0,26,-1
1934245,2019842,12,4.323743661277966,0.8571428571428571,169,0.7558528428093645,1.0,26,-1
1934245,2024394,12,4.323743661277966,0.8571428571428571,169,0.7558528428093645,1.0,26,-1
1934245,2024398,12,4.323743661277966,0.8571428571428571,169,0.7558528428093645,1.0,26,-1
1934245,2045212,12,4.323743661277966,0.8571428571428571,169,0.7558528428093645,1.0,26,-1
1934245,2046316,12,4.394685917625445,0.5,299,0.7892976588628762,1.0,26,-1
1934245,2047275,12,4.394685917625445,0.5,299,0.7892976588628762,1.0,26,-1
1934667,1934777,7,3.162338098194842,0.4666666666666667,112,0.7678571428571428,1.0,10,-1
1934667,1941068,7,3.162338098194842,0.4666666666666667,112,0.7678571428571428,1.0,8,-1
1934667,1948236,7,3.162338098194842,0.4666666666666667,112,0.7678571428571428,1.0,8,-1
1934667,1948678,13,6.149703345245806,0.8666666666666667,196,1.5714285714285714,1.0,14,1
1934667,1948685,7,3.162338098194842,0.4666666666666667,112,0.7678571428571428,1.0,10,-1
1934667,1948689,7,3.162338098194842,0.4666666666666667,112,0.7678571428571428,1.0,8,-1
1934667,1949127,13,6.149703345245806,0.8666666666666667,196,1.5714285714285714,1.0,14,1
1934667,1949141,7,3.162338098194842,0.4666666666666667,112,0.7678571428571428,1.0,8,-1
1934747,1934763,6,3.5891344976292183,0.75,49,1.1197802197802196,1.0,8,1
1934747,1938861,3,1.7491442051839832,0.375,28,0.5357142857142857,1.0,3,-1
1934747,1938881,3,1.7491442051839832,0.375,28,0.5357142857142857,1.0,5,-1
1934747,1947771,6,3.5891344976292183,0.75,49,1.1197802197802198,1.0,0,1
1934763,1938861,3,1.7491442051839832,0.375,28,0.5357142857142857,1.0,3,-1
1934763,1938881,3,1.7491442051839832,0.375,28,0.5357142857142857,1.0,5,-1
1934763,1947771,6,3.5891344976292183,0.75,49,1.1197802197802196,1.0,0,1
1934777,1941068,7,3.060362932921805,0.7777777777777778,64,0.7142857142857143,1.0,8,-1
1934777,1948236,7,3.060362932921805,0.7777777777777778,64,0.7142857142857143,1.0,8,-1
1934777,1948678,7,3.162338098194842,0.4666666666666667,112,0.7678571428571428,1.0,8,-1
1934777,1948685,7,3.060362932921805,0.7777777777777778,64,0.7142857142857143,1.0,10,-1
1934777,1948689,7,3.060362932921805,0.7777777777777778,64,0.7142857142857143,1.0,8,-1
1934777,1949127,7,3.162338098194842,0.4666666666666667,112,0.7678571428571428,1.0,8,-1
1934777,1949141,7,3.060362932921805,0.7777777777777778,64,0.7142857142857143,1.0,8,-1
1934997,1935323,2,1.8204784532536746,0.5,9,0.6666666666666666,1.0,3,-1
1934997,1970701,2,1.8204784532536746,0.5,9,0.6666666666666666,1.0,5,-1
1934997,1978051,2,1.8204784532536746,0.5,9,0.6666666666666666,1.0,5,-1
1935061,1936145,8,3.640956906507349,0.8,81,0.8888888888888891,1.0,9,-1
1935061,1939695,8,3.640956906507349,0.8,81,0.8888888888888891,1.0,11,-1
1935061,1940081,8,3.640956906507349,0.8,81,0.8888888888888891,1.0,11,-1
1935061,1940084,8,3.640956906507349,0.8,81,0.8888888888888891,1.0,9,-1
1935061,1940183,8,3.640956906507349,0.8,81,0.8888888888888891,1.0,9,-1
1935099,1942350,2,1.8204784532536746,0.5,9,0.6666666666666666,1.0,2,-1
1935210,1975935,2,1.8204784532536746,0.5,9,0.6666666666666666,1.0,6,-1
1935210,1984694,2,1.8204784532536746,0.5,9,0.6666666666666666,1.0,6,-1
1935323,1970701,2,1.8204784532536746,0.5,9,0.6666666666666666,1.0,3,-1
1935323,1978051,2,1.8204784532536746,0.5,9,0.6666666666666666,1.0,3,-1
1935346,1967708,4,2.4853397382384474,0.6666666666666666,25,0.8,1.0,5,-1
1935346,1976390,4,2.4853397382384474,0.6666666666666666,25,0.8,1.0,5,-1
1935346,2004794,4,2.4853397382384474,0.6666666666666666,25,0.8,1.0,5,-1
1935497,1935865,0,0.0,0.0,1,0.0,1.0,2,-1
1935604,1942870,6,3.083390054218504,0.75,49,0.857142857142857,1.0,13,-1
1935604,1943030,6,3.083390054218504,0.75,49,0.857142857142857,1.0,7,-1
1935604,1971833,6,3.083390054218504,0.75,49,0.857142857142857,1.0,13,-1
1935604,1971838,6,3.083390054218504,0.75,49,0.857142857142857,1.0,13,-1
1935604,1979572,6,3.083390054218504,0.75,49,0.857142857142857,1.0,13,-1
1935604,1984671,6,3.083390054218504,0.75,49,0.857142857142857,1.0,13,-1
1936032,1938949,8,3.640956906507349,0.8,81,0.8888888888888891,1.0,16,-1
1936032,1938954,8,3.640956906507349,0.8,81,0.8888888888888891,1.0,0,-1
1936032,1938967,8,3.640956906507349,0.8,81,0.8888888888888891,1.0,16,-1
1936032,1940302,8,3.640956906507349,0.8,81,0.8888888888888891,1.0,16,-1
1936032,1940385,8,3.640956906507349,0.8,81,0.8888888888888891,1.0,16,-1
1936032,1944510,8,3.640956906507349,0.8,81,0.8888888888888891,1.0,16,-1
1936032,1947490,8,3.640956906507349,0.8,81,0.8888888888888891,1.0,16,-1
1936032,1947513,8,3.640956906507349,0.8,81,0.8888888888888891,1.0,16,-1
1936032,1947707,8,3.640956906507349,0.8,81,0.8888888888888891,1.0,16,-1
1936145,1939695,8,3.640956906507349,0.8,81,0.8888888888888891,1.0,9,-1
1936145,1940081,8,3.640956906507349,0.8,81,0.8888888888888891,1.0,9,-1
1936145,1940084,8,3.640956906507349,0.8,81,0.8888888888888891,1.0,9,-1
1936145,1940183,8,3.640956906507349,0.8,81,0.8888888888888891,1.0,9,-1
1936162,1936930,5,2.7905531327562363,0.7142857142857143,36,0.8333333333333333,1.0,4,1
1936162,1955098,5,2.7905531327562363,0.7142857142857143,36,0.8333333333333333,1.0,0,-1
1936162,1984960,5,2.7905531327562363,0.7142857142857143,36,0.8333333333333333,1.0,0,-1
1936162,1984969,5,2.7905531327562363,0.7142857142857143,36,0.8333333333333333,1.0,0,-1
1936162,2004733,5,2.7905531327562363,0.7142857142857143,36,0.8333333333333333,1.0,3,-1
1936162,2004757,5,2.7905531327562363,0.7142857142857143,36,0.8333333333333333,1.0,3,-1
1936225,1936340,8,3.640956906507349,0.8,81,0.8888888888888891,1.0,9,-1
1936225,1936632,8,3.640956906507349,0.8,81,0.8888888888888891,1.0,11,-1
1936225,1950811,8,3.640956906507349,0.8,81,0.8888888888888891,1.0,9,-1
1936225,1950819,8,3.640956906507349,0.8,81,0.8888888888888891,1.0,9,-1
1936225,1951300,8,3.640956906507349,0.8,81,0.8888888888888891,1.0,9,-1
1936225,1951698,8,3.640956906507349,0.8,81,0.8888888888888891,1.0,11,-1
1936225,1951705,8,3.640956906507349,0.8,81,0.8888888888888891,1.0,9,-1
1936225,1951708,8,3.640956906507349,0.8,81,0.8888888888888891,1.0,9,-1
1936225,1952373,8,3.640956906507349,0.8,81,0.8888888888888891,1.0,9,-1
1936340,1936632,8,3.640956906507349,0.8,81,0.8888888888888891,1.0,9,-1
1936340,1950811,8,3.640956906507349,0.8,81,0.8888888888888891,1.0,9,-1
1936340,1950819,8,3.640956906507349,0.8,81,0.8888888888888891,1.0,9,-1
1936340,1951300,8,3.640956906507349,0.8,81,0.8888888888888891,1.0,9,-1
1936340,1951698,8,3.640956906507349,0.8,81,0.8888888888888891,1.0,9,-1
1936340,1951705,8,3.640956906507349,0.8,81,0.8888888888888891,1.0,9,-1
1936340,1951708,8,3.640956906507349,0.8,81,0.8888888888888891,1.0,9,-1
1936340,1952373,8,3.640956906507349,0.8,81,0.8888888888888891,1.0,9,-1
1936480,1971740,5,2.7905531327562363,0.7142857142857143,36,0.8333333333333333,1.0,6,-1
1936480,1976845,5,2.7905531327562363,0.7142857142857143,36,0.8333333333333333,1.0,6,-1
1936480,1976848,5,2.7905531327562363,0.7142857142857143,36,0.8333333333333333,1.0,6,-1
1936480,1979365,5,2.7905531327562363,0.7142857142857143,36,0.8333333333333333,1.0,6,-1
1936480,1979384,5,2.7905531327562363,0.7142857142857143,36,0.8333333333333333,1.0,6,-1
1936480,1994774,5,2.7905531327562363,0.7142857142857143,36,0.8333333333333333,1.0,6,-1
1936632,1950811,8,3.640956906507349,0.8,81,0.8888888888888891,1.0,9,-1
1936632,1950819,8,3.640956906507349,0.8,81,0.8888888888888891,1.0,9,-1
1936632,1951300,8,3.640956906507349,0.8,81,0.8888888888888891,1.0,9,-1
1936632,1951698,8,3.640956906507349,0.8,81,0.8888888888888891,1.0,11,-1
1936632,1951705,8,3.640956906507349,0.8,81,0.8888888888888891,1.0,9,-1
1936632,1951708,8,3.640956906507349,0.8,81,0.8888888888888891,1.0,9,-1
1936632,1952373,8,3.640956906507349,0.8,81,0.8888888888888891,1.0,9,-1
1936640,1971610,2,1.8204784532536746,0.5,9,0.6666666666666666,1.0,6,1
1936640,1975634,2,1.8204784532536746,0.5,9,0.6666666666666666,1.0,6,1
1936705,1986236,2,1.8204784532536746,0.2857142857142857,18,0.6666666666666666,1.0,5,-1
1936705,1986241,2,1.8204784532536746,0.2857142857142857,18,0.6666666666666666,1.0,5,-1
1936705,2003571,2,1.8204784532536746,0.2857142857142857,18,0.6666666666666666,1.0,3,-1
1936930,1955098,5,2.7905531327562363,0.7142857142857143,36,0.8333333333333333,1.0,0,1
1936930,1984960,5,2.7905531327562363,0.7142857142857143,36,0.8333333333333333,1.0,0,-1
1936930,1984969,5,2.7905531327562363,0.7142857142857143,36,0.8333333333333333,1.0,0,1
1936930,2004733,5,2.7905531327562363,0.7142857142857143,36,0.8333333333333333,1.0,3,-1
1936930,2004757,5,2.7905531327562363,0.7142857142857143,36,0.8333333333333333,1.0,3,-1
1936996,1937030,13,4.926001361969367,0.8666666666666667,196,0.9285714285714283,1.0,3,-1
1936996,1978940,13,4.926001361969367,0.8666666666666667,196,0.9285714285714283,1.0,0,-1
1936996,1986123,13,4.926001361969367,0.8666666666666667,196,0.9285714285714283,1.0,0,-1
1936996,1986127,13,4.926001361969367,0.8666666666666667,196,0.9285714285714283,1.0,0,-1
1936996,1989481,13,4.926001361969367,0.8666666666666667,196,0.9285714285714283,1.0,2,-1
1936996,1989498,13,4.926001361969367,0.8666666666666667,196,0.9285714285714283,1.0,0,-1
1936996,1999779,13,4.926001361969367,0.8666666666666667,196,0.9285714285714283,1.0,0,-1
1936996,2003440,13,4.926001361969367,0.8666666666666667,196,0.9285714285714283,1.0,0,-1
1936996,2005734,13,4.926001361969367,0.8666666666666667,196,0.9285714285714283,1.0,0,-1
1936996,2006254,13,4.926001361969367,0.8666666666666667,196,0.9285714285714283,1.0,0,-1
1936996,2006270,13,4.926001361969367,0.8666666666666667,196,0.9285714285714283,1.0,0,-1
1936996,2038305,13,4.926001361969367,0.8666666666666667,196,0.9285714285714283,1.0,0,-1
1936996,2038309,13,4.926001361969367,0.8666666666666667,196,0.9285714285714283,1.0,0,-1
1937030,1978940,13,4.926001361969367,0.8666666666666667,196,0.9285714285714283,1.0,0,-1
1937030,1986123,13,4.926001361969367,0.8666666666666667,196,0.9285714285714283,1.0,0,-1
1937030,1986127,13,4.926001361969367,0.8666666666666667,196,0.9285714285714283,1.0,0,-1
1937030,1989481,13,4.926001361969367,0.8666666666666667,196,0.9285714285714283,1.0,2,-1
1937030,1989498,13,4.926001361969367,0.8666666666666667,196,0.9285714285714283,1.0,0,-1
1937030,1999779,13,4.926001361969367,0.8666666666666667,196,0.9285714285714283,1.0,0,-1
1937030,2003440,13,4.926001361969367,0.8666666666666667,196,0.9285714285714283,1.0,0,-1
1937030,2005734,13,4.926001361969367,0.8666666666666667,196,0.9285714285714283,1.0,0,-1
1937030,2006254,13,4.926001361969367,0.8666666666666667,196,0.9285714285714283,1.0,0,-1
1937030,2006270,13,4.926001361969367,0.8666666666666667,196,0.9285714285714283,1.0,0,-1
1937030,2038305,13,4.926001361969367,0.8666666666666667,196,0.9285714285714283,1.0,0,-1
1937030,2038309,13,4.926001361969367,0.8666666666666667,196,0.9285714285714283,1.0,0,-1
1937132,1939986,7,3.2383462056426886,0.7777777777777778,64,0.8088235294117647,1.0,15,-1
1937132,1940146,7,3.366288428740915,0.3888888888888889,136,0.875,1.0,8,-1
1937132,1940177,7,3.238346205642688,0.7777777777777778,64,0.8088235294117647,1.0,15,-1
1937132,1940444,7,3.2383462056426886,0.7777777777777778,64,0.8088235294117647,1.0,15,-1
1937132,1940453,7,3.238346205642688,0.7777777777777778,64,0.8088235294117647,1.0,15,-1
1937132,1945885,7,3.2383462056426886,0.7777777777777778,64,0.8088235294117647,1.0,15,-1
1937132,1945894,7,3.238346205642688,0.7777777777777778,64,0.8088235294117647,1.0,15,-1
1937132,1947592,7,3.238346205642688,0.7777777777777778,64,0.8088235294117647,1.0,15,-1
1937163,1958142,8,3.640956906507349,0.8,81,0.8888888888888891,1.0,16,-1
1937163,1958474,8,3.640956906507349,0.8,81,0.8888888888888891,1.0,9,-1
1937163,1964289,8,3.640956906507349,0.8,81,0.8888888888888891,1.0,16,-1
1937163,1976191,8,3.640956906507349,0.8,81,0.8888888888888891,1.0,16,-1
1937163,1985488,8,3.640956906507349,0.8,81,0.8888888888888891,1.0,16,-1
1937163,1985882,8,3.640956906507349,0.8,81,0.8888888888888891,1.0,16,-1
1937163,2002558,8,3.640956906507349,0.8,81,0.8888888888888891,1.0,16,-1
1937214,1937221,7,3.366288428740915,0.7777777777777778,64,0.875,1.0,0,-1
1937214,1944792,7,3.366288428740915,0.7777777777777778,64,0.875,1.0,0,-1
1937214,1944809,7,3.366288428740915,0.7777777777777778,64,0.875,1.0,0,-1
1937214,1944958,7,3.366288428740915,0.7777777777777778,64,0.875,1.0,0,-1
1937214,1944974,7,3.366288428740915,0.7777777777777778,64,0.875,1.0,0,-1
1937214,1949921,7,3.366288428740915,0.7777777777777778,64,0.875,1.0,0,-1
1937214,1950139,7,3.366288428740915,0.7777777777777778,64,0.875,1.0,0,-1
1937214,1950664,7,3.366288428740915,0.7777777777777778,64,0.875,1.0,0,-1
1937221,1944792,7,3.366288428740915,0.7777777777777778,64,0.875,1.0,13,-1
1937221,1944809,7,3.366288428740915,0.7777777777777778,64,0.875,1.0,13,-1
1937221,1944958,7,3.366288428740915,0.7777777777777778,64,0.875,1.0,13,-1
1937221,1944974,7,3.366288428740915,0.7777777777777778,64,0.875,1.0,7,-1
1937221,1949921,7,3.366288428740915,0.7777777777777778,64,0.875,1.0,13,-1
1937221,1950139,7,3.366288428740915,0.7777777777777778,64,0.875,1.0,13,-1
1937221,1950664,7,3.366288428740915,0.7777777777777778,64,0.875,1.0,13,-1
1937387,1937782,5,2.7905531327562363,0.7142857142857143,36,0.8333333333333333,1.0,10,-1
1937387,1937795,5,2.7905531327562363,0.7142857142857143,36,0.8333333333333333,1.0,10,-1
1937387,1940619,5,2.7905531327562363,0.7142857142857143,36,0.8333333333333333,1.0,10,-1
1937387,1949705,5,2.7905531327562363,0.7142857142857143,36,0.8333333333333333,1.0,6,-1
1937387,1949713,5,2.7905531327562363,0.7142857142857143,36,0.8333333333333333,1.0,10,-1
1937463,1938497,6,3.083390054218504,0.75,49,0.857142857142857,1.0,7,-1
1937463,1938700,6,3.083390054218504,0.75,49,0.857142857142857,1.0,12,-1
1937463,1938995,6,3.083390054218504,0.75,49,0.857142857142857,1.0,12,-1
1937463,1938997,6,3.083390054218504,0.75,49,0.857142857142857,1.0,12,-1
1937463,1939028,6,3.083390054218504,0.75,49,0.857142857142857,1.0,12,-1
1937463,1939043,6,3.083390054218504,0.75,49,0.857142857142857,1.0,7,-1
1937463,1982219,6,3.083390054218504,0.75,49,0.857142857142857,1.0,12,-1
1937509,1938777,7,3.366288428740915,0.7777777777777778,64,0.875,1.0,8,-1
1937509,1939060,7,3.366288428740915,0.7777777777777778,64,0.875,1.0,14,-1
1937509,1946201,7,3.366288428740915,0.7777777777777778,64,0.875,1.0,8,-1
1937509,1967265,7,3.366288428740915,0.7777777777777778,64,0.875,1.0,14,-1
1937509,1967268,7,3.366288428740915,0.7777777777777778,64,0.875,1.0,14,-1
1937509,1978199,7,3.366288428740915,0.7777777777777778,64,0.875,1.0,14,-1
1937509,1984481,7,3.366288428740915,0.7777777777777778,64,0.875,1.0,14,-1
1937782,1937795,5,2.7905531327562363,0.7142857142857143,36,0.8333333333333333,1.0,10,-1
1937782,1940619,5,2.7905531327562363,0.7142857142857143,36,0.8333333333333333,1.0,10,-1
1937782,1949705,5,2.7905531327562363,0.7142857142857143,36,0.8333333333333333,1.0,6,-1
1937782,1949713,5,2.7905531327562363,0.7142857142857143,36,0.8333333333333333,1.0,10,-1
1937789,1970200,3,2.164042561333445,0.6,16,0.75,1.0,8,1
1937789,1973177,3,2.164042561333445,0.6,16,0.75,1.0,8,-1
1937789,1975037,3,2.164042561333445,0.6,16,0.75,1.0,8,-1
1937789,1977014,3,2.164042561333445,0.6,16,0.75,1.0,8,-1
1937795,1940619,5,2.7905531327562363,0.7142857142857143,36,0.8333333333333333,1.0,10,-1
1937795,1949705,5,2.7905531327562363,0.7142857142857143,36,0.8333333333333333,1.0,6,-1
1937795,1949713,5,2.7905531327562363,0.7142857142857143,36,0.8333333333333333,1.0,10,-1
1937897,1982761,3,2.164042561333445,0.6,16,0.75,1.0,8,-1
1937952,1985872,2,1.8204784532536746,0.5,9,0.6666666666666666,1.0,6,-1
1937952,2003331,2,1.8204784532536746,0.5,9,0.6666666666666666,1.0,6,-1
1938008,1946649,6,3.083390054218504,0.75,49,0.857142857142857,1.0,7,-1
1938008,2047249,6,3.083390054218504,0.75,49,0.857142857142857,1.0,7,-1
1938136,1988458,2,1.8204784532536746,0.2,27,0.6666666666666666,1.0,3,-1
1938136,2017021,5,2.666736988108241,0.5,54,0.7666666666666666,1.0,5,-1
1938136,2018480,2,1.8204784532536746,0.2,27,0.6666666666666666,1.0,3,-1
1938136,2019882,5,2.666736988108241,0.5,54,0.7666666666666666,1.0,5,-1
1938136,2024438,5,2.666736988108241,0.5,54,0.7666666666666666,1.0,0,-1
1938136,2047146,2,1.8204784532536746,0.2,27,0.6666666666666666,1.0,4,-1
1938136,2047361,5,2.666736988108241,0.5,54,0.7666666666666666,1.0,5,-1
1938269,1938688,7,3.366288428740915,0.4117647058823529,128,0.875,1.0,8,-1
1938269,1938763,7,3.366288428740915,0.4117647058823529,128,0.875,1.0,8,-1
1938269,1939763,7,3.366288428740915,0.4117647058823529,128,0.875,1.0,8,-1
1938269,1939776,7,3.366288428740915,0.4117647058823529,128,0.875,1.0,8,-1
1938269,1940231,7,3.366288428740915,0.4117647058823529,128,0.875,1.0,8,-1
1938269,1940252,7,3.366288428740915,0.4117647058823529,128,0.875,1.0,8,-1
1938269,1945421,7,3.366288428740915,0.4117647058823529,128,0.875,1.0,8,-1
1938269,1947362,7,3.366288428740915,0.4117647058823529,128,0.875,1.0,8,-1
1938369,1939636,6,3.083390054218504,0.375,105,0.857142857142857,1.0,14,-1
1938369,1939641,6,2.9387610849176085,0.75,49,0.7809523809523808,1.0,14,-1
1938369,1939645,6,2.9387610849176085,0.75,49,0.7809523809523808,1.0,14,-1
1938369,1939654,6,2.9387610849176085,0.75,49,0.7809523809523808,1.0,14,-1
1938369,1939827,6,2.9387610849176085,0.75,49,0.7809523809523808,1.0,14,-1
1938369,1947044,6,2.9387610849176085,0.75,49,0.7809523809523808,1.0,14,-1
1938387,1938397,8,3.640956906507349,0.8,81,0.8888888888888891,1.0,14,-1
1938387,1946968,8,3.640956906507349,0.8,81,0.8888888888888891,1.0,14,-1
1938387,1946982,8,3.640956906507349,0.8,81,0.8888888888888891,1.0,14,-1
1938387,1947186,8,3.640956906507349,0.8,81,0.8888888888888891,1.0,0,-1
1938387,1947194,8,3.640956906507349,0.8,81,0.8888888888888891,1.0,14,-1
1938387,1947202,8,3.640956906507349,0.8,81,0.8888888888888891,1.0,14,-1
1938387,1947208,8,3.640956906507349,0.8,81,0.8888888888888891,1.0,8,-1
1938397,1946968,8,3.640956906507349,0.8,81,0.8888888888888891,1.0,14,-1
1938397,1946982,8,3.640956906507349,0.8,81,0.8888888888888891,1.0,14,-1
1938397,1947186,8,3.640956906507349,0.8,81,0.8888888888888891,1.0,0,-1
1938397,1947194,8,3.640956906507349,0.8,81,0.8888888888888891,1.0,14,-1
1938397,1947202,8,3.640956906507349,0.8,81,0.8888888888888891,1.0,14,-1
1938397,1947208,8,3.640956906507349,0.8,81,0.8888888888888891,1.0,8,-1
1938425,1947226,3,2.164042561333445,0.6,16,0.75,1.0,3,-1
1938471,1938510,8,3.640956906507349,0.8,81,0.8888888888888891,1.0,16,-1
1938471,1938527,8,3.640956906507349,0.8,81,0.8888888888888891,1.0,9,-1
1938471,1939727,8,3.640956906507349,0.8,81,0.8888888888888891,1.0,16,-1
1938471,1939734,8,3.640956906507349,0.8,81,0.8888888888888891,1.0,16,-1
1938471,1947046,8,3.640956906507349,0.8,81,0.8888888888888891,1.0,9,-1
1938471,1947050,8,3.640956906507349,0.8,81,0.8888888888888891,1.0,16,-1
1938471,1947144,8,3.640956906507349,0.8,81,0.8888888888888891,1.0,16,-1
1938471,1947152,8,3.640956906507349,0.8,81,0.8888888888888891,1.0,16,-1
1938471,1947363,8,3.640956906507349,0.8,81,0.8888888888888891,1.0,16,-1
1938497,1938700,6,3.083390054218504,0.75,49,0.857142857142857,1.0,7,-1
1938497,1938995,6,3.083390054218504,0.75,49,0.857142857142857,1.0,7,-1
1938497,1938997,6,3.083390054218504,0.75,49,0.857142857142857,1.0,7,-1
1938497,1939028,6,3.083390054218504,0.75,49,0.857142857142857,1.0,7,-1
1938497,1939043,6,3.083390054218504,0.75,49,0.857142857142857,1.0,8,1
1938497,1982219,6,3.083390054218504,0.75,49,0.857142857142857,1.0,7,-1
1938510,1938527,8,3.640956906507349,0.8,81,0.8888888888888891,1.0,9,-1
1938510,1939727,8,3.640956906507349,0.8,81,0.8888888888888891,1.0,16,-1
1938510,1939734,8,3.640956906507349,0.8,81,0.8888888888888891,1.0,16,-1
1938510,1947046,8,3.640956906507349,0.8,81,0.8888888888888891,1.0,9,-1
1938510,1947050,8,3.640956906507349,0.8,81,0.8888888888888891,1.0,16,-1
1938510,1947144,8,3.640956906507349,0.8,81,0.8888888888888891,1.0,16,-1
1938510,1947152,8,3.640956906507349,0.8,81,0.8888888888888891,1.0,16,-1
1938510,1947363,8,3.640956906507349,0.8,81,0.8888888888888891,1.0,16,-1
1938527,1939727,8,3.640956906507349,0.8,81,0.8888888888888891,1.0,9,-1
1938527,1939734,8,3.640956906507349,0.8,81,0.8888888888888891,1.0,9,-1
1938527,1947046,8,3.640956906507349,0.8,81,0.8888888888888891,1.0,9,-1
1938527,1947050,8,3.640956906507349,0.8,81,0.8888888888888891,1.0,9,-1
1938527,1947144,8,3.640956906507349,0.8,81,0.8888888888888891,1.0,9,-1
1938527,1947152,8,3.640956906507349,0.8,81,0.8888888888888891,1.0,9,-1
1938527,1947363,8,3.640956906507349,0.8,81,0.8888888888888891,1.0,9,-1
1938540,1938557,7,3.366288428740915,0.7777777777777778,64,0.875,1.0,8,-1
1938540,1938574,7,3.366288428740915,0.7777777777777778,64,0.875,1.0,10,-1
1938540,1946689,7,3.366288428740915,0.7777777777777778,64,0.875,1.0,8,-1
1938540,1947093,7,3.366288428740915,0.7777777777777778,64,0.875,1.0,8,-1
1938540,1947103,7,3.366288428740915,0.7777777777777778,64,0.875,1.0,10,-1
1938540,1947437,7,3.366288428740915,0.7777777777777778,64,0.875,1.0,8,-1
1938557,1938574,7,3.366288428740915,0.7777777777777778,64,0.875,1.0,8,-1
1938557,1946689,7,3.366288428740915,0.7777777777777778,64,0.875,1.0,12,-1
1938557,1947093,7,3.366288428740915,0.7777777777777778,64,0.875,1.0,12,-1
1938557,1947103,7,3.366288428740915,0.7777777777777778,64,0.875,1.0,8,-1
1938557,1947437,7,3.366288428740915,0.7777777777777778,64,0.875,1.0,12,-1
1938565,1939561,5,2.6113656878949403,0.7142857142857143,36,0.738095238095238,1.0,0,-1
1938565,1939805,5,2.6113656878949403,0.7142857142857143,36,0.738095238095238,1.0,0,-1
1938565,1939809,5,2.6113656878949403,0.7142857142857143,36,0.738095238095238,1.0,0,-1
1938569,1939573,1,1.4426950408889634,0.3333333333333333,4,0.5,1.0,4,-1
1938569,1939796,1,1.4426950408889634,0.3333333333333333,4,0.5,1.0,4,-1
1938574,1946689,7,3.366288428740915,0.7777777777777778,64,0.875,1.0,8,-1
1938574,1947093,7,3.366288428740915,0.7777777777777778,64,0.875,1.0,8,-1
1938574,1947103,7,3.366288428740915,0.7777777777777778,64,0.875,1.0,10,-1
1938574,1947437,7,3.366288428740915,0.7777777777777778,64,0.875,1.0,8,-1
1938615,1939630,6,3.083390054218504,0.75,49,0.857142857142857,1.0,13,-1
1938615,1939633,6,3.083390054218504,0.75,49,0.857142857142857,1.0,13,-1
1938615,1939646,6,3.083390054218504,0.75,49,0.857142857142857,1.0,13,-1
1938615,1940098,6,3.083390054218504,0.75,49,0.857142857142857,1.0,7,-1
1938615,1947190,6,3.083390054218504,0.75,49,0.857142857142857,1.0,13,-1
1938615,1947231,6,3.083390054218504,0.75,49,0.857142857142857,1.0,13,-1
1938615,1947532,6,3.083390054218504,0.75,49,0.857142857142857,1.0,13,-1
1938636,1939874,2,1.8204784532536746,0.5,9,0.6666666666666666,1.0,6,-1
1938636,1940077,2,1.8204784532536746,0.5,9,0.6666666666666666,1.0,6,-1
1938688,1938763,7,3.246063842000168,0.7777777777777778,64,0.8125,1.0,14,-1
1938688,1939763,7,3.246063842000168,0.7777777777777778,64,0.8125,1.0,14,-1
1938688,1939776,7,3.246063842000168,0.7777777777777778,64,0.8125,1.0,14,-1
1938688,1940231,7,3.246063842000168,0.7777777777777778,64,0.8125,1.0,8,-1
1938688,1940252,7,3.246063842000168,0.7777777777777778,64,0.8125,1.0,14,-1
1938688,1945421,7,3.246063842000168,0.7777777777777778,64,0.8125,1.0,14,-1
1938688,1947362,7,3.246063842000168,0.7777777777777778,64,0.8125,1.0,14,-1
1938700,1938995,6,3.083390054218504,0.75,49,0.857142857142857,1.0,12,-1
1938700,1938997,6,3.083390054218504,0.75,49,0.857142857142857,1.0,12,-1
1938700,1939028,6,3.083390054218504,0.75,49,0.857142857142857,1.0,12,-1
1938700,1939043,6,3.083390054218504,0.75,49,0.857142857142857,1.0,7,-1
1938700,1982219,6,3.083390054218504,0.75,49,0.857142857142857,1.0,12,-1
1938724,1939901,1,1.4426950408889634,0.3333333333333333,4,0.5,1.0,2,-1
1938724,1939910,1,1.4426950408889634,0.3333333333333333,4,0.5,1.0,2,-1
1938763,1939763,7,3.246063842000168,0.7777777777777778,64,0.8125,1.0,14,-1
1938763,1939776,7,3.246063842000168,0.7777777777777778,64,0.8125,1.0,14,-1
1938763,1940231,7,3.246063842000168,0.7777777777777778,64,0.8125,1.0,8,-1
1938763,1940252,7,3.246063842000168,0.7777777777777778,64,0.8125,1.0,14,-1
1938763,1945421,7,3.246063842000168,0.7777777777777778,64,0.8125,1.0,14,-1
1938763,1947362,7,3.246063842000168,0.7777777777777778,64,0.8125,1.0,14,-1
1938775,1947343,0,0.0,0.0,1,0.0,1.0,2,-1
1938777,1939060,7,3.366288428740915,0.7777777777777778,64,0.875,1.0,8,-1
1938777,1946201,7,3.366288428740915,0.7777777777777778,64,0.875,1.0,9,-1
1938777,1967265,7,3.366288428740915,0.7777777777777778,64,0.875,1.0,8,-1
1938777,1967268,7,3.366288428740915,0.7777777777777778,64,0.875,1.0,8,-1
1938777,1978199,7,3.366288428740915,0.7777777777777778,64,0.875,1.0,8,-1
1938777,1984481,7,3.366288428740915,0.7777777777777778,64,0.875,1.0,8,-1
1938780,1938785,13,4.844052384652786,0.8666666666666667,196,0.8916256157635465,1.0,25,-1
1938780,1939941,13,4.844052384652786,0.8666666666666667,196,0.8916256157635465,1.0,25,-1
1938780,1940111,13,4.844052384652786,0.8666666666666667,196,0.8916256157635466,1.0,25,-1
1938780,1940122,13,4.844052384652786,0.8666666666666667,196,0.8916256157635466,1.0,25,-1
1938780,1940125,13,4.844052384652786,0.8666666666666667,196,0.8916256157635466,1.0,25,-1
1938780,1940213,13,4.844052384652786,0.8666666666666667,196,0.8916256157635466,1.0,14,-1
1938780,1940217,13,4.844052384652786,0.8666666666666667,196,0.8916256157635466,1.0,25,-1
1938780,1946861,13,4.844052384652786,0.8666666666666667,196,0.8916256157635466,1.0,25,-1
1938780,1947680,13,4.844052384652786,0.8666666666666667,196,0.8916256157635465,1.0,14,-1
1938785,1939941,13,4.844052384652786,0.8666666666666667,196,0.8916256157635466,1.0,25,-1
1938785,1940111,13,4.844052384652786,0.8666666666666667,196,0.8916256157635465,1.0,25,-1
1938785,1940122,13,4.844052384652786,0.8666666666666667,196,0.8916256157635465,1.0,25,-1
1938785,1940125,13,4.844052384652786,0.8666666666666667,196,0.8916256157635465,1.0,25,-1
1938785,1940213,13,4.844052384652786,0.8666666666666667,196,0.8916256157635465,1.0,14,-1
1938785,1940217,13,4.844052384652786,0.8666666666666667,196,0.8916256157635465,1.0,25,-1
1938785,1946861,13,4.844052384652786,0.8666666666666667,196,0.8916256157635465,1.0,25,-1
1938785,1947680,13,4.844052384652786,0.8666666666666667,196,0.8916256157635466,1.0,14,-1
1938809,1939989,6,2.9224478357135144,0.75,49,0.7731092436974789,1.0,13,-1
1938809,1940283,6,2.9224478357135144,0.75,49,0.7731092436974789,1.0,13,-1
1938809,1940294,6,2.9224478357135144,0.75,49,0.7731092436974789,1.0,7,-1
1938809,1947634,6,2.9224478357135144,0.75,49,0.7731092436974789,1.0,13,-1
1938809,1947638,6,2.9224478357135144,0.75,49,0.7731092436974789,1.0,13,-1
1938809,1947724,6,3.083390054218504,0.3333333333333333,119,0.857142857142857,1.0,13,-1
1938809,1947744,6,2.9224478357135144,0.75,49,0.7731092436974789,1.0,13,-1
1938821,1938845,9,3.853279036915966,0.8181818181818182,100,0.8714285714285713,1.0,10,-1
1938821,1938850,9,3.853279036915966,0.8181818181818182,100,0.8714285714285713,1.0,10,-1
1938821,1939814,9,3.853279036915966,0.8181818181818182,100,0.8714285714285713,1.0,10,-1
1938821,1946935,9,3.853279036915966,0.8181818181818182,100,0.8714285714285713,1.0,0,-1
1938821,1947390,9,3.853279036915966,0.8181818181818182,100,0.8714285714285713,1.0,0,-1
1938821,1947429,9,3.853279036915966,0.8181818181818182,100,0.8714285714285713,1.0,10,-1
1938845,1938850,9,3.853279036915966,0.8181818181818182,100,0.8714285714285713,1.0,10,-1
1938845,1939814,9,3.853279036915966,0.8181818181818182,100,0.8714285714285713,1.0,10,-1
1938845,1946935,9,3.853279036915966,0.8181818181818182,100,0.8714285714285713,1.0,0,-1
1938845,1947390,9,3.853279036915966,0.8181818181818182,100,0.8714285714285713,1.0,0,-1
1938845,1947429,9,3.853279036915966,0.8181818181818182,100,0.8714285714285713,1.0,10,-1
1938850,1939814,9,3.853279036915966,0.8181818181818182,100,0.8714285714285713,1.0,10,-1
1938850,1946935,9,3.853279036915966,0.8181818181818182,100,0.8714285714285713,1.0,0,-1
1938850,1947390,9,3.853279036915966,0.8181818181818182,100,0.8714285714285713,1.0,0,-1
1938850,1947429,9,3.853279036915966,0.8181818181818182,100,0.8714285714285713,1.0,10,-1
1938861,1938881,3,1.5416950271092522,0.6,16,0.42857142857142855,1.0,3,-1
1938861,1947771,3,1.7491442051839832,0.375,28,0.5357142857142857,1.0,0,-1
1938870,1938889,7,2.986705782912816,0.7777777777777778,64,0.6793831168831168,1.0,0,-1
1938870,1939871,7,3.106930369653563,0.4117647058823529,128,0.7418831168831168,1.0,4,-1
1938870,1940238,7,3.1440886767271317,0.30434782608695654,176,0.7589285714285714,1.0,4,-1
1938870,1947502,7,2.986705782912816,0.7777777777777778,64,0.6793831168831168,1.0,0,-1
1938870,1966625,2,0.6841892133709133,0.10526315789473684,104,0.10795454545454546,0.5,3,-1
1938870,1984685,2,0.6841892133709133,0.13333333333333333,72,0.10795454545454546,0.5,3,-1
1938870,1987461,2,0.6841892133709133,0.13333333333333333,72,0.10795454545454546,0.5,3,-1
1938870,2004398,2,0.6841892133709133,0.13333333333333333,72,0.10795454545454546,0.5,3,-1
1938870,2004403,2,0.6841892133709133,0.13333333333333333,72,0.10795454545454546,0.5,0,-1
1938870,2004411,2,0.6841892133709133,0.13333333333333333,72,0.10795454545454546,0.5,3,-1
1938881,1947771,3,1.7491442051839832,0.375,28,0.5357142857142857,1.0,0,-1
1938889,1939871,7,3.106930369653563,0.4117647058823529,128,0.7418831168831168,1.0,0,-1
1938889,1940238,7,3.1440886767271317,0.30434782608695654,176,0.7589285714285714,1.0,0,-1
1938889,1947502,7,2.986705782912816,0.7777777777777778,64,0.6793831168831168,1.0,3,-1
1938889,1966625,2,0.6841892133709133,0.10526315789473684,104,0.10795454545454546,0.5,0,-1
1938889,1984685,2,0.6841892133709133,0.13333333333333333,72,0.10795454545454546,0.5,0,-1
1938889,1987461,2,0.6841892133709133,0.13333333333333333,72,0.10795454545454546,0.5,0,-1
1938889,2004398,2,0.6841892133709133,0.13333333333333333,72,0.10795454545454546,0.5,0,-1
1938889,2004403,2,0.6841892133709133,0.13333333333333333,72,0.10795454545454546,0.5,0,-1
1938889,2004411,2,0.6841892133709133,0.13333333333333333,72,0.10795454545454546,0.5,0,-1
1938916,1938934,4,2.4853397382384474,0.6666666666666666,25,0.8,1.0,6,-1
1938916,1939915,4,2.4853397382384474,0.6666666666666666,25,0.8,1.0,5,-1
1938916,1940272,4,2.4853397382384474,0.6666666666666666,25,0.8,1.0,5,-1
1938916,1946996,4,2.4853397382384474,0.6666666666666666,25,0.8,1.0,5,-1
1938916,1947803,4,2.4853397382384474,0.6666666666666666,25,0.8,1.0,5,-1
1938934,1939915,4,2.4853397382384474,0.6666666666666666,25,0.8,1.0,5,-1
1938934,1940272,4,2.4853397382384474,0.6666666666666666,25,0.8,1.0,5,-1
1938934,1946996,4,2.4853397382384474,0.6666666666666666,25,0.8,1.0,5,-1
1938934,1947803,4,2.4853397382384474,0.6666666666666666,25,0.8,1.0,5,-1
1938938,1940095,2,1.8204784532536746,0.5,9,0.6666666666666666,1.0,3,-1
1938938,1940352,2,1.8204784532536746,0.5,9,0.6666666666666666,1.0,3,-1
1938949,1938954,8,3.640956906507349,0.8,81,0.8888888888888891,1.0,0,-1
1938949,1938967,8,3.640956906507349,0.8,81,0.8888888888888891,1.0,16,-1
1938949,1940302,8,3.640956906507349,0.8,81,0.8888888888888891,1.0,16,-1
1938949,1940385,8,3.640956906507349,0.8,81,0.8888888888888891,1.0,16,-1
1938949,1944510,8,3.640956906507349,0.8,81,0.8888888888888891,1.0,16,-1
1938949,1947490,8,3.640956906507349,0.8,81,0.8888888888888891,1.0,16,-1
1938949,1947513,8,3.640956906507349,0.8,81,0.8888888888888891,1.0,16,-1
1938949,1947707,8,3.640956906507349,0.8,81,0.8888888888888891,1.0,16,-1
1938954,1938967,8,3.640956906507349,0.8,81,0.8888888888888891,1.0,0,-1
1938954,1940302,8,3.640956906507349,0.8,81,0.8888888888888891,1.0,0,-1
1938954,1940385,8,3.640956906507349,0.8,81,0.8888888888888891,1.0,0,-1
1938954,1944510,8,3.640956906507349,0.8,81,0.8888888888888891,1.0,0,-1
1938954,1947490,8,3.640956906507349,0.8,81,0.8888888888888891,1.0,0,-1
1938954,1947513,8,3.640956906507349,0.8,81,0.8888888888888891,1.0,0,-1
1938954,1947707,8,3.640956906507349,0.8,81,0.8888888888888891,1.0,0,-1
1938967,1940302,8,3.640956906507349,0.8,81,0.8888888888888891,1.0,16,-1
1938967,1940385,8,3.640956906507349,0.8,81,0.8888888888888891,1.0,16,-1
1938967,1944510,8,3.640956906507349,0.8,81,0.8888888888888891,1.0,16,-1
1938967,1947490,8,3.640956906507349,0.8,81,0.8888888888888891,1.0,16,-1
1938967,1947513,8,3.640956906507349,0.8,81,0.8888888888888891,1.0,16,-1
1938967,1947707,8,3.640956906507349,0.8,81,0.8888888888888891,1.0,16,-1
1938974,1939200,4,2.2538760489301155,0.6666666666666666,25,0.676923076923077,1.0,10,-1
1938974,1939206,4,2.4853397382384474,0.2857142857142857,65,0.8,1.0,10,-1
1938974,1939212,4,2.2538760489301155,0.6666666666666666,25,0.676923076923077,1.0,10,-1
1938974,1940274,4,2.2538760489301155,0.6666666666666666,25,0.676923076923077,1.0,10,-1
1938974,1946278,4,2.2538760489301155,0.6666666666666666,25,0.676923076923077,1.0,10,-1
1938995,1938997,6,3.083390054218504,0.75,49,0.857142857142857,1.0,12,-1
1938995,1939028,6,3.083390054218504,0.75,49,0.857142857142857,1.0,12,-1
1938995,1939043,6,3.083390054218504,0.75,49,0.857142857142857,1.0,7,-1
1938995,1982219,6,3.083390054218504,0.75,49,0.857142857142857,1.0,12,-1
1938997,1939028,6,3.083390054218504,0.75,49,0.857142857142857,1.0,12,-1
1938997,1939043,6,3.083390054218504,0.75,49,0.857142857142857,1.0,7,-1
1938997,1982219,6,3.083390054218504,0.75,49,0.857142857142857,1.0,12,-1
1939007,1939021,7,3.0398781499981253,0.7777777777777778,64,0.7110805860805861,1.0,8,-1
1939007,1940321,7,3.0398781499981253,0.7777777777777778,64,0.7110805860805861,1.0,8,-1
1939007,1940416,7,3.0398781499981253,0.7777777777777778,64,0.7110805860805861,1.0,8,-1
1939007,1941924,2,0.635386415183186,0.07692307692307693,160,0.08608058608058608,0.5,3,-1
1939007,1941934,2,0.635386415183186,0.1,112,0.08608058608058608,0.5,3,-1
1939007,1941941,2,0.635386415183186,0.1,112,0.08608058608058608,0.5,3,-1
1939007,1942097,2,0.635386415183186,0.1,112,0.08608058608058608,0.5,3,-1
1939007,1947732,7,3.0398781499981253,0.7777777777777778,64,0.7110805860805861,1.0,8,-1
1939007,1947746,7,3.0398781499981253,0.7777777777777778,64,0.7110805860805861,1.0,9,-1
1939007,1947841,7,3.0398781499981253,0.7777777777777778,64,0.7110805860805861,1.0,8,-1
1939007,1949737,2,0.635386415183186,0.1,112,0.08608058608058608,0.5,3,-1
1939007,1949821,2,0.635386415183186,0.1,112,0.08608058608058608,0.5,3,-1
1939007,1949998,2,0.635386415183186,0.1,112,0.08608058608058608,0.5,3,-1
1939007,1950189,2,0.635386415183186,0.1,112,0.08608058608058608,0.5,3,-1
1939021,1940321,7,3.0398781499981253,0.7777777777777778,64,0.7110805860805861,1.0,13,-1
1939021,1940416,7,3.0398781499981253,0.7777777777777778,64,0.7110805860805861,1.0,13,-1
1939021,1941924,2,0.635386415183186,0.07692307692307693,160,0.08608058608058608,0.5,3,-1
1939021,1941934,2,0.635386415183186,0.1,112,0.08608058608058608,0.5,6,-1
1939021,1941941,2,0.635386415183186,0.1,112,0.08608058608058608,0.5,6,-1
1939021,1942097,2,0.635386415183186,0.1,112,0.08608058608058608,0.5,6,-1
1939021,1947732,7,3.0398781499981253,0.7777777777777778,64,0.7110805860805861,1.0,8,-1
1939021,1947746,7,3.0398781499981253,0.7777777777777778,64,0.7110805860805861,1.0,8,-1
1939021,1947841,7,3.0398781499981253,0.7777777777777778,64,0.7110805860805861,1.0,13,-1
1939021,1949737,2,0.635386415183186,0.1,112,0.08608058608058608,0.5,6,-1
1939021,1949821,2,0.635386415183186,0.1,112,0.08608058608058608,0.5,6,-1
1939021,1949998,2,0.635386415183186,0.1,112,0.08608058608058608,0.5,6,-1
1939021,1950189,2,0.635386415183186,0.1,112,0.08608058608058608,0.5,3,-1
1939028,1939043,6,3.083390054218504,0.75,49,0.857142857142857,1.0,7,-1
1939028,1982219,6,3.083390054218504,0.75,49,0.857142857142857,1.0,12,-1
1939043,1982219,6,3.083390054218504,0.75,49,0.857142857142857,1.0,7,-1
1939059,1939996,5,2.7905531327562363,0.7142857142857143,36,0.8333333333333333,1.0,6,-1
1939059,1940349,5,2.7905531327562363,0.7142857142857143,36,0.8333333333333333,1.0,6,-1
1939059,1940362,5,2.7905531327562363,0.7142857142857143,36,0.8333333333333333,1.0,6,-1
1939059,1940459,5,2.7905531327562363,0.7142857142857143,36,0.8333333333333333,1.0,6,-1
1939059,1947864,5,2.7905531327562363,0.7142857142857143,36,0.8333333333333333,1.0,6,-1
1939060,1946201,7,3.366288428740915,0.7777777777777778,64,0.875,1.0,8,-1
1939060,1967265,7,3.366288428740915,0.7777777777777778,64,0.875,1.0,14,-1
1939060,1967268,7,3.366288428740915,0.7777777777777778,64,0.875,1.0,14,-1
1939060,1978199,7,3.366288428740915,0.7777777777777778,64,0.875,1.0,14,-1
1939060,1984481,7,3.366288428740915,0.7777777777777778,64,0.875,1.0,14,-1
1939062,1940207,9,3.9086503371292665,0.8181818181818182,100,0.8999999999999999,1.0,18,-1
1939062,1940483,9,3.9086503371292665,0.8181818181818182,100,0.8999999999999999,1.0,10,-1
1939062,1947233,9,3.9086503371292665,0.8181818181818182,100,0.8999999999999999,1.0,18,-1
1939062,1947236,9,3.9086503371292665,0.8181818181818182,100,0.8999999999999999,1.0,18,-1
1939062,1947626,9,3.9086503371292665,0.8181818181818182,100,0.8999999999999999,1.0,18,-1
1939062,1947631,9,3.9086503371292665,0.8181818181818182,100,0.8999999999999999,1.0,10,-1
1939062,1947636,9,3.9086503371292665,0.8181818181818182,100,0.8999999999999999,1.0,18,-1
1939062,1947828,9,3.9086503371292665,0.8181818181818182,100,0.8999999999999999,1.0,18,-1
1939062,1947939,9,3.9086503371292665,0.8181818181818182,100,0.8999999999999999,1.0,18,-1
1939062,1947945,9,3.9086503371292665,0.8181818181818182,100,0.8999999999999999,1.0,18,-1
1939126,1947999,2,1.8204784532536746,0.5,9,0.6666666666666666,1.0,3,-1
1939200,1939206,4,2.4853397382384474,0.2857142857142857,65,0.8,1.0,10,-1
1939200,1939212,4,2.2538760489301155,0.6666666666666666,25,0.676923076923077,1.0,10,-1
1939200,1940274,4,2.2538760489301155,0.6666666666666666,25,0.676923076923077,1.0,10,-1
1939200,1946278,4,2.2538760489301155,0.6666666666666666,25,0.676923076923077,1.0,10,-1
1939206,1939212,4,2.4853397382384474,0.2857142857142857,65,0.8,1.0,10,-1
1939206,1940274,4,2.4853397382384474,0.2857142857142857,65,0.8,1.0,10,-1
1939206,1946278,4,2.4853397382384474,0.2857142857142857,65,0.8,1.0,10,-1
1939212,1940274,4,2.2538760489301155,0.6666666666666666,25,0.676923076923077,1.0,10,-1
1939212,1946278,4,2.2538760489301155,0.6666666666666666,25,0.676923076923077,1.0,10,-1
1939300,1940297,10,4.170323914242463,0.8333333333333334,121,0.9090909090909093,1.0,20,-1
1939300,1940510,10,4.170323914242463,0.8333333333333334,121,0.9090909090909093,1.0,20,-1
1939300,1940725,10,4.170323914242463,0.8333333333333334,121,0.9090909090909093,1.0,20,-1
1939300,1940733,10,4.170323914242463,0.8333333333333334,121,0.9090909090909093,1.0,20,-1
1939300,1940737,10,4.170323914242463,0.8333333333333334,121,0.9090909090909093,1.0,20,-1
1939300,1940739,10,4.170323914242463,0.8333333333333334,121,0.9090909090909093,1.0,20,-1
1939300,1940761,10,4.170323914242463,0.8333333333333334,121,0.9090909090909093,1.0,11,-1
1939300,1940783,10,4.170323914242463,0.8333333333333334,121,0.9090909090909093,1.0,11,-1
1939300,1947505,10,4.170323914242463,0.8333333333333334,121,0.9090909090909093,1.0,20,-1
1939300,1947510,10,4.170323914242463,0.8333333333333334,121,0.9090909090909093,1.0,20,-1
1939300,1947957,10,4.170323914242463,0.8333333333333334,121,0.9090909090909093,1.0,20,-1
1939380,1939679,1,1.4426950408889634,0.3333333333333333,4,0.5,1.0,2,-1
1939380,1946485,1,1.4426950408889634,0.3333333333333333,4,0.5,1.0,3,-1
1939411,1939414,7,3.052003379240942,0.7777777777777778,64,0.7102564102564102,1.0,8,-1
1939411,1939422,7,3.1636323531350747,0.4375,120,0.7685897435897435,1.0,8,-1
1939411,1939887,7,3.052003379240942,0.7777777777777778,64,0.7102564102564102,1.0,8,-1
1939411,1939900,7,3.052003379240942,0.7777777777777778,64,0.7102564102564102,1.0,13,-1
1939411,1946551,7,3.052003379240942,0.7777777777777778,64,0.7102564102564102,1.0,13,-1
1939411,1947277,7,3.1430304809526497,0.5,104,0.7583333333333333,1.0,13,-1
1939411,1947285,7,3.052003379240942,0.7777777777777778,64,0.7102564102564102,1.0,13,-1
1939411,1970589,2,0.7385387461377101,0.14285714285714285,64,0.13333333333333333,0.5,5,-1
1939411,1970616,2,0.7385387461377101,0.14285714285714285,64,0.13333333333333333,0.5,3,-1
1939411,1976815,2,0.7385387461377101,0.14285714285714285,64,0.13333333333333333,0.5,3,-1
1939411,1976818,2,0.7385387461377101,0.14285714285714285,64,0.13333333333333333,0.5,3,-1
1939411,1976821,2,0.7385387461377101,0.14285714285714285,64,0.13333333333333333,0.5,5,-1
1939411,1984492,2,0.7385387461377101,0.14285714285714285,64,0.13333333333333333,0.5,3,-1
1939414,1939422,7,3.1636323531350747,0.4375,120,0.7685897435897435,1.0,8,-1
1939414,1939887,7,3.052003379240942,0.7777777777777778,64,0.7102564102564102,1.0,8,-1
1939414,1939900,7,3.052003379240942,0.7777777777777778,64,0.7102564102564102,1.0,8,-1
1939414,1946551,7,3.052003379240942,0.7777777777777778,64,0.7102564102564102,1.0,8,-1
1939414,1947277,7,3.1430304809526497,0.5,104,0.7583333333333333,1.0,8,-1
1939414,1947285,7,3.052003379240942,0.7777777777777778,64,0.7102564102564102,1.0,8,-1
1939414,1970589,2,0.7385387461377101,0.14285714285714285,64,0.13333333333333333,0.5,3,-1
1939414,1970616,2,0.7385387461377101,0.14285714285714285,64,0.13333333333333333,0.5,3,-1
1939414,1976815,2,0.7385387461377101,0.14285714285714285,64,0.13333333333333333,0.5,3,-1
1939414,1976818,2,0.7385387461377101,0.14285714285714285,64,0.13333333333333333,0.5,3,-1
1939414,1976821,2,0.7385387461377101,0.14285714285714285,64,0.13333333333333333,0.5,3,-1
1939414,1984492,2,0.7385387461377101,0.14285714285714285,64,0.13333333333333333,0.5,3,-1
1939422,1939887,7,3.1636323531350747,0.4375,120,0.7685897435897435,1.0,8,-1
1939422,1939900,7,3.1636323531350747,0.4375,120,0.7685897435897435,1.0,8,-1
1939422,1946551,7,3.1636323531350747,0.4375,120,0.7685897435897435,1.0,8,-1
1939422,1947277,7,3.2546594548467827,0.3333333333333333,195,0.8166666666666667,1.0,8,-1
1939422,1947285,7,3.1636323531350747,0.4375,120,0.7685897435897435,1.0,8,-1
1939422,1970589,7,3.2546594548467827,0.4375,120,0.8166666666666667,1.0,8,-1
1939422,1970616,7,3.2546594548467827,0.4375,120,0.8166666666666667,1.0,8,-1
1939422,1976815,7,3.2546594548467827,0.4375,120,0.8166666666666667,1.0,8,-1
1939422,1976818,7,3.2546594548467827,0.4375,120,0.8166666666666667,1.0,8,-1
1939422,1976821,7,3.2546594548467827,0.4375,120,0.8166666666666667,1.0,8,-1
1939422,1984492,7,3.2546594548467827,0.4375,120,0.8166666666666667,1.0,8,-1
1939448,1939474,5,2.7905531327562363,0.7142857142857143,36,0.8333333333333333,1.0,9,-1
1939448,1939885,5,2.7905531327562363,0.7142857142857143,36,0.8333333333333333,1.0,9,-1
1939448,1947091,5,2.7905531327562363,0.7142857142857143,36,0.8333333333333333,1.0,9,-1
1939448,1947096,5,2.7905531327562363,0.7142857142857143,36,0.8333333333333333,1.0,5,-1
1939448,1947312,5,2.7905531327562363,0.7142857142857143,36,0.8333333333333333,1.0,0,-1
1939448,1947342,5,2.7905531327562363,0.7142857142857143,36,0.8333333333333333,1.0,9,-1
1939458,1939730,9,3.9086503371292665,0.8181818181818182,100,0.8999999999999999,1.0,19,-1
1939458,1939953,9,3.9086503371292665,0.8181818181818182,100,0.8999999999999999,1.0,19,-1
1939458,1946555,9,3.9086503371292665,0.8181818181818182,100,0.8999999999999999,1.0,19,-1
1939458,1946565,9,3.9086503371292665,0.8181818181818182,100,0.8999999999999999,1.0,10,-1
1939458,1946587,9,3.9086503371292665,0.8181818181818182,100,0.8999999999999999,1.0,19,-1
1939458,1947339,9,3.9086503371292665,0.8181818181818182,100,0.8999999999999999,1.0,19,-1
1939474,1939885,5,2.7905531327562363,0.7142857142857143,36,0.8333333333333333,1.0,9,-1
1939474,1947091,5,2.7905531327562363,0.7142857142857143,36,0.8333333333333333,1.0,9,-1
1939474,1947096,5,2.7905531327562363,0.7142857142857143,36,0.8333333333333333,1.0,5,-1
1939474,1947312,5,2.7905531327562363,0.7142857142857143,36,0.8333333333333333,1.0,0,-1
1939474,1947342,5,2.7905531327562363,0.7142857142857143,36,0.8333333333333333,1.0,9,-1
1939496,1939507,9,3.8130557045650453,0.8181818181818182,100,0.85,1.0,18,-1
1939496,1939960,9,3.8130557045650453,0.8181818181818182,100,0.85,1.0,10,-1
1939496,1939978,9,3.8130557045650453,0.8181818181818182,100,0.85,1.0,18,-1
1939496,1946604,9,3.844920582086452,0.6923076923076923,120,0.8666666666666666,1.0,18,-1
1939496,1946617,9,3.8130557045650453,0.8181818181818182,100,0.85,1.0,10,-1
1939496,1946627,9,3.844920582086452,0.6923076923076923,120,0.8666666666666666,1.0,18,-1
1939496,1947126,9,3.8449205820864525,0.6923076923076923,120,0.8666666666666666,1.0,18,-1
1939496,1947148,9,3.8130557045650453,0.8181818181818182,100,0.85,1.0,18,-1
1939496,1947366,9,3.8130557045650453,0.8181818181818182,100,0.85,1.0,18,-1
1939496,1947418,9,3.8130557045650453,0.8181818181818182,100,0.85,1.0,18,-1
1939507,1939960,9,3.813055704565045,0.8181818181818182,100,0.85,1.0,10,-1
1939507,1939978,9,3.8130557045650453,0.8181818181818182,100,0.85,1.0,18,-1
1939507,1946604,9,3.844920582086452,0.6923076923076923,120,0.8666666666666666,1.0,18,-1
1939507,1946617,9,3.813055704565045,0.8181818181818182,100,0.85,1.0,10,-1
1939507,1946627,9,3.8449205820864525,0.6923076923076923,120,0.8666666666666667,1.0,18,-1
1939507,1947126,9,3.844920582086452,0.6923076923076923,120,0.8666666666666666,1.0,18,-1
1939507,1947148,9,3.813055704565045,0.8181818181818182,100,0.8499999999999999,1.0,18,-1
1939507,1947366,9,3.8130557045650453,0.8181818181818182,100,0.85,1.0,18,-1
1939507,1947418,9,3.813055704565045,0.8181818181818182,100,0.85,1.0,18,-1
1939514,1939530,6,3.083390054218504,0.75,49,0.857142857142857,1.0,14,-1
1939514,1939544,6,3.083390054218504,0.75,49,0.857142857142857,1.0,14,-1
1939514,1940015,6,3.083390054218504,0.75,49,0.857142857142857,1.0,14,-1
1939514,1947430,6,3.083390054218504,0.75,49,0.857142857142857,1.0,14,-1
1939530,1939544,6,3.083390054218504,0.75,49,0.857142857142857,1.0,14,-1
1939530,1940015,6,3.083390054218504,0.75,49,0.857142857142857,1.0,14,-1
1939530,1947430,6,3.083390054218504,0.75,49,0.857142857142857,1.0,14,-1
1939534,1939748,8,3.640956906507349,0.8,81,0.8888888888888891,1.0,9,-1
1939534,1939988,8,3.640956906507349,0.8,81,0.8888888888888891,1.0,9,-1
1939534,1946658,8,3.640956906507349,0.8,81,0.8888888888888891,1.0,9,-1
1939534,1946692,8,3.640956906507349,0.8,81,0.8888888888888891,1.0,9,-1
1939534,1947164,8,3.640956906507349,0.8,81,0.8888888888888891,1.0,9,-1
1939534,1947181,8,3.640956906507349,0.8,81,0.8888888888888891,1.0,9,-1
1939534,1947384,8,3.640956906507349,0.8,81,0.8888888888888891,1.0,9,-1
1939544,1940015,6,3.083390054218504,0.75,49,0.857142857142857,1.0,14,-1
1939544,1947430,6,3.083390054218504,0.75,49,0.857142857142857,1.0,14,-1
1939561,1939805,5,2.6113656878949403,0.7142857142857143,36,0.738095238095238,1.0,5,-1
1939561,1939809,5,2.6113656878949403,0.7142857142857143,36,0.738095238095238,1.0,5,-1
1939568,1939587,1,1.4426950408889634,0.3333333333333333,4,0.5,1.0,4,-1
1939568,1939836,1,1.4426950408889634,0.3333333333333333,4,0.5,1.0,4,-1
1939573,1939796,1,1.4426950408889634,0.3333333333333333,4,0.5,1.0,4,-1
1939587,1939836,1,1.4426950408889634,0.3333333333333333,4,0.5,1.0,4,-1
1939607,1939615,4,2.4853397382384474,0.6666666666666666,25,0.8,1.0,5,-1
1939607,1939626,4,2.4853397382384474,0.6666666666666666,25,0.8,1.0,5,-1
1939607,1947214,4,2.4853397382384474,0.6666666666666666,25,0.8,1.0,5,-1
1939607,1947244,4,2.4853397382384474,0.6666666666666666,25,0.8,1.0,5,-1
1939607,1947467,4,2.4853397382384474,0.6666666666666666,25,0.8,1.0,5,-1
1939613,1939629,5,2.7905531327562363,0.7142857142857143,36,0.8333333333333333,1.0,5,1
1939613,2009215,5,2.7905531327562363,0.7142857142857143,36,0.8333333333333333,1.0,9,1
1939613,2011118,5,2.7905531327562363,0.7142857142857143,36,0.8333333333333333,1.0,9,-1
1939613,2047263,5,2.7905531327562363,0.7142857142857143,36,0.8333333333333333,1.0,9,-1
1939613,2047266,5,2.7905531327562363,0.7142857142857143,36,0.8333333333333333,1.0,9,-1
1939615,1939626,4,2.4853397382384474,0.6666666666666666,25,0.8,1.0,5,-1
1939615,1947214,4,2.4853397382384474,0.6666666666666666,25,0.8,1.0,8,-1
1939615,1947244,4,2.4853397382384474,0.6666666666666666,25,0.8,1.0,8,-1
1939615,1947467,4,2.4853397382384474,0.6666666666666666,25,0.8,1.0,8,-1
1939626,1947214,4,2.4853397382384474,0.6666666666666666,25,0.8,1.0,5,-1
1939626,1947244,4,2.4853397382384474,0.6666666666666666,25,0.8,1.0,5,-1
1939626,1947467,4,2.4853397382384474,0.6666666666666666,25,0.8,1.0,5,-1
1939629,2009215,5,2.7905531327562363,0.7142857142857143,36,0.8333333333333333,1.0,5,1
1939629,2011118,5,2.7905531327562363,0.7142857142857143,36,0.8333333333333333,1.0,5,-1
1939629,2047263,5,2.7905531327562363,0.7142857142857143,36,0.8333333333333333,1.0,5,-1
1939629,2047266,5,2.7905531327562363,0.7142857142857143,36,0.8333333333333333,1.0,5,-1
1939630,1939633,6,3.083390054218504,0.75,49,0.857142857142857,1.0,13,-1
1939630,1939646,6,3.083390054218504,0.75,49,0.857142857142857,1.0,13,-1
1939630,1940098,6,3.083390054218504,0.75,49,0.857142857142857,1.0,7,-1
1939630,1947190,6,3.083390054218504,0.75,49,0.857142857142857,1.0,13,-1
1939630,1947231,6,3.083390054218504,0.75,49,0.857142857142857,1.0,13,-1
1939630,1947532,6,3.083390054218504,0.75,49,0.857142857142857,1.0,13,-1
1939631,1939649,2,1.8204784532536746,0.5,9,0.6666666666666666,1.0,6,-1
1939633,1939646,6,3.083390054218504,0.75,49,0.857142857142857,1.0,13,-1
1939633,1940098,6,3.083390054218504,0.75,49,0.857142857142857,1.0,7,-1
1939633,1947190,6,3.083390054218504,0.75,49,0.857142857142857,1.0,13,-1
1939633,1947231,6,3.083390054218504,0.75,49,0.857142857142857,1.0,13,-1
1939633,1947532,6,3.083390054218504,0.75,49,0.857142857142857,1.0,13,-1
1939636,1939641,6,3.083390054218504,0.375,105,0.857142857142857,1.0,14,-1
1939636,1939645,6,3.083390054218504,0.375,105,0.857142857142857,1.0,14,-1
1939636,1939654,6,3.083390054218504,0.375,105,0.857142857142857,1.0,14,-1
1939636,1939827,6,3.083390054218504,0.375,105,0.857142857142857,1.0,14,-1
1939636,1947044,6,3.083390054218504,0.375,105,0.857142857142857,1.0,14,-1
1939641,1939645,6,2.9387610849176085,0.75,49,0.7809523809523808,1.0,14,-1
1939641,1939654,6,2.9387610849176085,0.75,49,0.7809523809523808,1.0,14,-1
1939641,1939827,6,2.9387610849176085,0.75,49,0.7809523809523808,1.0,14,-1
1939641,1947044,6,2.9387610849176085,0.75,49,0.7809523809523808,1.0,14,-1
1939645,1939654,6,2.9387610849176085,0.75,49,0.7809523809523808,1.0,14,-1
1939645,1939827,6,2.9387610849176085,0.75,49,0.7809523809523808,1.0,14,-1
1939645,1947044,6,2.9387610849176085,0.75,49,0.7809523809523808,1.0,14,-1
1939646,1940098,6,3.083390054218504,0.75,49,0.857142857142857,1.0,7,-1
1939646,1947190,6,3.083390054218504,0.75,49,0.857142857142857,1.0,13,-1
1939646,1947231,6,3.083390054218504,0.75,49,0.857142857142857,1.0,13,-1
1939646,1947532,6,3.083390054218504,0.75,49,0.857142857142857,1.0,13,-1
1939651,1939869,4,2.3779031460485864,0.6666666666666666,25,0.7428571428571429,1.0,0,-1
1939651,1940025,4,2.3779031460485864,0.6666666666666666,25,0.7428571428571429,1.0,0,-1
1939651,1940064,4,2.4853397382384474,0.5,35,0.8,1.0,0,-1
1939651,1940142,4,2.3779031460485864,0.6666666666666666,25,0.7428571428571429,1.0,0,-1
1939651,1946794,4,2.3779031460485864,0.6666666666666666,25,0.7428571428571429,1.0,2,-1
1939654,1939827,6,2.9387610849176085,0.75,49,0.7809523809523808,1.0,14,-1
1939654,1947044,6,2.9387610849176085,0.75,49,0.7809523809523808,1.0,14,-1
1939656,1940043,3,2.164042561333445,0.2727272727272727,40,0.75,1.0,4,-1
1939656,1940046,3,1.876989522792215,0.6,16,0.6,1.0,4,-1
1939656,1940090,3,1.876989522792215,0.6,16,0.6,1.0,4,-1
1939656,1983934,1,0.43429448190325176,0.1111111111111111,24,0.1,0.5,0,-1
1939656,1983946,1,0.43429448190325176,0.1111111111111111,24,0.1,0.5,2,-1
1939656,1986705,1,0.43429448190325176,0.1111111111111111,24,0.1,0.5,2,-1
1939656,2001194,1,0.43429448190325176,0.1111111111111111,24,0.1,0.5,2,-1
1939656,2003681,1,0.43429448190325176,0.1111111111111111,24,0.1,0.5,2,-1
1939656,2003691,1,0.43429448190325176,0.1111111111111111,24,0.1,0.5,2,-1
1939673,1939677,8,3.313230827135337,0.8,81,0.717832167832168,1.0,18,1
1939673,1941104,8,3.313230827135337,0.8,81,0.7178321678321677,1.0,18,-1
1939673,1947878,8,3.3990810673799,0.5,135,0.7622766122766123,1.0,18,1
1939673,1948296,8,3.351318049024509,0.6666666666666666,99,0.7380341880341881,1.0,18,-1
1939673,1948751,8,3.313230827135337,0.8,81,0.7178321678321677,1.0,18,-1
1939673,1948759,8,3.3784791951974755,0.5714285714285714,117,0.752020202020202,1.0,18,-1
1939673,1948767,8,3.313230827135337,0.8,81,0.717832167832168,1.0,18,-1
1939673,1950354,2,0.7385387461377101,0.2,27,0.13333333333333333,0.5,6,-1
1939673,2004715,2,0.7385387461377101,0.2,27,0.13333333333333333,0.5,6,-1
1939677,1941104,8,3.313230827135337,0.8,81,0.7178321678321677,1.0,18,-1
1939677,1947878,8,3.3990810673799,0.5,135,0.7622766122766123,1.0,18,1
1939677,1948296,8,3.351318049024509,0.6666666666666666,99,0.7380341880341881,1.0,18,-1
1939677,1948751,8,3.313230827135337,0.8,81,0.7178321678321677,1.0,18,1
1939677,1948759,8,3.3784791951974755,0.5714285714285714,117,0.752020202020202,1.0,18,-1
1939677,1948767,8,3.313230827135337,0.8,81,0.717832167832168,1.0,18,-1
1939677,1950354,2,0.7385387461377101,0.2,27,0.13333333333333333,0.5,6,-1
1939677,2004715,2,0.7385387461377101,0.2,27,0.13333333333333333,0.5,6,-1
1939679,1946485,1,1.4426950408889634,0.3333333333333333,4,0.5,1.0,2,-1
1939691,1939860,6,3.083390054218504,0.75,49,0.857142857142857,1.0,10,-1
1939691,1946479,6,3.083390054218504,0.75,49,0.857142857142857,1.0,10,-1
1939691,1946523,6,3.083390054218504,0.75,49,0.857142857142857,1.0,7,-1
1939691,1947255,6,3.083390054218504,0.75,49,0.857142857142857,1.0,7,-1
1939691,1947261,6,3.083390054218504,0.75,49,0.857142857142857,1.0,7,-1
1939691,1947269,6,3.083390054218504,0.75,49,0.857142857142857,1.0,10,-1
1939691,1947272,6,3.083390054218504,0.75,49,0.857142857142857,1.0,7,-1
1939692,1947291,2,1.8204784532536746,0.5,9,0.6666666666666666,1.0,5,-1
1939692,1947307,2,1.8204784532536746,0.5,9,0.6666666666666666,1.0,5,-1
1939692,1947318,2,1.8204784532536746,0.5,9,0.6666666666666666,1.0,3,-1
1939694,1939858,1,1.4426950408889634,0.3333333333333333,4,0.5,1.0,4,-1
1939695,1940081,8,3.640956906507349,0.8,81,0.8888888888888891,1.0,11,-1
1939695,1940084,8,3.640956906507349,0.8,81,0.8888888888888891,1.0,9,-1
1939695,1940183,8,3.640956906507349,0.8,81,0.8888888888888891,1.0,9,-1
1939708,1947610,2,1.424137568996588,0.5,9,0.47619047619047616,1.0,4,-1
1939720,1939906,1,1.4426950408889634,0.3333333333333333,4,0.5,1.0,2,-1
1939720,1947350,1,1.4426950408889634,0.3333333333333333,4,0.5,1.0,3,-1
1939727,1939734,8,3.640956906507349,0.8,81,0.8888888888888891,1.0,16,-1
1939727,1947046,8,3.640956906507349,0.8,81,0.8888888888888891,1.0,9,-1
1939727,1947050,8,3.640956906507349,0.8,81,0.8888888888888891,1.0,16,-1
1939727,1947144,8,3.640956906507349,0.8,81,0.8888888888888891,1.0,16,-1
1939727,1947152,8,3.640956906507349,0.8,81,0.8888888888888891,1.0,16,-1
1939727,1947363,8,3.640956906507349,0.8,81,0.8888888888888891,1.0,16,-1
1939730,1939953,9,3.9086503371292665,0.8181818181818182,100,0.8999999999999999,1.0,19,-1
1939730,1946555,9,3.9086503371292665,0.8181818181818182,100,0.8999999999999999,1.0,19,-1
1939730,1946565,9,3.9086503371292665,0.8181818181818182,100,0.8999999999999999,1.0,10,-1
1939730,1946587,9,3.9086503371292665,0.8181818181818182,100,0.8999999999999999,1.0,19,-1
1939730,1947339,9,3.9086503371292665,0.8181818181818182,100,0.8999999999999999,1.0,19,-1
1939734,1947046,8,3.640956906507349,0.8,81,0.8888888888888891,1.0,9,-1
1939734,1947050,8,3.640956906507349,0.8,81,0.8888888888888891,1.0,16,-1
1939734,1947144,8,3.640956906507349,0.8,81,0.8888888888888891,1.0,16,-1
1939734,1947152,8,3.640956906507349,0.8,81,0.8888888888888891,1.0,16,-1
1939734,1947363,8,3.640956906507349,0.8,81,0.8888888888888891,1.0,16,-1
1939748,1939988,8,3.640956906507349,0.8,81,0.8888888888888891,1.0,17,-1
1939748,1946658,8,3.640956906507349,0.8,81,0.8888888888888891,1.0,17,1
1939748,1946692,8,3.640956906507349,0.8,81,0.8888888888888891,1.0,17,-1
1939748,1947164,8,3.640956906507349,0.8,81,0.8888888888888891,1.0,17,-1
1939748,1947181,8,3.640956906507349,0.8,81,0.8888888888888891,1.0,17,-1
1939748,1947384,8,3.640956906507349,0.8,81,0.8888888888888891,1.0,17,-1
1939763,1939776,7,3.246063842000168,0.7777777777777778,64,0.8125,1.0,14,-1
1939763,1940231,7,3.246063842000168,0.7777777777777778,64,0.8125,1.0,8,-1
1939763,1940252,7,3.246063842000168,0.7777777777777778,64,0.8125,1.0,14,-1
1939763,1945421,7,3.246063842000168,0.7777777777777778,64,0.8125,1.0,14,-1
1939763,1947362,7,3.246063842000168,0.7777777777777778,64,0.8125,1.0,14,-1
1939776,1940231,7,3.246063842000168,0.7777777777777778,64,0.8125,1.0,8,-1
1939776,1940252,7,3.246063842000168,0.7777777777777778,64,0.8125,1.0,14,-1
1939776,1945421,7,3.246063842000168,0.7777777777777778,64,0.8125,1.0,14,-1
1939776,1947362,7,3.246063842000168,0.7777777777777778,64,0.8125,1.0,14,-1
1939805,1939809,5,2.6113656878949403,0.7142857142857143,36,0.738095238095238,1.0,7,-1
1939810,1939820,6,2.9593629571000335,0.75,49,0.7912087912087911,1.0,7,-1
1939810,1940028,6,2.9593629571000335,0.75,49,0.7912087912087911,1.0,7,-1
1939810,1940279,6,2.9593629571000335,0.75,49,0.7912087912087911,1.0,7,-1
1939810,1947396,6,2.9593629571000335,0.75,49,0.7912087912087911,1.0,7,-1
1939810,1947401,6,2.9593629571000335,0.75,49,0.7912087912087911,1.0,7,-1
1939810,1947425,6,2.9593629571000335,0.75,49,0.7912087912087911,1.0,7,-1
1939810,1967119,1,0.3898712452512801,0.08333333333333333,42,0.07692307692307693,0.5,2,-1
1939810,1970613,1,0.3898712452512801,0.08333333333333333,42,0.07692307692307693,0.5,2,-1
1939810,1974778,1,0.3898712452512801,0.08333333333333333,42,0.07692307692307693,0.5,2,-1
1939810,1977973,1,0.3898712452512801,0.08333333333333333,42,0.07692307692307693,0.5,0,-1
1939814,1946935,9,3.853279036915966,0.8181818181818182,100,0.8714285714285713,1.0,0,-1
1939814,1947390,9,3.853279036915966,0.8181818181818182,100,0.8714285714285713,1.0,0,-1
1939814,1947429,9,3.853279036915966,0.8181818181818182,100,0.8714285714285713,1.0,10,-1
1939815,1948447,11,3.733609946323332,0.39285714285714285,324,0.5925925925925926,1.0,21,-1
1939815,1948456,11,3.6345934174837664,0.8461538461538461,144,0.5462962962962963,1.0,21,-1
1939815,1948472,11,3.6345934174837664,0.8461538461538461,144,0.5462962962962963,1.0,21,-1
1939815,1948546,11,3.6345934174837664,0.8461538461538461,144,0.5462962962962963,1.0,12,-1
1939815,1948782,11,3.6345934174837664,0.8461538461538461,144,0.5462962962962963,1.0,21,-1
1939815,1948796,11,3.733609946323332,0.39285714285714285,324,0.5925925925925926,1.0,21,-1
1939815,1948822,11,3.733609946323332,0.39285714285714285,324,0.5925925925925926,1.0,21,-1
1939820,1940028,6,2.9593629571000335,0.75,49,0.7912087912087911,1.0,11,-1
1939820,1940279,6,2.9593629571000335,0.75,49,0.7912087912087911,1.0,11,-1
1939820,1947396,6,2.9593629571000335,0.75,49,0.7912087912087911,1.0,11,-1
1939820,1947401,6,2.9593629571000335,0.75,49,0.7912087912087911,1.0,11,-1
1939820,1947425,6,2.9593629571000335,0.75,49,0.7912087912087911,1.0,7,-1
1939820,1967119,1,0.3898712452512801,0.08333333333333333,42,0.07692307692307693,0.5,2,-1
1939820,1970613,1,0.3898712452512801,0.08333333333333333,42,0.07692307692307693,0.5,2,-1
1939820,1974778,1,0.3898712452512801,0.08333333333333333,42,0.07692307692307693,0.5,2,-1
1939820,1977973,1,0.3898712452512801,0.08333333333333333,42,0.07692307692307693,0.5,0,-1
1939827,1947044,6,2.9387610849176085,0.75,49,0.7809523809523808,1.0,14,-1
1939837,1947782,1,0.5581106265512472,0.14285714285714285,12,0.16666666666666666,1.0,3,-1
1939857,1944732,3,2.164042561333445,0.6,16,0.75,1.0,4,-1
1939857,1947029,3,2.164042561333445,0.6,16,0.75,1.0,5,-1
1939860,1946479,6,3.083390054218504,0.75,49,0.857142857142857,1.0,10,-1
1939860,1946523,6,3.083390054218504,0.75,49,0.857142857142857,1.0,7,-1
1939860,1947255,6,3.083390054218504,0.75,49,0.857142857142857,1.0,7,-1
1939860,1947261,6,3.083390054218504,0.75,49,0.857142857142857,1.0,7,-1
1939860,1947269,6,3.083390054218504,0.75,49,0.857142857142857,1.0,10,-1
1939860,1947272,6,3.083390054218504,0.75,49,0.857142857142857,1.0,7,-1
1939861,1940022,1,0.48089834696298783,0.14285714285714285,16,0.125,0.5,4,-1
1939861,1940042,1,0.48089834696298783,0.14285714285714285,16,0.125,0.5,4,-1
1939861,1947473,3,2.301376800216662,0.6,16,0.7916666666666666,1.0,6,-1
1939861,1947482,3,2.541825973698156,0.3333333333333333,32,0.9166666666666665,1.0,6,-1
1939861,1947813,2,1.2022458674074694,0.4,12,0.375,1.0,3,-1
1939861,1948851,1,0.48089834696298783,0.14285714285714285,16,0.125,0.5,4,-1
1939861,1979272,2,1.2022458674074694,0.4,12,0.375,1.0,3,-1
1939869,1940025,4,2.3779031460485864,0.6666666666666666,25,0.7428571428571429,1.0,6,-1
1939869,1940064,4,2.4853397382384474,0.5,35,0.8,1.0,6,-1
1939869,1940142,4,2.3779031460485864,0.6666666666666666,25,0.7428571428571429,1.0,6,-1
1939869,1946794,4,2.3779031460485864,0.6666666666666666,25,0.7428571428571429,1.0,0,-1
1939871,1940238,15,6.840021801913089,0.6521739130434783,352,1.6761294261294264,1.0,11,-1
1939871,1947502,7,3.106930369653563,0.4117647058823529,128,0.7418831168831168,1.0,0,-1
1939871,1966625,8,3.5093527463426026,0.38095238095238093,208,0.8232323232323233,1.0,8,-1
1939871,1984685,8,3.444104378280464,0.47058823529411764,144,0.789044289044289,1.0,10,-1
1939871,1987461,8,3.444104378280464,0.47058823529411764,144,0.789044289044289,1.0,8,-1
1939871,2004398,8,3.444104378280464,0.47058823529411764,144,0.789044289044289,1.0,8,-1
1939871,2004403,8,3.444104378280464,0.47058823529411764,144,0.789044289044289,1.0,0,-1
1939871,2004411,8,3.444104378280464,0.47058823529411764,144,0.789044289044289,1.0,8,-1
1939874,1940077,2,1.8204784532536746,0.5,9,0.6666666666666666,1.0,6,-1
1939885,1947091,5,2.7905531327562363,0.7142857142857143,36,0.8333333333333333,1.0,9,-1
1939885,1947096,5,2.7905531327562363,0.7142857142857143,36,0.8333333333333333,1.0,5,-1
1939885,1947312,5,2.7905531327562363,0.7142857142857143,36,0.8333333333333333,1.0,0,-1
1939885,1947342,5,2.7905531327562363,0.7142857142857143,36,0.8333333333333333,1.0,9,-1
1939887,1939900,7,3.052003379240942,0.7777777777777778,64,0.7102564102564102,1.0,8,-1
1939887,1946551,7,3.052003379240942,0.7777777777777778,64,0.7102564102564102,1.0,8,-1
1939887,1947277,7,3.1430304809526497,0.5,104,0.7583333333333333,1.0,8,-1
1939887,1947285,7,3.052003379240942,0.7777777777777778,64,0.7102564102564102,1.0,8,-1
1939887,1970589,2,0.7385387461377101,0.14285714285714285,64,0.13333333333333333,0.5,3,-1
1939887,1970616,2,0.7385387461377101,0.14285714285714285,64,0.13333333333333333,0.5,3,-1
1939887,1976815,2,0.7385387461377101,0.14285714285714285,64,0.13333333333333333,0.5,3,-1
1939887,1976818,2,0.7385387461377101,0.14285714285714285,64,0.13333333333333333,0.5,3,-1
1939887,1976821,2,0.7385387461377101,0.14285714285714285,64,0.13333333333333333,0.5,3,-1
1939887,1984492,2,0.7385387461377101,0.14285714285714285,64,0.13333333333333333,0.5,3,-1
1939888,1939914,2,1.8204784532536746,0.5,9,0.6666666666666666,1.0,5,-1
1939888,1947357,2,1.8204784532536746,0.5,9,0.6666666666666666,1.0,3,-1
1939900,1946551,7,3.052003379240942,0.7777777777777778,64,0.7102564102564102,1.0,13,-1
1939900,1947277,7,3.1430304809526497,0.5,104,0.7583333333333333,1.0,13,-1
1939900,1947285,7,3.052003379240942,0.7777777777777778,64,0.7102564102564102,1.0,13,-1
1939900,1970589,2,0.7385387461377101,0.14285714285714285,64,0.13333333333333333,0.5,5,-1
1939900,1970616,2,0.7385387461377101,0.14285714285714285,64,0.13333333333333333,0.5,3,-1
1939900,1976815,2,0.7385387461377101,0.14285714285714285,64,0.13333333333333333,0.5,3,-1
1939900,1976818,2,0.7385387461377101,0.14285714285714285,64,0.13333333333333333,0.5,3,-1
1939900,1976821,2,0.7385387461377101,0.14285714285714285,64,0.13333333333333333,0.5,5,-1
1939900,1984492,2,0.7385387461377101,0.14285714285714285,64,0.13333333333333333,0.5,3,-1
1939901,1939910,1,1.4426950408889634,0.3333333333333333,4,0.5,1.0,3,-1
1939906,1947350,1,1.4426950408889634,0.3333333333333333,4,0.5,1.0,2,-1
1939914,1947357,2,1.8204784532536746,0.5,9,0.6666666666666666,1.0,3,-1
1939915,1940272,4,2.4853397382384474,0.6666666666666666,25,0.8,1.0,5,-1
1939915,1946996,4,2.4853397382384474,0.6666666666666666,25,0.8,1.0,5,-1
1939915,1947803,4,2.4853397382384474,0.6666666666666666,25,0.8,1.0,5,-1
1939925,1940103,8,3.640956906507349,0.8,81,0.8888888888888891,1.0,14,-1
1939925,1940372,8,3.640956906507349,0.8,81,0.8888888888888891,1.0,14,-1
1939925,1947062,8,3.640956906507349,0.8,81,0.8888888888888891,1.0,14,1
1939925,1947065,8,3.640956906507349,0.8,81,0.8888888888888891,1.0,9,1
1939925,1947499,8,3.640956906507349,0.8,81,0.8888888888888891,1.0,9,-1
1939925,1947522,8,3.640956906507349,0.8,81,0.8888888888888891,1.0,14,-1
1939925,1947531,8,3.640956906507349,0.8,81,0.8888888888888891,1.0,9,-1
1939925,1947712,8,3.640956906507349,0.8,81,0.8888888888888891,1.0,14,-1
1939931,1940358,4,2.4853397382384474,0.6666666666666666,25,0.8,1.0,10,1
1939931,1940456,4,2.4853397382384474,0.6666666666666666,25,0.8,1.0,10,1
1939931,1947085,4,2.4853397382384474,0.6666666666666666,25,0.8,1.0,10,-1
1939931,1947549,4,2.4853397382384474,0.6666666666666666,25,0.8,1.0,10,1
1939941,1940111,13,4.844052384652786,0.8666666666666667,196,0.8916256157635465,1.0,25,-1
1939941,1940122,13,4.844052384652786,0.8666666666666667,196,0.8916256157635465,1.0,25,-1
1939941,1940125,13,4.844052384652786,0.8666666666666667,196,0.8916256157635465,1.0,25,-1
1939941,1940213,13,4.844052384652786,0.8666666666666667,196,0.8916256157635465,1.0,14,-1
1939941,1940217,13,4.844052384652786,0.8666666666666667,196,0.8916256157635465,1.0,25,-1
1939941,1946861,13,4.844052384652786,0.8666666666666667,196,0.8916256157635465,1.0,25,-1
1939941,1947680,13,4.844052384652786,0.8666666666666667,196,0.8916256157635466,1.0,14,-1
1939947,1939951,4,2.4853397382384474,0.6666666666666666,25,0.8,1.0,5,-1
1939947,1939955,4,2.4853397382384474,0.6666666666666666,25,0.8,1.0,5,-1
1939947,1940335,4,2.4853397382384474,0.6666666666666666,25,0.8,1.0,5,-1
1939947,1947095,4,2.4853397382384474,0.6666666666666666,25,0.8,1.0,6,-1
1939947,1947544,4,2.4853397382384474,0.6666666666666666,25,0.8,1.0,5,-1
1939951,1939955,4,2.4853397382384474,0.6666666666666666,25,0.8,1.0,5,-1
1939951,1940335,4,2.4853397382384474,0.6666666666666666,25,0.8,1.0,5,-1
1939951,1947095,4,2.4853397382384474,0.6666666666666666,25,0.8,1.0,5,-1
1939951,1947544,4,2.4853397382384474,0.6666666666666666,25,0.8,1.0,5,-1
1939953,1946555,9,3.9086503371292665,0.8181818181818182,100,0.8999999999999999,1.0,19,-1
1939953,1946565,9,3.9086503371292665,0.8181818181818182,100,0.8999999999999999,1.0,10,-1
1939953,1946587,9,3.9086503371292665,0.8181818181818182,100,0.8999999999999999,1.0,19,-1
1939953,1947339,9,3.9086503371292665,0.8181818181818182,100,0.8999999999999999,1.0,19,-1
1939955,1940335,4,2.4853397382384474,0.6666666666666666,25,0.8,1.0,5,-1
1939955,1947095,4,2.4853397382384474,0.6666666666666666,25,0.8,1.0,5,-1
1939955,1947544,4,2.4853397382384474,0.6666666666666666,25,0.8,1.0,5,-1
1939960,1939978,9,3.8130557045650453,0.8181818181818182,100,0.85,1.0,10,-1
1939960,1946604,9,3.844920582086452,0.6923076923076923,120,0.8666666666666666,1.0,10,-1
1939960,1946617,9,3.813055704565045,0.8181818181818182,100,0.85,1.0,10,-1
1939960,1946627,9,3.8449205820864525,0.6923076923076923,120,0.8666666666666667,1.0,10,-1
1939960,1947126,9,3.844920582086452,0.6923076923076923,120,0.8666666666666666,1.0,10,-1
1939960,1947148,9,3.813055704565045,0.8181818181818182,100,0.85,1.0,10,-1
1939960,1947366,9,3.8130557045650453,0.8181818181818182,100,0.85,1.0,10,-1
1939960,1947418,9,3.813055704565045,0.8181818181818182,100,0.85,1.0,10,-1
1939969,1946613,7,3.2752613270292077,0.7777777777777778,64,0.8269230769230769,1.0,0,-1
1939969,1946714,1,0.3898712452512801,0.08333333333333333,40,0.07692307692307693,0.5,0,-1
1939969,1946722,1,0.3898712452512801,0.08333333333333333,40,0.07692307692307693,0.5,0,-1
1939969,1947086,7,3.2752613270292077,0.7777777777777778,64,0.8269230769230769,1.0,0,-1
1939969,1947166,1,0.3898712452512801,0.08333333333333333,40,0.07692307692307693,0.5,0,-1
1939969,1947212,1,0.3898712452512801,0.08333333333333333,40,0.07692307692307693,0.5,0,-1
1939969,1947388,7,3.2752613270292077,0.7777777777777778,64,0.8269230769230769,1.0,0,-1
1939969,1947409,7,3.2752613270292077,0.7777777777777778,64,0.8269230769230769,1.0,0,-1
1939969,1947422,7,3.2752613270292077,0.7777777777777778,64,0.8269230769230769,1.0,0,-1
1939969,1947489,1,0.3898712452512801,0.08333333333333333,40,0.07692307692307693,0.5,0,-1
1939974,1946724,3,1.3482760491354333,0.6,16,0.3324915824915825,1.0,4,-1
1939974,1947132,3,1.3482760491354333,0.6,16,0.3324915824915825,1.0,4,-1
1939974,1947474,3,1.7461081164312424,0.13043478260869565,88,0.537037037037037,1.0,4,-1
1939978,1946604,9,3.844920582086452,0.6923076923076923,120,0.8666666666666666,1.0,18,-1
1939978,1946617,9,3.8130557045650453,0.8181818181818182,100,0.85,1.0,10,-1
1939978,1946627,9,3.844920582086452,0.6923076923076923,120,0.8666666666666666,1.0,18,-1
1939978,1947126,9,3.8449205820864525,0.6923076923076923,120,0.8666666666666666,1.0,18,-1
1939978,1947148,9,3.8130557045650453,0.8181818181818182,100,0.85,1.0,18,-1
1939978,1947366,9,3.8130557045650453,0.8181818181818182,100,0.85,1.0,18,-1
1939978,1947418,9,3.8130557045650453,0.8181818181818182,100,0.85,1.0,18,-1
1939985,1940017,4,2.4853397382384474,0.6666666666666666,25,0.8,1.0,10,-1
1939985,1940021,4,2.4853397382384474,0.6666666666666666,25,0.8,1.0,10,-1
1939985,1946757,4,2.4853397382384474,0.6666666666666666,25,0.8,1.0,10,-1
1939985,1947276,4,2.4853397382384474,0.6666666666666666,25,0.8,1.0,10,-1
1939985,1947485,4,2.4853397382384474,0.6666666666666666,25,0.8,1.0,10,-1
1939986,1940146,7,3.366288428740915,0.3888888888888889,136,0.875,1.0,8,-1
1939986,1940177,7,3.2383462056426886,0.7777777777777778,64,0.8088235294117647,1.0,15,-1
1939986,1940444,7,3.2383462056426886,0.7777777777777778,64,0.8088235294117647,1.0,15,-1
1939986,1940453,7,3.2383462056426886,0.7777777777777778,64,0.8088235294117647,1.0,15,-1
1939986,1945885,7,3.2383462056426886,0.7777777777777778,64,0.8088235294117647,1.0,15,-1
1939986,1945894,7,3.2383462056426886,0.7777777777777778,64,0.8088235294117647,1.0,15,-1
1939986,1947592,7,3.2383462056426886,0.7777777777777778,64,0.8088235294117647,1.0,15,-1
1939988,1946658,8,3.640956906507349,0.8,81,0.8888888888888891,1.0,17,-1
1939988,1946692,8,3.640956906507349,0.8,81,0.8888888888888891,1.0,17,-1
1939988,1947164,8,3.640956906507349,0.8,81,0.8888888888888891,1.0,17,-1
1939988,1947181,8,3.640956906507349,0.8,81,0.8888888888888891,1.0,17,-1
1939988,1947384,8,3.640956906507349,0.8,81,0.8888888888888891,1.0,17,-1
1939989,1940283,6,2.9224478357135144,0.75,49,0.7731092436974789,1.0,13,-1
1939989,1940294,6,2.9224478357135144,0.75,49,0.7731092436974789,1.0,7,-1
1939989,1947634,6,2.9224478357135144,0.75,49,0.7731092436974789,1.0,13,-1
1939989,1947638,6,2.9224478357135144,0.75,49,0.7731092436974789,1.0,13,-1
1939989,1947724,6,3.083390054218504,0.3333333333333333,119,0.857142857142857,1.0,13,-1
1939989,1947744,6,2.9224478357135144,0.75,49,0.7731092436974789,1.0,13,-1
1939992,1941392,1,1.4426950408889634,0.3333333333333333,4,0.5,1.0,0,-1
1939992,1949049,1,1.4426950408889634,0.3333333333333333,4,0.5,1.0,0,-1
1939996,1940349,5,2.7905531327562363,0.7142857142857143,36,0.8333333333333333,1.0,6,-1
1939996,1940362,5,2.7905531327562363,0.7142857142857143,36,0.8333333333333333,1.0,6,-1
1939996,1940459,5,2.7905531327562363,0.7142857142857143,36,0.8333333333333333,1.0,6,-1
1939996,1947864,5,2.7905531327562363,0.7142857142857143,36,0.8333333333333333,1.0,6,-1
1940002,1941017,4,2.4853397382384474,0.6666666666666666,25,0.8,1.0,5,-1
1940002,1941380,4,2.4853397382384474,0.6666666666666666,25,0.8,1.0,5,-1
1940002,1941418,4,2.4853397382384474,0.6666666666666666,25,0.8,1.0,5,-1
1940002,1941428,4,2.4853397382384474,0.6666666666666666,25,0.8,1.0,5,-1
1940002,1948786,4,2.4853397382384474,0.6666666666666666,25,0.8,1.0,5,-1
1940004,1940009,3,2.164042561333445,0.6,16,0.75,1.0,8,-1
1940004,1947154,3,2.164042561333445,0.6,16,0.75,1.0,8,-1
1940004,1947201,3,2.164042561333445,0.6,16,0.75,1.0,8,-1
1940009,1947154,3,2.164042561333445,0.6,16,0.75,1.0,8,-1
1940009,1947201,3,2.164042561333445,0.6,16,0.75,1.0,8,-1
1940015,1947430,6,3.083390054218504,0.75,49,0.857142857142857,1.0,14,-1
1940017,1940021,4,2.4853397382384474,0.6666666666666666,25,0.8,1.0,10,-1
1940017,1946757,4,2.4853397382384474,0.6666666666666666,25,0.8,1.0,10,-1
1940017,1947276,4,2.4853397382384474,0.6666666666666666,25,0.8,1.0,10,-1
1940017,1947485,4,2.4853397382384474,0.6666666666666666,25,0.8,1.0,10,-1
1940021,1946757,4,2.4853397382384474,0.6666666666666666,25,0.8,1.0,10,-1
1940021,1947276,4,2.4853397382384474,0.6666666666666666,25,0.8,1.0,10,-1
1940021,1947485,4,2.4853397382384474,0.6666666666666666,25,0.8,1.0,10,-1
1940022,1940042,3,1.923593387851951,0.6,16,0.625,1.0,7,-1
1940022,1947473,1,0.48089834696298783,0.14285714285714285,16,0.125,0.5,4,-1
1940022,1947482,3,2.164042561333445,0.3333333333333333,32,0.75,1.0,7,-1
1940022,1947813,1,0.48089834696298783,0.16666666666666666,12,0.125,0.5,2,-1
1940022,1948851,3,1.9235933878519513,0.6,16,0.625,1.0,7,-1
1940022,1979272,1,0.48089834696298783,0.16666666666666666,12,0.125,0.5,2,-1
1940025,1940064,4,2.4853397382384474,0.5,35,0.8,1.0,6,1
1940025,1940142,4,2.3779031460485864,0.6666666666666666,25,0.7428571428571429,1.0,6,-1
1940025,1946794,4,2.3779031460485864,0.6666666666666666,25,0.7428571428571429,1.0,0,-1
1940028,1940279,6,2.9593629571000335,0.75,49,0.7912087912087911,1.0,11,-1
1940028,1947396,6,2.9593629571000335,0.75,49,0.7912087912087911,1.0,11,-1
1940028,1947401,6,2.9593629571000335,0.75,49,0.7912087912087911,1.0,11,-1
1940028,1947425,6,2.9593629571000335,0.75,49,0.7912087912087911,1.0,7,-1
1940028,1967119,1,0.3898712452512801,0.08333333333333333,42,0.07692307692307693,0.5,2,-1
1940028,1970613,1,0.3898712452512801,0.08333333333333333,42,0.07692307692307693,0.5,2,-1
1940028,1974778,1,0.3898712452512801,0.08333333333333333,42,0.07692307692307693,0.5,2,-1
1940028,1977973,1,0.3898712452512801,0.08333333333333333,42,0.07692307692307693,0.5,0,-1
1940031,1940208,2,1.8204784532536746,0.5,9,0.6666666666666666,1.0,5,-1
1940031,1947453,2,1.8204784532536746,0.5,9,0.6666666666666666,1.0,3,-1
1940031,1947754,2,1.8204784532536746,0.5,9,0.6666666666666666,1.0,5,-1
1940042,1947473,1,0.48089834696298783,0.14285714285714285,16,0.125,0.5,4,-1
1940042,1947482,3,2.164042561333445,0.3333333333333333,32,0.75,1.0,7,-1
1940042,1947813,1,0.48089834696298783,0.16666666666666666,12,0.125,0.5,2,-1
1940042,1948851,3,1.923593387851951,0.6,16,0.625,1.0,7,-1
1940042,1979272,1,0.48089834696298783,0.16666666666666666,12,0.125,0.5,2,-1
1940043,1940046,3,2.164042561333445,0.2727272727272727,40,0.75,1.0,6,-1
1940043,1940090,3,2.164042561333445,0.2727272727272727,40,0.75,1.0,6,-1
1940043,1983934,5,2.7905531327562363,0.45454545454545453,60,0.8333333333333333,1.0,0,-1
1940043,1983946,5,2.7905531327562363,0.45454545454545453,60,0.8333333333333333,1.0,10,-1
1940043,1986705,5,2.7905531327562363,0.45454545454545453,60,0.8333333333333333,1.0,10,-1
1940043,2001194,5,2.7905531327562363,0.45454545454545453,60,0.8333333333333333,1.0,10,-1
1940043,2003681,5,2.7905531327562363,0.45454545454545453,60,0.8333333333333333,1.0,10,-1
1940043,2003691,5,2.7905531327562363,0.45454545454545453,60,0.8333333333333333,1.0,10,-1
1940044,1942017,4,1.4118244954590446,0.25,99,0.23529411764705882,0.5,5,-1
1940044,1947160,8,3.232302948712719,0.8,81,0.6797385620915033,1.0,9,-1
1940044,1947575,8,3.232302948712719,0.8,81,0.6797385620915033,1.0,9,-1
1940044,1947606,8,3.3344664381613764,0.4444444444444444,153,0.7320261437908497,1.0,9,-1
1940044,1947609,8,3.3344664381613764,0.4444444444444444,153,0.7320261437908497,1.0,9,-1
1940044,1947762,8,3.232302948712719,0.8,81,0.6797385620915033,1.0,9,-1
1940044,1947931,8,3.232302948712719,0.8,81,0.6797385620915033,1.0,9,-1
1940044,1949718,4,1.4118244954590446,0.36363636363636365,54,0.23529411764705882,0.5,5,-1
1940046,1940090,3,1.876989522792215,0.6,16,0.6,1.0,6,-1
1940046,1983934,1,0.43429448190325176,0.1111111111111111,24,0.1,0.5,0,-1
1940046,1983946,1,0.43429448190325176,0.1111111111111111,24,0.1,0.5,4,-1
1940046,1986705,1,0.43429448190325176,0.1111111111111111,24,0.1,0.5,4,-1
1940046,2001194,1,0.43429448190325176,0.1111111111111111,24,0.1,0.5,4,-1
1940046,2003681,1,0.43429448190325176,0.1111111111111111,24,0.1,0.5,4,-1
1940046,2003691,1,0.43429448190325176,0.1111111111111111,24,0.1,0.5,4,-1
1940064,1940142,4,2.4853397382384474,0.5,35,0.8,1.0,6,-1
1940064,1946794,4,2.4853397382384474,0.5,35,0.8,1.0,0,-1
1940066,1941045,7,3.2752613270292072,0.7777777777777778,64,0.8269230769230769,1.0,8,-1
1940066,1941048,7,3.2752613270292072,0.7777777777777778,64,0.8269230769230769,1.0,11,-1
1940066,1941289,7,3.2752613270292072,0.7777777777777778,64,0.8269230769230769,1.0,8,-1
1940066,1941420,7,3.2752613270292072,0.7777777777777778,64,0.8269230769230769,1.0,11,-1
1940066,1948633,7,3.366288428740915,0.5,104,0.875,1.0,8,-1
1940066,1948641,7,3.2752613270292072,0.7777777777777778,64,0.8269230769230769,1.0,8,-1
1940066,1949090,7,3.2752613270292072,0.7777777777777778,64,0.8269230769230769,1.0,8,-1
1940066,1949101,7,3.2752613270292072,0.7777777777777778,64,0.8269230769230769,1.0,11,-1
1940070,1941302,5,2.7905531327562363,0.7142857142857143,36,0.8333333333333333,1.0,10,-1
1940070,1941397,5,2.7905531327562363,0.7142857142857143,36,0.8333333333333333,1.0,10,-1
1940070,1941416,5,2.7905531327562363,0.7142857142857143,36,0.8333333333333333,1.0,10,-1
1940081,1940084,8,3.640956906507349,0.8,81,0.8888888888888891,1.0,9,-1
1940081,1940183,8,3.640956906507349,0.8,81,0.8888888888888891,1.0,9,-1
1940084,1940183,8,3.640956906507349,0.8,81,0.8888888888888891,1.0,9,-1
1940085,1941087,3,2.164042561333445,0.6,16,0.75,1.0,8,-1
1940085,1941453,3,2.164042561333445,0.6,16,0.75,1.0,8,-1
1940085,1941490,3,2.164042561333445,0.6,16,0.75,1.0,8,-1
1940085,1949170,3,2.164042561333445,0.6,16,0.75,1.0,8,-1
1940090,1983934,1,0.43429448190325176,0.1111111111111111,24,0.1,0.5,0,-1
1940090,1983946,1,0.43429448190325176,0.1111111111111111,24,0.1,0.5,4,-1
1940090,1986705,1,0.43429448190325176,0.1111111111111111,24,0.1,0.5,4,-1
1940090,2001194,1,0.43429448190325176,0.1111111111111111,24,0.1,0.5,4,-1
1940090,2003681,1,0.43429448190325176,0.1111111111111111,24,0.1,0.5,4,-1
1940090,2003691,1,0.43429448190325176,0.1111111111111111,24,0.1,0.5,4,-1
1940095,1940352,2,1.8204784532536746,0.5,9,0.6666666666666666,1.0,5,-1
1940098,1947190,6,3.083390054218504,0.75,49,0.857142857142857,1.0,7,-1
1940098,1947231,6,3.083390054218504,0.75,49,0.857142857142857,1.0,7,-1
1940098,1947532,6,3.083390054218504,0.75,49,0.857142857142857,1.0,7,-1
1940103,1940372,8,3.640956906507349,0.8,81,0.8888888888888891,1.0,14,-1
1940103,1947062,8,3.640956906507349,0.8,81,0.8888888888888891,1.0,14,-1
1940103,1947065,8,3.640956906507349,0.8,81,0.8888888888888891,1.0,9,-1
1940103,1947499,8,3.640956906507349,0.8,81,0.8888888888888891,1.0,9,-1
1940103,1947522,8,3.640956906507349,0.8,81,0.8888888888888891,1.0,14,-1
1940103,1947531,8,3.640956906507349,0.8,81,0.8888888888888891,1.0,9,-1
1940103,1947712,8,3.640956906507349,0.8,81,0.8888888888888891,1.0,14,-1
1940109,1948711,6,3.083390054218504,0.75,49,0.857142857142857,1.0,7,1
1940109,1948733,6,3.083390054218504,0.75,49,0.857142857142857,1.0,7,-1
1940109,1948772,6,3.083390054218504,0.75,49,0.857142857142857,1.0,7,1
1940109,1948917,6,3.083390054218504,0.75,49,0.857142857142857,1.0,7,-1
1940109,1949187,6,3.083390054218504,0.75,49,0.857142857142857,1.0,7,-1
1940111,1940122,13,4.844052384652786,0.8666666666666667,196,0.8916256157635466,1.0,25,-1
1940111,1940125,13,4.844052384652786,0.8666666666666667,196,0.8916256157635466,1.0,25,-1
1940111,1940213,13,4.844052384652786,0.8666666666666667,196,0.8916256157635466,1.0,14,-1
1940111,1940217,13,4.844052384652786,0.8666666666666667,196,0.8916256157635466,1.0,25,-1
1940111,1946861,13,4.844052384652786,0.8666666666666667,196,0.8916256157635466,1.0,25,-1
1940111,1947680,13,4.844052384652786,0.8666666666666667,196,0.8916256157635465,1.0,14,-1
1940121,1946784,2,1.8204784532536746,0.5,9,0.6666666666666666,1.0,6,-1
1940121,1947550,2,1.8204784532536746,0.5,9,0.6666666666666666,1.0,6,-1
1940122,1940125,13,4.844052384652786,0.8666666666666667,196,0.8916256157635466,1.0,25,-1
1940122,1940213,13,4.844052384652786,0.8666666666666667,196,0.8916256157635466,1.0,14,-1
1940122,1940217,13,4.844052384652786,0.8666666666666667,196,0.8916256157635466,1.0,25,-1
1940122,1946861,13,4.844052384652786,0.8666666666666667,196,0.8916256157635466,1.0,25,-1
1940122,1947680,13,4.844052384652786,0.8666666666666667,196,0.8916256157635465,1.0,14,-1
1940125,1940213,13,4.844052384652786,0.8666666666666667,196,0.8916256157635466,1.0,14,-1
1940125,1940217,13,4.844052384652786,0.8666666666666667,196,0.8916256157635466,1.0,25,-1
1940125,1946861,13,4.844052384652786,0.8666666666666667,196,0.8916256157635466,1.0,25,-1
1940125,1947680,13,4.844052384652786,0.8666666666666667,196,0.8916256157635465,1.0,14,-1
1940131,1940143,5,2.7905531327562363,0.7142857142857143,36,0.8333333333333333,1.0,11,-1
1940131,1940164,5,2.7905531327562363,0.7142857142857143,36,0.8333333333333333,1.0,11,-1
1940131,1940173,5,2.7905531327562363,0.7142857142857143,36,0.8333333333333333,1.0,11,-1
1940131,1947580,5,2.7905531327562363,0.7142857142857143,36,0.8333333333333333,1.0,11,-1
1940131,1947594,5,2.7905531327562363,0.7142857142857143,36,0.8333333333333333,1.0,11,-1
1940131,1947602,5,2.7905531327562363,0.7142857142857143,36,0.8333333333333333,1.0,6,-1
1940141,1941359,6,3.083390054218504,0.75,49,0.857142857142857,1.0,7,-1
1940141,1941393,6,3.083390054218504,0.75,49,0.857142857142857,1.0,7,-1
1940141,1948753,6,3.083390054218504,0.75,49,0.857142857142857,1.0,7,-1
1940141,1948828,6,3.083390054218504,0.75,49,0.857142857142857,1.0,7,-1
1940141,1948833,6,3.083390054218504,0.75,49,0.857142857142857,1.0,7,-1
1940141,1948838,6,3.083390054218504,0.75,49,0.857142857142857,1.0,7,-1
1940141,1949237,6,3.083390054218504,0.75,49,0.857142857142857,1.0,7,-1
1940142,1946794,4,2.3779031460485864,0.6666666666666666,25,0.7428571428571429,1.0,0,-1
1940143,1940164,5,2.7905531327562363,0.7142857142857143,36,0.8333333333333333,1.0,11,-1
1940143,1940173,5,2.7905531327562363,0.7142857142857143,36,0.8333333333333333,1.0,11,-1
1940143,1947580,5,2.7905531327562363,0.7142857142857143,36,0.8333333333333333,1.0,11,-1
1940143,1947594,5,2.7905531327562363,0.7142857142857143,36,0.8333333333333333,1.0,11,-1
1940143,1947602,5,2.7905531327562363,0.7142857142857143,36,0.8333333333333333,1.0,6,-1
1940146,1940177,7,3.366288428740915,0.3888888888888889,136,0.875,1.0,8,-1
1940146,1940444,7,3.366288428740915,0.3888888888888889,136,0.875,1.0,8,-1
1940146,1940453,7,3.366288428740915,0.3888888888888889,136,0.875,1.0,8,-1
1940146,1945885,7,3.366288428740915,0.3888888888888889,136,0.875,1.0,8,-1
1940146,1945894,7,3.366288428740915,0.3888888888888889,136,0.875,1.0,8,-1
1940146,1947592,7,3.366288428740915,0.3888888888888889,136,0.875,1.0,8,-1
1940164,1940173,5,2.7905531327562363,0.7142857142857143,36,0.8333333333333333,1.0,11,-1
1940164,1947580,5,2.7905531327562363,0.7142857142857143,36,0.8333333333333333,1.0,11,-1
1940164,1947594,5,2.7905531327562363,0.7142857142857143,36,0.8333333333333333,1.0,11,-1
1940164,1947602,5,2.7905531327562363,0.7142857142857143,36,0.8333333333333333,1.0,6,-1
1940166,1940176,3,2.164042561333445,0.6,16,0.75,1.0,8,-1
1940166,1947288,3,2.164042561333445,0.6,16,0.75,1.0,8,-1
1940166,1947514,3,2.164042561333445,0.6,16,0.75,1.0,8,-1
1940166,1947627,3,2.164042561333445,0.6,16,0.75,1.0,8,-1
1940168,1947378,3,2.164042561333445,0.6,16,0.75,1.0,4,-1
1940168,1947576,3,2.164042561333445,0.6,16,0.75,1.0,4,-1
1940173,1947580,5,2.7905531327562363,0.7142857142857143,36,0.8333333333333333,1.0,11,-1
1940173,1947594,5,2.7905531327562363,0.7142857142857143,36,0.8333333333333333,1.0,11,-1
1940173,1947602,5,2.7905531327562363,0.7142857142857143,36,0.8333333333333333,1.0,6,-1
1940176,1947288,3,2.164042561333445,0.6,16,0.75,1.0,8,-1
1940176,1947514,3,2.164042561333445,0.6,16,0.75,1.0,8,-1
1940176,1947627,3,2.164042561333445,0.6,16,0.75,1.0,8,-1
1940177,1940444,7,3.2383462056426886,0.7777777777777778,64,0.8088235294117647,1.0,15,-1
1940177,1940453,7,3.238346205642688,0.7777777777777778,64,0.8088235294117647,1.0,15,-1
1940177,1945885,7,3.2383462056426886,0.7777777777777778,64,0.8088235294117647,1.0,15,-1
1940177,1945894,7,3.238346205642688,0.7777777777777778,64,0.8088235294117647,1.0,15,-1
1940177,1947592,7,3.238346205642688,0.7777777777777778,64,0.8088235294117647,1.0,15,-1
1940199,1947168,8,3.640956906507349,0.8,81,0.8888888888888891,1.0,7,-1
1940199,1947188,8,3.640956906507349,0.8,81,0.8888888888888891,1.0,7,-1
1940199,1947613,8,3.640956906507349,0.8,81,0.8888888888888891,1.0,7,-1
1940199,1947618,8,3.640956906507349,0.8,81,0.8888888888888891,1.0,7,-1
1940199,1947633,8,3.640956906507349,0.8,81,0.8888888888888891,1.0,7,-1
1940199,1947641,8,3.640956906507349,0.8,81,0.8888888888888891,1.0,7,-1
1940199,1947643,8,3.640956906507349,0.8,81,0.8888888888888891,1.0,7,-1
1940199,1947819,8,3.640956906507349,0.8,81,0.8888888888888891,1.0,0,-1
1940202,1947322,4,2.0640299754485754,0.6666666666666666,25,0.575,1.0,9,-1
1940202,1947670,4,2.2044665630451994,0.4444444444444444,40,0.65,1.0,9,-1
1940202,1947675,4,2.0640299754485754,0.6666666666666666,25,0.575,1.0,5,-1
1940207,1940483,9,3.9086503371292665,0.8181818181818182,100,0.8999999999999999,1.0,10,-1
1940207,1947233,9,3.9086503371292665,0.8181818181818182,100,0.8999999999999999,1.0,18,-1
1940207,1947236,9,3.9086503371292665,0.8181818181818182,100,0.8999999999999999,1.0,18,-1
1940207,1947626,9,3.9086503371292665,0.8181818181818182,100,0.8999999999999999,1.0,18,-1
1940207,1947631,9,3.9086503371292665,0.8181818181818182,100,0.8999999999999999,1.0,10,-1
1940207,1947636,9,3.9086503371292665,0.8181818181818182,100,0.8999999999999999,1.0,18,-1
1940207,1947828,9,3.9086503371292665,0.8181818181818182,100,0.8999999999999999,1.0,18,-1
1940207,1947939,9,3.9086503371292665,0.8181818181818182,100,0.8999999999999999,1.0,18,-1
1940207,1947945,9,3.9086503371292665,0.8181818181818182,100,0.8999999999999999,1.0,18,-1
1940208,1947453,2,1.8204784532536746,0.5,9,0.6666666666666666,1.0,3,-1
1940208,1947754,2,1.8204784532536746,0.5,9,0.6666666666666666,1.0,5,-1
1940209,2002368,3,2.164042561333445,0.2727272727272727,40,0.75,1.0,6,-1
1940209,2002382,3,2.164042561333445,0.2727272727272727,40,0.75,1.0,6,-1
1940209,2002538,3,2.164042561333445,0.2727272727272727,40,0.75,1.0,6,-1
1940213,1940217,13,4.844052384652786,0.8666666666666667,196,0.8916256157635466,1.0,14,-1
1940213,1946861,13,4.844052384652786,0.8666666666666667,196,0.8916256157635466,1.0,14,-1
1940213,1947680,13,4.844052384652786,0.8666666666666667,196,0.8916256157635465,1.0,14,-1
1940217,1946861,13,4.844052384652786,0.8666666666666667,196,0.8916256157635466,1.0,25,-1
1940217,1947680,13,4.844052384652786,0.8666666666666667,196,0.8916256157635465,1.0,14,-1
1940228,1940232,6,3.083390054218504,0.75,49,0.857142857142857,1.0,14,-1
1940228,1940237,6,3.083390054218504,0.75,49,0.857142857142857,1.0,14,-1
1940228,1940446,6,3.083390054218504,0.75,49,0.857142857142857,1.0,14,-1
1940228,1940520,6,3.083390054218504,0.75,49,0.857142857142857,1.0,14,-1
1940228,1940524,6,3.083390054218504,0.75,49,0.857142857142857,1.0,14,-1
1940228,1943641,6,3.083390054218504,0.75,49,0.857142857142857,1.0,14,-1
1940228,1947650,6,3.083390054218504,0.75,49,0.857142857142857,1.0,14,-1
1940231,1940252,7,3.246063842000168,0.7777777777777778,64,0.8125,1.0,8,-1
1940231,1945421,7,3.246063842000168,0.7777777777777778,64,0.8125,1.0,8,-1
1940231,1947362,7,3.246063842000168,0.7777777777777778,64,0.8125,1.0,8,-1
1940232,1940237,6,3.083390054218504,0.75,49,0.857142857142857,1.0,14,-1
1940232,1940446,6,3.083390054218504,0.75,49,0.857142857142857,1.0,14,-1
1940232,1940520,6,3.083390054218504,0.75,49,0.857142857142857,1.0,14,-1
1940232,1940524,6,3.083390054218504,0.75,49,0.857142857142857,1.0,14,-1
1940232,1943641,6,3.083390054218504,0.75,49,0.857142857142857,1.0,14,-1
1940232,1947650,6,3.083390054218504,0.75,49,0.857142857142857,1.0,14,-1
1940237,1940446,6,3.083390054218504,0.75,49,0.857142857142857,1.0,14,-1
1940237,1940520,6,3.083390054218504,0.75,49,0.857142857142857,1.0,14,-1
1940237,1940524,6,3.083390054218504,0.75,49,0.857142857142857,1.0,14,-1
1940237,1943641,6,3.083390054218504,0.75,49,0.857142857142857,1.0,14,-1
1940237,1947650,6,3.083390054218504,0.75,49,0.857142857142857,1.0,14,-1
1940238,1947502,7,3.1440886767271317,0.30434782608695654,176,0.7589285714285714,1.0,0,-1
1940238,1966625,8,3.5465110534161712,0.2962962962962963,286,0.8402777777777779,1.0,8,-1
1940238,1984685,8,3.4812626853540327,0.34782608695652173,198,0.8060897435897436,1.0,8,-1
1940238,1987461,8,3.4812626853540327,0.34782608695652173,198,0.8060897435897436,1.0,8,-1
1940238,2004398,8,3.4812626853540327,0.34782608695652173,198,0.8060897435897436,1.0,8,-1
1940238,2004403,8,3.4812626853540327,0.34782608695652173,198,0.8060897435897436,1.0,0,-1
1940238,2004411,8,3.4812626853540327,0.34782608695652173,198,0.8060897435897436,1.0,8,-1
1940252,1945421,7,3.246063842000168,0.7777777777777778,64,0.8125,1.0,14,-1
1940252,1947362,7,3.246063842000168,0.7777777777777778,64,0.8125,1.0,14,-1
1940272,1946996,4,2.4853397382384474,0.6666666666666666,25,0.8,1.0,5,-1
1940272,1947803,4,2.4853397382384474,0.6666666666666666,25,0.8,1.0,5,-1
1940274,1946278,4,2.2538760489301155,0.6666666666666666,25,0.676923076923077,1.0,10,-1
1940279,1947396,6,2.9593629571000335,0.75,49,0.7912087912087911,1.0,11,-1
1940279,1947401,6,2.9593629571000335,0.75,49,0.7912087912087911,1.0,11,-1
1940279,1947425,6,2.9593629571000335,0.75,49,0.7912087912087911,1.0,7,-1
1940279,1967119,1,0.3898712452512801,0.08333333333333333,42,0.07692307692307693,0.5,2,-1
1940279,1970613,1,0.3898712452512801,0.08333333333333333,42,0.07692307692307693,0.5,2,-1
1940279,1974778,1,0.3898712452512801,0.08333333333333333,42,0.07692307692307693,0.5,2,-1
1940279,1977973,1,0.3898712452512801,0.08333333333333333,42,0.07692307692307693,0.5,0,-1
1940283,1940294,6,2.9224478357135144,0.75,49,0.7731092436974789,1.0,7,-1
1940283,1947634,6,2.9224478357135144,0.75,49,0.7731092436974789,1.0,13,-1
1940283,1947638,6,2.9224478357135144,0.75,49,0.7731092436974789,1.0,13,-1
1940283,1947724,6,3.083390054218504,0.3333333333333333,119,0.857142857142857,1.0,13,-1
1940283,1947744,6,2.9224478357135144,0.75,49,0.7731092436974789,1.0,13,-1
1940294,1947634,6,2.9224478357135144,0.75,49,0.7731092436974789,1.0,7,-1
1940294,1947638,6,2.9224478357135144,0.75,49,0.7731092436974789,1.0,7,-1
1940294,1947724,6,3.083390054218504,0.3333333333333333,119,0.857142857142857,1.0,7,-1
1940294,1947744,6,2.9224478357135144,0.75,49,0.7731092436974789,1.0,7,-1
1940297,1940510,10,4.170323914242463,0.8333333333333334,121,0.9090909090909093,1.0,20,-1
1940297,1940725,10,4.170323914242463,0.8333333333333334,121,0.9090909090909093,1.0,20,-1
1940297,1940733,10,4.170323914242463,0.8333333333333334,121,0.9090909090909093,1.0,20,-1
1940297,1940737,10,4.170323914242463,0.8333333333333334,121,0.9090909090909093,1.0,20,-1
1940297,1940739,10,4.170323914242463,0.8333333333333334,121,0.9090909090909093,1.0,20,-1
1940297,1940761,10,4.170323914242463,0.8333333333333334,121,0.9090909090909093,1.0,11,-1
1940297,1940783,10,4.170323914242463,0.8333333333333334,121,0.9090909090909093,1.0,11,-1
1940297,1947505,10,4.170323914242463,0.8333333333333334,121,0.9090909090909093,1.0,20,-1
1940297,1947510,10,4.170323914242463,0.8333333333333334,121,0.9090909090909093,1.0,20,-1
1940297,1947957,10,4.170323914242463,0.8333333333333334,121,0.9090909090909093,1.0,20,-1
1940302,1940385,8,3.640956906507349,0.8,81,0.8888888888888891,1.0,16,-1
1940302,1944510,8,3.640956906507349,0.8,81,0.8888888888888891,1.0,16,-1
1940302,1947490,8,3.640956906507349,0.8,81,0.8888888888888891,1.0,16,-1
1940302,1947513,8,3.640956906507349,0.8,81,0.8888888888888891,1.0,16,-1
1940302,1947707,8,3.640956906507349,0.8,81,0.8888888888888891,1.0,16,-1
1940303,1940771,4,2.4853397382384474,0.6666666666666666,25,0.8,1.0,10,-1
1940303,1948089,4,2.4853397382384474,0.6666666666666666,25,0.8,1.0,10,-1
1940303,1948322,4,2.4853397382384474,0.6666666666666666,25,0.8,1.0,10,-1
1940307,1947943,2,1.8204784532536746,0.5,9,0.6666666666666666,1.0,3,-1
1940308,1940312,6,3.083390054218504,0.75,49,0.857142857142857,1.0,14,-1
1940308,1946970,6,3.083390054218504,0.75,49,0.857142857142857,1.0,14,-1
1940308,1946984,6,3.083390054218504,0.75,49,0.857142857142857,1.0,14,-1
1940308,1946988,6,3.083390054218504,0.75,49,0.857142857142857,1.0,14,-1
1940308,1947460,6,3.083390054218504,0.75,49,0.857142857142857,1.0,14,-1
1940308,1947466,6,3.083390054218504,0.75,49,0.857142857142857,1.0,14,-1
1940308,1947653,6,3.083390054218504,0.75,49,0.857142857142857,1.0,14,-1
1940312,1946970,6,3.083390054218504,0.75,49,0.857142857142857,1.0,14,-1
1940312,1946984,6,3.083390054218504,0.75,49,0.857142857142857,1.0,14,-1
1940312,1946988,6,3.083390054218504,0.75,49,0.857142857142857,1.0,14,-1
1940312,1947460,6,3.083390054218504,0.75,49,0.857142857142857,1.0,14,-1
1940312,1947466,6,3.083390054218504,0.75,49,0.857142857142857,1.0,14,-1
1940312,1947653,6,3.083390054218504,0.75,49,0.857142857142857,1.0,14,-1
1940321,1940416,7,3.0398781499981253,0.7777777777777778,64,0.7110805860805861,1.0,13,-1
1940321,1941924,2,0.635386415183186,0.07692307692307693,160,0.08608058608058608,0.5,3,-1
1940321,1941934,2,0.635386415183186,0.1,112,0.08608058608058608,0.5,6,-1
1940321,1941941,2,0.635386415183186,0.1,112,0.08608058608058608,0.5,6,-1
1940321,1942097,2,0.635386415183186,0.1,112,0.08608058608058608,0.5,6,-1
1940321,1947732,7,3.0398781499981253,0.7777777777777778,64,0.7110805860805861,1.0,8,-1
1940321,1947746,7,3.0398781499981253,0.7777777777777778,64,0.7110805860805861,1.0,8,-1
1940321,1947841,7,3.0398781499981253,0.7777777777777778,64,0.7110805860805861,1.0,13,-1
1940321,1949737,2,0.635386415183186,0.1,112,0.08608058608058608,0.5,6,-1
1940321,1949821,2,0.635386415183186,0.1,112,0.08608058608058608,0.5,6,-1
1940321,1949998,2,0.635386415183186,0.1,112,0.08608058608058608,0.5,6,-1
1940321,1950189,2,0.635386415183186,0.1,112,0.08608058608058608,0.5,3,-1
1940335,1947095,4,2.4853397382384474,0.6666666666666666,25,0.8,1.0,5,-1
1940335,1947544,4,2.4853397382384474,0.6666666666666666,25,0.8,1.0,5,-1
1940349,1940362,5,2.7905531327562363,0.7142857142857143,36,0.8333333333333333,1.0,6,-1
1940349,1940459,5,2.7905531327562363,0.7142857142857143,36,0.8333333333333333,1.0,6,-1
1940349,1947864,5,2.7905531327562363,0.7142857142857143,36,0.8333333333333333,1.0,6,-1
1940358,1940456,4,2.4853397382384474,0.6666666666666666,25,0.8,1.0,10,1
1940358,1947085,4,2.4853397382384474,0.6666666666666666,25,0.8,1.0,10,-1
1940358,1947549,4,2.4853397382384474,0.6666666666666666,25,0.8,1.0,10,1
1940362,1940459,5,2.7905531327562363,0.7142857142857143,36,0.8333333333333333,1.0,9,-1
1940362,1947864,5,2.7905531327562363,0.7142857142857143,36,0.8333333333333333,1.0,9,-1
1940372,1947062,8,3.640956906507349,0.8,81,0.8888888888888891,1.0,14,-1
1940372,1947065,8,3.640956906507349,0.8,81,0.8888888888888891,1.0,9,-1
1940372,1947499,8,3.640956906507349,0.8,81,0.8888888888888891,1.0,9,-1
1940372,1947522,8,3.640956906507349,0.8,81,0.8888888888888891,1.0,14,-1
1940372,1947531,8,3.640956906507349,0.8,81,0.8888888888888891,1.0,9,-1
1940372,1947712,8,3.640956906507349,0.8,81,0.8888888888888891,1.0,14,-1
1940385,1944510,8,3.640956906507349,0.8,81,0.8888888888888891,1.0,16,-1
1940385,1947490,8,3.640956906507349,0.8,81,0.8888888888888891,1.0,16,-1
1940385,1947513,8,3.640956906507349,0.8,81,0.8888888888888891,1.0,16,-1
1940385,1947707,8,3.640956906507349,0.8,81,0.8888888888888891,1.0,16,-1
1940396,1940401,6,2.9224478357135144,0.75,49,0.7731092436974789,1.0,11,-1
1940396,1947200,6,2.9224478357135144,0.75,49,0.7731092436974789,1.0,11,-1
1940396,1947921,6,2.9224478357135144,0.75,49,0.7731092436974789,1.0,11,-1
1940396,1947926,6,2.9224478357135144,0.75,49,0.7731092436974789,1.0,7,-1
1940401,1947200,6,2.9224478357135144,0.75,49,0.7731092436974789,1.0,11,-1
1940401,1947921,6,2.9224478357135144,0.75,49,0.7731092436974789,1.0,11,-1
1940401,1947926,6,2.9224478357135144,0.75,49,0.7731092436974789,1.0,7,-1
1940407,1947551,3,2.164042561333445,0.6,16,0.75,1.0,4,-1
1940407,1947570,3,2.164042561333445,0.6,16,0.75,1.0,4,-1
1940407,1947751,3,2.164042561333445,0.6,16,0.75,1.0,4,-1
1940416,1941924,2,0.635386415183186,0.07692307692307693,160,0.08608058608058608,0.5,3,-1
1940416,1941934,2,0.635386415183186,0.1,112,0.08608058608058608,0.5,6,-1
1940416,1941941,2,0.635386415183186,0.1,112,0.08608058608058608,0.5,6,-1
1940416,1942097,2,0.635386415183186,0.1,112,0.08608058608058608,0.5,6,-1
1940416,1947732,7,3.0398781499981253,0.7777777777777778,64,0.7110805860805861,1.0,8,-1
1940416,1947746,7,3.0398781499981253,0.7777777777777778,64,0.7110805860805861,1.0,8,-1
1940416,1947841,7,3.0398781499981253,0.7777777777777778,64,0.7110805860805861,1.0,13,-1
1940416,1949737,2,0.635386415183186,0.1,112,0.08608058608058608,0.5,6,-1
1940416,1949821,2,0.635386415183186,0.1,112,0.08608058608058608,0.5,6,-1
1940416,1949998,2,0.635386415183186,0.1,112,0.08608058608058608,0.5,6,-1
1940416,1950189,2,0.635386415183186,0.1,112,0.08608058608058608,0.5,3,-1
1940426,1940433,3,2.164042561333445,0.6,16,0.75,1.0,0,-1
1940426,1940437,3,2.164042561333445,0.6,16,0.75,1.0,5,-1
1940426,1940532,3,2.164042561333445,0.6,16,0.75,1.0,5,-1
1940426,1947657,3,2.164042561333445,0.6,16,0.75,1.0,3,-1
1940433,1940437,3,2.164042561333445,0.6,16,0.75,1.0,0,-1
1940433,1940532,3,2.164042561333445,0.6,16,0.75,1.0,0,-1
1940433,1947657,3,2.164042561333445,0.6,16,0.75,1.0,0,-1
1940437,1940532,3,2.164042561333445,0.6,16,0.75,1.0,5,-1
1940437,1947657,3,2.164042561333445,0.6,16,0.75,1.0,3,-1
1940444,1940453,7,3.2383462056426886,0.7777777777777778,64,0.8088235294117647,1.0,15,-1
1940444,1945885,7,3.2383462056426886,0.7777777777777778,64,0.8088235294117647,1.0,15,-1
1940444,1945894,7,3.2383462056426886,0.7777777777777778,64,0.8088235294117647,1.0,15,-1
1940444,1947592,7,3.2383462056426886,0.7777777777777778,64,0.8088235294117647,1.0,15,-1
1940446,1940520,6,3.083390054218504,0.75,49,0.857142857142857,1.0,14,-1
1940446,1940524,6,3.083390054218504,0.75,49,0.857142857142857,1.0,14,-1
1940446,1943641,6,3.083390054218504,0.75,49,0.857142857142857,1.0,14,-1
1940446,1947650,6,3.083390054218504,0.75,49,0.857142857142857,1.0,14,-1
1940453,1945885,7,3.2383462056426886,0.7777777777777778,64,0.8088235294117647,1.0,15,-1
1940453,1945894,7,3.238346205642688,0.7777777777777778,64,0.8088235294117647,1.0,15,-1
1940453,1947592,7,3.238346205642688,0.7777777777777778,64,0.8088235294117647,1.0,15,-1
1940456,1947085,4,2.4853397382384474,0.6666666666666666,25,0.8,1.0,10,-1
1940456,1947549,4,2.4853397382384474,0.6666666666666666,25,0.8,1.0,10,1
1940459,1947864,5,2.7905531327562363,0.7142857142857143,36,0.8333333333333333,1.0,9,-1
1940460,1942031,5,2.7905531327562363,0.7142857142857143,36,0.8333333333333333,1.0,5,-1
1940460,1950477,5,2.7905531327562363,0.7142857142857143,36,0.8333333333333333,1.0,0,-1
1940460,1950486,5,2.7905531327562363,0.7142857142857143,36,0.8333333333333333,1.0,5,-1
1940463,1947452,2,1.8204784532536746,0.2,27,0.6666666666666666,1.0,6,-1
1940463,1947465,2,1.365358839940256,0.5,9,0.4444444444444444,1.0,6,-1
1940463,1985044,1,0.45511961331341866,0.125,18,0.1111111111111111,0.5,2,-1
1940463,2002426,1,0.45511961331341866,0.125,18,0.1111111111111111,0.5,2,-1
1940463,2037379,1,0.45511961331341866,0.125,18,0.1111111111111111,0.5,2,-1
1940471,1947664,2,1.8204784532536746,0.4,12,0.6666666666666666,1.0,6,-1
1940471,1947719,2,1.8204784532536746,0.4,12,0.6666666666666666,1.0,6,-1
1940471,1948004,2,1.8204784532536746,0.4,12,0.6666666666666666,1.0,6,-1
1940483,1947233,9,3.9086503371292665,0.8181818181818182,100,0.8999999999999999,1.0,10,-1
1940483,1947236,9,3.9086503371292665,0.8181818181818182,100,0.8999999999999999,1.0,10,-1
1940483,1947626,9,3.9086503371292665,0.8181818181818182,100,0.8999999999999999,1.0,10,-1
1940483,1947631,9,3.9086503371292665,0.8181818181818182,100,0.8999999999999999,1.0,10,-1
1940483,1947636,9,3.9086503371292665,0.8181818181818182,100,0.8999999999999999,1.0,10,-1
1940483,1947828,9,3.9086503371292665,0.8181818181818182,100,0.8999999999999999,1.0,10,-1
1940483,1947939,9,3.9086503371292665,0.8181818181818182,100,0.8999999999999999,1.0,10,-1
1940483,1947945,9,3.9086503371292665,0.8181818181818182,100,0.8999999999999999,1.0,10,-1
1940510,1940725,10,4.170323914242463,0.8333333333333334,121,0.9090909090909093,1.0,20,-1
1940510,1940733,10,4.170323914242463,0.8333333333333334,121,0.9090909090909093,1.0,20,-1
1940510,1940737,10,4.170323914242463,0.8333333333333334,121,0.9090909090909093,1.0,20,-1
1940510,1940739,10,4.170323914242463,0.8333333333333334,121,0.9090909090909093,1.0,20,-1
1940510,1940761,10,4.170323914242463,0.8333333333333334,121,0.9090909090909093,1.0,11,-1
1940510,1940783,10,4.170323914242463,0.8333333333333334,121,0.9090909090909093,1.0,11,-1
1940510,1947505,10,4.170323914242463,0.8333333333333334,121,0.9090909090909093,1.0,20,-1
1940510,1947510,10,4.170323914242463,0.8333333333333334,121,0.9090909090909093,1.0,20,-1
1940510,1947957,10,4.170323914242463,0.8333333333333334,121,0.9090909090909093,1.0,20,-1
1940520,1940524,6,3.083390054218504,0.75,49,0.857142857142857,1.0,14,-1
1940520,1943641,6,3.083390054218504,0.75,49,0.857142857142857,1.0,14,-1
1940520,1947650,6,3.083390054218504,0.75,49,0.857142857142857,1.0,14,-1
1940524,1943641,6,3.083390054218504,0.75,49,0.857142857142857,1.0,14,-1
1940524,1947650,6,3.083390054218504,0.75,49,0.857142857142857,1.0,14,-1
1940532,1947657,3,2.164042561333445,0.6,16,0.75,1.0,3,-1
1940586,1941636,7,3.366288428740915,0.7777777777777778,64,0.875,1.0,16,-1
1940586,1942021,7,3.366288428740915,0.7777777777777778,64,0.875,1.0,16,-1
1940586,1942025,7,3.366288428740915,0.7777777777777778,64,0.875,1.0,16,-1
1940586,1949517,7,3.366288428740915,0.7777777777777778,64,0.875,1.0,16,-1
1940586,1949522,7,3.366288428740915,0.7777777777777778,64,0.875,1.0,16,-1
1940586,1949752,7,3.366288428740915,0.7777777777777778,64,0.875,1.0,16,-1
1940586,1949756,7,3.366288428740915,0.7777777777777778,64,0.875,1.0,16,-1
1940586,1949761,7,3.366288428740915,0.7777777777777778,64,0.875,1.0,16,-1
1940602,1940606,3,2.164042561333445,0.6,16,0.75,1.0,8,-1
1940602,1947941,3,2.164042561333445,0.6,16,0.75,1.0,8,-1
1940602,1948054,3,2.164042561333445,0.6,16,0.75,1.0,8,-1
1940602,1948366,3,2.164042561333445,0.6,16,0.75,1.0,8,-1
1940606,1947941,3,2.164042561333445,0.6,16,0.75,1.0,8,-1
1940606,1948054,3,2.164042561333445,0.6,16,0.75,1.0,8,-1
1940606,1948366,3,2.164042561333445,0.6,16,0.75,1.0,8,-1
1940608,1940624,4,2.152909095746061,0.6666666666666666,25,0.6222222222222222,1.0,4,-1
1940608,1941647,4,2.152909095746061,0.6666666666666666,25,0.6222222222222222,1.0,0,-1
1940608,1941656,4,2.152909095746061,0.6666666666666666,25,0.6222222222222222,1.0,6,-1
1940608,1949561,4,2.3191244169922545,0.4,45,0.711111111111111,1.0,6,-1
1940608,1982210,2,0.9102392266268373,0.25,25,0.2222222222222222,0.5,3,-1
1940608,1985092,2,0.9102392266268373,0.25,25,0.2222222222222222,0.5,3,-1
1940608,2002305,2,0.9102392266268373,0.25,25,0.2222222222222222,0.5,3,-1
1940608,2002477,2,0.9102392266268373,0.25,25,0.2222222222222222,0.5,3,-1
1940610,1947862,7,3.225013353673036,0.7777777777777778,64,0.8026315789473684,1.0,8,-1
1940610,1948277,7,3.225013353673036,0.7777777777777778,64,0.8026315789473684,1.0,12,-1
1940610,1948291,7,3.225013353673036,0.7777777777777778,64,0.8026315789473684,1.0,8,-1
1940610,1948375,7,3.225013353673036,0.7777777777777778,64,0.8026315789473684,1.0,12,-1
1940610,1948477,7,3.225013353673036,0.7777777777777778,64,0.8026315789473684,1.0,12,-1
1940610,1948709,7,3.225013353673036,0.7777777777777778,64,0.8026315789473684,1.0,8,-1
1940610,1948717,7,3.225013353673036,0.7777777777777778,64,0.8026315789473684,1.0,12,-1
1940619,1949705,5,2.7905531327562363,0.7142857142857143,36,0.8333333333333333,1.0,6,-1
1940619,1949713,5,2.7905531327562363,0.7142857142857143,36,0.8333333333333333,1.0,10,-1
1940624,1941647,4,2.152909095746061,0.6666666666666666,25,0.6222222222222222,1.0,0,-1
1940624,1941656,4,2.152909095746061,0.6666666666666666,25,0.6222222222222222,1.0,4,-1
1940624,1949561,4,2.3191244169922545,0.4,45,0.711111111111111,1.0,4,-1
1940624,1982210,2,0.9102392266268373,0.25,25,0.2222222222222222,0.5,3,-1
1940624,1985092,2,0.9102392266268373,0.25,25,0.2222222222222222,0.5,5,-1
1940624,2002305,2,0.9102392266268373,0.25,25,0.2222222222222222,0.5,3,-1
1940624,2002477,2,0.9102392266268373,0.25,25,0.2222222222222222,0.5,5,-1
1940647,1975646,5,2.6348721105868336,0.38461538461538464,72,0.7499999999999999,1.0,10,-1
1940647,1975649,5,2.6348721105868336,0.38461538461538464,72,0.7499999999999999,1.0,10,-1
1940647,1977950,5,2.6348721105868336,0.38461538461538464,72,0.7499999999999999,1.0,10,-1
1940647,1994673,5,2.6348721105868336,0.38461538461538464,72,0.7499999999999999,1.0,10,-1
1940675,1947890,4,2.281037195103082,0.36363636363636365,50,0.6909090909090909,1.0,5,-1
1940675,1947991,4,2.281037195103082,0.36363636363636365,50,0.6909090909090909,1.0,9,-1
1940675,1948210,4,2.281037195103082,0.36363636363636365,50,0.6909090909090909,1.0,9,-1
1940723,1948476,1,1.4426950408889634,0.3333333333333333,4,0.5,1.0,4,-1
1940723,1948807,1,1.4426950408889634,0.3333333333333333,4,0.5,1.0,4,-1
1940725,1940733,10,4.170323914242463,0.8333333333333334,121,0.9090909090909093,1.0,20,-1
1940725,1940737,10,4.170323914242463,0.8333333333333334,121,0.9090909090909093,1.0,20,-1
1940725,1940739,10,4.170323914242463,0.8333333333333334,121,0.9090909090909093,1.0,20,-1
1940725,1940761,10,4.170323914242463,0.8333333333333334,121,0.9090909090909093,1.0,11,-1
1940725,1940783,10,4.170323914242463,0.8333333333333334,121,0.9090909090909093,1.0,11,-1
1940725,1947505,10,4.170323914242463,0.8333333333333334,121,0.9090909090909093,1.0,20,-1
1940725,1947510,10,4.170323914242463,0.8333333333333334,121,0.9090909090909093,1.0,20,-1
1940725,1947957,10,4.170323914242463,0.8333333333333334,121,0.9090909090909093,1.0,20,-1
1940733,1940737,10,4.170323914242463,0.8333333333333334,121,0.9090909090909093,1.0,20,-1
1940733,1940739,10,4.170323914242463,0.8333333333333334,121,0.9090909090909093,1.0,20,-1
1940733,1940761,10,4.170323914242463,0.8333333333333334,121,0.9090909090909093,1.0,11,-1
1940733,1940783,10,4.170323914242463,0.8333333333333334,121,0.9090909090909093,1.0,11,-1
1940733,1947505,10,4.170323914242463,0.8333333333333334,121,0.9090909090909093,1.0,20,-1
1940733,1947510,10,4.170323914242463,0.8333333333333334,121,0.9090909090909093,1.0,20,-1
1940733,1947957,10,4.170323914242463,0.8333333333333334,121,0.9090909090909093,1.0,20,-1
1940737,1940739,10,4.170323914242463,0.8333333333333334,121,0.9090909090909093,1.0,20,-1
1940737,1940761,10,4.170323914242463,0.8333333333333334,121,0.9090909090909093,1.0,11,-1
1940737,1940783,10,4.170323914242463,0.8333333333333334,121,0.9090909090909093,1.0,11,-1
1940737,1947505,10,4.170323914242463,0.8333333333333334,121,0.9090909090909093,1.0,20,-1
1940737,1947510,10,4.170323914242463,0.8333333333333334,121,0.9090909090909093,1.0,20,-1
1940737,1947957,10,4.170323914242463,0.8333333333333334,121,0.9090909090909093,1.0,20,-1
1940739,1940761,10,4.170323914242463,0.8333333333333334,121,0.9090909090909093,1.0,11,-1
1940739,1940783,10,4.170323914242463,0.8333333333333334,121,0.9090909090909093,1.0,11,-1
1940739,1947505,10,4.170323914242463,0.8333333333333334,121,0.9090909090909093,1.0,20,-1
1940739,1947510,10,4.170323914242463,0.8333333333333334,121,0.9090909090909093,1.0,20,-1
1940739,1947957,10,4.170323914242463,0.8333333333333334,121,0.9090909090909093,1.0,20,-1
1940761,1940783,10,4.170323914242463,0.8333333333333334,121,0.9090909090909093,1.0,11,-1
1940761,1947505,10,4.170323914242463,0.8333333333333334,121,0.9090909090909093,1.0,11,-1
1940761,1947510,10,4.170323914242463,0.8333333333333334,121,0.9090909090909093,1.0,11,-1
1940761,1947957,10,4.170323914242463,0.8333333333333334,121,0.9090909090909093,1.0,11,-1
1940771,1948089,4,2.4853397382384474,0.6666666666666666,25,0.8,1.0,10,-1
1940771,1948322,4,2.4853397382384474,0.6666666666666666,25,0.8,1.0,10,-1
1940774,1945127,1,1.4426950408889634,0.3333333333333333,4,0.5,1.0,4,-1
1940774,1948832,1,1.4426950408889634,0.3333333333333333,4,0.5,1.0,4,-1
1940783,1947505,10,4.170323914242463,0.8333333333333334,121,0.9090909090909093,1.0,11,-1
1940783,1947510,10,4.170323914242463,0.8333333333333334,121,0.9090909090909093,1.0,11,-1
1940783,1947957,10,4.170323914242463,0.8333333333333334,121,0.9090909090909093,1.0,11,-1
1940858,1949690,3,2.164042561333445,0.6,16,0.75,1.0,8,-1
1940858,1949944,3,2.164042561333445,0.6,16,0.75,1.0,8,-1
1940858,1950019,3,2.164042561333445,0.6,16,0.75,1.0,8,-1
1940896,1940939,7,3.366288428740915,0.7777777777777778,64,0.875,1.0,8,-1
1940896,1940942,7,3.366288428740915,0.7777777777777778,64,0.875,1.0,13,-1
1940896,1940945,7,3.366288428740915,0.7777777777777778,64,0.875,1.0,8,-1
1940896,1947892,7,3.366288428740915,0.7777777777777778,64,0.875,1.0,13,-1
1940896,1948329,7,3.366288428740915,0.7777777777777778,64,0.875,1.0,13,-1
1940896,1948402,7,3.366288428740915,0.7777777777777778,64,0.875,1.0,8,-1
1940896,1948527,7,3.366288428740915,0.7777777777777778,64,0.875,1.0,13,-1
1940902,1949707,1,1.4426950408889634,0.3333333333333333,4,0.5,1.0,3,1
1940902,1950149,1,1.4426950408889634,0.3333333333333333,4,0.5,1.0,2,1
1940914,1940925,9,3.9086503371292665,0.8181818181818182,100,0.8999999999999999,1.0,19,-1
1940914,1941891,9,3.9086503371292665,0.8181818181818182,100,0.8999999999999999,1.0,19,-1
1940914,1949684,9,3.9086503371292665,0.8181818181818182,100,0.8999999999999999,1.0,10,-1
1940914,1949688,9,3.9086503371292665,0.8181818181818182,100,0.8999999999999999,1.0,19,-1
1940914,1949697,9,3.9086503371292665,0.8181818181818182,100,0.8999999999999999,1.0,19,-1
1940914,1949775,9,3.9086503371292665,0.8181818181818182,100,0.8999999999999999,1.0,19,-1
1940914,1949991,9,3.9086503371292665,0.8181818181818182,100,0.8999999999999999,1.0,19,-1
1940914,1950153,9,3.9086503371292665,0.8181818181818182,100,0.8999999999999999,1.0,19,-1
1940925,1941891,9,3.9086503371292665,0.8181818181818182,100,0.8999999999999999,1.0,19,-1
1940925,1949684,9,3.9086503371292665,0.8181818181818182,100,0.8999999999999999,1.0,10,-1
1940925,1949688,9,3.9086503371292665,0.8181818181818182,100,0.8999999999999999,1.0,19,-1
1940925,1949697,9,3.9086503371292665,0.8181818181818182,100,0.8999999999999999,1.0,19,-1
1940925,1949775,9,3.9086503371292665,0.8181818181818182,100,0.8999999999999999,1.0,19,-1
1940925,1949991,9,3.9086503371292665,0.8181818181818182,100,0.8999999999999999,1.0,19,-1
1940925,1950153,9,3.9086503371292665,0.8181818181818182,100,0.8999999999999999,1.0,19,-1
1940939,1940942,7,3.366288428740915,0.7777777777777778,64,0.875,1.0,8,-1
1940939,1940945,7,3.366288428740915,0.7777777777777778,64,0.875,1.0,9,-1
1940939,1947892,7,3.366288428740915,0.7777777777777778,64,0.875,1.0,8,-1
1940939,1948329,7,3.366288428740915,0.7777777777777778,64,0.875,1.0,8,-1
1940939,1948402,7,3.366288428740915,0.7777777777777778,64,0.875,1.0,8,-1
1940939,1948527,7,3.366288428740915,0.7777777777777778,64,0.875,1.0,8,-1
1940942,1940945,7,3.366288428740915,0.7777777777777778,64,0.875,1.0,8,-1
1940942,1947892,7,3.366288428740915,0.7777777777777778,64,0.875,1.0,13,-1
1940942,1948329,7,3.366288428740915,0.7777777777777778,64,0.875,1.0,13,-1
1940942,1948402,7,3.366288428740915,0.7777777777777778,64,0.875,1.0,8,-1
1940942,1948527,7,3.366288428740915,0.7777777777777778,64,0.875,1.0,13,-1
1940945,1947892,7,3.366288428740915,0.7777777777777778,64,0.875,1.0,8,-1
1940945,1948329,7,3.366288428740915,0.7777777777777778,64,0.875,1.0,8,-1
1940945,1948402,7,3.366288428740915,0.7777777777777778,64,0.875,1.0,8,-1
1940945,1948527,7,3.366288428740915,0.7777777777777778,64,0.875,1.0,8,-1
1940979,1944594,2,1.8204784532536746,0.15384615384615385,36,0.6666666666666666,1.0,3,-1
1940979,1948566,2,1.312668831008682,0.5,9,0.41666666666666663,1.0,5,-1
1940979,1948575,2,1.312668831008682,0.5,9,0.41666666666666663,1.0,5,-1
1940987,1941002,11,4.426725648200291,0.8461538461538461,144,0.9166666666666667,1.0,19,-1
1940987,1941971,11,4.426725648200291,0.8461538461538461,144,0.9166666666666667,1.0,19,-1
1940987,1942115,11,4.426725648200291,0.8461538461538461,144,0.9166666666666667,1.0,19,-1
1940987,1949108,11,4.426725648200291,0.8461538461538461,144,0.9166666666666667,1.0,12,-1
1940987,1949771,11,4.426725648200291,0.8461538461538461,144,0.9166666666666667,1.0,19,-1
1940987,1949912,11,4.426725648200291,0.8461538461538461,144,0.9166666666666667,1.0,12,-1
1940987,1949919,11,4.426725648200291,0.8461538461538461,144,0.9166666666666667,1.0,19,-1
1940987,1949947,11,4.426725648200291,0.8461538461538461,144,0.9166666666666667,1.0,12,-1
1940987,1950280,11,4.426725648200291,0.8461538461538461,144,0.9166666666666667,1.0,12,-1
1940987,1950290,11,4.426725648200291,0.8461538461538461,144,0.9166666666666667,1.0,19,-1
1940987,1950317,11,4.426725648200291,0.8461538461538461,144,0.9166666666666667,1.0,19,-1
1940990,1949809,4,2.4853397382384474,0.6666666666666666,25,0.8,1.0,10,-1
1940990,1949813,4,2.4853397382384474,0.6666666666666666,25,0.8,1.0,10,-1
1940990,1949820,4,2.4853397382384474,0.6666666666666666,25,0.8,1.0,10,-1
1940990,1950062,4,2.4853397382384474,0.6666666666666666,25,0.8,1.0,10,-1
1940990,1950348,4,2.4853397382384474,0.6666666666666666,25,0.8,1.0,10,-1
1940991,1967065,5,2.7905531327562363,0.2777777777777778,102,0.8333333333333333,1.0,6,-1
1940991,1977927,5,2.7905531327562363,0.2777777777777778,102,0.8333333333333333,1.0,6,-1
1940991,1979249,5,2.7905531327562363,0.2777777777777778,102,0.8333333333333333,1.0,6,-1
1940991,1989712,5,2.7905531327562363,0.2777777777777778,102,0.8333333333333333,1.0,6,-1
1940991,1989724,5,2.7905531327562363,0.2777777777777778,102,0.8333333333333333,1.0,6,-1
1940991,1989728,5,2.7905531327562363,0.2777777777777778,102,0.8333333333333333,1.0,6,-1
1941001,1941214,3,2.164042561333445,0.6,16,0.75,1.0,5,-1
1941001,1948649,3,2.164042561333445,0.6,16,0.75,1.0,3,-1
1941001,1948671,3,2.164042561333445,0.6,16,0.75,1.0,5,-1
1941001,1948673,3,2.164042561333445,0.6,16,0.75,1.0,0,-1
1941002,1941971,11,4.426725648200291,0.8461538461538461,144,0.9166666666666667,1.0,19,-1
1941002,1942115,11,4.426725648200291,0.8461538461538461,144,0.9166666666666667,1.0,19,-1
1941002,1949108,11,4.426725648200291,0.8461538461538461,144,0.9166666666666667,1.0,12,-1
1941002,1949771,11,4.426725648200291,0.8461538461538461,144,0.9166666666666667,1.0,19,-1
1941002,1949912,11,4.426725648200291,0.8461538461538461,144,0.9166666666666667,1.0,12,-1
1941002,1949919,11,4.426725648200291,0.8461538461538461,144,0.9166666666666667,1.0,19,-1
1941002,1949947,11,4.426725648200291,0.8461538461538461,144,0.9166666666666667,1.0,12,-1
1941002,1950280,11,4.426725648200291,0.8461538461538461,144,0.9166666666666667,1.0,12,-1
1941002,1950290,11,4.426725648200291,0.8461538461538461,144,0.9166666666666667,1.0,19,-1
1941002,1950317,11,4.426725648200291,0.8461538461538461,144,0.9166666666666667,1.0,19,-1
1941006,1941964,2,1.8204784532536746,0.5,9,0.6666666666666666,1.0,5,-1
1941006,1949931,2,1.8204784532536746,0.5,9,0.6666666666666666,1.0,3,-1
1941006,1950308,2,1.8204784532536746,0.5,9,0.6666666666666666,1.0,5,-1
1941010,1941030,7,3.366288428740915,0.7777777777777778,64,0.875,1.0,10,-1
1941010,1941038,7,3.366288428740915,0.7777777777777778,64,0.875,1.0,8,-1
1941010,1942002,7,3.366288428740915,0.7777777777777778,64,0.875,1.0,8,-1
1941010,1942007,7,3.366288428740915,0.7777777777777778,64,0.875,1.0,8,-1
1941010,1949837,7,3.366288428740915,0.7777777777777778,64,0.875,1.0,8,-1
1941010,1949997,7,3.366288428740915,0.7777777777777778,64,0.875,1.0,8,-1
1941010,1950120,7,3.366288428740915,0.7777777777777778,64,0.875,1.0,8,-1
1941010,1950422,7,3.366288428740915,0.7777777777777778,64,0.875,1.0,10,-1
1941017,1941380,4,2.4853397382384474,0.6666666666666666,25,0.8,1.0,5,-1
1941017,1941418,4,2.4853397382384474,0.6666666666666666,25,0.8,1.0,5,-1
1941017,1941428,4,2.4853397382384474,0.6666666666666666,25,0.8,1.0,5,-1
1941017,1948786,4,2.4853397382384474,0.6666666666666666,25,0.8,1.0,5,-1
1941030,1941038,7,3.366288428740915,0.7777777777777778,64,0.875,1.0,8,-1
1941030,1942002,7,3.366288428740915,0.7777777777777778,64,0.875,1.0,8,-1
1941030,1942007,7,3.366288428740915,0.7777777777777778,64,0.875,1.0,8,-1
1941030,1949837,7,3.366288428740915,0.7777777777777778,64,0.875,1.0,8,-1
1941030,1949997,7,3.366288428740915,0.7777777777777778,64,0.875,1.0,8,-1
1941030,1950120,7,3.366288428740915,0.7777777777777778,64,0.875,1.0,8,-1
1941030,1950422,7,3.366288428740915,0.7777777777777778,64,0.875,1.0,10,-1
1941033,1941042,5,2.7905531327562363,0.7142857142857143,36,0.8333333333333333,1.0,12,-1
1941033,1949857,5,2.7905531327562363,0.7142857142857143,36,0.8333333333333333,1.0,12,-1
1941033,1950099,5,2.7905531327562363,0.7142857142857143,36,0.8333333333333333,1.0,12,-1
1941033,1950467,5,2.7905531327562363,0.7142857142857143,36,0.8333333333333333,1.0,12,-1
1941038,1942002,7,3.366288428740915,0.7777777777777778,64,0.875,1.0,9,-1
1941038,1942007,7,3.366288428740915,0.7777777777777778,64,0.875,1.0,8,-1
1941038,1949837,7,3.366288428740915,0.7777777777777778,64,0.875,1.0,8,-1
1941038,1949997,7,3.366288428740915,0.7777777777777778,64,0.875,1.0,8,-1
1941038,1950120,7,3.366288428740915,0.7777777777777778,64,0.875,1.0,8,-1
1941038,1950422,7,3.366288428740915,0.7777777777777778,64,0.875,1.0,8,-1
1941042,1949857,5,2.7905531327562363,0.7142857142857143,36,0.8333333333333333,1.0,12,-1
1941042,1950099,5,2.7905531327562363,0.7142857142857143,36,0.8333333333333333,1.0,12,-1
1941042,1950467,5,2.7905531327562363,0.7142857142857143,36,0.8333333333333333,1.0,12,-1
1941045,1941048,7,3.2752613270292072,0.7777777777777778,64,0.8269230769230769,1.0,8,-1
1941045,1941289,7,3.2752613270292072,0.7777777777777778,64,0.8269230769230769,1.0,10,-1
1941045,1941420,7,3.2752613270292072,0.7777777777777778,64,0.8269230769230769,1.0,8,-1
1941045,1948633,7,3.366288428740915,0.5,104,0.875,1.0,8,-1
1941045,1948641,7,3.2752613270292072,0.7777777777777778,64,0.8269230769230769,1.0,10,-1
1941045,1949090,7,3.2752613270292072,0.7777777777777778,64,0.8269230769230769,1.0,8,-1
1941045,1949101,7,3.2752613270292072,0.7777777777777778,64,0.8269230769230769,1.0,8,-1
1941048,1941289,7,3.2752613270292072,0.7777777777777778,64,0.8269230769230769,1.0,8,-1
1941048,1941420,7,3.2752613270292072,0.7777777777777778,64,0.8269230769230769,1.0,11,-1
1941048,1948633,7,3.366288428740915,0.5,104,0.875,1.0,8,-1
1941048,1948641,7,3.2752613270292072,0.7777777777777778,64,0.8269230769230769,1.0,8,-1
1941048,1949090,7,3.2752613270292072,0.7777777777777778,64,0.8269230769230769,1.0,8,-1
1941048,1949101,7,3.2752613270292072,0.7777777777777778,64,0.8269230769230769,1.0,11,-1
1941050,1948682,2,1.8204784532536746,0.5,9,0.6666666666666666,1.0,0,-1
1941050,1948863,2,1.8204784532536746,0.5,9,0.6666666666666666,1.0,2,-1
1941050,1949146,2,1.8204784532536746,0.5,9,0.6666666666666666,1.0,0,-1
1941068,1948236,7,3.060362932921805,0.7777777777777778,64,0.7142857142857143,1.0,11,-1
1941068,1948678,7,3.162338098194842,0.4666666666666667,112,0.7678571428571428,1.0,11,-1
1941068,1948685,7,3.060362932921805,0.7777777777777778,64,0.7142857142857143,1.0,8,-1
1941068,1948689,7,3.060362932921805,0.7777777777777778,64,0.7142857142857143,1.0,8,-1
1941068,1949127,7,3.162338098194842,0.4666666666666667,112,0.7678571428571428,1.0,11,-1
1941068,1949141,7,3.060362932921805,0.7777777777777778,64,0.7142857142857143,1.0,8,-1
1941073,1941078,5,2.7905531327562363,0.7142857142857143,36,0.8333333333333333,1.0,11,-1
1941073,1942208,5,2.7905531327562363,0.7142857142857143,36,0.8333333333333333,1.0,11,-1
1941073,1949875,5,2.7905531327562363,0.7142857142857143,36,0.8333333333333333,1.0,6,-1
1941073,1949885,5,2.7905531327562363,0.7142857142857143,36,0.8333333333333333,1.0,11,-1
1941073,1950045,5,2.7905531327562363,0.7142857142857143,36,0.8333333333333333,1.0,11,-1
1941078,1942208,5,2.7905531327562363,0.7142857142857143,36,0.8333333333333333,1.0,11,-1
1941078,1949875,5,2.7905531327562363,0.7142857142857143,36,0.8333333333333333,1.0,6,-1
1941078,1949885,5,2.7905531327562363,0.7142857142857143,36,0.8333333333333333,1.0,11,-1
1941078,1950045,5,2.7905531327562363,0.7142857142857143,36,0.8333333333333333,1.0,11,-1
1941087,1941453,3,2.164042561333445,0.6,16,0.75,1.0,8,-1
1941087,1941490,3,2.164042561333445,0.6,16,0.75,1.0,8,-1
1941087,1949170,3,2.164042561333445,0.6,16,0.75,1.0,8,-1
1941091,1941099,4,2.4853397382384474,0.6666666666666666,25,0.8,1.0,8,-1
1941091,1942236,4,2.4853397382384474,0.6666666666666666,25,0.8,1.0,0,-1
1941091,1950085,4,2.4853397382384474,0.6666666666666666,25,0.8,1.0,8,-1
1941091,1950147,4,2.4853397382384474,0.6666666666666666,25,0.8,1.0,8,-1
1941091,1950667,4,2.4853397382384474,0.6666666666666666,25,0.8,1.0,8,-1
1941094,1941123,2,1.8204784532536746,0.5,9,0.6666666666666666,1.0,3,-1
1941094,1949163,2,1.8204784532536746,0.5,9,0.6666666666666666,1.0,3,-1
1941094,1949175,2,1.8204784532536746,0.5,9,0.6666666666666666,1.0,3,-1
1941099,1942236,4,2.4853397382384474,0.6666666666666666,25,0.8,1.0,0,-1
1941099,1950085,4,2.4853397382384474,0.6666666666666666,25,0.8,1.0,8,-1
1941099,1950147,4,2.4853397382384474,0.6666666666666666,25,0.8,1.0,8,-1
1941099,1950667,4,2.4853397382384474,0.6666666666666666,25,0.8,1.0,8,-1
1941104,1947878,8,3.3990810673799,0.5,135,0.7622766122766123,1.0,18,1
1941104,1948296,8,3.351318049024509,0.6666666666666666,99,0.7380341880341881,1.0,18,-1
1941104,1948751,8,3.313230827135337,0.8,81,0.7178321678321677,1.0,18,1
1941104,1948759,8,3.3784791951974755,0.5714285714285714,117,0.752020202020202,1.0,18,-1
1941104,1948767,8,3.313230827135337,0.8,81,0.7178321678321677,1.0,18,-1
1941104,1950354,2,0.7385387461377101,0.2,27,0.13333333333333333,0.5,6,1
1941104,2004715,2,0.7385387461377101,0.2,27,0.13333333333333333,0.5,6,-1
1941123,1949163,2,1.8204784532536746,0.5,9,0.6666666666666666,1.0,5,-1
1941123,1949175,2,1.8204784532536746,0.5,9,0.6666666666666666,1.0,5,-1
1941185,1941202,9,3.9086503371292665,0.8181818181818182,100,0.8999999999999999,1.0,0,-1
1941185,1941213,9,3.9086503371292665,0.8181818181818182,100,0.8999999999999999,1.0,0,-1
1941185,1941217,9,3.9086503371292665,0.8181818181818182,100,0.8999999999999999,1.0,0,-1
1941185,1947948,9,3.9086503371292665,0.8181818181818182,100,0.8999999999999999,1.0,0,-1
1941185,1948522,9,3.9086503371292665,0.8181818181818182,100,0.8999999999999999,1.0,0,-1
1941185,1948536,9,3.9086503371292665,0.8181818181818182,100,0.8999999999999999,1.0,0,-1
1941185,1948541,9,3.9086503371292665,0.8181818181818182,100,0.8999999999999999,1.0,0,-1
1941186,1941192,6,3.083390054218504,0.75,49,0.857142857142857,1.0,11,-1
1941186,1948143,6,3.083390054218504,0.75,49,0.857142857142857,1.0,11,-1
1941186,1948146,6,3.083390054218504,0.75,49,0.857142857142857,1.0,11,-1
1941186,1948587,6,3.083390054218504,0.75,49,0.857142857142857,1.0,7,-1
1941186,1948602,6,3.083390054218504,0.75,49,0.857142857142857,1.0,7,-1
1941186,1948707,6,3.083390054218504,0.75,49,0.857142857142857,1.0,11,-1
1941186,1948739,6,3.083390054218504,0.75,49,0.857142857142857,1.0,7,-1
1941192,1948143,6,3.083390054218504,0.75,49,0.857142857142857,1.0,11,-1
1941192,1948146,6,3.083390054218504,0.75,49,0.857142857142857,1.0,11,-1
1941192,1948587,6,3.083390054218504,0.75,49,0.857142857142857,1.0,7,-1
1941192,1948602,6,3.083390054218504,0.75,49,0.857142857142857,1.0,7,-1
1941192,1948707,6,3.083390054218504,0.75,49,0.857142857142857,1.0,11,-1
1941192,1948739,6,3.083390054218504,0.75,49,0.857142857142857,1.0,7,-1
1941197,1941478,1,1.4426950408889634,0.3333333333333333,4,0.5,1.0,4,-1
1941202,1941213,9,3.9086503371292665,0.8181818181818182,100,0.8999999999999999,1.0,0,-1
1941202,1941217,9,3.9086503371292665,0.8181818181818182,100,0.8999999999999999,1.0,0,-1
1941202,1947948,9,3.9086503371292665,0.8181818181818182,100,0.8999999999999999,1.0,0,-1
1941202,1948522,9,3.9086503371292665,0.8181818181818182,100,0.8999999999999999,1.0,0,-1
1941202,1948536,9,3.9086503371292665,0.8181818181818182,100,0.8999999999999999,1.0,0,-1
1941202,1948541,9,3.9086503371292665,0.8181818181818182,100,0.8999999999999999,1.0,1,-1
1941206,1941221,4,2.4853397382384474,0.6666666666666666,25,0.8,1.0,8,-1
1941206,1948160,4,2.4853397382384474,0.6666666666666666,25,0.8,1.0,8,-1
1941206,1948184,4,2.4853397382384474,0.6666666666666666,25,0.8,1.0,5,-1
1941206,1948195,4,2.4853397382384474,0.6666666666666666,25,0.8,1.0,8,-1
1941213,1941217,9,3.9086503371292665,0.8181818181818182,100,0.8999999999999999,1.0,14,-1
1941213,1947948,9,3.9086503371292665,0.8181818181818182,100,0.8999999999999999,1.0,14,-1
1941213,1948522,9,3.9086503371292665,0.8181818181818182,100,0.8999999999999999,1.0,14,-1
1941213,1948536,9,3.9086503371292665,0.8181818181818182,100,0.8999999999999999,1.0,14,-1
1941213,1948541,9,3.9086503371292665,0.8181818181818182,100,0.8999999999999999,1.0,0,-1
1941214,1948649,3,2.164042561333445,0.6,16,0.75,1.0,3,-1
1941214,1948671,3,2.164042561333445,0.6,16,0.75,1.0,5,-1
1941214,1948673,3,2.164042561333445,0.6,16,0.75,1.0,0,-1
1941217,1947948,9,3.9086503371292665,0.8181818181818182,100,0.8999999999999999,1.0,14,-1
1941217,1948522,9,3.9086503371292665,0.8181818181818182,100,0.8999999999999999,1.0,14,-1
1941217,1948536,9,3.9086503371292665,0.8181818181818182,100,0.8999999999999999,1.0,14,-1
1941217,1948541,9,3.9086503371292665,0.8181818181818182,100,0.8999999999999999,1.0,0,-1
1941221,1948160,4,2.4853397382384474,0.6666666666666666,25,0.8,1.0,8,-1
1941221,1948184,4,2.4853397382384474,0.6666666666666666,25,0.8,1.0,5,-1
1941221,1948195,4,2.4853397382384474,0.6666666666666666,25,0.8,1.0,8,-1
1941243,1950346,13,6.2695883412850035,0.8666666666666667,196,1.6392857142857142,1.0,25,1
1941243,1987239,7,3.2643132634678786,0.4666666666666667,112,0.8214285714285714,1.0,13,-1
1941243,2001776,7,3.2643132634678786,0.4666666666666667,112,0.8214285714285714,1.0,13,-1
1941243,2004181,7,3.2643132634678786,0.4666666666666667,112,0.8214285714285714,1.0,13,-1
1941243,2004194,7,3.2643132634678786,0.4666666666666667,112,0.8214285714285714,1.0,7,-1
1941243,2004218,7,3.2643132634678786,0.4666666666666667,112,0.8214285714285714,1.0,13,-1
1941243,2004235,7,3.2643132634678786,0.4666666666666667,112,0.8214285714285714,1.0,13,-1
1941289,1941420,7,3.2752613270292072,0.7777777777777778,64,0.8269230769230769,1.0,8,-1
1941289,1948633,7,3.366288428740915,0.5,104,0.875,1.0,8,-1
1941289,1948641,7,3.2752613270292072,0.7777777777777778,64,0.8269230769230769,1.0,10,-1
1941289,1949090,7,3.2752613270292072,0.7777777777777778,64,0.8269230769230769,1.0,8,-1
1941289,1949101,7,3.2752613270292072,0.7777777777777778,64,0.8269230769230769,1.0,8,-1
1941302,1941397,5,2.7905531327562363,0.7142857142857143,36,0.8333333333333333,1.0,10,-1
1941302,1941416,5,2.7905531327562363,0.7142857142857143,36,0.8333333333333333,1.0,10,-1
1941330,1948176,6,3.083390054218504,0.75,49,0.857142857142857,1.0,14,-1
1941330,1948598,6,3.083390054218504,0.75,49,0.857142857142857,1.0,14,-1
1941330,1948668,6,3.083390054218504,0.75,49,0.857142857142857,1.0,14,-1
1941330,1948735,6,3.083390054218504,0.75,49,0.857142857142857,1.0,14,-1
1941330,1948777,6,3.083390054218504,0.75,49,0.857142857142857,1.0,14,-1
1941330,1949023,6,3.083390054218504,0.75,49,0.857142857142857,1.0,14,-1
1941330,1949037,6,3.083390054218504,0.75,49,0.857142857142857,1.0,14,-1
1941348,1941486,7,3.366288428740915,0.7777777777777778,64,0.875,1.0,0,-1
1941348,1941494,7,3.366288428740915,0.7777777777777778,64,0.875,1.0,12,-1
1941348,1948261,7,3.366288428740915,0.7777777777777778,64,0.875,1.0,0,-1
1941359,1941393,6,3.083390054218504,0.75,49,0.857142857142857,1.0,7,-1
1941359,1948753,6,3.083390054218504,0.75,49,0.857142857142857,1.0,7,-1
1941359,1948828,6,3.083390054218504,0.75,49,0.857142857142857,1.0,7,-1
1941359,1948833,6,3.083390054218504,0.75,49,0.857142857142857,1.0,7,-1
1941359,1948838,6,3.083390054218504,0.75,49,0.857142857142857,1.0,7,-1
1941359,1949237,6,3.083390054218504,0.75,49,0.857142857142857,1.0,7,-1
1941380,1941418,4,2.4853397382384474,0.6666666666666666,25,0.8,1.0,8,-1
1941380,1941428,4,2.4853397382384474,0.6666666666666666,25,0.8,1.0,8,-1
1941380,1948786,4,2.4853397382384474,0.6666666666666666,25,0.8,1.0,8,-1
1941392,1949049,1,1.4426950408889634,0.3333333333333333,4,0.5,1.0,1,-1
1941393,1948753,6,3.083390054218504,0.75,49,0.857142857142857,1.0,12,-1
1941393,1948828,6,3.083390054218504,0.75,49,0.857142857142857,1.0,12,-1
1941393,1948833,6,3.083390054218504,0.75,49,0.857142857142857,1.0,12,-1
1941393,1948838,6,3.083390054218504,0.75,49,0.857142857142857,1.0,12,-1
1941393,1949237,6,3.083390054218504,0.75,49,0.857142857142857,1.0,12,-1
1941397,1941416,5,2.7905531327562363,0.7142857142857143,36,0.8333333333333333,1.0,10,-1
1941418,1941428,4,2.4853397382384474,0.6666666666666666,25,0.8,1.0,8,-1
1941418,1948786,4,2.4853397382384474,0.6666666666666666,25,0.8,1.0,8,-1
1941420,1948633,7,3.366288428740915,0.5,104,0.875,1.0,8,-1
1941420,1948641,7,3.2752613270292072,0.7777777777777778,64,0.8269230769230769,1.0,8,-1
1941420,1949090,7,3.2752613270292072,0.7777777777777778,64,0.8269230769230769,1.0,8,-1
1941420,1949101,7,3.2752613270292072,0.7777777777777778,64,0.8269230769230769,1.0,11,-1
1941428,1948786,4,2.4853397382384474,0.6666666666666666,25,0.8,1.0,8,-1
1941453,1941490,3,2.164042561333445,0.6,16,0.75,1.0,8,-1
1941453,1949170,3,2.164042561333445,0.6,16,0.75,1.0,8,-1
1941486,1941494,7,3.366288428740915,0.7777777777777778,64,0.875,1.0,0,-1
1941486,1948261,7,3.366288428740915,0.7777777777777778,64,0.875,1.0,1,-1
1941490,1949170,3,2.164042561333445,0.6,16,0.75,1.0,8,-1
1941494,1948261,7,3.366288428740915,0.7777777777777778,64,0.875,1.0,0,-1
1941514,1948980,5,3.98452101458712,0.7142857142857143,36,1.4166666666666665,1.0,5,1
1941514,1966360,2,1.4683498531780845,0.2857142857142857,18,0.5,1.0,3,-1
1941514,1983058,2,1.4683498531780845,0.2857142857142857,18,0.5,1.0,3,-1
1941516,1985599,4,2.3191244169922545,0.4,45,0.711111111111111,1.0,4,-1
1941516,1994410,4,2.4853397382384474,0.2857142857142857,81,0.8,1.0,0,-1
1941516,2000302,4,2.3191244169922545,0.4,45,0.711111111111111,1.0,4,-1
1941516,2000311,4,2.3191244169922545,0.4,45,0.711111111111111,1.0,4,-1
1941516,2002989,4,2.3191244169922545,0.4,45,0.711111111111111,1.0,5,-1
1941531,1941547,3,2.164042561333445,0.6,16,0.75,1.0,6,-1
1941531,1948724,3,2.164042561333445,0.6,16,0.75,1.0,4,-1
1941531,1948737,3,2.164042561333445,0.6,16,0.75,1.0,4,-1
1941531,1948783,3,2.164042561333445,0.6,16,0.75,1.0,6,-1
1941547,1948724,3,2.164042561333445,0.6,16,0.75,1.0,4,-1
1941547,1948737,3,2.164042561333445,0.6,16,0.75,1.0,4,-1
1941547,1948783,3,2.164042561333445,0.6,16,0.75,1.0,6,-1
1941636,1942021,7,3.366288428740915,0.7777777777777778,64,0.875,1.0,16,-1
1941636,1942025,7,3.366288428740915,0.7777777777777778,64,0.875,1.0,16,-1
1941636,1949517,7,3.366288428740915,0.7777777777777778,64,0.875,1.0,16,-1
1941636,1949522,7,3.366288428740915,0.7777777777777778,64,0.875,1.0,16,-1
1941636,1949752,7,3.366288428740915,0.7777777777777778,64,0.875,1.0,16,-1
1941636,1949756,7,3.366288428740915,0.7777777777777778,64,0.875,1.0,16,-1
1941636,1949761,7,3.366288428740915,0.7777777777777778,64,0.875,1.0,16,-1
1941647,1941656,4,2.152909095746061,0.6666666666666666,25,0.6222222222222222,1.0,0,-1
1941647,1949561,4,2.319124416992254,0.4,45,0.7111111111111112,1.0,0,-1
1941647,1982210,2,0.9102392266268373,0.25,25,0.2222222222222222,0.5,0,-1
1941647,1985092,2,0.9102392266268373,0.25,25,0.2222222222222222,0.5,0,-1
1941647,2002305,2,0.9102392266268373,0.25,25,0.2222222222222222,0.5,0,-1
1941647,2002477,2,0.9102392266268373,0.25,25,0.2222222222222222,0.5,0,-1
1941656,1949561,4,2.3191244169922545,0.4,45,0.711111111111111,1.0,6,-1
1941656,1982210,2,0.9102392266268373,0.25,25,0.2222222222222222,0.5,3,-1
1941656,1985092,2,0.9102392266268373,0.25,25,0.2222222222222222,0.5,3,-1
1941656,2002305,2,0.9102392266268373,0.25,25,0.2222222222222222,0.5,3,-1
1941656,2002477,2,0.9102392266268373,0.25,25,0.2222222222222222,0.5,3,-1
1941835,1949583,0,0.0,0.0,7,0.0,1.0,2,-1
1941846,1941858,7,3.366288428740915,0.7777777777777778,64,0.875,1.0,15,-1
1941846,1941864,7,3.366288428740915,0.7777777777777778,64,0.875,1.0,15,-1
1941846,1949054,7,3.366288428740915,0.7777777777777778,64,0.875,1.0,15,-1
1941846,1949064,7,3.366288428740915,0.7777777777777778,64,0.875,1.0,15,-1
1941846,1949673,7,3.366288428740915,0.7777777777777778,64,0.875,1.0,8,-1
1941846,1949913,7,3.366288428740915,0.7777777777777778,64,0.875,1.0,15,-1
1941846,1949936,7,3.366288428740915,0.7777777777777778,64,0.875,1.0,15,-1
1941846,1950047,7,3.366288428740915,0.7777777777777778,64,0.875,1.0,15,-1
1941858,1941864,7,3.366288428740915,0.7777777777777778,64,0.875,1.0,15,-1
1941858,1949054,7,3.366288428740915,0.7777777777777778,64,0.875,1.0,15,-1
1941858,1949064,7,3.366288428740915,0.7777777777777778,64,0.875,1.0,15,-1
1941858,1949673,7,3.366288428740915,0.7777777777777778,64,0.875,1.0,8,-1
1941858,1949913,7,3.366288428740915,0.7777777777777778,64,0.875,1.0,15,-1
1941858,1949936,7,3.366288428740915,0.7777777777777778,64,0.875,1.0,15,-1
1941858,1950047,7,3.366288428740915,0.7777777777777778,64,0.875,1.0,15,-1
1941863,1948817,3,2.164042561333445,0.6,16,0.75,1.0,6,-1
1941863,1949257,3,2.164042561333445,0.6,16,0.75,1.0,4,-1
1941863,1949573,3,2.164042561333445,0.6,16,0.75,1.0,6,-1
1941863,1949596,3,2.164042561333445,0.6,16,0.75,1.0,4,-1
1941864,1949054,7,3.366288428740915,0.7777777777777778,64,0.875,1.0,15,-1
1941864,1949064,7,3.366288428740915,0.7777777777777778,64,0.875,1.0,15,-1
1941864,1949673,7,3.366288428740915,0.7777777777777778,64,0.875,1.0,8,-1
1941864,1949913,7,3.366288428740915,0.7777777777777778,64,0.875,1.0,15,-1
1941864,1949936,7,3.366288428740915,0.7777777777777778,64,0.875,1.0,15,-1
1941864,1950047,7,3.366288428740915,0.7777777777777778,64,0.875,1.0,15,-1
1941867,1941869,7,3.200447307929137,0.7777777777777778,64,0.7873376623376623,1.0,13,-1
1941867,1949058,7,3.200447307929137,0.7777777777777778,64,0.7873376623376623,1.0,13,-1
1941867,1949717,7,3.200447307929137,0.7777777777777778,64,0.7873376623376623,1.0,13,-1
1941867,1950063,7,3.200447307929137,0.7777777777777778,64,0.7873376623376623,1.0,13,-1
1941867,1950067,7,3.2643132634678786,0.5833333333333334,88,0.8214285714285714,1.0,8,-1
1941869,1949058,7,3.200447307929137,0.7777777777777778,64,0.7873376623376623,1.0,13,-1
1941869,1949717,7,3.200447307929137,0.7777777777777778,64,0.7873376623376623,1.0,13,-1
1941869,1950063,7,3.200447307929137,0.7777777777777778,64,0.7873376623376623,1.0,13,-1
1941869,1950067,7,3.2643132634678786,0.5833333333333334,88,0.8214285714285714,1.0,8,-1
1941891,1949684,9,3.9086503371292665,0.8181818181818182,100,0.8999999999999999,1.0,10,-1
1941891,1949688,9,3.9086503371292665,0.8181818181818182,100,0.8999999999999999,1.0,19,-1
1941891,1949697,9,3.9086503371292665,0.8181818181818182,100,0.8999999999999999,1.0,19,-1
1941891,1949775,9,3.9086503371292665,0.8181818181818182,100,0.8999999999999999,1.0,19,-1
1941891,1949991,9,3.9086503371292665,0.8181818181818182,100,0.8999999999999999,1.0,19,-1
1941891,1950153,9,3.9086503371292665,0.8181818181818182,100,0.8999999999999999,1.0,19,-1
1941916,2003161,1,1.4426950408889634,0.08333333333333333,22,0.5,1.0,0,-1
1941924,1941934,13,4.803541413772651,0.6190476190476191,280,0.8717948717948716,1.0,14,-1
1941924,1941941,13,4.803541413772651,0.6190476190476191,280,0.8717948717948716,1.0,14,-1
1941924,1942097,13,4.803541413772651,0.6190476190476191,280,0.8717948717948716,1.0,14,-1
1941924,1943122,5,2.7905531327562363,0.23809523809523808,120,0.8333333333333333,1.0,6,-1
1941924,1943132,5,2.7905531327562363,0.23809523809523808,120,0.8333333333333333,1.0,9,-1
1941924,1943135,5,2.7905531327562363,0.23809523809523808,120,0.8333333333333333,1.0,9,-1
1941924,1947732,2,0.635386415183186,0.07692307692307693,160,0.08608058608058608,0.5,3,-1
1941924,1947746,2,0.635386415183186,0.07692307692307693,160,0.08608058608058608,0.5,3,-1
1941924,1947841,2,0.635386415183186,0.07692307692307693,160,0.08608058608058608,0.5,3,-1
1941924,1949737,13,4.803541413772651,0.6190476190476191,280,0.8717948717948716,1.0,14,-1
1941924,1949821,13,4.803541413772651,0.6190476190476191,280,0.8717948717948716,1.0,14,-1
1941924,1949998,13,4.803541413772651,0.6190476190476191,280,0.8717948717948716,1.0,14,-1
1941924,1950189,13,4.803541413772651,0.6190476190476191,280,0.8717948717948716,1.0,14,-1
1941924,1950771,5,2.7905531327562363,0.23809523809523808,120,0.8333333333333333,1.0,6,-1
1941924,1951653,5,2.7905531327562363,0.23809523809523808,120,0.8333333333333333,1.0,9,-1
1941924,1952715,5,2.7905531327562363,0.23809523809523808,120,0.8333333333333333,1.0,6,-1
1941934,1941941,13,4.758426432778033,0.8666666666666667,196,0.8503663003663002,1.0,24,-1
1941934,1942097,13,4.758426432778033,0.8666666666666667,196,0.8503663003663002,1.0,24,-1
1941934,1943122,1,0.33380820069533407,0.05263157894736842,84,0.05,0.5,2,-1
1941934,1943132,1,0.33380820069533407,0.05263157894736842,84,0.05,0.5,2,-1
1941934,1943135,1,0.33380820069533407,0.05263157894736842,84,0.05,0.5,2,-1
1941934,1947732,2,0.635386415183186,0.1,112,0.08608058608058608,0.5,3,-1
1941934,1947746,2,0.635386415183186,0.1,112,0.08608058608058608,0.5,3,-1
1941934,1947841,2,0.635386415183186,0.1,112,0.08608058608058608,0.5,6,-1
1941934,1949737,13,4.758426432778033,0.8666666666666667,196,0.8503663003663002,1.0,24,-1
1941934,1949821,13,4.758426432778033,0.8666666666666667,196,0.8503663003663002,1.0,24,-1
1941934,1949998,13,4.758426432778033,0.8666666666666667,196,0.8503663003663002,1.0,24,-1
1941934,1950189,13,4.758426432778033,0.8666666666666667,196,0.8503663003663002,1.0,14,-1
1941934,1950771,1,0.33380820069533407,0.05263157894736842,84,0.05,0.5,2,-1
1941934,1951653,1,0.33380820069533407,0.05263157894736842,84,0.05,0.5,2,-1
1941934,1952715,1,0.33380820069533407,0.05263157894736842,84,0.05,0.5,2,-1
1941935,1942807,4,2.4853397382384474,0.6666666666666666,25,0.8,1.0,0,1
1941935,1983463,4,2.4853397382384474,0.6666666666666666,25,0.8,1.0,7,-1
1941935,1984505,4,2.4853397382384474,0.6666666666666666,25,0.8,1.0,7,-1
1941941,1942097,13,4.758426432778033,0.8666666666666667,196,0.8503663003663002,1.0,24,-1
1941941,1943122,1,0.33380820069533407,0.05263157894736842,84,0.05,0.5,2,-1
1941941,1943132,1,0.33380820069533407,0.05263157894736842,84,0.05,0.5,2,-1
1941941,1943135,1,0.33380820069533407,0.05263157894736842,84,0.05,0.5,2,-1
1941941,1947732,2,0.635386415183186,0.1,112,0.08608058608058608,0.5,3,-1
1941941,1947746,2,0.635386415183186,0.1,112,0.08608058608058608,0.5,3,-1
1941941,1947841,2,0.635386415183186,0.1,112,0.08608058608058608,0.5,6,-1
1941941,1949737,13,4.758426432778033,0.8666666666666667,196,0.8503663003663002,1.0,24,-1
1941941,1949821,13,4.758426432778033,0.8666666666666667,196,0.8503663003663002,1.0,24,-1
1941941,1949998,13,4.758426432778033,0.8666666666666667,196,0.8503663003663002,1.0,24,-1
1941941,1950189,13,4.758426432778033,0.8666666666666667,196,0.8503663003663002,1.0,14,-1
1941941,1950771,1,0.33380820069533407,0.05263157894736842,84,0.05,0.5,2,-1
1941941,1951653,1,0.33380820069533407,0.05263157894736842,84,0.05,0.5,2,-1
1941941,1952715,1,0.33380820069533407,0.05263157894736842,84,0.05,0.5,2,-1
1941964,1949931,2,1.8204784532536746,0.5,9,0.6666666666666666,1.0,3,-1
1941964,1950308,2,1.8204784532536746,0.5,9,0.6666666666666666,1.0,5,-1
1941971,1942115,11,4.426725648200291,0.8461538461538461,144,0.9166666666666667,1.0,19,-1
1941971,1949108,11,4.426725648200291,0.8461538461538461,144,0.9166666666666667,1.0,12,-1
1941971,1949771,11,4.426725648200291,0.8461538461538461,144,0.9166666666666667,1.0,19,-1
1941971,1949912,11,4.426725648200291,0.8461538461538461,144,0.9166666666666667,1.0,12,-1
1941971,1949919,11,4.426725648200291,0.8461538461538461,144,0.9166666666666667,1.0,19,-1
1941971,1949947,11,4.426725648200291,0.8461538461538461,144,0.9166666666666667,1.0,12,-1
1941971,1950280,11,4.426725648200291,0.8461538461538461,144,0.9166666666666667,1.0,12,-1
1941971,1950290,11,4.426725648200291,0.8461538461538461,144,0.9166666666666667,1.0,19,-1
1941971,1950317,11,4.426725648200291,0.8461538461538461,144,0.9166666666666667,1.0,19,-1
1941989,1941997,4,2.4853397382384474,0.6666666666666666,25,0.8,1.0,5,-1
1941989,1950073,4,2.4853397382384474,0.6666666666666666,25,0.8,1.0,5,-1
1941989,1950377,4,2.4853397382384474,0.6666666666666666,25,0.8,1.0,5,-1
1941994,1949981,2,1.8204784532536746,0.5,9,0.6666666666666666,1.0,0,-1
1941994,1950046,2,1.8204784532536746,0.5,9,0.6666666666666666,1.0,4,-1
1941994,1950381,2,1.8204784532536746,0.5,9,0.6666666666666666,1.0,4,1
1941997,1950073,4,2.4853397382384474,0.6666666666666666,25,0.8,1.0,9,-1
1941997,1950377,4,2.4853397382384474,0.6666666666666666,25,0.8,1.0,9,-1
1942002,1942007,7,3.366288428740915,0.7777777777777778,64,0.875,1.0,8,-1
1942002,1949837,7,3.366288428740915,0.7777777777777778,64,0.875,1.0,8,-1
1942002,1949997,7,3.366288428740915,0.7777777777777778,64,0.875,1.0,8,-1
1942002,1950120,7,3.366288428740915,0.7777777777777778,64,0.875,1.0,8,-1
1942002,1950422,7,3.366288428740915,0.7777777777777778,64,0.875,1.0,8,-1
1942007,1949837,7,3.366288428740915,0.7777777777777778,64,0.875,1.0,8,-1
1942007,1949997,7,3.366288428740915,0.7777777777777778,64,0.875,1.0,9,-1
1942007,1950120,7,3.366288428740915,0.7777777777777778,64,0.875,1.0,8,-1
1942007,1950422,7,3.366288428740915,0.7777777777777778,64,0.875,1.0,8,-1
1942017,1947160,4,1.4118244954590446,0.25,99,0.23529411764705882,0.5,9,-1
1942017,1947575,4,1.4118244954590446,0.25,99,0.23529411764705882,0.5,9,-1
1942017,1947606,10,4.6310149054504075,0.5555555555555556,187,1.1625816993464053,1.0,11,1
1942017,1947609,10,4.6310149054504075,0.5555555555555556,187,1.162581699346405,1.0,19,1
1942017,1947762,4,1.4118244954590446,0.25,99,0.23529411764705882,0.5,9,-1
1942017,1947931,4,1.4118244954590446,0.25,99,0.23529411764705882,0.5,9,-1
1942017,1949718,5,1.8669441087724632,0.4166666666666667,66,0.3464052287581699,1.0,6,-1
1942021,1942025,7,3.366288428740915,0.7777777777777778,64,0.875,1.0,16,-1
1942021,1949517,7,3.366288428740915,0.7777777777777778,64,0.875,1.0,16,-1
1942021,1949522,7,3.366288428740915,0.7777777777777778,64,0.875,1.0,16,-1
1942021,1949752,7,3.366288428740915,0.7777777777777778,64,0.875,1.0,16,-1
1942021,1949756,7,3.366288428740915,0.7777777777777778,64,0.875,1.0,16,-1
1942021,1949761,7,3.366288428740915,0.7777777777777778,64,0.875,1.0,16,-1
1942025,1949517,7,3.366288428740915,0.7777777777777778,64,0.875,1.0,16,-1
1942025,1949522,7,3.366288428740915,0.7777777777777778,64,0.875,1.0,16,-1
1942025,1949752,7,3.366288428740915,0.7777777777777778,64,0.875,1.0,16,-1
1942025,1949756,7,3.366288428740915,0.7777777777777778,64,0.875,1.0,16,-1
1942025,1949761,7,3.366288428740915,0.7777777777777778,64,0.875,1.0,16,-1
1942031,1950477,5,2.7905531327562363,0.7142857142857143,36,0.8333333333333333,1.0,0,-1
1942031,1950486,5,2.7905531327562363,0.7142857142857143,36,0.8333333333333333,1.0,6,-1
1942047,1942173,4,2.4853397382384474,0.6666666666666666,25,0.8,1.0,10,-1
1942047,1942180,4,2.4853397382384474,0.6666666666666666,25,0.8,1.0,10,-1
1942047,1950005,4,2.4853397382384474,0.6666666666666666,25,0.8,1.0,10,-1
1942047,1950503,4,2.4853397382384474,0.6666666666666666,25,0.8,1.0,10,-1
1942047,1950507,4,2.4853397382384474,0.6666666666666666,25,0.8,1.0,10,-1
1942060,1945735,5,2.7905531327562363,0.7142857142857143,36,0.8333333333333333,1.0,0,-1
1942060,1950061,5,2.7905531327562363,0.7142857142857143,36,0.8333333333333333,1.0,5,-1
1942060,1950548,5,2.7905531327562363,0.7142857142857143,36,0.8333333333333333,1.0,5,-1
1942097,1943122,1,0.33380820069533407,0.05263157894736842,84,0.05,0.5,2,-1
1942097,1943132,1,0.33380820069533407,0.05263157894736842,84,0.05,0.5,2,-1
1942097,1943135,1,0.33380820069533407,0.05263157894736842,84,0.05,0.5,2,-1
1942097,1947732,2,0.635386415183186,0.1,112,0.08608058608058608,0.5,3,-1
1942097,1947746,2,0.635386415183186,0.1,112,0.08608058608058608,0.5,3,-1
1942097,1947841,2,0.635386415183186,0.1,112,0.08608058608058608,0.5,6,-1
1942097,1949737,13,4.758426432778033,0.8666666666666667,196,0.8503663003663002,1.0,24,-1
1942097,1949821,13,4.758426432778033,0.8666666666666667,196,0.8503663003663002,1.0,24,-1
1942097,1949998,13,4.758426432778033,0.8666666666666667,196,0.8503663003663002,1.0,24,-1
1942097,1950189,13,4.758426432778033,0.8666666666666667,196,0.8503663003663002,1.0,14,-1
1942097,1950771,1,0.33380820069533407,0.05263157894736842,84,0.05,0.5,2,-1
1942097,1951653,1,0.33380820069533407,0.05263157894736842,84,0.05,0.5,2,-1
1942097,1952715,1,0.33380820069533407,0.05263157894736842,84,0.05,0.5,2,-1
1942115,1949108,11,4.426725648200291,0.8461538461538461,144,0.9166666666666667,1.0,12,-1
1942115,1949771,11,4.426725648200291,0.8461538461538461,144,0.9166666666666667,1.0,19,-1
1942115,1949912,11,4.426725648200291,0.8461538461538461,144,0.9166666666666667,1.0,12,-1
1942115,1949919,11,4.426725648200291,0.8461538461538461,144,0.9166666666666667,1.0,19,-1
1942115,1949947,11,4.426725648200291,0.8461538461538461,144,0.9166666666666667,1.0,12,-1
1942115,1950280,11,4.426725648200291,0.8461538461538461,144,0.9166666666666667,1.0,12,-1
1942115,1950290,11,4.426725648200291,0.8461538461538461,144,0.9166666666666667,1.0,19,-1
1942115,1950317,11,4.426725648200291,0.8461538461538461,144,0.9166666666666667,1.0,19,-1
1942117,1949882,4,2.1112588329257274,0.6666666666666666,25,0.6,1.0,6,-1
1942117,1950621,4,2.2982992855820874,0.36363636363636365,50,0.7000000000000001,1.0,5,-1
1942117,1952345,2,0.8685889638065035,0.2222222222222222,30,0.2,0.5,4,-1
1942117,1983395,2,0.8685889638065035,0.2222222222222222,30,0.2,0.5,3,-1
1942117,1984450,2,0.8685889638065035,0.2222222222222222,30,0.2,0.5,4,-1
1942152,1942154,3,2.164042561333445,0.6,16,0.75,1.0,7,-1
1942152,1942157,3,2.164042561333445,0.6,16,0.75,1.0,7,-1
1942152,1942164,3,2.164042561333445,0.6,16,0.75,1.0,7,-1
1942152,1949796,3,2.164042561333445,0.6,16,0.75,1.0,4,-1
1942154,1942157,3,2.164042561333445,0.6,16,0.75,1.0,7,-1
1942154,1942164,3,2.164042561333445,0.6,16,0.75,1.0,7,-1
1942154,1949796,3,2.164042561333445,0.6,16,0.75,1.0,4,-1
1942157,1942164,3,2.164042561333445,0.6,16,0.75,1.0,7,-1
1942157,1949796,3,2.164042561333445,0.6,16,0.75,1.0,4,-1
1942164,1949796,3,2.164042561333445,0.6,16,0.75,1.0,4,-1
1942173,1942180,4,2.4853397382384474,0.6666666666666666,25,0.8,1.0,10,-1
1942173,1950005,4,2.4853397382384474,0.6666666666666666,25,0.8,1.0,10,-1
1942173,1950503,4,2.4853397382384474,0.6666666666666666,25,0.8,1.0,10,-1
1942173,1950507,4,2.4853397382384474,0.6666666666666666,25,0.8,1.0,10,-1
1942176,1949201,3,2.164042561333445,0.6,16,0.75,1.0,7,-1
1942176,1950465,3,2.164042561333445,0.6,16,0.75,1.0,7,-1
1942180,1950005,4,2.4853397382384474,0.6666666666666666,25,0.8,1.0,10,-1
1942180,1950503,4,2.4853397382384474,0.6666666666666666,25,0.8,1.0,10,-1
1942180,1950507,4,2.4853397382384474,0.6666666666666666,25,0.8,1.0,10,-1
1942204,1950068,1,1.4426950408889634,0.3333333333333333,4,0.5,1.0,2,-1
1942208,1949875,5,2.7905531327562363,0.7142857142857143,36,0.8333333333333333,1.0,6,-1
1942208,1949885,5,2.7905531327562363,0.7142857142857143,36,0.8333333333333333,1.0,11,-1
1942208,1950045,5,2.7905531327562363,0.7142857142857143,36,0.8333333333333333,1.0,11,-1
1942236,1950085,4,2.4853397382384474,0.6666666666666666,25,0.8,1.0,0,-1
1942236,1950147,4,2.4853397382384474,0.6666666666666666,25,0.8,1.0,0,-1
1942236,1950667,4,2.4853397382384474,0.6666666666666666,25,0.8,1.0,0,-1
1942393,1950400,16,6.310764240768398,0.8888888888888888,289,1.2855375618533516,1.0,17,1
1942393,1951220,9,3.4933677661643787,0.5,170,0.6947884416924663,1.0,10,1
1942393,1951228,9,3.4933677661643787,0.5,170,0.6947884416924665,1.0,10,1
1942393,2000406,9,3.4933677661643787,0.5,170,0.6947884416924663,1.0,10,-1
1942393,2001992,9,3.4933677661643787,0.5,170,0.6947884416924663,1.0,10,-1
1942393,2004362,9,3.4933677661643787,0.5,170,0.6947884416924663,1.0,10,-1
1942393,2004386,9,3.4933677661643787,0.5,170,0.6947884416924663,1.0,11,-1
1942807,1983463,4,2.4853397382384474,0.6666666666666666,25,0.8,1.0,0,-1
1942807,1984505,4,2.4853397382384474,0.6666666666666666,25,0.8,1.0,0,-1
1942870,1943030,6,3.083390054218504,0.75,49,0.857142857142857,1.0,7,-1
1942870,1971833,6,3.083390054218504,0.75,49,0.857142857142857,1.0,13,-1
1942870,1971838,6,3.083390054218504,0.75,49,0.857142857142857,1.0,13,-1
1942870,1979572,6,3.083390054218504,0.75,49,0.857142857142857,1.0,13,-1
1942870,1984671,6,3.083390054218504,0.75,49,0.857142857142857,1.0,13,-1
1943019,1987071,8,3.640956906507349,0.8,81,0.8888888888888891,1.0,9,-1
1943019,1987085,8,3.640956906507349,0.8,81,0.8888888888888891,1.0,14,-1
1943019,2001587,8,3.640956906507349,0.8,81,0.8888888888888891,1.0,14,-1
1943019,2001608,8,3.640956906507349,0.8,81,0.8888888888888891,1.0,9,-1
1943019,2004054,8,3.640956906507349,0.8,81,0.8888888888888891,1.0,9,-1
1943030,1971833,6,3.083390054218504,0.75,49,0.857142857142857,1.0,7,-1
1943030,1971838,6,3.083390054218504,0.75,49,0.857142857142857,1.0,7,-1
1943030,1979572,6,3.083390054218504,0.75,49,0.857142857142857,1.0,7,-1
1943030,1984671,6,3.083390054218504,0.75,49,0.857142857142857,1.0,7,-1
1943118,1950733,4,1.9721643862656126,0.3076923076923077,60,0.5295546558704454,1.0,5,-1
1943118,1950750,4,1.7532590560878454,0.6666666666666666,25,0.41288798920377867,1.0,5,-1
1943118,1951636,4,2.0349707187523487,0.2,95,0.5602564102564103,1.0,5,-1
1943118,1952279,4,1.7532590560878454,0.6666666666666666,25,0.41288798920377867,1.0,5,-1
1943118,1952706,4,1.9847227453961769,0.2857142857142857,65,0.5359649122807018,1.0,5,-1
1943122,1943132,5,2.5662507069003233,0.7142857142857143,36,0.7166666666666666,1.0,6,-1
1943122,1943135,5,2.5662507069003233,0.7142857142857143,36,0.7166666666666666,1.0,6,-1
1943122,1949737,1,0.33380820069533407,0.05263157894736842,84,0.05,0.5,2,-1
1943122,1949821,1,0.33380820069533407,0.05263157894736842,84,0.05,0.5,2,-1
1943122,1949998,1,0.33380820069533407,0.05263157894736842,84,0.05,0.5,2,-1
1943122,1950189,1,0.33380820069533407,0.05263157894736842,84,0.05,0.5,2,-1
1943122,1950771,5,2.5662507069003233,0.7142857142857143,36,0.7166666666666666,1.0,6,-1
1943122,1951653,5,2.5662507069003233,0.7142857142857143,36,0.7166666666666666,1.0,6,-1
1943122,1952715,5,2.5662507069003233,0.7142857142857143,36,0.7166666666666666,1.0,6,-1
1943126,1951639,4,2.0515612236809577,0.6666666666666666,25,0.569047619047619,1.0,7,-1
1943126,1952273,4,2.051561223680958,0.6666666666666666,25,0.569047619047619,1.0,7,-1
1943126,1952717,4,2.158997815870819,0.5,35,0.6261904761904762,1.0,5,-1
1943128,1950730,3,2.164042561333445,0.6,16,0.75,1.0,8,-1
1943128,1951625,3,2.164042561333445,0.6,16,0.75,1.0,8,-1
1943128,1951629,3,2.164042561333445,0.6,16,0.75,1.0,8,-1
1943128,1951650,3,2.164042561333445,0.6,16,0.75,1.0,8,-1
1943132,1943135,5,2.5662507069003233,0.7142857142857143,36,0.7166666666666666,1.0,9,-1
1943132,1949737,1,0.33380820069533407,0.05263157894736842,84,0.05,0.5,2,-1
1943132,1949821,1,0.33380820069533407,0.05263157894736842,84,0.05,0.5,2,-1
1943132,1949998,1,0.33380820069533407,0.05263157894736842,84,0.05,0.5,2,-1
1943132,1950189,1,0.33380820069533407,0.05263157894736842,84,0.05,0.5,2,-1
1943132,1950771,5,2.5662507069003233,0.7142857142857143,36,0.7166666666666666,1.0,6,-1
1943132,1951653,5,2.5662507069003233,0.7142857142857143,36,0.7166666666666666,1.0,9,-1
1943132,1952715,5,2.5662507069003233,0.7142857142857143,36,0.7166666666666666,1.0,6,-1
1943135,1949737,1,0.33380820069533407,0.05263157894736842,84,0.05,0.5,2,-1
1943135,1949821,1,0.33380820069533407,0.05263157894736842,84,0.05,0.5,2,-1
1943135,1949998,1,0.33380820069533407,0.05263157894736842,84,0.05,0.5,2,-1
1943135,1950189,1,0.33380820069533407,0.05263157894736842,84,0.05,0.5,2,-1
1943135,1950771,5,2.5662507069003233,0.7142857142857143,36,0.7166666666666666,1.0,6,-1
1943135,1951653,5,2.5662507069003233,0.7142857142857143,36,0.7166666666666666,1.0,9,-1
1943135,1952715,5,2.5662507069003233,0.7142857142857143,36,0.7166666666666666,1.0,6,-1
1943138,1950743,5,2.7905531327562363,0.7142857142857143,36,0.8333333333333333,1.0,11,-1
1943138,1952282,5,2.7905531327562363,0.7142857142857143,36,0.8333333333333333,1.0,6,-1
1943138,1952291,5,2.7905531327562363,0.7142857142857143,36,0.8333333333333333,1.0,11,-1
1943138,1952713,5,2.7905531327562363,0.7142857142857143,36,0.8333333333333333,1.0,11,-1
1943138,1952718,5,2.7905531327562363,0.7142857142857143,36,0.8333333333333333,1.0,11,-1
1943138,1952719,5,2.7905531327562363,0.7142857142857143,36,0.8333333333333333,1.0,11,-1
1943641,1947650,6,3.083390054218504,0.75,49,0.857142857142857,1.0,14,-1
1944510,1947490,8,3.640956906507349,0.8,81,0.8888888888888891,1.0,16,-1
1944510,1947513,8,3.640956906507349,0.8,81,0.8888888888888891,1.0,16,-1
1944510,1947707,8,3.640956906507349,0.8,81,0.8888888888888891,1.0,16,-1
1944594,1948566,2,1.8204784532536746,0.15384615384615385,36,0.6666666666666666,1.0,3,-1
1944594,1948575,2,1.8204784532536746,0.15384615384615385,36,0.6666666666666666,1.0,3,-1
1944732,1947029,3,2.164042561333445,0.6,16,0.75,1.0,4,-1
1944738,1985722,6,3.083390054218504,0.75,49,0.857142857142857,1.0,12,-1
1944738,1985736,6,3.083390054218504,0.75,49,0.857142857142857,1.0,7,-1
1944738,1985751,6,3.083390054218504,0.75,49,0.857142857142857,1.0,12,-1
1944738,1985778,6,3.083390054218504,0.75,49,0.857142857142857,1.0,12,-1
1944738,2002840,6,3.083390054218504,0.75,49,0.857142857142857,1.0,12,-1
1944792,1944809,7,3.366288428740915,0.7777777777777778,64,0.875,1.0,13,-1
1944792,1944958,7,3.366288428740915,0.7777777777777778,64,0.875,1.0,13,-1
1944792,1944974,7,3.366288428740915,0.7777777777777778,64,0.875,1.0,7,-1
1944792,1949921,7,3.366288428740915,0.7777777777777778,64,0.875,1.0,13,-1
1944792,1950139,7,3.366288428740915,0.7777777777777778,64,0.875,1.0,13,-1
1944792,1950664,7,3.366288428740915,0.7777777777777778,64,0.875,1.0,13,-1
1944809,1944958,7,3.366288428740915,0.7777777777777778,64,0.875,1.0,13,-1
1944809,1944974,7,3.366288428740915,0.7777777777777778,64,0.875,1.0,7,-1
1944809,1949921,7,3.366288428740915,0.7777777777777778,64,0.875,1.0,13,-1
1944809,1950139,7,3.366288428740915,0.7777777777777778,64,0.875,1.0,13,-1
1944809,1950664,7,3.366288428740915,0.7777777777777778,64,0.875,1.0,13,-1
1944958,1944974,7,3.366288428740915,0.7777777777777778,64,0.875,1.0,7,-1
1944958,1949921,7,3.366288428740915,0.7777777777777778,64,0.875,1.0,13,-1
1944958,1950139,7,3.366288428740915,0.7777777777777778,64,0.875,1.0,13,-1
1944958,1950664,7,3.366288428740915,0.7777777777777778,64,0.875,1.0,13,-1
1944974,1949921,7,3.366288428740915,0.7777777777777778,64,0.875,1.0,7,-1
1944974,1950139,7,3.366288428740915,0.7777777777777778,64,0.875,1.0,7,-1
1944974,1950664,7,3.366288428740915,0.7777777777777778,64,0.875,1.0,7,-1
1945127,1948832,1,1.4426950408889634,0.3333333333333333,4,0.5,1.0,4,-1
1945421,1947362,7,3.246063842000168,0.7777777777777778,64,0.8125,1.0,14,-1
1945735,1950061,5,2.7905531327562363,0.7142857142857143,36,0.8333333333333333,1.0,0,-1
1945735,1950548,5,2.7905531327562363,0.7142857142857143,36,0.8333333333333333,1.0,0,-1
1945885,1945894,7,3.2383462056426886,0.7777777777777778,64,0.8088235294117647,1.0,15,-1
1945885,1947592,7,3.2383462056426886,0.7777777777777778,64,0.8088235294117647,1.0,15,-1
1945894,1947592,7,3.238346205642688,0.7777777777777778,64,0.8088235294117647,1.0,15,-1
1946201,1967265,7,3.366288428740915,0.7777777777777778,64,0.875,1.0,8,-1
1946201,1967268,7,3.366288428740915,0.7777777777777778,64,0.875,1.0,8,-1
1946201,1978199,7,3.366288428740915,0.7777777777777778,64,0.875,1.0,8,-1
1946201,1984481,7,3.366288428740915,0.7777777777777778,64,0.875,1.0,8,-1
1946303,1950852,1,0.45511961331341866,0.07692307692307693,40,0.1111111111111111,0.5,2,-1
1946303,1951315,1,0.45511961331341866,0.07692307692307693,40,0.1111111111111111,0.5,2,-1
1946303,1952361,1,0.45511961331341866,0.07692307692307693,40,0.1111111111111111,0.5,2,-1
1946303,1952746,1,0.45511961331341866,0.07692307692307693,40,0.1111111111111111,0.5,2,-1
1946303,1965682,4,2.3191244169922545,0.36363636363636365,50,0.711111111111111,1.0,5,-1
1946303,1971386,4,2.319124416992254,0.36363636363636365,50,0.7111111111111112,1.0,5,-1
1946303,1974671,4,2.4853397382384474,0.36363636363636365,50,0.8,1.0,5,-1
1946303,1975622,4,2.4853397382384474,0.36363636363636365,50,0.8,1.0,5,-1
1946303,1975626,4,2.4853397382384474,0.36363636363636365,50,0.8,1.0,5,-1
1946303,1977914,4,2.4853397382384474,0.36363636363636365,50,0.8,1.0,5,-1
1946303,1982475,4,2.3191244169922545,0.36363636363636365,50,0.711111111111111,1.0,5,-1
1946363,1951891,1,0.40242960438184466,0.1111111111111111,24,0.08333333333333333,0.5,2,-1
1946363,1985661,5,2.6348721105868336,0.7142857142857143,36,0.75,1.0,6,-1
1946363,1985669,5,2.6348721105868336,0.7142857142857143,36,0.75,1.0,7,-1
1946363,2001070,1,0.40242960438184466,0.1111111111111111,24,0.08333333333333333,0.5,2,-1
1946363,2003870,1,0.40242960438184466,0.1111111111111111,24,0.08333333333333333,0.5,2,-1
1946479,1946523,6,3.083390054218504,0.75,49,0.857142857142857,1.0,7,-1
1946479,1947255,6,3.083390054218504,0.75,49,0.857142857142857,1.0,7,-1
1946479,1947261,6,3.083390054218504,0.75,49,0.857142857142857,1.0,7,-1
1946479,1947269,6,3.083390054218504,0.75,49,0.857142857142857,1.0,10,-1
1946479,1947272,6,3.083390054218504,0.75,49,0.857142857142857,1.0,7,-1
1946523,1947255,6,3.083390054218504,0.75,49,0.857142857142857,1.0,9,-1
1946523,1947261,6,3.083390054218504,0.75,49,0.857142857142857,1.0,7,-1
1946523,1947269,6,3.083390054218504,0.75,49,0.857142857142857,1.0,7,-1
1946523,1947272,6,3.083390054218504,0.75,49,0.857142857142857,1.0,9,-1
1946545,1947110,5,2.7463408485747394,0.7142857142857143,36,0.8095238095238094,1.0,6,-1
1946545,1947300,5,2.7463408485747394,0.7142857142857143,36,0.8095238095238094,1.0,9,-1
1946545,1947309,5,2.7463408485747394,0.7142857142857143,36,0.8095238095238094,1.0,9,-1
1946545,1947317,5,2.7463408485747394,0.7142857142857143,36,0.8095238095238094,1.0,6,-1
1946551,1947277,7,3.1430304809526497,0.5,104,0.7583333333333333,1.0,13,-1
1946551,1947285,7,3.052003379240942,0.7777777777777778,64,0.7102564102564102,1.0,13,-1
1946551,1970589,2,0.7385387461377101,0.14285714285714285,64,0.13333333333333333,0.5,5,-1
1946551,1970616,2,0.7385387461377101,0.14285714285714285,64,0.13333333333333333,0.5,3,-1
1946551,1976815,2,0.7385387461377101,0.14285714285714285,64,0.13333333333333333,0.5,3,-1
1946551,1976818,2,0.7385387461377101,0.14285714285714285,64,0.13333333333333333,0.5,3,-1
1946551,1976821,2,0.7385387461377101,0.14285714285714285,64,0.13333333333333333,0.5,5,-1
1946551,1984492,2,0.7385387461377101,0.14285714285714285,64,0.13333333333333333,0.5,3,-1
1946555,1946565,9,3.9086503371292665,0.8181818181818182,100,0.8999999999999999,1.0,10,-1
1946555,1946587,9,3.9086503371292665,0.8181818181818182,100,0.8999999999999999,1.0,19,-1
1946555,1947339,9,3.9086503371292665,0.8181818181818182,100,0.8999999999999999,1.0,19,-1
1946565,1946587,9,3.9086503371292665,0.8181818181818182,100,0.8999999999999999,1.0,10,-1
1946565,1947339,9,3.9086503371292665,0.8181818181818182,100,0.8999999999999999,1.0,10,-1
1946587,1947339,9,3.9086503371292665,0.8181818181818182,100,0.8999999999999999,1.0,19,-1
1946604,1946617,9,3.844920582086452,0.6923076923076923,120,0.8666666666666666,1.0,10,-1
1946604,1946627,11,5.319480500496823,0.8461538461538461,144,1.3833333333333335,1.0,22,1
1946604,1947126,11,5.319480500496823,0.8461538461538461,144,1.3833333333333335,1.0,22,1
1946604,1947148,9,3.844920582086452,0.6923076923076923,120,0.8666666666666666,1.0,18,-1
1946604,1947366,9,3.844920582086452,0.6923076923076923,120,0.8666666666666666,1.0,18,-1
1946604,1947418,9,3.844920582086452,0.6923076923076923,120,0.8666666666666666,1.0,18,-1
1946613,1946714,1,0.3898712452512801,0.08333333333333333,40,0.07692307692307693,0.5,4,-1
1946613,1946722,1,0.3898712452512801,0.08333333333333333,40,0.07692307692307693,0.5,2,-1
1946613,1947086,7,3.2752613270292077,0.7777777777777778,64,0.8269230769230769,1.0,12,-1
1946613,1947166,1,0.3898712452512801,0.08333333333333333,40,0.07692307692307693,0.5,4,-1
1946613,1947212,1,0.3898712452512801,0.08333333333333333,40,0.07692307692307693,0.5,4,-1
1946613,1947388,7,3.2752613270292077,0.7777777777777778,64,0.8269230769230769,1.0,12,-1
1946613,1947409,7,3.2752613270292077,0.7777777777777778,64,0.8269230769230769,1.0,12,-1
1946613,1947422,7,3.2752613270292077,0.7777777777777778,64,0.8269230769230769,1.0,12,-1
1946613,1947489,1,0.3898712452512801,0.08333333333333333,40,0.07692307692307693,0.5,4,-1
1946617,1946627,9,3.8449205820864525,0.6923076923076923,120,0.8666666666666667,1.0,10,-1
1946617,1947126,9,3.844920582086452,0.6923076923076923,120,0.8666666666666666,1.0,10,-1
1946617,1947148,9,3.813055704565045,0.8181818181818182,100,0.85,1.0,10,-1
1946617,1947366,9,3.8130557045650453,0.8181818181818182,100,0.85,1.0,10,-1
1946617,1947418,9,3.813055704565045,0.8181818181818182,100,0.85,1.0,10,-1
1946627,1947126,11,5.319480500496823,0.8461538461538461,144,1.3833333333333335,1.0,22,1
1946627,1947148,9,3.8449205820864525,0.6923076923076923,120,0.8666666666666667,1.0,18,-1
1946627,1947366,9,3.844920582086452,0.6923076923076923,120,0.8666666666666666,1.0,18,-1
1946627,1947418,9,3.8449205820864525,0.6923076923076923,120,0.8666666666666667,1.0,18,-1
1946649,2047249,6,3.083390054218504,0.75,49,0.857142857142857,1.0,7,-1
1946656,1947189,2,1.8204784532536746,0.5,9,0.6666666666666666,1.0,5,-1
1946656,1947376,2,1.8204784532536746,0.5,9,0.6666666666666666,1.0,5,-1
1946656,1947413,2,1.8204784532536746,0.5,9,0.6666666666666666,1.0,3,-1
1946658,1946692,8,3.640956906507349,0.8,81,0.8888888888888891,1.0,17,-1
1946658,1947164,8,3.640956906507349,0.8,81,0.8888888888888891,1.0,17,-1
1946658,1947181,8,3.640956906507349,0.8,81,0.8888888888888891,1.0,17,-1
1946658,1947384,8,3.640956906507349,0.8,81,0.8888888888888891,1.0,17,-1
1946689,1947093,7,3.366288428740915,0.7777777777777778,64,0.875,1.0,12,-1
1946689,1947103,7,3.366288428740915,0.7777777777777778,64,0.875,1.0,8,-1
1946689,1947437,7,3.366288428740915,0.7777777777777778,64,0.875,1.0,12,-1
1946692,1947164,8,3.640956906507349,0.8,81,0.8888888888888891,1.0,17,-1
1946692,1947181,8,3.640956906507349,0.8,81,0.8888888888888891,1.0,17,-1
1946692,1947384,8,3.640956906507349,0.8,81,0.8888888888888891,1.0,17,-1
1946714,1946722,4,2.253876048930116,0.6666666666666666,25,0.676923076923077,1.0,5,-1
1946714,1947086,1,0.3898712452512801,0.08333333333333333,40,0.07692307692307693,0.5,4,-1
1946714,1947166,4,2.253876048930116,0.6666666666666666,25,0.676923076923077,1.0,9,-1
1946714,1947212,4,2.253876048930116,0.6666666666666666,25,0.676923076923077,1.0,9,-1
1946714,1947388,1,0.3898712452512801,0.08333333333333333,40,0.07692307692307693,0.5,4,-1
1946714,1947409,1,0.3898712452512801,0.08333333333333333,40,0.07692307692307693,0.5,4,-1
1946714,1947422,1,0.3898712452512801,0.08333333333333333,40,0.07692307692307693,0.5,4,-1
1946714,1947489,4,2.253876048930116,0.6666666666666666,25,0.676923076923077,1.0,9,-1
1946722,1947086,1,0.3898712452512801,0.08333333333333333,40,0.07692307692307693,0.5,2,-1
1946722,1947166,4,2.253876048930116,0.6666666666666666,25,0.676923076923077,1.0,5,-1
1946722,1947212,4,2.253876048930116,0.6666666666666666,25,0.676923076923077,1.0,5,-1
1946722,1947388,1,0.3898712452512801,0.08333333333333333,40,0.07692307692307693,0.5,2,-1
1946722,1947409,1,0.3898712452512801,0.08333333333333333,40,0.07692307692307693,0.5,2,-1
1946722,1947422,1,0.3898712452512801,0.08333333333333333,40,0.07692307692307693,0.5,2,-1
1946722,1947489,4,2.253876048930116,0.6666666666666666,25,0.676923076923077,1.0,5,-1
1946724,1947132,3,1.3482760491354333,0.6,16,0.3324915824915825,1.0,4,-1
1946724,1947474,3,1.7461081164312424,0.13043478260869565,88,0.537037037037037,1.0,4,-1
1946757,1947276,4,2.4853397382384474,0.6666666666666666,25,0.8,1.0,10,-1
1946757,1947485,4,2.4853397382384474,0.6666666666666666,25,0.8,1.0,10,-1
1946784,1947550,2,1.8204784532536746,0.5,9,0.6666666666666666,1.0,6,-1
1946861,1947680,13,4.844052384652786,0.8666666666666667,196,0.8916256157635465,1.0,14,-1
1946881,1947648,3,2.0008056674402104,0.6,16,0.6666666666666666,1.0,4,-1
1946881,1947656,3,2.0008056674402104,0.6,16,0.6666666666666666,1.0,4,-1
1946935,1947390,9,3.853279036915966,0.8181818181818182,100,0.8714285714285713,1.0,4,-1
1946935,1947429,9,3.853279036915966,0.8181818181818182,100,0.8714285714285713,1.0,0,-1
1946968,1946982,8,3.640956906507349,0.8,81,0.8888888888888891,1.0,14,-1
1946968,1947186,8,3.640956906507349,0.8,81,0.8888888888888891,1.0,0,-1
1946968,1947194,8,3.640956906507349,0.8,81,0.8888888888888891,1.0,14,-1
1946968,1947202,8,3.640956906507349,0.8,81,0.8888888888888891,1.0,14,-1
1946968,1947208,8,3.640956906507349,0.8,81,0.8888888888888891,1.0,8,-1
1946970,1946984,6,3.083390054218504,0.75,49,0.857142857142857,1.0,14,-1
1946970,1946988,6,3.083390054218504,0.75,49,0.857142857142857,1.0,14,-1
1946970,1947460,6,3.083390054218504,0.75,49,0.857142857142857,1.0,14,-1
1946970,1947466,6,3.083390054218504,0.75,49,0.857142857142857,1.0,14,-1
1946970,1947653,6,3.083390054218504,0.75,49,0.857142857142857,1.0,14,-1
1946982,1947186,8,3.640956906507349,0.8,81,0.8888888888888891,1.0,0,-1
1946982,1947194,8,3.640956906507349,0.8,81,0.8888888888888891,1.0,14,-1
1946982,1947202,8,3.640956906507349,0.8,81,0.8888888888888891,1.0,14,-1
1946982,1947208,8,3.640956906507349,0.8,81,0.8888888888888891,1.0,8,-1
1946984,1946988,6,3.083390054218504,0.75,49,0.857142857142857,1.0,14,-1
1946984,1947460,6,3.083390054218504,0.75,49,0.857142857142857,1.0,14,-1
1946984,1947466,6,3.083390054218504,0.75,49,0.857142857142857,1.0,14,-1
1946984,1947653,6,3.083390054218504,0.75,49,0.857142857142857,1.0,14,-1
1946988,1947460,6,3.083390054218504,0.75,49,0.857142857142857,1.0,14,-1
1946988,1947466,6,3.083390054218504,0.75,49,0.857142857142857,1.0,14,-1
1946988,1947653,6,3.083390054218504,0.75,49,0.857142857142857,1.0,14,-1
1946996,1947803,4,2.4853397382384474,0.6666666666666666,25,0.8,1.0,6,-1
1947002,1947076,6,3.083390054218504,0.75,49,0.857142857142857,1.0,14,-1
1947002,1947232,6,3.083390054218504,0.75,49,0.857142857142857,1.0,14,-1
1947046,1947050,8,3.640956906507349,0.8,81,0.8888888888888891,1.0,9,-1
1947046,1947144,8,3.640956906507349,0.8,81,0.8888888888888891,1.0,9,-1
1947046,1947152,8,3.640956906507349,0.8,81,0.8888888888888891,1.0,9,-1
1947046,1947363,8,3.640956906507349,0.8,81,0.8888888888888891,1.0,9,-1
1947050,1947144,8,3.640956906507349,0.8,81,0.8888888888888891,1.0,16,-1
1947050,1947152,8,3.640956906507349,0.8,81,0.8888888888888891,1.0,16,-1
1947050,1947363,8,3.640956906507349,0.8,81,0.8888888888888891,1.0,16,-1
1947062,1947065,8,3.640956906507349,0.8,81,0.8888888888888891,1.0,9,1
1947062,1947499,8,3.640956906507349,0.8,81,0.8888888888888891,1.0,9,-1
1947062,1947522,8,3.640956906507349,0.8,81,0.8888888888888891,1.0,14,-1
1947062,1947531,8,3.640956906507349,0.8,81,0.8888888888888891,1.0,9,-1
1947062,1947712,8,3.640956906507349,0.8,81,0.8888888888888891,1.0,14,-1
1947065,1947499,8,3.640956906507349,0.8,81,0.8888888888888891,1.0,9,-1
1947065,1947522,8,3.640956906507349,0.8,81,0.8888888888888891,1.0,9,-1
1947065,1947531,8,3.640956906507349,0.8,81,0.8888888888888891,1.0,9,-1
1947065,1947712,8,3.640956906507349,0.8,81,0.8888888888888891,1.0,9,-1
1947076,1947232,6,3.083390054218504,0.75,49,0.857142857142857,1.0,14,-1
1947085,1947549,4,2.4853397382384474,0.6666666666666666,25,0.8,1.0,10,-1
1947086,1947166,1,0.3898712452512801,0.08333333333333333,40,0.07692307692307693,0.5,4,-1
1947086,1947212,1,0.3898712452512801,0.08333333333333333,40,0.07692307692307693,0.5,4,-1
1947086,1947388,7,3.2752613270292077,0.7777777777777778,64,0.8269230769230769,1.0,12,-1
1947086,1947409,7,3.2752613270292077,0.7777777777777778,64,0.8269230769230769,1.0,12,-1
1947086,1947422,7,3.2752613270292077,0.7777777777777778,64,0.8269230769230769,1.0,12,-1
1947086,1947489,1,0.3898712452512801,0.08333333333333333,40,0.07692307692307693,0.5,4,-1
1947091,1947096,5,2.7905531327562363,0.7142857142857143,36,0.8333333333333333,1.0,5,-1
1947091,1947312,5,2.7905531327562363,0.7142857142857143,36,0.8333333333333333,1.0,0,-1
1947091,1947342,5,2.7905531327562363,0.7142857142857143,36,0.8333333333333333,1.0,9,-1
1947093,1947103,7,3.366288428740915,0.7777777777777778,64,0.875,1.0,8,-1
1947093,1947437,7,3.366288428740915,0.7777777777777778,64,0.875,1.0,12,-1
1947095,1947544,4,2.4853397382384474,0.6666666666666666,25,0.8,1.0,5,-1
1947096,1947312,5,2.7905531327562363,0.7142857142857143,36,0.8333333333333333,1.0,0,-1
1947096,1947342,5,2.7905531327562363,0.7142857142857143,36,0.8333333333333333,1.0,5,-1
1947103,1947437,7,3.366288428740915,0.7777777777777778,64,0.875,1.0,8,-1
1947110,1947300,5,2.7463408485747394,0.7142857142857143,36,0.8095238095238094,1.0,6,-1
1947110,1947309,5,2.7463408485747394,0.7142857142857143,36,0.8095238095238094,1.0,6,-1
1947110,1947317,5,2.7463408485747394,0.7142857142857143,36,0.8095238095238094,1.0,6,-1
1947126,1947148,9,3.844920582086452,0.6923076923076923,120,0.8666666666666666,1.0,18,-1
1947126,1947366,9,3.8449205820864525,0.6923076923076923,120,0.8666666666666666,1.0,18,-1
1947126,1947418,9,3.844920582086452,0.6923076923076923,120,0.8666666666666666,1.0,18,-1
1947132,1947474,3,1.7461081164312424,0.13043478260869565,88,0.537037037037037,1.0,4,-1
1947144,1947152,8,3.640956906507349,0.8,81,0.8888888888888891,1.0,16,-1
1947144,1947363,8,3.640956906507349,0.8,81,0.8888888888888891,1.0,16,-1
1947148,1947366,9,3.8130557045650453,0.8181818181818182,100,0.85,1.0,18,-1
1947148,1947418,9,3.813055704565045,0.8181818181818182,100,0.85,1.0,18,-1
1947152,1947363,8,3.640956906507349,0.8,81,0.8888888888888891,1.0,16,-1
1947154,1947201,3,2.164042561333445,0.6,16,0.75,1.0,8,-1
1947160,1947575,8,3.232302948712719,0.8,81,0.6797385620915033,1.0,15,-1
1947160,1947606,8,3.3344664381613764,0.4444444444444444,153,0.7320261437908497,1.0,9,-1
1947160,1947609,8,3.3344664381613764,0.4444444444444444,153,0.7320261437908497,1.0,15,-1
1947160,1947762,8,3.232302948712719,0.8,81,0.6797385620915033,1.0,15,-1
1947160,1947931,8,3.232302948712719,0.8,81,0.6797385620915033,1.0,15,-1
1947160,1949718,4,1.4118244954590446,0.36363636363636365,54,0.23529411764705882,0.5,5,-1
1947164,1947181,8,3.640956906507349,0.8,81,0.8888888888888891,1.0,17,-1
1947164,1947384,8,3.640956906507349,0.8,81,0.8888888888888891,1.0,17,-1
1947166,1947212,4,2.253876048930116,0.6666666666666666,25,0.676923076923077,1.0,9,-1
1947166,1947388,1,0.3898712452512801,0.08333333333333333,40,0.07692307692307693,0.5,4,-1
1947166,1947409,1,0.3898712452512801,0.08333333333333333,40,0.07692307692307693,0.5,4,-1
1947166,1947422,1,0.3898712452512801,0.08333333333333333,40,0.07692307692307693,0.5,4,-1
1947166,1947489,4,2.253876048930116,0.6666666666666666,25,0.676923076923077,1.0,9,-1
1947168,1947188,8,3.640956906507349,0.8,81,0.8888888888888891,1.0,12,-1
1947168,1947613,8,3.640956906507349,0.8,81,0.8888888888888891,1.0,7,-1
1947168,1947618,8,3.640956906507349,0.8,81,0.8888888888888891,1.0,12,-1
1947168,1947633,8,3.640956906507349,0.8,81,0.8888888888888891,1.0,12,-1
1947168,1947641,8,3.640956906507349,0.8,81,0.8888888888888891,1.0,12,-1
1947168,1947643,8,3.640956906507349,0.8,81,0.8888888888888891,1.0,12,-1
1947168,1947819,8,3.640956906507349,0.8,81,0.8888888888888891,1.0,0,-1
1947181,1947384,8,3.640956906507349,0.8,81,0.8888888888888891,1.0,17,-1
1947186,1947194,8,3.640956906507349,0.8,81,0.8888888888888891,1.0,0,-1
1947186,1947202,8,3.640956906507349,0.8,81,0.8888888888888891,1.0,0,-1
1947186,1947208,8,3.640956906507349,0.8,81,0.8888888888888891,1.0,0,-1
1947188,1947613,8,3.640956906507349,0.8,81,0.8888888888888891,1.0,7,-1
1947188,1947618,8,3.640956906507349,0.8,81,0.8888888888888891,1.0,12,-1
1947188,1947633,8,3.640956906507349,0.8,81,0.8888888888888891,1.0,12,-1
1947188,1947641,8,3.640956906507349,0.8,81,0.8888888888888891,1.0,12,-1
1947188,1947643,8,3.640956906507349,0.8,81,0.8888888888888891,1.0,12,-1
1947188,1947819,8,3.640956906507349,0.8,81,0.8888888888888891,1.0,0,-1
1947189,1947376,2,1.8204784532536746,0.5,9,0.6666666666666666,1.0,5,-1
1947189,1947413,2,1.8204784532536746,0.5,9,0.6666666666666666,1.0,3,-1
1947190,1947231,6,3.083390054218504,0.75,49,0.857142857142857,1.0,13,-1
1947190,1947532,6,3.083390054218504,0.75,49,0.857142857142857,1.0,13,-1
1947194,1947202,8,3.640956906507349,0.8,81,0.8888888888888891,1.0,14,-1
1947194,1947208,8,3.640956906507349,0.8,81,0.8888888888888891,1.0,8,-1
1947200,1947921,6,2.9224478357135144,0.75,49,0.7731092436974789,1.0,11,-1
1947200,1947926,6,2.9224478357135144,0.75,49,0.7731092436974789,1.0,7,-1
1947202,1947208,8,3.640956906507349,0.8,81,0.8888888888888891,1.0,8,-1
1947212,1947388,1,0.3898712452512801,0.08333333333333333,40,0.07692307692307693,0.5,4,-1
1947212,1947409,1,0.3898712452512801,0.08333333333333333,40,0.07692307692307693,0.5,4,-1
1947212,1947422,1,0.3898712452512801,0.08333333333333333,40,0.07692307692307693,0.5,4,-1
1947212,1947489,4,2.253876048930116,0.6666666666666666,25,0.676923076923077,1.0,9,-1
1947214,1947244,4,2.4853397382384474,0.6666666666666666,25,0.8,1.0,8,-1
1947214,1947467,4,2.4853397382384474,0.6666666666666666,25,0.8,1.0,8,-1
1947231,1947532,6,3.083390054218504,0.75,49,0.857142857142857,1.0,13,-1
1947233,1947236,9,3.9086503371292665,0.8181818181818182,100,0.8999999999999999,1.0,18,-1
1947233,1947626,9,3.9086503371292665,0.8181818181818182,100,0.8999999999999999,1.0,18,-1
1947233,1947631,9,3.9086503371292665,0.8181818181818182,100,0.8999999999999999,1.0,10,-1
1947233,1947636,9,3.9086503371292665,0.8181818181818182,100,0.8999999999999999,1.0,18,-1
1947233,1947828,9,3.9086503371292665,0.8181818181818182,100,0.8999999999999999,1.0,18,-1
1947233,1947939,9,3.9086503371292665,0.8181818181818182,100,0.8999999999999999,1.0,18,-1
1947233,1947945,9,3.9086503371292665,0.8181818181818182,100,0.8999999999999999,1.0,18,-1
1947236,1947626,9,3.9086503371292665,0.8181818181818182,100,0.8999999999999999,1.0,18,-1
1947236,1947631,9,3.9086503371292665,0.8181818181818182,100,0.8999999999999999,1.0,10,-1
1947236,1947636,9,3.9086503371292665,0.8181818181818182,100,0.8999999999999999,1.0,18,-1
1947236,1947828,9,3.9086503371292665,0.8181818181818182,100,0.8999999999999999,1.0,18,-1
1947236,1947939,9,3.9086503371292665,0.8181818181818182,100,0.8999999999999999,1.0,18,-1
1947236,1947945,9,3.9086503371292665,0.8181818181818182,100,0.8999999999999999,1.0,18,-1
1947244,1947467,4,2.4853397382384474,0.6666666666666666,25,0.8,1.0,8,-1
1947255,1947261,6,3.083390054218504,0.75,49,0.857142857142857,1.0,7,-1
1947255,1947269,6,3.083390054218504,0.75,49,0.857142857142857,1.0,7,-1
1947255,1947272,6,3.083390054218504,0.75,49,0.857142857142857,1.0,9,-1
1947261,1947269,6,3.083390054218504,0.75,49,0.857142857142857,1.0,7,-1
1947261,1947272,6,3.083390054218504,0.75,49,0.857142857142857,1.0,7,-1
1947269,1947272,6,3.083390054218504,0.75,49,0.857142857142857,1.0,7,-1
1947273,1947622,2,0.8194619958060909,0.5,9,0.17424242424242425,1.0,3,-1
1947276,1947485,4,2.4853397382384474,0.6666666666666666,25,0.8,1.0,10,-1
1947277,1947285,7,3.1430304809526497,0.5,104,0.7583333333333333,1.0,13,-1
1947277,1970589,2,0.7385387461377101,0.10526315789473684,104,0.13333333333333333,0.5,5,-1
1947277,1970616,2,0.7385387461377101,0.10526315789473684,104,0.13333333333333333,0.5,3,-1
1947277,1976815,2,0.7385387461377101,0.10526315789473684,104,0.13333333333333333,0.5,3,-1
1947277,1976818,2,0.7385387461377101,0.10526315789473684,104,0.13333333333333333,0.5,3,-1
1947277,1976821,2,0.7385387461377101,0.10526315789473684,104,0.13333333333333333,0.5,5,-1
1947277,1984492,2,0.7385387461377101,0.10526315789473684,104,0.13333333333333333,0.5,3,-1
1947285,1970589,2,0.7385387461377101,0.14285714285714285,64,0.13333333333333333,0.5,5,-1
1947285,1970616,2,0.7385387461377101,0.14285714285714285,64,0.13333333333333333,0.5,3,-1
1947285,1976815,2,0.7385387461377101,0.14285714285714285,64,0.13333333333333333,0.5,3,-1
1947285,1976818,2,0.7385387461377101,0.14285714285714285,64,0.13333333333333333,0.5,3,-1
1947285,1976821,2,0.7385387461377101,0.14285714285714285,64,0.13333333333333333,0.5,5,-1
1947285,1984492,2,0.7385387461377101,0.14285714285714285,64,0.13333333333333333,0.5,3,-1
1947288,1947514,3,2.164042561333445,0.6,16,0.75,1.0,8,1
1947288,1947627,3,2.164042561333445,0.6,16,0.75,1.0,8,1
1947291,1947307,2,1.8204784532536746,0.5,9,0.6666666666666666,1.0,5,-1
1947291,1947318,2,1.8204784532536746,0.5,9,0.6666666666666666,1.0,3,-1
1947300,1947309,5,2.7463408485747394,0.7142857142857143,36,0.8095238095238094,1.0,9,-1
1947300,1947317,5,2.7463408485747394,0.7142857142857143,36,0.8095238095238094,1.0,6,-1
1947307,1947318,2,1.8204784532536746,0.5,9,0.6666666666666666,1.0,3,-1
1947309,1947317,5,2.7463408485747394,0.7142857142857143,36,0.8095238095238094,1.0,6,-1
1947312,1947342,5,2.7905531327562363,0.7142857142857143,36,0.8333333333333333,1.0,0,-1
1947322,1947670,4,2.2044665630451994,0.4444444444444444,40,0.65,1.0,9,-1
1947322,1947675,4,2.0640299754485754,0.6666666666666666,25,0.575,1.0,5,-1
1947366,1947418,9,3.8130557045650453,0.8181818181818182,100,0.85,1.0,18,-1
1947376,1947413,2,1.8204784532536746,0.5,9,0.6666666666666666,1.0,3,-1
1947378,1947576,3,2.164042561333445,0.6,16,0.75,1.0,4,-1
1947388,1947409,7,3.2752613270292077,0.7777777777777778,64,0.8269230769230769,1.0,12,-1
1947388,1947422,7,3.2752613270292077,0.7777777777777778,64,0.8269230769230769,1.0,12,-1
1947388,1947489,1,0.3898712452512801,0.08333333333333333,40,0.07692307692307693,0.5,4,-1
1947390,1947429,9,3.853279036915966,0.8181818181818182,100,0.8714285714285713,1.0,0,-1
1947396,1947401,6,2.9593629571000335,0.75,49,0.7912087912087911,1.0,11,-1
1947396,1947425,6,2.9593629571000335,0.75,49,0.7912087912087911,1.0,7,-1
1947396,1967119,1,0.3898712452512801,0.08333333333333333,42,0.07692307692307693,0.5,2,-1
1947396,1970613,1,0.3898712452512801,0.08333333333333333,42,0.07692307692307693,0.5,2,-1
1947396,1974778,1,0.3898712452512801,0.08333333333333333,42,0.07692307692307693,0.5,2,-1
1947396,1977973,1,0.3898712452512801,0.08333333333333333,42,0.07692307692307693,0.5,0,-1
1947401,1947425,6,2.9593629571000335,0.75,49,0.7912087912087911,1.0,7,-1
1947401,1967119,1,0.3898712452512801,0.08333333333333333,42,0.07692307692307693,0.5,2,-1
1947401,1970613,1,0.3898712452512801,0.08333333333333333,42,0.07692307692307693,0.5,2,-1
1947401,1974778,1,0.3898712452512801,0.08333333333333333,42,0.07692307692307693,0.5,2,-1
1947401,1977973,1,0.3898712452512801,0.08333333333333333,42,0.07692307692307693,0.5,0,-1
1947409,1947422,7,3.2752613270292077,0.7777777777777778,64,0.8269230769230769,1.0,12,-1
1947409,1947489,1,0.3898712452512801,0.08333333333333333,40,0.07692307692307693,0.5,4,-1
1947422,1947489,1,0.3898712452512801,0.08333333333333333,40,0.07692307692307693,0.5,4,-1
1947425,1967119,1,0.3898712452512801,0.08333333333333333,42,0.07692307692307693,0.5,2,-1
1947425,1970613,1,0.3898712452512801,0.08333333333333333,42,0.07692307692307693,0.5,2,-1
1947425,1974778,1,0.3898712452512801,0.08333333333333333,42,0.07692307692307693,0.5,2,-1
1947425,1977973,1,0.3898712452512801,0.08333333333333333,42,0.07692307692307693,0.5,0,-1
1947452,1947465,2,1.8204784532536746,0.2,27,0.6666666666666666,1.0,6,-1
1947452,1985044,5,2.7905531327562363,0.5,54,0.8333333333333333,1.0,6,-1
1947452,2002426,5,2.7905531327562363,0.5,54,0.8333333333333333,1.0,6,-1
1947452,2037379,5,2.7905531327562363,0.5,54,0.8333333333333333,1.0,6,-1
1947453,1947754,2,1.8204784532536746,0.5,9,0.6666666666666666,1.0,3,-1
1947460,1947466,6,3.083390054218504,0.75,49,0.857142857142857,1.0,14,-1
1947460,1947653,6,3.083390054218504,0.75,49,0.857142857142857,1.0,14,-1
1947465,1985044,1,0.45511961331341866,0.125,18,0.1111111111111111,0.5,2,-1
1947465,2002426,1,0.45511961331341866,0.125,18,0.1111111111111111,0.5,2,-1
1947465,2037379,1,0.45511961331341866,0.125,18,0.1111111111111111,0.5,2,-1
1947466,1947653,6,3.083390054218504,0.75,49,0.857142857142857,1.0,14,-1
1947473,1947482,3,2.541825973698156,0.3333333333333333,32,0.9166666666666665,1.0,6,-1
1947473,1947813,2,1.2022458674074694,0.4,12,0.375,1.0,3,-1
1947473,1948851,1,0.48089834696298783,0.14285714285714285,16,0.125,0.5,4,-1
1947473,1979272,2,1.2022458674074694,0.4,12,0.375,1.0,3,-1
1947482,1947813,2,1.4426950408889634,0.2222222222222222,24,0.5,1.0,3,-1
1947482,1948851,3,2.164042561333445,0.3333333333333333,32,0.75,1.0,7,-1
1947482,1979272,2,1.4426950408889634,0.2222222222222222,24,0.5,1.0,3,-1
1947488,1948042,2,1.8204784532536746,0.5,9,0.6666666666666666,1.0,0,-1
1947488,1948263,2,1.8204784532536746,0.5,9,0.6666666666666666,1.0,0,-1
1947490,1947513,8,3.640956906507349,0.8,81,0.8888888888888891,1.0,16,-1
1947490,1947707,8,3.640956906507349,0.8,81,0.8888888888888891,1.0,16,-1
1947499,1947522,8,3.640956906507349,0.8,81,0.8888888888888891,1.0,9,-1
1947499,1947531,8,3.640956906507349,0.8,81,0.8888888888888891,1.0,9,-1
1947499,1947712,8,3.640956906507349,0.8,81,0.8888888888888891,1.0,9,-1
1947502,1966625,2,0.6841892133709133,0.10526315789473684,104,0.10795454545454546,0.5,0,-1
1947502,1984685,2,0.6841892133709133,0.13333333333333333,72,0.10795454545454546,0.5,0,-1
1947502,1987461,2,0.6841892133709133,0.13333333333333333,72,0.10795454545454546,0.5,0,-1
1947502,2004398,2,0.6841892133709133,0.13333333333333333,72,0.10795454545454546,0.5,0,-1
1947502,2004403,2,0.6841892133709133,0.13333333333333333,72,0.10795454545454546,0.5,0,-1
1947502,2004411,2,0.6841892133709133,0.13333333333333333,72,0.10795454545454546,0.5,0,-1
1947505,1947510,10,4.170323914242463,0.8333333333333334,121,0.9090909090909093,1.0,20,-1
1947505,1947957,10,4.170323914242463,0.8333333333333334,121,0.9090909090909093,1.0,20,-1
1947510,1947957,10,4.170323914242463,0.8333333333333334,121,0.9090909090909093,1.0,20,-1
1947513,1947707,8,3.640956906507349,0.8,81,0.8888888888888891,1.0,16,-1
1947514,1947627,3,2.164042561333445,0.6,16,0.75,1.0,8,1
1947522,1947531,8,3.640956906507349,0.8,81,0.8888888888888891,1.0,9,-1
1947522,1947712,8,3.640956906507349,0.8,81,0.8888888888888891,1.0,14,-1
1947531,1947712,8,3.640956906507349,0.8,81,0.8888888888888891,1.0,9,-1
1947551,1947570,3,2.164042561333445,0.6,16,0.75,1.0,6,-1
1947551,1947751,3,2.164042561333445,0.6,16,0.75,1.0,6,-1
1947570,1947751,3,2.164042561333445,0.6,16,0.75,1.0,6,-1
1947575,1947606,8,3.3344664381613764,0.4444444444444444,153,0.7320261437908497,1.0,9,-1
1947575,1947609,8,3.3344664381613764,0.4444444444444444,153,0.7320261437908497,1.0,15,-1
1947575,1947762,8,3.232302948712719,0.8,81,0.6797385620915033,1.0,15,-1
1947575,1947931,8,3.232302948712719,0.8,81,0.6797385620915033,1.0,15,-1
1947575,1949718,4,1.4118244954590446,0.36363636363636365,54,0.23529411764705882,0.5,5,-1
1947580,1947594,5,2.7905531327562363,0.7142857142857143,36,0.8333333333333333,1.0,11,-1
1947580,1947602,5,2.7905531327562363,0.7142857142857143,36,0.8333333333333333,1.0,6,-1
1947594,1947602,5,2.7905531327562363,0.7142857142857143,36,0.8333333333333333,1.0,6,-1
1947606,1947609,16,7.4258088528904045,0.8888888888888888,289,1.8613339275103984,1.0,17,1
1947606,1947762,8,3.3344664381613764,0.4444444444444444,153,0.7320261437908497,1.0,9,-1
1947606,1947931,8,3.3344664381613764,0.4444444444444444,153,0.7320261437908497,1.0,9,-1
1947606,1949718,5,1.9310203763319485,0.2777777777777778,102,0.37849079025549615,1.0,6,-1
1947609,1947762,8,3.3344664381613764,0.4444444444444444,153,0.7320261437908497,1.0,15,-1
1947609,1947931,8,3.3344664381613764,0.4444444444444444,153,0.7320261437908497,1.0,15,-1
1947609,1949718,5,1.9310203763319485,0.2777777777777778,102,0.37849079025549615,1.0,6,-1
1947613,1947618,8,3.640956906507349,0.8,81,0.8888888888888891,1.0,7,-1
1947613,1947633,8,3.640956906507349,0.8,81,0.8888888888888891,1.0,7,-1
1947613,1947641,8,3.640956906507349,0.8,81,0.8888888888888891,1.0,7,-1
1947613,1947643,8,3.640956906507349,0.8,81,0.8888888888888891,1.0,7,-1
1947613,1947819,8,3.640956906507349,0.8,81,0.8888888888888891,1.0,0,-1
1947618,1947633,8,3.640956906507349,0.8,81,0.8888888888888891,1.0,12,-1
1947618,1947641,8,3.640956906507349,0.8,81,0.8888888888888891,1.0,12,-1
1947618,1947643,8,3.640956906507349,0.8,81,0.8888888888888891,1.0,12,-1
1947618,1947819,8,3.640956906507349,0.8,81,0.8888888888888891,1.0,0,-1
1947626,1947631,9,3.9086503371292665,0.8181818181818182,100,0.8999999999999999,1.0,10,-1
1947626,1947636,9,3.9086503371292665,0.8181818181818182,100,0.8999999999999999,1.0,18,-1
1947626,1947828,9,3.9086503371292665,0.8181818181818182,100,0.8999999999999999,1.0,18,-1
1947626,1947939,9,3.9086503371292665,0.8181818181818182,100,0.8999999999999999,1.0,18,-1
1947626,1947945,9,3.9086503371292665,0.8181818181818182,100,0.8999999999999999,1.0,18,-1
1947631,1947636,9,3.9086503371292665,0.8181818181818182,100,0.8999999999999999,1.0,10,-1
1947631,1947828,9,3.9086503371292665,0.8181818181818182,100,0.8999999999999999,1.0,10,-1
1947631,1947939,9,3.9086503371292665,0.8181818181818182,100,0.8999999999999999,1.0,10,-1
1947631,1947945,9,3.9086503371292665,0.8181818181818182,100,0.8999999999999999,1.0,10,-1
1947633,1947641,8,3.640956906507349,0.8,81,0.8888888888888891,1.0,12,-1
1947633,1947643,8,3.640956906507349,0.8,81,0.8888888888888891,1.0,12,-1
1947633,1947819,8,3.640956906507349,0.8,81,0.8888888888888891,1.0,0,-1
1947634,1947638,6,2.9224478357135144,0.75,49,0.7731092436974789,1.0,13,-1
1947634,1947724,6,3.083390054218504,0.3333333333333333,119,0.857142857142857,1.0,13,-1
1947634,1947744,6,2.9224478357135144,0.75,49,0.7731092436974789,1.0,13,-1
1947636,1947828,9,3.9086503371292665,0.8181818181818182,100,0.8999999999999999,1.0,18,-1
1947636,1947939,9,3.9086503371292665,0.8181818181818182,100,0.8999999999999999,1.0,18,-1
1947636,1947945,9,3.9086503371292665,0.8181818181818182,100,0.8999999999999999,1.0,18,-1
1947638,1947724,6,3.083390054218504,0.3333333333333333,119,0.857142857142857,1.0,13,-1
1947638,1947744,6,2.9224478357135144,0.75,49,0.7731092436974789,1.0,13,-1
1947641,1947643,8,3.640956906507349,0.8,81,0.8888888888888891,1.0,12,-1
1947641,1947819,8,3.640956906507349,0.8,81,0.8888888888888891,1.0,0,-1
1947643,1947819,8,3.640956906507349,0.8,81,0.8888888888888891,1.0,0,-1
1947648,1947656,3,2.0008056674402104,0.6,16,0.6666666666666666,1.0,5,-1
1947652,1947666,0,0.0,0.0,1,0.0,1.0,1,-1
1947664,1947719,2,1.631586747071319,0.5,9,0.5833333333333333,1.0,6,-1
1947664,1948004,2,1.631586747071319,0.5,9,0.5833333333333333,1.0,6,-1
1947670,1947675,4,2.2044665630451994,0.4444444444444444,40,0.65,1.0,5,-1
1947719,1948004,2,1.631586747071319,0.5,9,0.5833333333333333,1.0,6,-1
1947724,1947744,6,3.083390054218504,0.3333333333333333,119,0.857142857142857,1.0,13,-1
1947732,1947746,7,3.0398781499981253,0.7777777777777778,64,0.7110805860805861,1.0,8,-1
1947732,1947841,7,3.0398781499981253,0.7777777777777778,64,0.7110805860805861,1.0,8,-1
1947732,1949737,2,0.635386415183186,0.1,112,0.08608058608058608,0.5,3,-1
1947732,1949821,2,0.635386415183186,0.1,112,0.08608058608058608,0.5,3,-1
1947732,1949998,2,0.635386415183186,0.1,112,0.08608058608058608,0.5,3,-1
1947732,1950189,2,0.635386415183186,0.1,112,0.08608058608058608,0.5,3,-1
1947746,1947841,7,3.0398781499981253,0.7777777777777778,64,0.7110805860805861,1.0,8,-1
1947746,1949737,2,0.635386415183186,0.1,112,0.08608058608058608,0.5,3,-1
1947746,1949821,2,0.635386415183186,0.1,112,0.08608058608058608,0.5,3,-1
1947746,1949998,2,0.635386415183186,0.1,112,0.08608058608058608,0.5,3,-1
1947746,1950189,2,0.635386415183186,0.1,112,0.08608058608058608,0.5,3,-1
1947762,1947931,8,3.232302948712719,0.8,81,0.6797385620915033,1.0,15,-1
1947762,1949718,4,1.4118244954590446,0.36363636363636365,54,0.23529411764705882,0.5,5,-1
1947813,1948851,1,0.48089834696298783,0.16666666666666666,12,0.125,0.5,2,-1
1947813,1979272,3,1.923593387851951,1.0,9,0.625,0.5,4,-1
1947828,1947939,9,3.9086503371292665,0.8181818181818182,100,0.8999999999999999,1.0,18,-1
1947828,1947945,9,3.9086503371292665,0.8181818181818182,100,0.8999999999999999,1.0,18,-1
1947841,1949737,2,0.635386415183186,0.1,112,0.08608058608058608,0.5,6,-1
1947841,1949821,2,0.635386415183186,0.1,112,0.08608058608058608,0.5,6,-1
1947841,1949998,2,0.635386415183186,0.1,112,0.08608058608058608,0.5,6,-1
1947841,1950189,2,0.635386415183186,0.1,112,0.08608058608058608,0.5,3,-1
1947862,1948277,7,3.225013353673036,0.7777777777777778,64,0.8026315789473684,1.0,8,-1
1947862,1948291,7,3.225013353673036,0.7777777777777778,64,0.8026315789473684,1.0,8,-1
1947862,1948375,7,3.225013353673036,0.7777777777777778,64,0.8026315789473684,1.0,8,-1
1947862,1948477,7,3.225013353673036,0.7777777777777778,64,0.8026315789473684,1.0,8,-1
1947862,1948709,7,3.225013353673036,0.7777777777777778,64,0.8026315789473684,1.0,8,-1
1947862,1948717,7,3.225013353673036,0.7777777777777778,64,0.8026315789473684,1.0,8,-1
1947878,1948296,10,4.539401570791672,0.625,165,1.1074786324786325,1.0,21,1
1947878,1948751,8,3.3990810673799,0.5,135,0.7622766122766123,1.0,18,1
1947878,1948759,12,5.682783970067133,0.75,195,1.4547979797979798,1.0,25,1
1947878,1948767,8,3.3990810673799,0.5,135,0.7622766122766123,1.0,18,-1
1947878,1950354,2,1.2795085996956923,0.125,45,0.39999999999999997,1.0,6,1
1947878,2004715,2,1.2795085996956923,0.125,45,0.39999999999999997,1.0,6,-1
1947890,1947991,4,2.0939967424467216,0.6666666666666666,25,0.5909090909090908,1.0,5,-1
1947890,1948210,4,2.093996742446722,0.6666666666666666,25,0.5909090909090909,1.0,5,-1
1947892,1948329,7,3.366288428740915,0.7777777777777778,64,0.875,1.0,13,-1
1947892,1948402,7,3.366288428740915,0.7777777777777778,64,0.875,1.0,8,-1
1947892,1948527,7,3.366288428740915,0.7777777777777778,64,0.875,1.0,13,-1
1947913,1948028,1,1.4426950408889634,0.3333333333333333,4,0.5,1.0,0,1
1947913,1948037,1,1.4426950408889634,0.3333333333333333,4,0.5,1.0,2,1
1947921,1947926,6,2.9224478357135144,0.75,49,0.7731092436974789,1.0,7,-1
1947931,1949718,4,1.4118244954590446,0.36363636363636365,54,0.23529411764705882,0.5,5,-1
1947939,1947945,9,3.9086503371292665,0.8181818181818182,100,0.8999999999999999,1.0,18,-1
1947941,1948054,3,2.164042561333445,0.6,16,0.75,1.0,8,-1
1947941,1948366,3,2.164042561333445,0.6,16,0.75,1.0,8,-1
1947948,1948522,9,3.9086503371292665,0.8181818181818182,100,0.8999999999999999,1.0,14,-1
1947948,1948536,9,3.9086503371292665,0.8181818181818182,100,0.8999999999999999,1.0,14,-1
1947948,1948541,9,3.9086503371292665,0.8181818181818182,100,0.8999999999999999,1.0,0,-1
1947991,1948210,4,2.0939967424467216,0.6666666666666666,25,0.5909090909090908,1.0,9,-1
1948025,1986068,6,2.9593629571000335,0.75,49,0.7912087912087911,1.0,14,-1
1948025,1986089,6,2.9593629571000335,0.75,49,0.7912087912087911,1.0,14,-1
1948025,2000656,6,2.9593629571000335,0.75,49,0.7912087912087911,1.0,14,-1
1948025,2003106,6,2.9593629571000335,0.75,49,0.7912087912087911,1.0,14,-1
1948025,2003432,6,2.9593629571000335,0.75,49,0.7912087912087911,1.0,14,-1
1948028,1948037,1,1.4426950408889634,0.3333333333333333,4,0.5,1.0,0,1
1948042,1948263,2,1.8204784532536746,0.5,9,0.6666666666666666,1.0,2,-1
1948054,1948366,3,2.164042561333445,0.6,16,0.75,1.0,8,-1
1948089,1948322,4,2.4853397382384474,0.6666666666666666,25,0.8,1.0,10,-1
1948143,1948146,6,3.083390054218504,0.75,49,0.857142857142857,1.0,11,-1
1948143,1948587,6,3.083390054218504,0.75,49,0.857142857142857,1.0,7,-1
1948143,1948602,6,3.083390054218504,0.75,49,0.857142857142857,1.0,7,-1
1948143,1948707,6,3.083390054218504,0.75,49,0.857142857142857,1.0,11,-1
1948143,1948739,6,3.083390054218504,0.75,49,0.857142857142857,1.0,7,-1
1948146,1948587,6,3.083390054218504,0.75,49,0.857142857142857,1.0,7,-1
1948146,1948602,6,3.083390054218504,0.75,49,0.857142857142857,1.0,7,-1
1948146,1948707,6,3.083390054218504,0.75,49,0.857142857142857,1.0,11,-1
1948146,1948739,6,3.083390054218504,0.75,49,0.857142857142857,1.0,7,-1
1948160,1948184,4,2.4853397382384474,0.6666666666666666,25,0.8,1.0,5,-1
1948160,1948195,4,2.4853397382384474,0.6666666666666666,25,0.8,1.0,8,-1
1948176,1948598,6,3.083390054218504,0.75,49,0.857142857142857,1.0,14,-1
1948176,1948668,6,3.083390054218504,0.75,49,0.857142857142857,1.0,14,-1
1948176,1948735,6,3.083390054218504,0.75,49,0.857142857142857,1.0,14,-1
1948176,1948777,6,3.083390054218504,0.75,49,0.857142857142857,1.0,14,-1
1948176,1949023,6,3.083390054218504,0.75,49,0.857142857142857,1.0,14,-1
1948176,1949037,6,3.083390054218504,0.75,49,0.857142857142857,1.0,14,-1
1948184,1948195,4,2.4853397382384474,0.6666666666666666,25,0.8,1.0,5,-1
1948236,1948678,7,3.162338098194842,0.4666666666666667,112,0.7678571428571428,1.0,11,-1
1948236,1948685,7,3.060362932921805,0.7777777777777778,64,0.7142857142857143,1.0,8,-1
1948236,1948689,7,3.060362932921805,0.7777777777777778,64,0.7142857142857143,1.0,8,-1
1948236,1949127,7,3.162338098194842,0.4666666666666667,112,0.7678571428571428,1.0,11,-1
1948236,1949141,7,3.060362932921805,0.7777777777777778,64,0.7142857142857143,1.0,8,-1
1948277,1948291,7,3.225013353673036,0.7777777777777778,64,0.8026315789473684,1.0,8,-1
1948277,1948375,7,3.225013353673036,0.7777777777777778,64,0.8026315789473684,1.0,12,-1
1948277,1948477,7,3.225013353673036,0.7777777777777778,64,0.8026315789473684,1.0,12,-1
1948277,1948709,7,3.225013353673036,0.7777777777777778,64,0.8026315789473684,1.0,8,-1
1948277,1948717,7,3.225013353673036,0.7777777777777778,64,0.8026315789473684,1.0,12,-1
1948291,1948375,7,3.225013353673036,0.7777777777777778,64,0.8026315789473684,1.0,8,-1
1948291,1948477,7,3.225013353673036,0.7777777777777778,64,0.8026315789473684,1.0,8,-1
1948291,1948709,7,3.225013353673036,0.7777777777777778,64,0.8026315789473684,1.0,9,-1
1948291,1948717,7,3.225013353673036,0.7777777777777778,64,0.8026315789473684,1.0,8,-1
1948296,1948751,8,3.351318049024509,0.6666666666666666,99,0.7380341880341881,1.0,18,-1
1948296,1948759,10,4.518799698609247,0.7142857142857143,143,1.0972222222222223,1.0,21,1
1948296,1948767,8,3.351318049024509,0.6666666666666666,99,0.7380341880341881,1.0,18,-1
1948296,1950354,2,0.7385387461377101,0.16666666666666666,33,0.13333333333333333,0.5,6,-1
1948296,2004715,2,0.7385387461377101,0.16666666666666666,33,0.13333333333333333,0.5,6,-1
1948314,1948901,1,1.4426950408889634,0.3333333333333333,4,0.5,1.0,2,-1
1948314,1948935,1,1.4426950408889634,0.3333333333333333,4,0.5,1.0,2,-1
1948329,1948402,7,3.366288428740915,0.7777777777777778,64,0.875,1.0,8,-1
1948329,1948527,7,3.366288428740915,0.7777777777777778,64,0.875,1.0,13,-1
1948375,1948477,7,3.225013353673036,0.7777777777777778,64,0.8026315789473684,1.0,12,-1
1948375,1948709,7,3.225013353673036,0.7777777777777778,64,0.8026315789473684,1.0,8,-1
1948375,1948717,7,3.225013353673036,0.7777777777777778,64,0.8026315789473684,1.0,12,-1
1948402,1948527,7,3.366288428740915,0.7777777777777778,64,0.875,1.0,8,-1
1948447,1948456,11,3.733609946323332,0.39285714285714285,324,0.5925925925925926,1.0,21,-1
1948447,1948472,11,3.733609946323332,0.39285714285714285,324,0.5925925925925926,1.0,21,-1
1948447,1948546,11,3.733609946323332,0.39285714285714285,324,0.5925925925925926,1.0,12,-1
1948447,1948782,11,3.733609946323332,0.39285714285714285,324,0.5925925925925926,1.0,21,-1
1948447,1948796,26,8.6451535171802,0.9285714285714286,729,1.3038720538720532,1.0,44,1
1948447,1948822,26,8.6451535171802,0.9285714285714286,729,1.3038720538720532,1.0,44,1
1948456,1948472,11,3.6345934174837664,0.8461538461538461,144,0.5462962962962963,1.0,21,-1
1948456,1948546,11,3.6345934174837664,0.8461538461538461,144,0.5462962962962963,1.0,12,-1
1948456,1948782,11,3.6345934174837664,0.8461538461538461,144,0.5462962962962963,1.0,21,-1
1948456,1948796,11,3.733609946323332,0.39285714285714285,324,0.5925925925925926,1.0,21,-1
1948456,1948822,11,3.733609946323332,0.39285714285714285,324,0.5925925925925926,1.0,21,-1
1948472,1948546,11,3.6345934174837664,0.8461538461538461,144,0.5462962962962963,1.0,12,-1
1948472,1948782,11,3.6345934174837664,0.8461538461538461,144,0.5462962962962963,1.0,21,-1
1948472,1948796,11,3.733609946323332,0.39285714285714285,324,0.5925925925925926,1.0,21,-1
1948472,1948822,11,3.733609946323332,0.39285714285714285,324,0.5925925925925926,1.0,21,-1
1948476,1948807,1,1.4426950408889634,0.3333333333333333,4,0.5,1.0,4,-1
1948477,1948709,7,3.225013353673036,0.7777777777777778,64,0.8026315789473684,1.0,8,-1
1948477,1948717,7,3.225013353673036,0.7777777777777778,64,0.8026315789473684,1.0,12,-1
1948522,1948536,9,3.9086503371292665,0.8181818181818182,100,0.8999999999999999,1.0,14,-1
1948522,1948541,9,3.9086503371292665,0.8181818181818182,100,0.8999999999999999,1.0,0,-1
1948536,1948541,9,3.9086503371292665,0.8181818181818182,100,0.8999999999999999,1.0,0,-1
1948546,1948782,11,3.6345934174837664,0.8461538461538461,144,0.5462962962962963,1.0,12,-1
1948546,1948796,11,3.733609946323332,0.39285714285714285,324,0.5925925925925926,1.0,12,-1
1948546,1948822,11,3.733609946323332,0.39285714285714285,324,0.5925925925925926,1.0,12,-1
1948566,1948575,2,1.312668831008682,0.5,9,0.41666666666666663,1.0,5,-1
1948587,1948602,6,3.083390054218504,0.75,49,0.857142857142857,1.0,7,-1
1948587,1948707,6,3.083390054218504,0.75,49,0.857142857142857,1.0,7,-1
1948587,1948739,6,3.083390054218504,0.75,49,0.857142857142857,1.0,7,-1
1948598,1948668,6,3.083390054218504,0.75,49,0.857142857142857,1.0,14,-1
1948598,1948735,6,3.083390054218504,0.75,49,0.857142857142857,1.0,14,-1
1948598,1948777,6,3.083390054218504,0.75,49,0.857142857142857,1.0,14,-1
1948598,1949023,6,3.083390054218504,0.75,49,0.857142857142857,1.0,14,-1
1948598,1949037,6,3.083390054218504,0.75,49,0.857142857142857,1.0,14,-1
1948602,1948707,6,3.083390054218504,0.75,49,0.857142857142857,1.0,7,-1
1948602,1948739,6,3.083390054218504,0.75,49,0.857142857142857,1.0,7,-1
1948633,1948641,7,3.366288428740915,0.5,104,0.875,1.0,8,-1
1948633,1949090,7,3.366288428740915,0.5,104,0.875,1.0,8,-1
1948633,1949101,7,3.366288428740915,0.5,104,0.875,1.0,8,-1
1948641,1949090,7,3.2752613270292072,0.7777777777777778,64,0.8269230769230769,1.0,8,-1
1948641,1949101,7,3.2752613270292072,0.7777777777777778,64,0.8269230769230769,1.0,8,-1
1948649,1948671,3,2.164042561333445,0.6,16,0.75,1.0,3,-1
1948649,1948673,3,2.164042561333445,0.6,16,0.75,1.0,0,-1
1948668,1948735,6,3.083390054218504,0.75,49,0.857142857142857,1.0,14,-1
1948668,1948777,6,3.083390054218504,0.75,49,0.857142857142857,1.0,14,-1
1948668,1949023,6,3.083390054218504,0.75,49,0.857142857142857,1.0,14,-1
1948668,1949037,6,3.083390054218504,0.75,49,0.857142857142857,1.0,14,-1
1948671,1948673,3,2.164042561333445,0.6,16,0.75,1.0,0,-1
1948672,1948695,2,1.391137573589825,0.2222222222222222,24,0.4583333333333333,1.0,0,-1
1948672,1948877,2,1.391137573589825,0.2222222222222222,24,0.4583333333333333,1.0,2,-1
1948672,1948893,2,0.9617966939259757,0.5,9,0.25,1.0,2,-1
1948678,1948685,7,3.162338098194842,0.4666666666666667,112,0.7678571428571428,1.0,8,-1
1948678,1948689,7,3.162338098194842,0.4666666666666667,112,0.7678571428571428,1.0,8,-1
1948678,1949127,13,6.149703345245806,0.8666666666666667,196,1.5714285714285714,1.0,17,1
1948678,1949141,7,3.162338098194842,0.4666666666666667,112,0.7678571428571428,1.0,8,-1
1948682,1948863,2,1.8204784532536746,0.5,9,0.6666666666666666,1.0,0,-1
1948682,1949146,2,1.8204784532536746,0.5,9,0.6666666666666666,1.0,0,-1
1948685,1948689,7,3.060362932921805,0.7777777777777778,64,0.7142857142857143,1.0,8,-1
1948685,1949127,7,3.162338098194842,0.4666666666666667,112,0.7678571428571428,1.0,8,-1
1948685,1949141,7,3.060362932921805,0.7777777777777778,64,0.7142857142857143,1.0,8,-1
1948689,1949127,7,3.162338098194842,0.4666666666666667,112,0.7678571428571428,1.0,8,-1
1948689,1949141,7,3.060362932921805,0.7777777777777778,64,0.7142857142857143,1.0,8,-1
1948695,1948877,7,4.611031586009911,0.7777777777777778,64,1.4999999999999998,1.0,0,1
1948695,1948893,2,1.391137573589825,0.2222222222222222,24,0.4583333333333333,1.0,0,-1
1948707,1948739,6,3.083390054218504,0.75,49,0.857142857142857,1.0,7,-1
1948709,1948717,7,3.225013353673036,0.7777777777777778,64,0.8026315789473684,1.0,8,-1
1948711,1948733,6,3.083390054218504,0.75,49,0.857142857142857,1.0,7,-1
1948711,1948772,6,3.083390054218504,0.75,49,0.857142857142857,1.0,7,1
1948711,1948917,6,3.083390054218504,0.75,49,0.857142857142857,1.0,7,-1
1948711,1949187,6,3.083390054218504,0.75,49,0.857142857142857,1.0,9,-1
1948724,1948737,3,2.164042561333445,0.6,16,0.75,1.0,4,-1
1948724,1948783,3,2.164042561333445,0.6,16,0.75,1.0,4,-1
1948733,1948772,6,3.083390054218504,0.75,49,0.857142857142857,1.0,9,-1
1948733,1948917,6,3.083390054218504,0.75,49,0.857142857142857,1.0,9,-1
1948733,1949187,6,3.083390054218504,0.75,49,0.857142857142857,1.0,7,-1
1948735,1948777,6,3.083390054218504,0.75,49,0.857142857142857,1.0,14,-1
1948735,1949023,6,3.083390054218504,0.75,49,0.857142857142857,1.0,14,-1
1948735,1949037,6,3.083390054218504,0.75,49,0.857142857142857,1.0,14,-1
1948737,1948783,3,2.164042561333445,0.6,16,0.75,1.0,4,-1
1948751,1948759,8,3.3784791951974755,0.5714285714285714,117,0.752020202020202,1.0,18,-1
1948751,1948767,8,3.313230827135337,0.8,81,0.7178321678321677,1.0,18,-1
1948751,1950354,2,0.7385387461377101,0.2,27,0.13333333333333333,0.5,6,-1
1948751,2004715,2,0.7385387461377101,0.2,27,0.13333333333333333,0.5,6,-1
1948753,1948828,6,3.083390054218504,0.75,49,0.857142857142857,1.0,12,-1
1948753,1948833,6,3.083390054218504,0.75,49,0.857142857142857,1.0,12,-1
1948753,1948838,6,3.083390054218504,0.75,49,0.857142857142857,1.0,12,-1
1948753,1949237,6,3.083390054218504,0.75,49,0.857142857142857,1.0,12,-1
1948759,1948767,8,3.3784791951974755,0.5714285714285714,117,0.752020202020202,1.0,18,-1
1948759,1950354,2,0.7385387461377101,0.14285714285714285,39,0.13333333333333333,0.5,6,-1
1948759,2004715,2,0.7385387461377101,0.14285714285714285,39,0.13333333333333333,0.5,6,-1
1948767,1950354,2,0.7385387461377101,0.2,27,0.13333333333333333,0.5,6,-1
1948767,2004715,2,0.7385387461377101,0.2,27,0.13333333333333333,0.5,6,-1
1948772,1948917,6,3.083390054218504,0.75,49,0.857142857142857,1.0,9,-1
1948772,1949187,6,3.083390054218504,0.75,49,0.857142857142857,1.0,7,-1
1948777,1949023,6,3.083390054218504,0.75,49,0.857142857142857,1.0,14,-1
1948777,1949037,6,3.083390054218504,0.75,49,0.857142857142857,1.0,14,-1
1948782,1948796,11,3.733609946323332,0.39285714285714285,324,0.5925925925925926,1.0,21,-1
1948782,1948822,11,3.733609946323332,0.39285714285714285,324,0.5925925925925926,1.0,21,-1
1948796,1948822,26,8.6451535171802,0.9285714285714286,729,1.3038720538720532,1.0,44,1
1948817,1949257,3,2.164042561333445,0.6,16,0.75,1.0,4,-1
1948817,1949573,3,2.164042561333445,0.6,16,0.75,1.0,6,-1
1948817,1949596,3,2.164042561333445,0.6,16,0.75,1.0,4,-1
1948828,1948833,6,3.083390054218504,0.75,49,0.857142857142857,1.0,12,-1
1948828,1948838,6,3.083390054218504,0.75,49,0.857142857142857,1.0,12,-1
1948828,1949237,6,3.083390054218504,0.75,49,0.857142857142857,1.0,12,-1
1948833,1948838,6,3.083390054218504,0.75,49,0.857142857142857,1.0,12,-1
1948833,1949237,6,3.083390054218504,0.75,49,0.857142857142857,1.0,12,-1
1948838,1949237,6,3.083390054218504,0.75,49,0.857142857142857,1.0,12,-1
1948851,1979272,1,0.48089834696298783,0.16666666666666666,12,0.125,0.5,2,-1
1948863,1949146,2,1.8204784532536746,0.5,9,0.6666666666666666,1.0,0,-1
1948877,1948893,2,1.391137573589825,0.2222222222222222,24,0.4583333333333333,1.0,3,-1
1948901,1948935,1,1.4426950408889634,0.3333333333333333,4,0.5,1.0,3,-1
1948917,1949187,6,3.083390054218504,0.75,49,0.857142857142857,1.0,7,-1
1948980,1966360,2,1.4683498531780845,0.2857142857142857,18,0.5,1.0,3,-1
1948980,1983058,2,1.4683498531780845,0.2857142857142857,18,0.5,1.0,3,-1
1949002,1949063,0,0.0,0.0,1,0.0,1.0,2,-1
1949023,1949037,6,3.083390054218504,0.75,49,0.857142857142857,1.0,14,-1
1949054,1949064,7,3.366288428740915,0.7777777777777778,64,0.875,1.0,15,-1
1949054,1949673,7,3.366288428740915,0.7777777777777778,64,0.875,1.0,8,-1
1949054,1949913,7,3.366288428740915,0.7777777777777778,64,0.875,1.0,15,-1
1949054,1949936,7,3.366288428740915,0.7777777777777778,64,0.875,1.0,15,-1
1949054,1950047,7,3.366288428740915,0.7777777777777778,64,0.875,1.0,15,-1
1949058,1949717,7,3.200447307929137,0.7777777777777778,64,0.7873376623376623,1.0,13,-1
1949058,1950063,7,3.200447307929137,0.7777777777777778,64,0.7873376623376623,1.0,13,-1
1949058,1950067,7,3.2643132634678786,0.5833333333333334,88,0.8214285714285714,1.0,8,-1
1949064,1949673,7,3.366288428740915,0.7777777777777778,64,0.875,1.0,8,-1
1949064,1949913,7,3.366288428740915,0.7777777777777778,64,0.875,1.0,15,-1
1949064,1949936,7,3.366288428740915,0.7777777777777778,64,0.875,1.0,15,-1
1949064,1950047,7,3.366288428740915,0.7777777777777778,64,0.875,1.0,15,-1
1949079,1949088,8,3.640956906507349,0.8,81,0.8888888888888891,1.0,8,-1
1949079,1949092,8,3.640956906507349,0.8,81,0.8888888888888891,1.0,15,-1
1949079,1949986,8,3.640956906507349,0.8,81,0.8888888888888891,1.0,15,-1
1949079,1950164,8,3.640956906507349,0.8,81,0.8888888888888891,1.0,15,-1
1949079,1950168,8,3.640956906507349,0.8,81,0.8888888888888891,1.0,0,-1
1949079,1950172,8,3.640956906507349,0.8,81,0.8888888888888891,1.0,15,-1
1949088,1949092,8,3.640956906507349,0.8,81,0.8888888888888891,1.0,8,-1
1949088,1949986,8,3.640956906507349,0.8,81,0.8888888888888891,1.0,8,-1
1949088,1950164,8,3.640956906507349,0.8,81,0.8888888888888891,1.0,8,-1
1949088,1950168,8,3.640956906507349,0.8,81,0.8888888888888891,1.0,0,-1
1949088,1950172,8,3.640956906507349,0.8,81,0.8888888888888891,1.0,8,-1
1949090,1949101,7,3.2752613270292072,0.7777777777777778,64,0.8269230769230769,1.0,8,-1
1949092,1949986,8,3.640956906507349,0.8,81,0.8888888888888891,1.0,15,-1
1949092,1950164,8,3.640956906507349,0.8,81,0.8888888888888891,1.0,15,-1
1949092,1950168,8,3.640956906507349,0.8,81,0.8888888888888891,1.0,0,-1
1949092,1950172,8,3.640956906507349,0.8,81,0.8888888888888891,1.0,15,-1
1949108,1949771,11,4.426725648200291,0.8461538461538461,144,0.9166666666666667,1.0,12,-1
1949108,1949912,11,4.426725648200291,0.8461538461538461,144,0.9166666666666667,1.0,12,-1
1949108,1949919,11,4.426725648200291,0.8461538461538461,144,0.9166666666666667,1.0,12,-1
1949108,1949947,11,4.426725648200291,0.8461538461538461,144,0.9166666666666667,1.0,12,-1
1949108,1950280,11,4.426725648200291,0.8461538461538461,144,0.9166666666666667,1.0,12,-1
1949108,1950290,11,4.426725648200291,0.8461538461538461,144,0.9166666666666667,1.0,12,-1
1949108,1950317,11,4.426725648200291,0.8461538461538461,144,0.9166666666666667,1.0,12,-1
1949120,1949123,10,3.9543301873803736,0.8333333333333334,121,0.8059764309764311,1.0,0,-1
1949120,1949129,10,3.9543301873803736,0.8333333333333334,121,0.8059764309764311,1.0,9,-1
1949120,1949132,10,3.9543301873803736,0.8333333333333334,121,0.8059764309764311,1.0,9,-1
1949120,1949776,10,3.9543301873803736,0.8333333333333334,121,0.8059764309764311,1.0,9,-1
1949120,1949780,10,3.9543301873803736,0.8333333333333334,121,0.8059764309764311,1.0,9,-1
1949120,1949922,10,3.9543301873803736,0.8333333333333334,121,0.8059764309764311,1.0,9,-1
1949120,1950034,10,3.9543301873803736,0.8333333333333334,121,0.8059764309764311,1.0,9,-1
1949120,1950041,10,3.9543301873803736,0.8333333333333334,121,0.8059764309764311,1.0,0,-1
1949120,1977213,2,0.618071055986404,0.1111111111111111,99,0.07870370370370369,0.5,3,-1
1949120,2012836,2,0.618071055986404,0.1111111111111111,99,0.07870370370370369,0.5,3,-1
1949120,2013351,2,0.618071055986404,0.1111111111111111,99,0.07870370370370369,0.5,3,-1
1949120,2045522,2,0.618071055986404,0.1111111111111111,99,0.07870370370370369,0.5,3,-1
1949123,1949129,10,3.9543301873803736,0.8333333333333334,121,0.8059764309764311,1.0,0,-1
1949123,1949132,10,3.9543301873803736,0.8333333333333334,121,0.8059764309764311,1.0,0,-1
1949123,1949776,10,3.9543301873803736,0.8333333333333334,121,0.8059764309764311,1.0,0,-1
1949123,1949780,10,3.9543301873803736,0.8333333333333334,121,0.8059764309764311,1.0,0,-1
1949123,1949922,10,3.9543301873803736,0.8333333333333334,121,0.8059764309764311,1.0,0,-1
1949123,1950034,10,3.9543301873803736,0.8333333333333334,121,0.8059764309764311,1.0,0,-1
1949123,1950041,10,3.9543301873803736,0.8333333333333334,121,0.8059764309764311,1.0,1,-1
1949123,1977213,2,0.618071055986404,0.1111111111111111,99,0.07870370370370369,0.5,0,-1
1949123,2012836,2,0.618071055986404,0.1111111111111111,99,0.07870370370370369,0.5,0,-1
1949123,2013351,2,0.618071055986404,0.1111111111111111,99,0.07870370370370369,0.5,0,-1
1949123,2045522,2,0.618071055986404,0.1111111111111111,99,0.07870370370370369,0.5,0,-1
1949127,1949141,7,3.162338098194842,0.4666666666666667,112,0.7678571428571428,1.0,8,-1
1949129,1949132,10,3.954330187380374,0.8333333333333334,121,0.8059764309764311,1.0,12,-1
1949129,1949776,10,3.954330187380374,0.8333333333333334,121,0.8059764309764311,1.0,9,-1
1949129,1949780,10,3.954330187380374,0.8333333333333334,121,0.8059764309764311,1.0,12,-1
1949129,1949922,10,3.9543301873803736,0.8333333333333334,121,0.8059764309764311,1.0,9,-1
1949129,1950034,10,3.954330187380374,0.8333333333333334,121,0.8059764309764311,1.0,12,-1
1949129,1950041,10,3.954330187380374,0.8333333333333334,121,0.8059764309764311,1.0,0,-1
1949129,1977213,2,0.618071055986404,0.1111111111111111,99,0.07870370370370369,0.5,4,-1
1949129,2012836,2,0.618071055986404,0.1111111111111111,99,0.07870370370370369,0.5,3,-1
1949129,2013351,2,0.618071055986404,0.1111111111111111,99,0.07870370370370369,0.5,3,-1
1949129,2045522,2,0.618071055986404,0.1111111111111111,99,0.07870370370370369,0.5,3,-1
1949132,1949776,10,3.954330187380374,0.8333333333333334,121,0.805976430976431,1.0,9,-1
1949132,1949780,10,3.954330187380374,0.8333333333333334,121,0.805976430976431,1.0,12,-1
1949132,1949922,10,3.9543301873803736,0.8333333333333334,121,0.8059764309764311,1.0,9,-1
1949132,1950034,10,3.954330187380374,0.8333333333333334,121,0.805976430976431,1.0,12,-1
1949132,1950041,10,3.954330187380374,0.8333333333333334,121,0.805976430976431,1.0,0,-1
1949132,1977213,2,0.618071055986404,0.1111111111111111,99,0.07870370370370369,0.5,4,-1
1949132,2012836,2,0.618071055986404,0.1111111111111111,99,0.07870370370370369,0.5,3,-1
1949132,2013351,2,0.618071055986404,0.1111111111111111,99,0.07870370370370369,0.5,3,-1
1949132,2045522,2,0.618071055986404,0.1111111111111111,99,0.07870370370370369,0.5,3,-1
1949153,1949165,2,1.8204784532536746,0.5,9,0.6666666666666666,1.0,6,-1
1949153,1950081,2,1.8204784532536746,0.5,9,0.6666666666666666,1.0,6,-1
1949153,1950094,2,1.8204784532536746,0.5,9,0.6666666666666666,1.0,6,-1
1949163,1949175,2,1.8204784532536746,0.5,9,0.6666666666666666,1.0,5,-1
1949165,1950081,2,1.8204784532536746,0.5,9,0.6666666666666666,1.0,6,-1
1949165,1950094,2,1.8204784532536746,0.5,9,0.6666666666666666,1.0,6,-1
1949177,1949181,4,2.4853397382384474,0.6666666666666666,25,0.8,1.0,0,-1
1949177,1949193,4,2.4853397382384474,0.6666666666666666,25,0.8,1.0,8,1
1949177,1950015,4,2.4853397382384474,0.6666666666666666,25,0.8,1.0,8,1
1949177,1950018,4,2.4853397382384474,0.6666666666666666,25,0.8,1.0,8,-1
1949177,1950025,4,2.4853397382384474,0.6666666666666666,25,0.8,1.0,8,-1
1949181,1949193,4,2.4853397382384474,0.6666666666666666,25,0.8,1.0,0,-1
1949181,1950015,4,2.4853397382384474,0.6666666666666666,25,0.8,1.0,0,-1
1949181,1950018,4,2.4853397382384474,0.6666666666666666,25,0.8,1.0,0,-1
1949181,1950025,4,2.4853397382384474,0.6666666666666666,25,0.8,1.0,0,-1
1949193,1950015,4,2.4853397382384474,0.6666666666666666,25,0.8,1.0,8,1
1949193,1950018,4,2.4853397382384474,0.6666666666666666,25,0.8,1.0,8,-1
1949193,1950025,4,2.4853397382384474,0.6666666666666666,25,0.8,1.0,8,-1
1949201,1950465,3,2.164042561333445,0.6,16,0.75,1.0,7,-1
1949218,1949223,6,3.083390054218504,0.75,49,0.857142857142857,1.0,5,-1
1949218,1949232,6,3.083390054218504,0.75,49,0.857142857142857,1.0,8,-1
1949218,1949464,6,3.083390054218504,0.75,49,0.857142857142857,1.0,0,-1
1949218,1949472,6,3.083390054218504,0.75,49,0.857142857142857,1.0,8,-1
1949218,1949548,6,3.083390054218504,0.75,49,0.857142857142857,1.0,5,-1
1949218,1949557,6,3.083390054218504,0.75,49,0.857142857142857,1.0,0,-1
1949218,1949566,6,3.083390054218504,0.75,49,0.857142857142857,1.0,8,-1
1949223,1949232,6,3.083390054218504,0.75,49,0.857142857142857,1.0,5,-1
1949223,1949464,6,3.083390054218504,0.75,49,0.857142857142857,1.0,0,-1
1949223,1949472,6,3.083390054218504,0.75,49,0.857142857142857,1.0,5,-1
1949223,1949548,6,3.083390054218504,0.75,49,0.857142857142857,1.0,5,-1
1949223,1949557,6,3.083390054218504,0.75,49,0.857142857142857,1.0,0,-1
1949223,1949566,6,3.083390054218504,0.75,49,0.857142857142857,1.0,5,-1
1949231,1950098,6,3.083390054218504,0.75,49,0.857142857142857,1.0,12,-1
1949231,1950654,6,3.083390054218504,0.75,49,0.857142857142857,1.0,12,-1
1949232,1949464,6,3.083390054218504,0.75,49,0.857142857142857,1.0,0,-1
1949232,1949472,6,3.083390054218504,0.75,49,0.857142857142857,1.0,8,-1
1949232,1949548,6,3.083390054218504,0.75,49,0.857142857142857,1.0,5,-1
1949232,1949557,6,3.083390054218504,0.75,49,0.857142857142857,1.0,0,-1
1949232,1949566,6,3.083390054218504,0.75,49,0.857142857142857,1.0,8,-1
1949257,1949573,3,2.164042561333445,0.6,16,0.75,1.0,4,-1
1949257,1949596,3,2.164042561333445,0.6,16,0.75,1.0,5,-1
1949464,1949472,6,3.083390054218504,0.75,49,0.857142857142857,1.0,0,-1
1949464,1949548,6,3.083390054218504,0.75,49,0.857142857142857,1.0,0,-1
1949464,1949557,6,3.083390054218504,0.75,49,0.857142857142857,1.0,2,-1
1949464,1949566,6,3.083390054218504,0.75,49,0.857142857142857,1.0,0,-1
1949472,1949548,6,3.083390054218504,0.75,49,0.857142857142857,1.0,5,-1
1949472,1949557,6,3.083390054218504,0.75,49,0.857142857142857,1.0,0,-1
1949472,1949566,6,3.083390054218504,0.75,49,0.857142857142857,1.0,8,-1
1949517,1949522,7,3.366288428740915,0.7777777777777778,64,0.875,1.0,16,-1
1949517,1949752,7,3.366288428740915,0.7777777777777778,64,0.875,1.0,16,-1
1949517,1949756,7,3.366288428740915,0.7777777777777778,64,0.875,1.0,16,-1
1949517,1949761,7,3.366288428740915,0.7777777777777778,64,0.875,1.0,16,-1
1949522,1949752,7,3.366288428740915,0.7777777777777778,64,0.875,1.0,16,-1
1949522,1949756,7,3.366288428740915,0.7777777777777778,64,0.875,1.0,16,-1
1949522,1949761,7,3.366288428740915,0.7777777777777778,64,0.875,1.0,16,-1
1949548,1949557,6,3.083390054218504,0.75,49,0.857142857142857,1.0,0,-1
1949548,1949566,6,3.083390054218504,0.75,49,0.857142857142857,1.0,5,-1
1949557,1949566,6,3.083390054218504,0.75,49,0.857142857142857,1.0,0,-1
1949561,1982210,4,2.319124416992254,0.4,45,0.7111111111111112,1.0,5,-1
1949561,1985092,4,2.319124416992254,0.4,45,0.7111111111111112,1.0,5,-1
1949561,2002305,4,2.319124416992254,0.4,45,0.7111111111111112,1.0,5,-1
1949561,2002477,4,2.319124416992254,0.4,45,0.7111111111111112,1.0,5,-1
1949573,1949596,3,2.164042561333445,0.6,16,0.75,1.0,4,-1
1949635,1949657,4,2.203628075573944,0.6666666666666666,25,0.6526315789473685,1.0,8,-1
1949635,1949686,4,2.203628075573944,0.6666666666666666,25,0.6526315789473685,1.0,8,-1
1949635,1949987,4,2.4853397382384474,0.2,95,0.8,1.0,5,-1
1949635,1950050,4,2.203628075573944,0.6666666666666666,25,0.6526315789473685,1.0,8,-1
1949635,1971607,1,0.3396232718951086,0.07142857142857142,50,0.05263157894736842,0.5,2,-1
1949635,1975637,1,0.3396232718951086,0.07142857142857142,50,0.05263157894736842,0.5,2,-1
1949635,1976777,1,0.3396232718951086,0.07142857142857142,50,0.05263157894736842,0.5,2,-1
1949635,1976784,1,0.3396232718951086,0.07142857142857142,50,0.05263157894736842,0.5,2,-1
1949635,1977911,1,0.3396232718951086,0.07142857142857142,50,0.05263157894736842,0.5,2,-1
1949635,1980578,1,0.3396232718951086,0.05555555555555555,70,0.05263157894736842,0.5,2,-1
1949635,1994651,1,0.3396232718951086,0.07142857142857142,50,0.05263157894736842,0.5,2,-1
1949657,1949686,4,2.203628075573944,0.6666666666666666,25,0.6526315789473685,1.0,8,-1
1949657,1949987,4,2.4853397382384474,0.2,95,0.8,1.0,5,-1
1949657,1950050,4,2.203628075573944,0.6666666666666666,25,0.6526315789473685,1.0,8,-1
1949657,1971607,1,0.3396232718951086,0.07142857142857142,50,0.05263157894736842,0.5,2,-1
1949657,1975637,1,0.3396232718951086,0.07142857142857142,50,0.05263157894736842,0.5,2,-1
1949657,1976777,1,0.3396232718951086,0.07142857142857142,50,0.05263157894736842,0.5,2,-1
1949657,1976784,1,0.3396232718951086,0.07142857142857142,50,0.05263157894736842,0.5,2,-1
1949657,1977911,1,0.3396232718951086,0.07142857142857142,50,0.05263157894736842,0.5,2,-1
1949657,1980578,1,0.3396232718951086,0.05555555555555555,70,0.05263157894736842,0.5,2,-1
1949657,1994651,1,0.3396232718951086,0.07142857142857142,50,0.05263157894736842,0.5,2,-1
1949673,1949913,7,3.366288428740915,0.7777777777777778,64,0.875,1.0,8,-1
1949673,1949936,7,3.366288428740915,0.7777777777777778,64,0.875,1.0,8,-1
1949673,1950047,7,3.366288428740915,0.7777777777777778,64,0.875,1.0,8,-1
1949684,1949688,9,3.9086503371292665,0.8181818181818182,100,0.8999999999999999,1.0,10,-1
1949684,1949697,9,3.9086503371292665,0.8181818181818182,100,0.8999999999999999,1.0,10,-1
1949684,1949775,9,3.9086503371292665,0.8181818181818182,100,0.8999999999999999,1.0,10,-1
1949684,1949991,9,3.9086503371292665,0.8181818181818182,100,0.8999999999999999,1.0,10,-1
1949684,1950153,9,3.9086503371292665,0.8181818181818182,100,0.8999999999999999,1.0,10,-1
1949686,1949987,4,2.4853397382384474,0.2,95,0.8,1.0,5,-1
1949686,1950050,4,2.203628075573944,0.6666666666666666,25,0.6526315789473685,1.0,8,-1
1949686,1971607,1,0.3396232718951086,0.07142857142857142,50,0.05263157894736842,0.5,2,-1
1949686,1975637,1,0.3396232718951086,0.07142857142857142,50,0.05263157894736842,0.5,2,-1
1949686,1976777,1,0.3396232718951086,0.07142857142857142,50,0.05263157894736842,0.5,2,-1
1949686,1976784,1,0.3396232718951086,0.07142857142857142,50,0.05263157894736842,0.5,2,-1
1949686,1977911,1,0.3396232718951086,0.07142857142857142,50,0.05263157894736842,0.5,2,-1
1949686,1980578,1,0.3396232718951086,0.05555555555555555,70,0.05263157894736842,0.5,2,-1
1949686,1994651,1,0.3396232718951086,0.07142857142857142,50,0.05263157894736842,0.5,2,-1
1949688,1949697,9,3.9086503371292665,0.8181818181818182,100,0.8999999999999999,1.0,19,-1
1949688,1949775,9,3.9086503371292665,0.8181818181818182,100,0.8999999999999999,1.0,19,-1
1949688,1949991,9,3.9086503371292665,0.8181818181818182,100,0.8999999999999999,1.0,19,-1
1949688,1950153,9,3.9086503371292665,0.8181818181818182,100,0.8999999999999999,1.0,19,-1
1949690,1949944,3,2.164042561333445,0.6,16,0.75,1.0,8,-1
1949690,1950019,3,2.164042561333445,0.6,16,0.75,1.0,8,-1
1949697,1949775,9,3.9086503371292665,0.8181818181818182,100,0.8999999999999999,1.0,19,-1
1949697,1949991,9,3.9086503371292665,0.8181818181818182,100,0.8999999999999999,1.0,19,-1
1949697,1950153,9,3.9086503371292665,0.8181818181818182,100,0.8999999999999999,1.0,19,-1
1949705,1949713,5,2.7905531327562363,0.7142857142857143,36,0.8333333333333333,1.0,6,-1
1949707,1950149,1,1.4426950408889634,0.3333333333333333,4,0.5,1.0,2,1
1949717,1950063,7,3.200447307929137,0.7777777777777778,64,0.7873376623376623,1.0,13,-1
1949717,1950067,7,3.2643132634678786,0.5833333333333334,88,0.8214285714285714,1.0,8,-1
1949737,1949821,13,4.758426432778033,0.8666666666666667,196,0.8503663003663002,1.0,24,-1
1949737,1949998,13,4.758426432778033,0.8666666666666667,196,0.8503663003663002,1.0,24,-1
1949737,1950189,13,4.758426432778033,0.8666666666666667,196,0.8503663003663002,1.0,14,-1
1949737,1950771,1,0.33380820069533407,0.05263157894736842,84,0.05,0.5,2,-1
1949737,1951653,1,0.33380820069533407,0.05263157894736842,84,0.05,0.5,2,-1
1949737,1952715,1,0.33380820069533407,0.05263157894736842,84,0.05,0.5,2,-1
1949752,1949756,7,3.366288428740915,0.7777777777777778,64,0.875,1.0,16,-1
1949752,1949761,7,3.366288428740915,0.7777777777777778,64,0.875,1.0,16,-1
1949756,1949761,7,3.366288428740915,0.7777777777777778,64,0.875,1.0,16,-1
1949760,1950146,0,0.0,0.0,1,0.0,1.0,1,1
1949771,1949912,11,4.426725648200291,0.8461538461538461,144,0.9166666666666667,1.0,12,-1
1949771,1949919,11,4.426725648200291,0.8461538461538461,144,0.9166666666666667,1.0,19,-1
1949771,1949947,11,4.426725648200291,0.8461538461538461,144,0.9166666666666667,1.0,12,-1
1949771,1950280,11,4.426725648200291,0.8461538461538461,144,0.9166666666666667,1.0,12,-1
1949771,1950290,11,4.426725648200291,0.8461538461538461,144,0.9166666666666667,1.0,19,-1
1949771,1950317,11,4.426725648200291,0.8461538461538461,144,0.9166666666666667,1.0,19,-1
1949775,1949991,9,3.9086503371292665,0.8181818181818182,100,0.8999999999999999,1.0,19,-1
1949775,1950153,9,3.9086503371292665,0.8181818181818182,100,0.8999999999999999,1.0,19,-1
1949776,1949780,10,3.954330187380374,0.8333333333333334,121,0.805976430976431,1.0,9,-1
1949776,1949922,10,3.9543301873803736,0.8333333333333334,121,0.8059764309764311,1.0,9,-1
1949776,1950034,10,3.954330187380374,0.8333333333333334,121,0.805976430976431,1.0,9,-1
1949776,1950041,10,3.954330187380374,0.8333333333333334,121,0.805976430976431,1.0,0,-1
1949776,1977213,2,0.618071055986404,0.1111111111111111,99,0.07870370370370369,0.5,3,-1
1949776,2012836,2,0.618071055986404,0.1111111111111111,99,0.07870370370370369,0.5,3,-1
1949776,2013351,2,0.618071055986404,0.1111111111111111,99,0.07870370370370369,0.5,3,-1
1949776,2045522,2,0.618071055986404,0.1111111111111111,99,0.07870370370370369,0.5,3,-1
1949780,1949922,10,3.9543301873803736,0.8333333333333334,121,0.8059764309764311,1.0,9,-1
1949780,1950034,10,3.954330187380374,0.8333333333333334,121,0.805976430976431,1.0,12,-1
1949780,1950041,10,3.954330187380374,0.8333333333333334,121,0.805976430976431,1.0,0,-1
1949780,1977213,2,0.618071055986404,0.1111111111111111,99,0.07870370370370369,0.5,4,-1
1949780,2012836,2,0.618071055986404,0.1111111111111111,99,0.07870370370370369,0.5,3,-1
1949780,2013351,2,0.618071055986404,0.1111111111111111,99,0.07870370370370369,0.5,3,-1
1949780,2045522,2,0.618071055986404,0.1111111111111111,99,0.07870370370370369,0.5,3,-1
1949809,1949813,4,2.4853397382384474,0.6666666666666666,25,0.8,1.0,10,-1
1949809,1949820,4,2.4853397382384474,0.6666666666666666,25,0.8,1.0,10,-1
1949809,1950062,4,2.4853397382384474,0.6666666666666666,25,0.8,1.0,10,-1
1949809,1950348,4,2.4853397382384474,0.6666666666666666,25,0.8,1.0,10,-1
1949813,1949820,4,2.4853397382384474,0.6666666666666666,25,0.8,1.0,10,-1
1949813,1950062,4,2.4853397382384474,0.6666666666666666,25,0.8,1.0,10,1
1949813,1950348,4,2.4853397382384474,0.6666666666666666,25,0.8,1.0,10,-1
1949820,1950062,4,2.4853397382384474,0.6666666666666666,25,0.8,1.0,10,-1
1949820,1950348,4,2.4853397382384474,0.6666666666666666,25,0.8,1.0,10,-1
1949821,1949998,13,4.758426432778033,0.8666666666666667,196,0.8503663003663002,1.0,24,-1
1949821,1950189,13,4.758426432778033,0.8666666666666667,196,0.8503663003663002,1.0,14,-1
1949821,1950771,1,0.33380820069533407,0.05263157894736842,84,0.05,0.5,2,-1
1949821,1951653,1,0.33380820069533407,0.05263157894736842,84,0.05,0.5,2,-1
1949821,1952715,1,0.33380820069533407,0.05263157894736842,84,0.05,0.5,2,-1
1949837,1949997,7,3.366288428740915,0.7777777777777778,64,0.875,1.0,8,-1
1949837,1950120,7,3.366288428740915,0.7777777777777778,64,0.875,1.0,8,-1
1949837,1950422,7,3.366288428740915,0.7777777777777778,64,0.875,1.0,8,-1
1949857,1950099,5,2.7905531327562363,0.7142857142857143,36,0.8333333333333333,1.0,12,-1
1949857,1950467,5,2.7905531327562363,0.7142857142857143,36,0.8333333333333333,1.0,12,-1
1949875,1949885,5,2.7905531327562363,0.7142857142857143,36,0.8333333333333333,1.0,6,-1
1949875,1950045,5,2.7905531327562363,0.7142857142857143,36,0.8333333333333333,1.0,6,-1
1949882,1950621,4,2.2982992855820874,0.36363636363636365,50,0.7000000000000001,1.0,5,-1
1949882,1952345,2,0.8685889638065035,0.2222222222222222,30,0.2,0.5,4,-1
1949882,1983395,2,0.8685889638065035,0.2222222222222222,30,0.2,0.5,3,-1
1949882,1984450,2,0.8685889638065035,0.2222222222222222,30,0.2,0.5,4,-1
1949885,1950045,5,2.7905531327562363,0.7142857142857143,36,0.8333333333333333,1.0,11,-1
1949895,1950921,3,1.589936484250985,0.2727272727272727,40,0.44999999999999996,1.0,8,-1
1949895,1985673,3,1.589936484250985,0.2727272727272727,40,0.44999999999999996,1.0,8,-1
1949911,1973470,6,3.083390054218504,0.75,49,0.857142857142857,1.0,7,-1
1949911,1985371,6,3.083390054218504,0.75,49,0.857142857142857,1.0,7,-1
1949912,1949919,11,4.426725648200291,0.8461538461538461,144,0.9166666666666667,1.0,12,-1
1949912,1949947,11,4.426725648200291,0.8461538461538461,144,0.9166666666666667,1.0,14,-1
1949912,1950280,11,4.426725648200291,0.8461538461538461,144,0.9166666666666667,1.0,14,-1
1949912,1950290,11,4.426725648200291,0.8461538461538461,144,0.9166666666666667,1.0,12,-1
1949912,1950317,11,4.426725648200291,0.8461538461538461,144,0.9166666666666667,1.0,12,-1
1949913,1949936,7,3.366288428740915,0.7777777777777778,64,0.875,1.0,15,-1
1949913,1950047,7,3.366288428740915,0.7777777777777778,64,0.875,1.0,15,-1
1949919,1949947,11,4.426725648200291,0.8461538461538461,144,0.9166666666666667,1.0,12,-1
1949919,1950280,11,4.426725648200291,0.8461538461538461,144,0.9166666666666667,1.0,12,-1
1949919,1950290,11,4.426725648200291,0.8461538461538461,144,0.9166666666666667,1.0,19,-1
1949919,1950317,11,4.426725648200291,0.8461538461538461,144,0.9166666666666667,1.0,19,-1
1949921,1950139,7,3.366288428740915,0.7777777777777778,64,0.875,1.0,13,-1
1949921,1950664,7,3.366288428740915,0.7777777777777778,64,0.875,1.0,13,-1
1949922,1950034,10,3.9543301873803736,0.8333333333333334,121,0.8059764309764311,1.0,9,-1
1949922,1950041,10,3.9543301873803736,0.8333333333333334,121,0.8059764309764311,1.0,0,-1
1949922,1977213,2,0.618071055986404,0.1111111111111111,99,0.07870370370370369,0.5,3,-1
1949922,2012836,2,0.618071055986404,0.1111111111111111,99,0.07870370370370369,0.5,6,-1
1949922,2013351,2,0.618071055986404,0.1111111111111111,99,0.07870370370370369,0.5,6,-1
1949922,2045522,2,0.618071055986404,0.1111111111111111,99,0.07870370370370369,0.5,6,-1
1949931,1950308,2,1.8204784532536746,0.5,9,0.6666666666666666,1.0,3,-1
1949936,1950047,7,3.366288428740915,0.7777777777777778,64,0.875,1.0,15,-1
1949944,1950019,3,2.164042561333445,0.6,16,0.75,1.0,8,-1
1949947,1950280,11,4.426725648200291,0.8461538461538461,144,0.9166666666666667,1.0,14,-1
1949947,1950290,11,4.426725648200291,0.8461538461538461,144,0.9166666666666667,1.0,12,-1
1949947,1950317,11,4.426725648200291,0.8461538461538461,144,0.9166666666666667,1.0,12,-1
1949981,1950046,2,1.8204784532536746,0.5,9,0.6666666666666666,1.0,0,-1
1949981,1950381,2,1.8204784532536746,0.5,9,0.6666666666666666,1.0,0,-1
1949986,1950164,8,3.640956906507349,0.8,81,0.8888888888888891,1.0,15,-1
1949986,1950168,8,3.640956906507349,0.8,81,0.8888888888888891,1.0,0,-1
1949986,1950172,8,3.640956906507349,0.8,81,0.8888888888888891,1.0,15,-1
1949987,1950050,4,2.4853397382384474,0.2,95,0.8,1.0,5,-1
1949987,1971607,9,3.742536436489365,0.45,190,0.8142857142857142,1.0,10,-1
1949987,1975637,9,3.742536436489365,0.45,190,0.8142857142857142,1.0,10,-1
1949987,1976777,9,3.742536436489365,0.45,190,0.8142857142857142,1.0,10,-1
1949987,1976784,9,3.742536436489365,0.45,190,0.8142857142857142,1.0,10,-1
1949987,1977911,9,3.742536436489365,0.45,190,0.8142857142857142,1.0,10,-1
1949987,1980578,13,5.853501106181668,0.65,266,1.4142857142857141,1.0,14,1
1949987,1994651,9,3.742536436489365,0.45,190,0.8142857142857142,1.0,10,-1
1949991,1950153,9,3.9086503371292665,0.8181818181818182,100,0.8999999999999999,1.0,19,-1
1949997,1950120,7,3.366288428740915,0.7777777777777778,64,0.875,1.0,8,-1
1949997,1950422,7,3.366288428740915,0.7777777777777778,64,0.875,1.0,8,-1
1949998,1950189,13,4.758426432778033,0.8666666666666667,196,0.8503663003663002,1.0,14,-1
1949998,1950771,1,0.33380820069533407,0.05263157894736842,84,0.05,0.5,2,-1
1949998,1951653,1,0.33380820069533407,0.05263157894736842,84,0.05,0.5,2,-1
1949998,1952715,1,0.33380820069533407,0.05263157894736842,84,0.05,0.5,2,-1
1950005,1950503,4,2.4853397382384474,0.6666666666666666,25,0.8,1.0,10,-1
1950005,1950507,4,2.4853397382384474,0.6666666666666666,25,0.8,1.0,10,-1
1950015,1950018,4,2.4853397382384474,0.6666666666666666,25,0.8,1.0,8,-1
1950015,1950025,4,2.4853397382384474,0.6666666666666666,25,0.8,1.0,8,-1
1950018,1950025,4,2.4853397382384474,0.6666666666666666,25,0.8,1.0,8,-1
1950034,1950041,10,3.954330187380374,0.8333333333333334,121,0.805976430976431,1.0,0,-1
1950034,1977213,2,0.618071055986404,0.1111111111111111,99,0.07870370370370369,0.5,4,-1
1950034,2012836,2,0.618071055986404,0.1111111111111111,99,0.07870370370370369,0.5,3,-1
1950034,2013351,2,0.618071055986404,0.1111111111111111,99,0.07870370370370369,0.5,3,-1
1950034,2045522,2,0.618071055986404,0.1111111111111111,99,0.07870370370370369,0.5,3,-1
1950041,1977213,2,0.618071055986404,0.1111111111111111,99,0.07870370370370369,0.5,0,-1
1950041,2012836,2,0.618071055986404,0.1111111111111111,99,0.07870370370370369,0.5,0,-1
1950041,2013351,2,0.618071055986404,0.1111111111111111,99,0.07870370370370369,0.5,0,-1
1950041,2045522,2,0.618071055986404,0.1111111111111111,99,0.07870370370370369,0.5,0,-1
1950046,1950381,2,1.8204784532536746,0.5,9,0.6666666666666666,1.0,4,-1
1950050,1971607,1,0.3396232718951086,0.07142857142857142,50,0.05263157894736842,0.5,2,-1
1950050,1975637,1,0.3396232718951086,0.07142857142857142,50,0.05263157894736842,0.5,2,-1
1950050,1976777,1,0.3396232718951086,0.07142857142857142,50,0.05263157894736842,0.5,2,-1
1950050,1976784,1,0.3396232718951086,0.07142857142857142,50,0.05263157894736842,0.5,2,-1
1950050,1977911,1,0.3396232718951086,0.07142857142857142,50,0.05263157894736842,0.5,2,-1
1950050,1980578,1,0.3396232718951086,0.05555555555555555,70,0.05263157894736842,0.5,2,-1
1950050,1994651,1,0.3396232718951086,0.07142857142857142,50,0.05263157894736842,0.5,2,-1
1950061,1950548,5,2.7905531327562363,0.7142857142857143,36,0.8333333333333333,1.0,5,-1
1950062,1950348,4,2.4853397382384474,0.6666666666666666,25,0.8,1.0,10,-1
1950063,1950067,7,3.2643132634678786,0.5833333333333334,88,0.8214285714285714,1.0,8,-1
1950073,1950377,4,2.4853397382384474,0.6666666666666666,25,0.8,1.0,9,-1
1950081,1950094,2,1.8204784532536746,0.5,9,0.6666666666666666,1.0,6,-1
1950085,1950147,4,2.4853397382384474,0.6666666666666666,25,0.8,1.0,8,-1
1950085,1950667,4,2.4853397382384474,0.6666666666666666,25,0.8,1.0,8,-1
1950098,1950654,6,3.083390054218504,0.75,49,0.857142857142857,1.0,12,-1
1950099,1950467,5,2.7905531327562363,0.7142857142857143,36,0.8333333333333333,1.0,12,-1
1950102,1950145,6,2.8039992301220416,0.75,49,0.7103174603174602,1.0,7,-1
1950102,1950600,6,2.971921316230598,0.3157894736842105,126,0.7976190476190474,1.0,7,-1
1950102,1950627,6,2.8039992301220416,0.75,49,0.7103174603174602,1.0,7,-1
1950106,1950110,3,1.8375687735469761,0.6,16,0.5833333333333333,1.0,8,-1
1950106,1950148,3,2.0008056674402104,0.42857142857142855,24,0.6666666666666666,1.0,8,-1
1950106,1950554,3,2.0008056674402104,0.42857142857142855,24,0.6666666666666666,1.0,8,-1
1950110,1950148,3,2.0008056674402104,0.42857142857142855,24,0.6666666666666666,1.0,8,-1
1950110,1950554,3,2.0008056674402104,0.42857142857142855,24,0.6666666666666666,1.0,8,-1
1950120,1950422,7,3.366288428740915,0.7777777777777778,64,0.875,1.0,8,-1
1950139,1950664,7,3.366288428740915,0.7777777777777778,64,0.875,1.0,13,-1
1950145,1950600,6,2.971921316230598,0.3157894736842105,126,0.7976190476190474,1.0,7,-1
1950145,1950627,6,2.8039992301220416,0.75,49,0.7103174603174602,1.0,7,-1
1950147,1950667,4,2.4853397382384474,0.6666666666666666,25,0.8,1.0,8,-1
1950148,1950554,5,3.98452101458712,0.7142857142857143,36,1.4166666666666665,1.0,12,1
1950164,1950168,8,3.640956906507349,0.8,81,0.8888888888888891,1.0,0,-1
1950164,1950172,8,3.640956906507349,0.8,81,0.8888888888888891,1.0,15,-1
1950168,1950172,8,3.640956906507349,0.8,81,0.8888888888888891,1.0,0,-1
1950189,1950771,1,0.33380820069533407,0.05263157894736842,84,0.05,0.5,2,-1
1950189,1951653,1,0.33380820069533407,0.05263157894736842,84,0.05,0.5,2,-1
1950189,1952715,1,0.33380820069533407,0.05263157894736842,84,0.05,0.5,2,-1
1950280,1950290,11,4.426725648200291,0.8461538461538461,144,0.9166666666666667,1.0,12,-1
1950280,1950317,11,4.426725648200291,0.8461538461538461,144,0.9166666666666667,1.0,12,-1
1950290,1950317,11,4.426725648200291,0.8461538461538461,144,0.9166666666666667,1.0,19,-1
1950346,1987239,7,3.264313263467878,0.4666666666666667,112,0.8214285714285714,1.0,13,-1
1950346,2001776,7,3.264313263467878,0.4666666666666667,112,0.8214285714285714,1.0,13,-1
1950346,2004181,7,3.264313263467878,0.4666666666666667,112,0.8214285714285714,1.0,13,-1
1950346,2004194,7,3.264313263467878,0.4666666666666667,112,0.8214285714285714,1.0,7,-1
1950346,2004218,7,3.264313263467878,0.4666666666666667,112,0.8214285714285714,1.0,13,-1
1950346,2004235,7,3.264313263467878,0.4666666666666667,112,0.8214285714285714,1.0,13,-1
1950354,2004715,2,0.7385387461377101,0.5,9,0.13333333333333333,1.0,6,-1
1950359,1950528,17,7.2305848565872886,0.8947368421052632,324,1.6041666666666665,1.0,21,1
1950359,1967192,15,5.395408899372566,0.7894736842105263,288,0.9305555555555556,1.0,16,-1
1950359,1967195,15,5.395408899372566,0.7894736842105263,288,0.9305555555555556,1.0,16,-1
1950359,1967197,15,5.395408899372566,0.7894736842105263,288,0.9305555555555556,1.0,16,-1
1950359,1970718,15,5.395408899372566,0.7894736842105263,288,0.9305555555555556,1.0,16,-1
1950359,1972980,15,5.395408899372566,0.7894736842105263,288,0.9305555555555556,1.0,16,-1
1950359,1972983,15,5.395408899372566,0.7894736842105263,288,0.9305555555555556,1.0,16,-1
1950359,1972986,15,5.395408899372566,0.7894736842105263,288,0.9305555555555556,1.0,16,-1
1950359,1974927,15,5.395408899372566,0.7894736842105263,288,0.9305555555555556,1.0,16,-1
1950359,1975748,15,5.395408899372566,0.7894736842105263,288,0.9305555555555556,1.0,16,-1
1950359,1978080,15,5.395408899372566,0.7894736842105263,288,0.9305555555555556,1.0,16,-1
1950359,1979412,15,5.395408899372566,0.7894736842105263,288,0.9305555555555556,1.0,16,-1
1950359,1979416,15,5.395408899372566,0.7894736842105263,288,0.9305555555555556,1.0,16,-1
1950359,1984528,15,5.395408899372566,0.7894736842105263,288,0.9305555555555556,1.0,16,-1
1950359,1984545,15,5.395408899372566,0.7894736842105263,288,0.9305555555555556,1.0,16,-1
1950359,1984548,15,5.395408899372566,0.7894736842105263,288,0.9305555555555556,1.0,16,-1
1950400,1951220,9,3.4933677661643787,0.5,170,0.6947884416924663,1.0,10,-1
1950400,1951228,9,3.4933677661643787,0.5,170,0.6947884416924665,1.0,12,-1
1950400,2000406,9,3.4933677661643787,0.5,170,0.6947884416924663,1.0,10,-1
1950400,2001992,9,3.4933677661643787,0.5,170,0.6947884416924663,1.0,10,-1
1950400,2004362,9,3.4933677661643787,0.5,170,0.6947884416924663,1.0,10,-1
1950400,2004386,9,3.4933677661643787,0.5,170,0.6947884416924663,1.0,10,-1
1950477,1950486,5,2.7905531327562363,0.7142857142857143,36,0.8333333333333333,1.0,0,-1
1950503,1950507,4,2.4853397382384474,0.6666666666666666,25,0.8,1.0,10,-1
1950528,1967192,15,5.395408899372566,0.7894736842105263,288,0.9305555555555556,1.0,16,-1
1950528,1967195,15,5.395408899372566,0.7894736842105263,288,0.9305555555555556,1.0,16,-1
1950528,1967197,15,5.395408899372566,0.7894736842105263,288,0.9305555555555556,1.0,16,-1
1950528,1970718,15,5.395408899372566,0.7894736842105263,288,0.9305555555555556,1.0,16,-1
1950528,1972980,15,5.395408899372566,0.7894736842105263,288,0.9305555555555556,1.0,16,-1
1950528,1972983,15,5.395408899372566,0.7894736842105263,288,0.9305555555555556,1.0,16,-1
1950528,1972986,15,5.395408899372566,0.7894736842105263,288,0.9305555555555556,1.0,16,-1
1950528,1974927,15,5.395408899372566,0.7894736842105263,288,0.9305555555555556,1.0,16,-1
1950528,1975748,15,5.395408899372566,0.7894736842105263,288,0.9305555555555556,1.0,16,-1
1950528,1978080,15,5.395408899372566,0.7894736842105263,288,0.9305555555555556,1.0,16,-1
1950528,1979412,15,5.395408899372566,0.7894736842105263,288,0.9305555555555556,1.0,16,-1
1950528,1979416,15,5.395408899372566,0.7894736842105263,288,0.9305555555555556,1.0,16,-1
1950528,1984528,15,5.395408899372566,0.7894736842105263,288,0.9305555555555556,1.0,16,-1
1950528,1984545,15,5.395408899372566,0.7894736842105263,288,0.9305555555555556,1.0,16,-1
1950528,1984548,15,5.395408899372566,0.7894736842105263,288,0.9305555555555556,1.0,16,-1
1950600,1950627,6,2.971921316230598,0.3157894736842105,126,0.7976190476190474,1.0,7,-1
1950621,1952345,5,2.666736988108241,0.45454545454545453,60,0.7666666666666666,1.0,6,-1
1950621,1983395,5,2.666736988108241,0.45454545454545453,60,0.7666666666666666,1.0,6,-1
1950621,1984450,5,2.666736988108241,0.45454545454545453,60,0.7666666666666666,1.0,6,-1
1950730,1951625,3,2.164042561333445,0.6,16,0.75,1.0,8,-1
1950730,1951629,3,2.164042561333445,0.6,16,0.75,1.0,8,-1
1950730,1951650,3,2.164042561333445,0.6,16,0.75,1.0,8,-1
1950733,1950750,4,1.9721643862656126,0.3076923076923077,60,0.5295546558704454,1.0,9,-1
1950733,1951636,11,5.556298522132289,0.55,228,1.5178321678321678,1.0,23,1
1950733,1952279,4,1.9721643862656126,0.3076923076923077,60,0.5295546558704454,1.0,9,-1
1950733,1952706,5,2.6206604669981908,0.25,156,0.7435406698564593,1.0,11,-1
1950743,1952282,5,2.7905531327562363,0.7142857142857143,36,0.8333333333333333,1.0,6,-1
1950743,1952291,5,2.7905531327562363,0.7142857142857143,36,0.8333333333333333,1.0,11,-1
1950743,1952713,5,2.7905531327562363,0.7142857142857143,36,0.8333333333333333,1.0,11,-1
1950743,1952718,5,2.7905531327562363,0.7142857142857143,36,0.8333333333333333,1.0,11,-1
1950743,1952719,5,2.7905531327562363,0.7142857142857143,36,0.8333333333333333,1.0,11,-1
1950750,1951636,4,2.0349707187523487,0.2,95,0.5602564102564103,1.0,9,-1
1950750,1952279,4,1.7532590560878454,0.6666666666666666,25,0.41288798920377867,1.0,9,-1
1950750,1952706,4,1.9847227453961769,0.2857142857142857,65,0.5359649122807018,1.0,9,-1
1950760,1950778,13,4.926001361969367,0.8666666666666667,196,0.9285714285714283,1.0,24,-1
1950760,1950782,13,4.926001361969367,0.8666666666666667,196,0.9285714285714283,1.0,24,-1
1950760,1951264,13,4.926001361969367,0.8666666666666667,196,0.9285714285714283,1.0,24,-1
1950760,1951268,13,4.926001361969367,0.8666666666666667,196,0.9285714285714283,1.0,0,-1
1950760,1951278,13,4.926001361969367,0.8666666666666667,196,0.9285714285714283,1.0,24,-1
1950760,1951642,13,4.926001361969367,0.8666666666666667,196,0.9285714285714283,1.0,24,-1
1950760,1951646,13,4.926001361969367,0.8666666666666667,196,0.9285714285714283,1.0,24,-1
1950760,1952299,13,4.926001361969367,0.8666666666666667,196,0.9285714285714283,1.0,13,-1
1950760,1952301,13,4.926001361969367,0.8666666666666667,196,0.9285714285714283,1.0,24,-1
1950760,1952303,13,4.926001361969367,0.8666666666666667,196,0.9285714285714283,1.0,24,-1
1950760,1952308,13,4.926001361969367,0.8666666666666667,196,0.9285714285714283,1.0,24,-1
1950760,1952310,13,4.926001361969367,0.8666666666666667,196,0.9285714285714283,1.0,13,-1
1950760,1952709,13,4.926001361969367,0.8666666666666667,196,0.9285714285714283,1.0,24,-1
1950760,1952723,13,4.926001361969367,0.8666666666666667,196,0.9285714285714283,1.0,24,-1
1950764,1951275,5,2.7905531327562363,0.7142857142857143,36,0.8333333333333333,1.0,10,-1
1950764,1951282,5,2.7905531327562363,0.7142857142857143,36,0.8333333333333333,1.0,10,-1
1950767,1951260,8,3.640956906507349,0.8,81,0.8888888888888891,1.0,8,-1
1950767,1951272,8,3.640956906507349,0.8,81,0.8888888888888891,1.0,0,-1
1950767,1951291,8,3.640956906507349,0.8,81,0.8888888888888891,1.0,8,-1
1950767,1951660,8,3.640956906507349,0.8,81,0.8888888888888891,1.0,8,-1
1950767,1951672,8,3.640956906507349,0.8,81,0.8888888888888891,1.0,8,-1
1950767,1951679,8,3.640956906507349,0.8,81,0.8888888888888891,1.0,8,-1
1950767,1952319,8,3.640956906507349,0.8,81,0.8888888888888891,1.0,8,-1
1950767,1952334,8,3.640956906507349,0.8,81,0.8888888888888891,1.0,8,-1
1950771,1951653,5,2.5662507069003233,0.7142857142857143,36,0.7166666666666666,1.0,6,-1
1950771,1952715,5,2.5662507069003233,0.7142857142857143,36,0.7166666666666666,1.0,7,-1
1950775,1951644,4,2.4853397382384474,0.6666666666666666,25,0.8,1.0,8,1
1950775,1952733,4,2.4853397382384474,0.6666666666666666,25,0.8,1.0,8,1
1950778,1950782,13,4.926001361969367,0.8666666666666667,196,0.9285714285714283,1.0,24,-1
1950778,1951264,13,4.926001361969367,0.8666666666666667,196,0.9285714285714283,1.0,24,-1
1950778,1951268,13,4.926001361969367,0.8666666666666667,196,0.9285714285714283,1.0,0,-1
1950778,1951278,13,4.926001361969367,0.8666666666666667,196,0.9285714285714283,1.0,24,-1
1950778,1951642,13,4.926001361969367,0.8666666666666667,196,0.9285714285714283,1.0,24,-1
1950778,1951646,13,4.926001361969367,0.8666666666666667,196,0.9285714285714283,1.0,24,-1
1950778,1952299,13,4.926001361969367,0.8666666666666667,196,0.9285714285714283,1.0,13,-1
1950778,1952301,13,4.926001361969367,0.8666666666666667,196,0.9285714285714283,1.0,24,-1
1950778,1952303,13,4.926001361969367,0.8666666666666667,196,0.9285714285714283,1.0,24,-1
1950778,1952308,13,4.926001361969367,0.8666666666666667,196,0.9285714285714283,1.0,24,-1
1950778,1952310,13,4.926001361969367,0.8666666666666667,196,0.9285714285714283,1.0,13,-1
1950778,1952709,13,4.926001361969367,0.8666666666666667,196,0.9285714285714283,1.0,24,-1
1950778,1952723,13,4.926001361969367,0.8666666666666667,196,0.9285714285714283,1.0,24,-1
1950782,1951264,13,4.926001361969367,0.8666666666666667,196,0.9285714285714283,1.0,24,-1
1950782,1951268,13,4.926001361969367,0.8666666666666667,196,0.9285714285714283,1.0,0,-1
1950782,1951278,13,4.926001361969367,0.8666666666666667,196,0.9285714285714283,1.0,24,-1
1950782,1951642,13,4.926001361969367,0.8666666666666667,196,0.9285714285714283,1.0,24,-1
1950782,1951646,13,4.926001361969367,0.8666666666666667,196,0.9285714285714283,1.0,24,-1
1950782,1952299,13,4.926001361969367,0.8666666666666667,196,0.9285714285714283,1.0,13,-1
1950782,1952301,13,4.926001361969367,0.8666666666666667,196,0.9285714285714283,1.0,24,-1
1950782,1952303,13,4.926001361969367,0.8666666666666667,196,0.9285714285714283,1.0,24,-1
1950782,1952308,13,4.926001361969367,0.8666666666666667,196,0.9285714285714283,1.0,24,-1
1950782,1952310,13,4.926001361969367,0.8666666666666667,196,0.9285714285714283,1.0,13,-1
1950782,1952709,13,4.926001361969367,0.8666666666666667,196,0.9285714285714283,1.0,24,-1
1950782,1952723,13,4.926001361969367,0.8666666666666667,196,0.9285714285714283,1.0,24,-1
1950785,1950789,7,3.366288428740915,0.7777777777777778,64,0.875,1.0,13,-1
1950785,1951692,7,3.366288428740915,0.7777777777777778,64,0.875,1.0,8,-1
1950785,1952343,7,3.366288428740915,0.7777777777777778,64,0.875,1.0,8,-1
1950785,1952346,7,3.366288428740915,0.7777777777777778,64,0.875,1.0,13,-1
1950785,1952350,7,3.366288428740915,0.7777777777777778,64,0.875,1.0,13,-1
1950785,1952754,7,3.366288428740915,0.7777777777777778,64,0.875,1.0,13,-1
1950789,1951692,7,3.366288428740915,0.7777777777777778,64,0.875,1.0,8,-1
1950789,1952343,7,3.366288428740915,0.7777777777777778,64,0.875,1.0,8,-1
1950789,1952346,7,3.366288428740915,0.7777777777777778,64,0.875,1.0,13,-1
1950789,1952350,7,3.366288428740915,0.7777777777777778,64,0.875,1.0,13,-1
1950789,1952754,7,3.366288428740915,0.7777777777777778,64,0.875,1.0,13,-1
1950794,1951690,3,2.164042561333445,0.6,16,0.75,1.0,7,-1
1950794,1952744,3,2.164042561333445,0.6,16,0.75,1.0,4,-1
1950794,1952752,3,2.164042561333445,0.6,16,0.75,1.0,7,-1
1950799,1950803,3,2.164042561333445,0.6,16,0.75,1.0,2,-1
1950799,1950857,3,2.164042561333445,0.6,16,0.75,1.0,2,-1
1950799,1951703,3,2.164042561333445,0.6,16,0.75,1.0,0,-1
1950803,1950857,3,2.164042561333445,0.6,16,0.75,1.0,2,-1
1950803,1951703,3,2.164042561333445,0.6,16,0.75,1.0,0,-1
1950807,1951310,7,3.366288428740915,0.7777777777777778,64,0.875,1.0,14,-1
1950807,1951685,7,3.366288428740915,0.7777777777777778,64,0.875,1.0,14,-1
1950807,1952755,7,3.366288428740915,0.7777777777777778,64,0.875,1.0,14,-1
1950811,1950819,8,3.640956906507349,0.8,81,0.8888888888888891,1.0,9,-1
1950811,1951300,8,3.640956906507349,0.8,81,0.8888888888888891,1.0,9,-1
1950811,1951698,8,3.640956906507349,0.8,81,0.8888888888888891,1.0,9,-1
1950811,1951705,8,3.640956906507349,0.8,81,0.8888888888888891,1.0,9,-1
1950811,1951708,8,3.640956906507349,0.8,81,0.8888888888888891,1.0,9,-1
1950811,1952373,8,3.640956906507349,0.8,81,0.8888888888888891,1.0,9,-1
1950815,1951296,11,4.073895825884729,0.8461538461538461,144,0.7494824016563147,1.0,12,-1
1950815,1951322,11,4.073895825884729,0.8461538461538461,144,0.7494824016563147,1.0,16,1
1950815,1951676,11,4.073895825884729,0.8461538461538461,144,0.7494824016563147,1.0,16,1
1950815,1951682,11,4.073895825884729,0.8461538461538461,144,0.7494824016563147,1.0,12,1
1950815,1952327,11,4.073895825884729,0.8461538461538461,144,0.7494824016563147,1.0,16,1
1950815,1952331,11,4.073895825884729,0.8461538461538461,144,0.7494824016563147,1.0,12,1
1950815,1952337,11,4.157396441362772,0.4583333333333333,276,0.7893374741200829,1.0,12,1
1950819,1951300,8,3.640956906507349,0.8,81,0.8888888888888891,1.0,9,-1
1950819,1951698,8,3.640956906507349,0.8,81,0.8888888888888891,1.0,9,-1
1950819,1951705,8,3.640956906507349,0.8,81,0.8888888888888891,1.0,12,-1
1950819,1951708,8,3.640956906507349,0.8,81,0.8888888888888891,1.0,12,-1
1950819,1952373,8,3.640956906507349,0.8,81,0.8888888888888891,1.0,12,-1
1950823,1951333,5,2.7905531327562363,0.7142857142857143,36,0.8333333333333333,1.0,12,-1
1950823,1951344,5,2.7905531327562363,0.7142857142857143,36,0.8333333333333333,1.0,12,-1
1950823,1951724,5,2.7905531327562363,0.7142857142857143,36,0.8333333333333333,1.0,12,-1
1950823,1952363,5,2.7905531327562363,0.7142857142857143,36,0.8333333333333333,1.0,12,-1
1950823,1952375,5,2.7905531327562363,0.7142857142857143,36,0.8333333333333333,1.0,12,-1
1950823,1952769,5,2.7905531327562363,0.7142857142857143,36,0.8333333333333333,1.0,12,-1
1950843,1950881,10,4.170323914242463,0.8333333333333334,121,0.9090909090909093,1.0,14,-1
1950843,1950888,10,4.170323914242463,0.8333333333333334,121,0.9090909090909093,1.0,14,-1
1950843,1950897,10,4.170323914242463,0.8333333333333334,121,0.9090909090909093,1.0,0,-1
1950843,1951719,10,4.170323914242463,0.8333333333333334,121,0.9090909090909093,1.0,14,-1
1950843,1951722,10,4.170323914242463,0.8333333333333334,121,0.9090909090909093,1.0,0,-1
1950843,1951729,10,4.170323914242463,0.8333333333333334,121,0.9090909090909093,1.0,0,-1
1950843,1952371,10,4.170323914242463,0.8333333333333334,121,0.9090909090909093,1.0,14,-1
1950843,1952756,10,4.170323914242463,0.8333333333333334,121,0.9090909090909093,1.0,0,-1
1950843,1952757,10,4.170323914242463,0.8333333333333334,121,0.9090909090909093,1.0,14,-1
1950843,1952762,10,4.170323914242463,0.8333333333333334,121,0.9090909090909093,1.0,14,-1
1950848,1950860,8,3.640956906507349,0.8,81,0.8888888888888891,1.0,9,-1
1950848,1951337,8,3.640956906507349,0.8,81,0.8888888888888891,1.0,9,-1
1950848,1951347,8,3.640956906507349,0.8,81,0.8888888888888891,1.0,9,-1
1950848,1951714,8,3.640956906507349,0.8,81,0.8888888888888891,1.0,9,-1
1950848,1951732,8,3.640956906507349,0.8,81,0.8888888888888891,1.0,9,-1
1950848,1951739,8,3.640956906507349,0.8,81,0.8888888888888891,1.0,9,-1
1950848,1952366,8,3.640956906507349,0.8,81,0.8888888888888891,1.0,9,-1
1950848,1952772,8,3.640956906507349,0.8,81,0.8888888888888891,1.0,9,-1
1950852,1951315,3,1.8978146542023822,0.6,16,0.6111111111111112,1.0,4,-1
1950852,1952361,3,1.8978146542023822,0.6,16,0.6111111111111112,1.0,4,-1
1950852,1952746,3,1.8978146542023822,0.6,16,0.6111111111111112,1.0,4,-1
1950852,1965682,1,0.45511961331341866,0.125,20,0.1111111111111111,0.5,2,-1
1950852,1971386,1,0.45511961331341866,0.125,20,0.1111111111111111,0.5,2,-1
1950852,1982475,1,0.45511961331341866,0.125,20,0.1111111111111111,0.5,2,-1
1950857,1951703,3,2.164042561333445,0.6,16,0.75,1.0,0,-1
1950860,1951337,8,3.640956906507349,0.8,81,0.8888888888888891,1.0,9,-1
1950860,1951347,8,3.640956906507349,0.8,81,0.8888888888888891,1.0,9,-1
1950860,1951714,8,3.640956906507349,0.8,81,0.8888888888888891,1.0,12,-1
1950860,1951732,8,3.640956906507349,0.8,81,0.8888888888888891,1.0,12,-1
1950860,1951739,8,3.640956906507349,0.8,81,0.8888888888888891,1.0,9,-1
1950860,1952366,8,3.640956906507349,0.8,81,0.8888888888888891,1.0,12,-1
1950860,1952772,8,3.640956906507349,0.8,81,0.8888888888888891,1.0,9,-1
1950868,1951355,9,3.5764225358494626,0.6,140,0.7285714285714284,1.0,10,1
1950868,1951363,13,5.368971763675772,0.8666666666666667,196,1.157142857142857,1.0,25,1
1950868,1951746,13,5.368971763675772,0.8666666666666667,196,1.157142857142857,1.0,25,1
1950868,1951748,13,5.368971763675772,0.8666666666666667,196,1.157142857142857,1.0,25,1
1950868,1951754,13,5.368971763675772,0.8666666666666667,196,1.157142857142857,1.0,25,1
1950868,1952411,13,5.368971763675772,0.8666666666666667,196,1.157142857142857,1.0,25,1
1950868,1952413,9,3.5764225358494626,0.6,140,0.7285714285714284,1.0,19,-1
1950868,1952415,13,5.368971763675772,0.8666666666666667,196,1.157142857142857,1.0,25,1
1950868,1952417,9,3.5764225358494626,0.6,140,0.7285714285714284,1.0,19,1
1950868,1952429,9,3.5764225358494626,0.6,140,0.7285714285714284,1.0,19,1
1950873,1952388,1,1.4426950408889634,0.3333333333333333,4,0.5,1.0,3,-1
1950873,1952396,1,1.4426950408889634,0.3333333333333333,4,0.5,1.0,2,-1
1950877,1950916,4,2.4853397382384474,0.6666666666666666,25,0.8,1.0,5,-1
1950877,1951351,4,2.4853397382384474,0.6666666666666666,25,0.8,1.0,5,-1
1950877,1951758,4,2.4853397382384474,0.6666666666666666,25,0.8,1.0,6,-1
1950881,1950888,10,4.170323914242463,0.8333333333333334,121,0.9090909090909093,1.0,14,-1
1950881,1950897,10,4.170323914242463,0.8333333333333334,121,0.9090909090909093,1.0,0,-1
1950881,1951719,10,4.170323914242463,0.8333333333333334,121,0.9090909090909093,1.0,14,-1
1950881,1951722,10,4.170323914242463,0.8333333333333334,121,0.9090909090909093,1.0,0,-1
1950881,1951729,10,4.170323914242463,0.8333333333333334,121,0.9090909090909093,1.0,0,-1
1950881,1952371,10,4.170323914242463,0.8333333333333334,121,0.9090909090909093,1.0,14,-1
1950881,1952756,10,4.170323914242463,0.8333333333333334,121,0.9090909090909093,1.0,0,-1
1950881,1952757,10,4.170323914242463,0.8333333333333334,121,0.9090909090909093,1.0,14,-1
1950881,1952762,10,4.170323914242463,0.8333333333333334,121,0.9090909090909093,1.0,14,-1
1950888,1950897,10,4.170323914242463,0.8333333333333334,121,0.9090909090909093,1.0,0,-1
1950888,1951719,10,4.170323914242463,0.8333333333333334,121,0.9090909090909093,1.0,14,-1
1950888,1951722,10,4.170323914242463,0.8333333333333334,121,0.9090909090909093,1.0,0,-1
1950888,1951729,10,4.170323914242463,0.8333333333333334,121,0.9090909090909093,1.0,0,-1
1950888,1952371,10,4.170323914242463,0.8333333333333334,121,0.9090909090909093,1.0,14,-1
1950888,1952756,10,4.170323914242463,0.8333333333333334,121,0.9090909090909093,1.0,0,-1
1950888,1952757,10,4.170323914242463,0.8333333333333334,121,0.9090909090909093,1.0,14,-1
1950888,1952762,10,4.170323914242463,0.8333333333333334,121,0.9090909090909093,1.0,14,-1
1950892,1951330,5,2.7905531327562363,0.7142857142857143,36,0.8333333333333333,1.0,6,-1
1950892,1951341,5,2.7905531327562363,0.7142857142857143,36,0.8333333333333333,1.0,11,-1
1950892,1952379,5,2.7905531327562363,0.7142857142857143,36,0.8333333333333333,1.0,11,-1
1950892,1952407,5,2.7905531327562363,0.7142857142857143,36,0.8333333333333333,1.0,11,-1
1950892,1952765,5,2.7905531327562363,0.7142857142857143,36,0.8333333333333333,1.0,11,-1
1950892,1952773,5,2.7905531327562363,0.7142857142857143,36,0.8333333333333333,1.0,11,-1
1950897,1951719,10,4.170323914242463,0.8333333333333334,121,0.9090909090909093,1.0,0,-1
1950897,1951722,10,4.170323914242463,0.8333333333333334,121,0.9090909090909093,1.0,3,-1
1950897,1951729,10,4.170323914242463,0.8333333333333334,121,0.9090909090909093,1.0,3,-1
1950897,1952371,10,4.170323914242463,0.8333333333333334,121,0.9090909090909093,1.0,0,-1
1950897,1952756,10,4.170323914242463,0.8333333333333334,121,0.9090909090909093,1.0,3,-1
1950897,1952757,10,4.170323914242463,0.8333333333333334,121,0.9090909090909093,1.0,0,-1
1950897,1952762,10,4.170323914242463,0.8333333333333334,121,0.9090909090909093,1.0,0,-1
1950916,1951351,4,2.4853397382384474,0.6666666666666666,25,0.8,1.0,5,-1
1950916,1951758,4,2.4853397382384474,0.6666666666666666,25,0.8,1.0,5,-1
1950921,1985673,3,1.3028834457097553,0.6,16,0.30000000000000004,1.0,8,-1
1950942,1950947,11,4.426725648200291,0.8461538461538461,144,0.9166666666666667,1.0,21,1
1950942,1950951,11,4.426725648200291,0.8461538461538461,144,0.9166666666666667,1.0,21,1
1950942,1950956,11,4.426725648200291,0.8461538461538461,144,0.9166666666666667,1.0,21,1
1950942,1951780,11,4.426725648200291,0.8461538461538461,144,0.9166666666666667,1.0,21,1
1950942,1951782,11,4.426725648200291,0.8461538461538461,144,0.9166666666666667,1.0,21,1
1950942,1952431,11,4.426725648200291,0.8461538461538461,144,0.9166666666666667,1.0,21,1
1950942,1952437,11,4.426725648200291,0.8461538461538461,144,0.9166666666666667,1.0,21,1
1950942,2001857,11,4.426725648200291,0.8461538461538461,144,0.9166666666666667,1.0,12,-1
1950942,2001860,11,4.426725648200291,0.8461538461538461,144,0.9166666666666667,1.0,12,-1
1950942,2004268,11,4.426725648200291,0.8461538461538461,144,0.9166666666666667,1.0,12,-1
1950942,2004312,11,4.426725648200291,0.8461538461538461,144,0.9166666666666667,1.0,21,-1
1950942,2004746,11,4.426725648200291,0.8461538461538461,144,0.9166666666666667,1.0,21,-1
1950947,1950951,11,4.426725648200291,0.8461538461538461,144,0.9166666666666667,1.0,21,1
1950947,1950956,11,4.426725648200291,0.8461538461538461,144,0.9166666666666667,1.0,21,1
1950947,1951780,11,4.426725648200291,0.8461538461538461,144,0.9166666666666667,1.0,21,1
1950947,1951782,11,4.426725648200291,0.8461538461538461,144,0.9166666666666667,1.0,21,1
1950947,1952431,11,4.426725648200291,0.8461538461538461,144,0.9166666666666667,1.0,21,1
1950947,1952437,11,4.426725648200291,0.8461538461538461,144,0.9166666666666667,1.0,21,1
1950947,2001857,11,4.426725648200291,0.8461538461538461,144,0.9166666666666667,1.0,12,-1
1950947,2001860,11,4.426725648200291,0.8461538461538461,144,0.9166666666666667,1.0,12,-1
1950947,2004268,11,4.426725648200291,0.8461538461538461,144,0.9166666666666667,1.0,12,-1
1950947,2004312,11,4.426725648200291,0.8461538461538461,144,0.9166666666666667,1.0,21,-1
1950947,2004746,11,4.426725648200291,0.8461538461538461,144,0.9166666666666667,1.0,21,-1
1950951,1950956,11,4.426725648200291,0.8461538461538461,144,0.9166666666666667,1.0,21,1
1950951,1951780,11,4.426725648200291,0.8461538461538461,144,0.9166666666666667,1.0,21,1
1950951,1951782,11,4.426725648200291,0.8461538461538461,144,0.9166666666666667,1.0,21,1
1950951,1952431,11,4.426725648200291,0.8461538461538461,144,0.9166666666666667,1.0,21,1
1950951,1952437,11,4.426725648200291,0.8461538461538461,144,0.9166666666666667,1.0,21,1
1950951,2001857,11,4.426725648200291,0.8461538461538461,144,0.9166666666666667,1.0,12,-1
1950951,2001860,11,4.426725648200291,0.8461538461538461,144,0.9166666666666667,1.0,12,-1
1950951,2004268,11,4.426725648200291,0.8461538461538461,144,0.9166666666666667,1.0,12,-1
1950951,2004312,11,4.426725648200291,0.8461538461538461,144,0.9166666666666667,1.0,21,-1
1950951,2004746,11,4.426725648200291,0.8461538461538461,144,0.9166666666666667,1.0,21,-1
1950956,1951780,11,4.426725648200291,0.8461538461538461,144,0.9166666666666667,1.0,21,1
1950956,1951782,11,4.426725648200291,0.8461538461538461,144,0.9166666666666667,1.0,21,1
1950956,1952431,11,4.426725648200291,0.8461538461538461,144,0.9166666666666667,1.0,21,1
1950956,1952437,11,4.426725648200291,0.8461538461538461,144,0.9166666666666667,1.0,21,1
1950956,2001857,11,4.426725648200291,0.8461538461538461,144,0.9166666666666667,1.0,12,-1
1950956,2001860,11,4.426725648200291,0.8461538461538461,144,0.9166666666666667,1.0,12,-1
1950956,2004268,11,4.426725648200291,0.8461538461538461,144,0.9166666666666667,1.0,12,-1
1950956,2004312,11,4.426725648200291,0.8461538461538461,144,0.9166666666666667,1.0,21,-1
1950956,2004746,11,4.426725648200291,0.8461538461538461,144,0.9166666666666667,1.0,21,-1
1951220,1951228,9,3.4120294081258877,0.8181818181818182,100,0.6536119711042311,1.0,10,1
1951220,2000406,9,3.4120294081258877,0.8181818181818182,100,0.6536119711042311,1.0,10,-1
1951220,2001992,9,3.4120294081258877,0.8181818181818182,100,0.6536119711042311,1.0,10,-1
1951220,2004362,9,3.4120294081258877,0.8181818181818182,100,0.6536119711042311,1.0,10,-1
1951220,2004386,9,3.4120294081258877,0.8181818181818182,100,0.6536119711042311,1.0,10,-1
1951228,2000406,9,3.4120294081258877,0.8181818181818182,100,0.6536119711042311,1.0,10,-1
1951228,2001992,9,3.4120294081258877,0.8181818181818182,100,0.6536119711042311,1.0,10,-1
1951228,2004362,9,3.4120294081258877,0.8181818181818182,100,0.6536119711042311,1.0,10,-1
1951228,2004386,9,3.4120294081258877,0.8181818181818182,100,0.6536119711042311,1.0,10,-1
1951258,1952426,8,3.5196454938892643,0.8,81,0.827777777777778,1.0,14,1
1951258,2017078,8,3.5196454938892643,0.8,81,0.827777777777778,1.0,0,-1
1951258,2019874,8,3.5196454938892643,0.8,81,0.827777777777778,1.0,14,-1
1951258,2019891,8,3.5196454938892643,0.8,81,0.827777777777778,1.0,14,-1
1951258,2019895,8,3.5196454938892643,0.8,81,0.827777777777778,1.0,0,-1
1951258,2024448,8,3.5196454938892643,0.8,81,0.827777777777778,1.0,14,-1
1951258,2024451,8,3.5196454938892643,0.8,81,0.827777777777778,1.0,14,-1
1951260,1951272,8,3.640956906507349,0.8,81,0.8888888888888891,1.0,0,-1
1951260,1951291,8,3.640956906507349,0.8,81,0.8888888888888891,1.0,11,-1
1951260,1951660,8,3.640956906507349,0.8,81,0.8888888888888891,1.0,11,-1
1951260,1951672,8,3.640956906507349,0.8,81,0.8888888888888891,1.0,8,-1
1951260,1951679,8,3.640956906507349,0.8,81,0.8888888888888891,1.0,8,-1
1951260,1952319,8,3.640956906507349,0.8,81,0.8888888888888891,1.0,8,-1
1951260,1952334,8,3.640956906507349,0.8,81,0.8888888888888891,1.0,8,-1
1951264,1951268,13,4.926001361969367,0.8666666666666667,196,0.9285714285714283,1.0,0,-1
1951264,1951278,13,4.926001361969367,0.8666666666666667,196,0.9285714285714283,1.0,24,-1
1951264,1951642,13,4.926001361969367,0.8666666666666667,196,0.9285714285714283,1.0,24,-1
1951264,1951646,13,4.926001361969367,0.8666666666666667,196,0.9285714285714283,1.0,24,-1
1951264,1952299,13,4.926001361969367,0.8666666666666667,196,0.9285714285714283,1.0,13,-1
1951264,1952301,13,4.926001361969367,0.8666666666666667,196,0.9285714285714283,1.0,24,-1
1951264,1952303,13,4.926001361969367,0.8666666666666667,196,0.9285714285714283,1.0,24,-1
1951264,1952308,13,4.926001361969367,0.8666666666666667,196,0.9285714285714283,1.0,24,-1
1951264,1952310,13,4.926001361969367,0.8666666666666667,196,0.9285714285714283,1.0,13,-1
1951264,1952709,13,4.926001361969367,0.8666666666666667,196,0.9285714285714283,1.0,24,-1
1951264,1952723,13,4.926001361969367,0.8666666666666667,196,0.9285714285714283,1.0,24,-1
1951268,1951278,13,4.926001361969367,0.8666666666666667,196,0.9285714285714283,1.0,0,-1
1951268,1951642,13,4.926001361969367,0.8666666666666667,196,0.9285714285714283,1.0,0,-1
1951268,1951646,13,4.926001361969367,0.8666666666666667,196,0.9285714285714283,1.0,0,-1
1951268,1952299,13,4.926001361969367,0.8666666666666667,196,0.9285714285714283,1.0,0,-1
1951268,1952301,13,4.926001361969367,0.8666666666666667,196,0.9285714285714283,1.0,0,-1
1951268,1952303,13,4.926001361969367,0.8666666666666667,196,0.9285714285714283,1.0,0,-1
1951268,1952308,13,4.926001361969367,0.8666666666666667,196,0.9285714285714283,1.0,0,-1
1951268,1952310,13,4.926001361969367,0.8666666666666667,196,0.9285714285714283,1.0,0,-1
1951268,1952709,13,4.926001361969367,0.8666666666666667,196,0.9285714285714283,1.0,0,-1
1951268,1952723,13,4.926001361969367,0.8666666666666667,196,0.9285714285714283,1.0,0,-1
1951272,1951291,8,3.640956906507349,0.8,81,0.8888888888888891,1.0,0,-1
1951272,1951660,8,3.640956906507349,0.8,81,0.8888888888888891,1.0,0,-1
1951272,1951672,8,3.640956906507349,0.8,81,0.8888888888888891,1.0,0,-1
1951272,1951679,8,3.640956906507349,0.8,81,0.8888888888888891,1.0,0,-1
1951272,1952319,8,3.640956906507349,0.8,81,0.8888888888888891,1.0,0,-1
1951272,1952334,8,3.640956906507349,0.8,81,0.8888888888888891,1.0,0,-1
1951275,1951282,5,2.7905531327562363,0.7142857142857143,36,0.8333333333333333,1.0,10,-1
1951278,1951642,13,4.926001361969367,0.8666666666666667,196,0.9285714285714283,1.0,24,-1
1951278,1951646,13,4.926001361969367,0.8666666666666667,196,0.9285714285714283,1.0,24,-1
1951278,1952299,13,4.926001361969367,0.8666666666666667,196,0.9285714285714283,1.0,13,-1
1951278,1952301,13,4.926001361969367,0.8666666666666667,196,0.9285714285714283,1.0,24,-1
1951278,1952303,13,4.926001361969367,0.8666666666666667,196,0.9285714285714283,1.0,24,-1
1951278,1952308,13,4.926001361969367,0.8666666666666667,196,0.9285714285714283,1.0,24,-1
1951278,1952310,13,4.926001361969367,0.8666666666666667,196,0.9285714285714283,1.0,13,-1
1951278,1952709,13,4.926001361969367,0.8666666666666667,196,0.9285714285714283,1.0,24,-1
1951278,1952723,13,4.926001361969367,0.8666666666666667,196,0.9285714285714283,1.0,24,-1
1951286,1951319,2,1.8204784532536746,0.5,9,0.6666666666666666,1.0,6,-1
1951286,1952735,2,1.8204784532536746,0.5,9,0.6666666666666666,1.0,6,-1
1951286,1952737,2,1.8204784532536746,0.5,9,0.6666666666666666,1.0,6,-1
1951291,1951660,8,3.640956906507349,0.8,81,0.8888888888888891,1.0,11,-1
1951291,1951672,8,3.640956906507349,0.8,81,0.8888888888888891,1.0,8,-1
1951291,1951679,8,3.640956906507349,0.8,81,0.8888888888888891,1.0,8,-1
1951291,1952319,8,3.640956906507349,0.8,81,0.8888888888888891,1.0,8,-1
1951291,1952334,8,3.640956906507349,0.8,81,0.8888888888888891,1.0,8,-1
1951296,1951322,11,4.073895825884729,0.8461538461538461,144,0.7494824016563147,1.0,12,-1
1951296,1951676,11,4.073895825884729,0.8461538461538461,144,0.7494824016563147,1.0,12,-1
1951296,1951682,11,4.073895825884729,0.8461538461538461,144,0.7494824016563146,1.0,12,-1
1951296,1952327,11,4.073895825884729,0.8461538461538461,144,0.7494824016563146,1.0,12,-1
1951296,1952331,11,4.073895825884729,0.8461538461538461,144,0.7494824016563146,1.0,12,-1
1951296,1952337,11,4.157396441362772,0.4583333333333333,276,0.7893374741200829,1.0,12,-1
1951300,1951698,8,3.640956906507349,0.8,81,0.8888888888888891,1.0,9,-1
1951300,1951705,8,3.640956906507349,0.8,81,0.8888888888888891,1.0,9,-1
1951300,1951708,8,3.640956906507349,0.8,81,0.8888888888888891,1.0,9,-1
1951300,1952373,8,3.640956906507349,0.8,81,0.8888888888888891,1.0,9,-1
1951303,1951307,4,2.4853397382384474,0.6666666666666666,25,0.8,1.0,5,-1
1951303,1951695,4,2.4853397382384474,0.6666666666666666,25,0.8,1.0,9,-1
1951303,1952339,4,2.4853397382384474,0.6666666666666666,25,0.8,1.0,9,-1
1951303,1952354,4,2.4853397382384474,0.6666666666666666,25,0.8,1.0,9,-1
1951303,1952358,4,2.4853397382384474,0.6666666666666666,25,0.8,1.0,9,-1
1951307,1951695,4,2.4853397382384474,0.6666666666666666,25,0.8,1.0,5,-1
1951307,1952339,4,2.4853397382384474,0.6666666666666666,25,0.8,1.0,5,-1
1951307,1952354,4,2.4853397382384474,0.6666666666666666,25,0.8,1.0,5,-1
1951307,1952358,4,2.4853397382384474,0.6666666666666666,25,0.8,1.0,5,-1
1951310,1951685,7,3.366288428740915,0.7777777777777778,64,0.875,1.0,14,-1
1951310,1952755,7,3.366288428740915,0.7777777777777778,64,0.875,1.0,14,-1
1951315,1952361,3,1.8978146542023822,0.6,16,0.6111111111111112,1.0,4,-1
1951315,1952746,3,1.8978146542023822,0.6,16,0.6111111111111112,1.0,5,-1
1951315,1965682,1,0.45511961331341866,0.125,20,0.1111111111111111,0.5,2,-1
1951315,1971386,1,0.45511961331341866,0.125,20,0.1111111111111111,0.5,2,-1
1951315,1982475,1,0.45511961331341866,0.125,20,0.1111111111111111,0.5,2,-1
1951319,1952735,2,1.8204784532536746,0.5,9,0.6666666666666666,1.0,6,-1
1951319,1952737,2,1.8204784532536746,0.5,9,0.6666666666666666,1.0,6,-1
1951322,1951676,11,4.073895825884729,0.8461538461538461,144,0.7494824016563147,1.0,16,1
1951322,1951682,11,4.073895825884729,0.8461538461538461,144,0.7494824016563147,1.0,12,1
1951322,1952327,11,4.073895825884729,0.8461538461538461,144,0.7494824016563147,1.0,16,1
1951322,1952331,11,4.073895825884729,0.8461538461538461,144,0.7494824016563147,1.0,12,1
1951322,1952337,11,4.157396441362772,0.4583333333333333,276,0.7893374741200829,1.0,12,1
1951330,1951341,5,2.7905531327562363,0.7142857142857143,36,0.8333333333333333,1.0,6,-1
1951330,1952379,5,2.7905531327562363,0.7142857142857143,36,0.8333333333333333,1.0,6,-1
1951330,1952407,5,2.7905531327562363,0.7142857142857143,36,0.8333333333333333,1.0,6,-1
1951330,1952765,5,2.7905531327562363,0.7142857142857143,36,0.8333333333333333,1.0,6,-1
1951330,1952773,5,2.7905531327562363,0.7142857142857143,36,0.8333333333333333,1.0,6,-1
1951333,1951344,5,2.7905531327562363,0.7142857142857143,36,0.8333333333333333,1.0,12,-1
1951333,1951724,5,2.7905531327562363,0.7142857142857143,36,0.8333333333333333,1.0,12,-1
1951333,1952363,5,2.7905531327562363,0.7142857142857143,36,0.8333333333333333,1.0,12,-1
1951333,1952375,5,2.7905531327562363,0.7142857142857143,36,0.8333333333333333,1.0,12,-1
1951333,1952769,5,2.7905531327562363,0.7142857142857143,36,0.8333333333333333,1.0,12,-1
1951337,1951347,8,3.640956906507349,0.8,81,0.8888888888888891,1.0,9,-1
1951337,1951714,8,3.640956906507349,0.8,81,0.8888888888888891,1.0,9,-1
1951337,1951732,8,3.640956906507349,0.8,81,0.8888888888888891,1.0,9,-1
1951337,1951739,8,3.640956906507349,0.8,81,0.8888888888888891,1.0,9,-1
1951337,1952366,8,3.640956906507349,0.8,81,0.8888888888888891,1.0,9,-1
1951337,1952772,8,3.640956906507349,0.8,81,0.8888888888888891,1.0,9,-1
1951341,1952379,5,2.7905531327562363,0.7142857142857143,36,0.8333333333333333,1.0,11,-1
1951341,1952407,5,2.7905531327562363,0.7142857142857143,36,0.8333333333333333,1.0,11,-1
1951341,1952765,5,2.7905531327562363,0.7142857142857143,36,0.8333333333333333,1.0,11,-1
1951341,1952773,5,2.7905531327562363,0.7142857142857143,36,0.8333333333333333,1.0,11,-1
1951344,1951724,5,2.7905531327562363,0.7142857142857143,36,0.8333333333333333,1.0,12,-1
1951344,1952363,5,2.7905531327562363,0.7142857142857143,36,0.8333333333333333,1.0,12,-1
1951344,1952375,5,2.7905531327562363,0.7142857142857143,36,0.8333333333333333,1.0,12,-1
1951344,1952769,5,2.7905531327562363,0.7142857142857143,36,0.8333333333333333,1.0,12,-1
1951347,1951714,8,3.640956906507349,0.8,81,0.8888888888888891,1.0,9,-1
1951347,1951732,8,3.640956906507349,0.8,81,0.8888888888888891,1.0,9,-1
1951347,1951739,8,3.640956906507349,0.8,81,0.8888888888888891,1.0,9,-1
1951347,1952366,8,3.640956906507349,0.8,81,0.8888888888888891,1.0,9,-1
1951347,1952772,8,3.640956906507349,0.8,81,0.8888888888888891,1.0,9,-1
1951351,1951758,4,2.4853397382384474,0.6666666666666666,25,0.8,1.0,5,-1
1951355,1951363,9,3.5764225358494635,0.6,140,0.7285714285714284,1.0,10,1
1951355,1951746,9,3.5764225358494635,0.6,140,0.7285714285714284,1.0,10,1
1951355,1951748,9,3.5764225358494635,0.6,140,0.7285714285714284,1.0,10,1
1951355,1951754,9,3.5764225358494635,0.6,140,0.7285714285714284,1.0,10,1
1951355,1952411,9,3.5764225358494626,0.6,140,0.7285714285714284,1.0,10,1
1951355,1952413,9,3.521051235636162,0.8181818181818182,100,0.6999999999999998,1.0,10,-1
1951355,1952415,9,3.5764225358494626,0.6,140,0.7285714285714284,1.0,10,1
1951355,1952417,9,3.521051235636162,0.8181818181818182,100,0.6999999999999998,1.0,10,1
1951355,1952429,9,3.521051235636162,0.8181818181818182,100,0.6999999999999998,1.0,10,1
1951359,1952403,3,2.164042561333445,0.6,16,0.75,1.0,7,-1
1951359,1952774,3,2.164042561333445,0.6,16,0.75,1.0,4,-1
1951359,1952782,3,2.164042561333445,0.6,16,0.75,1.0,7,-1
1951359,1952785,3,2.164042561333445,0.6,16,0.75,1.0,7,-1
1951363,1951746,13,5.368971763675772,0.8666666666666667,196,1.157142857142857,1.0,25,1
1951363,1951748,13,5.368971763675772,0.8666666666666667,196,1.157142857142857,1.0,25,1
1951363,1951754,13,5.368971763675772,0.8666666666666667,196,1.157142857142857,1.0,25,1
1951363,1952411,13,5.368971763675772,0.8666666666666667,196,1.157142857142857,1.0,25,1
1951363,1952413,9,3.5764225358494635,0.6,140,0.7285714285714284,1.0,19,-1
1951363,1952415,13,5.368971763675772,0.8666666666666667,196,1.157142857142857,1.0,25,1
1951363,1952417,9,3.5764225358494626,0.6,140,0.7285714285714284,1.0,19,1
1951363,1952429,9,3.5764225358494626,0.6,140,0.7285714285714284,1.0,19,1
1951366,1951371,6,3.083390054218504,0.75,49,0.857142857142857,1.0,5,-1
1951366,1951751,6,3.083390054218504,0.75,49,0.857142857142857,1.0,5,-1
1951366,1952409,6,3.083390054218504,0.75,49,0.857142857142857,1.0,0,-1
1951366,1952420,6,3.083390054218504,0.75,49,0.857142857142857,1.0,0,-1
1951366,1952777,6,3.083390054218504,0.75,49,0.857142857142857,1.0,5,-1
1951366,1952779,6,3.083390054218504,0.75,49,0.857142857142857,1.0,5,-1
1951366,1952788,6,3.083390054218504,0.75,49,0.857142857142857,1.0,5,-1
1951371,1951751,6,3.083390054218504,0.75,49,0.857142857142857,1.0,9,-1
1951371,1952409,6,3.083390054218504,0.75,49,0.857142857142857,1.0,0,-1
1951371,1952420,6,3.083390054218504,0.75,49,0.857142857142857,1.0,0,-1
1951371,1952777,6,3.083390054218504,0.75,49,0.857142857142857,1.0,9,-1
1951371,1952779,6,3.083390054218504,0.75,49,0.857142857142857,1.0,9,-1
1951371,1952788,6,3.083390054218504,0.75,49,0.857142857142857,1.0,9,-1
1951510,1952625,4,2.4853397382384474,0.6666666666666666,25,0.8,1.0,10,-1
1951625,1951629,3,2.164042561333445,0.6,16,0.75,1.0,8,-1
1951625,1951650,3,2.164042561333445,0.6,16,0.75,1.0,8,-1
1951629,1951650,3,2.164042561333445,0.6,16,0.75,1.0,8,-1
1951636,1952279,4,2.0349707187523487,0.2,95,0.5602564102564103,1.0,9,-1
1951636,1952706,12,7.0431635891468565,0.6,247,2.1742424242424243,1.0,25,1
1951639,1952273,4,2.051561223680958,0.6666666666666666,25,0.569047619047619,1.0,7,-1
1951639,1952717,4,2.158997815870819,0.5,35,0.6261904761904762,1.0,5,-1
1951642,1951646,13,4.926001361969367,0.8666666666666667,196,0.9285714285714283,1.0,24,-1
1951642,1952299,13,4.926001361969367,0.8666666666666667,196,0.9285714285714283,1.0,13,-1
1951642,1952301,13,4.926001361969367,0.8666666666666667,196,0.9285714285714283,1.0,24,-1
1951642,1952303,13,4.926001361969367,0.8666666666666667,196,0.9285714285714283,1.0,24,-1
1951642,1952308,13,4.926001361969367,0.8666666666666667,196,0.9285714285714283,1.0,24,-1
1951642,1952310,13,4.926001361969367,0.8666666666666667,196,0.9285714285714283,1.0,13,-1
1951642,1952709,13,4.926001361969367,0.8666666666666667,196,0.9285714285714283,1.0,24,-1
1951642,1952723,13,4.926001361969367,0.8666666666666667,196,0.9285714285714283,1.0,24,-1
1951644,1952733,4,2.4853397382384474,0.6666666666666666,25,0.8,1.0,8,1
1951646,1952299,13,4.926001361969367,0.8666666666666667,196,0.9285714285714283,1.0,13,-1
1951646,1952301,13,4.926001361969367,0.8666666666666667,196,0.9285714285714283,1.0,24,-1
1951646,1952303,13,4.926001361969367,0.8666666666666667,196,0.9285714285714283,1.0,24,-1
1951646,1952308,13,4.926001361969367,0.8666666666666667,196,0.9285714285714283,1.0,24,-1
1951646,1952310,13,4.926001361969367,0.8666666666666667,196,0.9285714285714283,1.0,13,-1
1951646,1952709,13,4.926001361969367,0.8666666666666667,196,0.9285714285714283,1.0,24,-1
1951646,1952723,13,4.926001361969367,0.8666666666666667,196,0.9285714285714283,1.0,24,-1
1951648,1951656,7,3.366288428740915,0.7777777777777778,64,0.875,1.0,0,-1
1951648,1952305,7,3.366288428740915,0.7777777777777778,64,0.875,1.0,0,-1
1951648,1952313,7,3.366288428740915,0.7777777777777778,64,0.875,1.0,0,-1
1951648,1952316,7,3.366288428740915,0.7777777777777778,64,0.875,1.0,0,-1
1951648,1952324,7,3.366288428740915,0.7777777777777778,64,0.875,1.0,0,-1
1951648,1952383,7,3.366288428740915,0.7777777777777778,64,0.875,1.0,0,-1
1951648,1952729,7,3.366288428740915,0.7777777777777778,64,0.875,1.0,0,-1
1951648,1952740,7,3.366288428740915,0.7777777777777778,64,0.875,1.0,0,-1
1951653,1952715,5,2.5662507069003233,0.7142857142857143,36,0.7166666666666666,1.0,6,-1
1951656,1952305,7,3.366288428740915,0.7777777777777778,64,0.875,1.0,6,-1
1951656,1952313,7,3.366288428740915,0.7777777777777778,64,0.875,1.0,9,-1
1951656,1952316,7,3.366288428740915,0.7777777777777778,64,0.875,1.0,0,-1
1951656,1952324,7,3.366288428740915,0.7777777777777778,64,0.875,1.0,9,-1
1951656,1952383,7,3.366288428740915,0.7777777777777778,64,0.875,1.0,6,-1
1951656,1952729,7,3.366288428740915,0.7777777777777778,64,0.875,1.0,6,-1
1951656,1952740,7,3.366288428740915,0.7777777777777778,64,0.875,1.0,9,-1
1951660,1951672,8,3.640956906507349,0.8,81,0.8888888888888891,1.0,8,-1
1951660,1951679,8,3.640956906507349,0.8,81,0.8888888888888891,1.0,8,-1
1951660,1952319,8,3.640956906507349,0.8,81,0.8888888888888891,1.0,8,-1
1951660,1952334,8,3.640956906507349,0.8,81,0.8888888888888891,1.0,8,-1
1951664,1951668,4,2.4853397382384474,0.6666666666666666,25,0.8,1.0,8,-1
1951664,1951670,4,2.4853397382384474,0.6666666666666666,25,0.8,1.0,5,-1
1951664,1952321,4,2.4853397382384474,0.6666666666666666,25,0.8,1.0,5,-1
1951664,1952726,4,2.4853397382384474,0.6666666666666666,25,0.8,1.0,8,-1
1951664,1952731,4,2.4853397382384474,0.6666666666666666,25,0.8,1.0,8,-1
1951668,1951670,4,2.4853397382384474,0.6666666666666666,25,0.8,1.0,5,-1
1951668,1952321,4,2.4853397382384474,0.6666666666666666,25,0.8,1.0,5,-1
1951668,1952726,4,2.4853397382384474,0.6666666666666666,25,0.8,1.0,8,-1
1951668,1952731,4,2.4853397382384474,0.6666666666666666,25,0.8,1.0,8,-1
1951670,1952321,4,2.4853397382384474,0.6666666666666666,25,0.8,1.0,5,-1
1951670,1952726,4,2.4853397382384474,0.6666666666666666,25,0.8,1.0,5,-1
1951670,1952731,4,2.4853397382384474,0.6666666666666666,25,0.8,1.0,5,-1
1951672,1951679,8,3.640956906507349,0.8,81,0.8888888888888891,1.0,8,-1
1951672,1952319,8,3.640956906507349,0.8,81,0.8888888888888891,1.0,8,-1
1951672,1952334,8,3.640956906507349,0.8,81,0.8888888888888891,1.0,8,-1
1951676,1951682,11,4.073895825884729,0.8461538461538461,144,0.7494824016563147,1.0,12,1
1951676,1952327,11,4.073895825884729,0.8461538461538461,144,0.7494824016563147,1.0,16,1
1951676,1952331,11,4.073895825884729,0.8461538461538461,144,0.7494824016563147,1.0,12,1
1951676,1952337,11,4.157396441362772,0.4583333333333333,276,0.7893374741200829,1.0,12,1
1951679,1952319,8,3.640956906507349,0.8,81,0.8888888888888891,1.0,10,-1
1951679,1952334,8,3.640956906507349,0.8,81,0.8888888888888891,1.0,10,-1
1951682,1952327,11,4.073895825884729,0.8461538461538461,144,0.7494824016563146,1.0,12,1
1951682,1952331,11,4.073895825884729,0.8461538461538461,144,0.7494824016563146,1.0,13,1
1951682,1952337,11,4.157396441362772,0.4583333333333333,276,0.7893374741200829,1.0,12,1
1951685,1952755,7,3.366288428740915,0.7777777777777778,64,0.875,1.0,14,-1
1951690,1952744,3,2.164042561333445,0.6,16,0.75,1.0,4,-1
1951690,1952752,3,2.164042561333445,0.6,16,0.75,1.0,7,-1
1951692,1952343,7,3.366288428740915,0.7777777777777778,64,0.875,1.0,8,-1
1951692,1952346,7,3.366288428740915,0.7777777777777778,64,0.875,1.0,8,-1
1951692,1952350,7,3.366288428740915,0.7777777777777778,64,0.875,1.0,8,-1
1951692,1952754,7,3.366288428740915,0.7777777777777778,64,0.875,1.0,8,-1
1951695,1952339,4,2.4853397382384474,0.6666666666666666,25,0.8,1.0,9,-1
1951695,1952354,4,2.4853397382384474,0.6666666666666666,25,0.8,1.0,9,-1
1951695,1952358,4,2.4853397382384474,0.6666666666666666,25,0.8,1.0,9,-1
1951698,1951705,8,3.640956906507349,0.8,81,0.8888888888888891,1.0,9,-1
1951698,1951708,8,3.640956906507349,0.8,81,0.8888888888888891,1.0,9,-1
1951698,1952373,8,3.640956906507349,0.8,81,0.8888888888888891,1.0,9,-1
1951705,1951708,8,3.640956906507349,0.8,81,0.8888888888888891,1.0,12,-1
1951705,1952373,8,3.640956906507349,0.8,81,0.8888888888888891,1.0,12,-1
1951708,1952373,8,3.640956906507349,0.8,81,0.8888888888888891,1.0,12,-1
1951711,1951736,2,1.8204784532536746,0.5,9,0.6666666666666666,1.0,3,-1
1951711,1952368,2,1.8204784532536746,0.5,9,0.6666666666666666,1.0,3,-1
1951711,1952749,2,1.8204784532536746,0.5,9,0.6666666666666666,1.0,3,-1
1951714,1951732,8,3.640956906507349,0.8,81,0.8888888888888891,1.0,12,-1
1951714,1951739,8,3.640956906507349,0.8,81,0.8888888888888891,1.0,9,-1
1951714,1952366,8,3.640956906507349,0.8,81,0.8888888888888891,1.0,12,-1
1951714,1952772,8,3.640956906507349,0.8,81,0.8888888888888891,1.0,9,-1
1951719,1951722,10,4.170323914242463,0.8333333333333334,121,0.9090909090909093,1.0,0,-1
1951719,1951729,10,4.170323914242463,0.8333333333333334,121,0.9090909090909093,1.0,0,-1
1951719,1952371,10,4.170323914242463,0.8333333333333334,121,0.9090909090909093,1.0,14,-1
1951719,1952756,10,4.170323914242463,0.8333333333333334,121,0.9090909090909093,1.0,0,-1
1951719,1952757,10,4.170323914242463,0.8333333333333334,121,0.9090909090909093,1.0,14,-1
1951719,1952762,10,4.170323914242463,0.8333333333333334,121,0.9090909090909093,1.0,14,-1
1951722,1951729,10,4.170323914242463,0.8333333333333334,121,0.9090909090909093,1.0,3,-1
1951722,1952371,10,4.170323914242463,0.8333333333333334,121,0.9090909090909093,1.0,0,-1
1951722,1952756,10,4.170323914242463,0.8333333333333334,121,0.9090909090909093,1.0,3,-1
1951722,1952757,10,4.170323914242463,0.8333333333333334,121,0.9090909090909093,1.0,0,-1
1951722,1952762,10,4.170323914242463,0.8333333333333334,121,0.9090909090909093,1.0,0,-1
1951724,1952363,5,2.7905531327562363,0.7142857142857143,36,0.8333333333333333,1.0,12,-1
1951724,1952375,5,2.7905531327562363,0.7142857142857143,36,0.8333333333333333,1.0,12,-1
1951724,1952769,5,2.7905531327562363,0.7142857142857143,36,0.8333333333333333,1.0,12,-1
1951729,1952371,10,4.170323914242463,0.8333333333333334,121,0.9090909090909093,1.0,0,-1
1951729,1952756,10,4.170323914242463,0.8333333333333334,121,0.9090909090909093,1.0,4,-1
1951729,1952757,10,4.170323914242463,0.8333333333333334,121,0.9090909090909093,1.0,0,-1
1951729,1952762,10,4.170323914242463,0.8333333333333334,121,0.9090909090909093,1.0,0,-1
1951732,1951739,8,3.640956906507349,0.8,81,0.8888888888888891,1.0,9,-1
1951732,1952366,8,3.640956906507349,0.8,81,0.8888888888888891,1.0,12,-1
1951732,1952772,8,3.640956906507349,0.8,81,0.8888888888888891,1.0,9,-1
1951736,1952368,2,1.8204784532536746,0.5,9,0.6666666666666666,1.0,3,-1
1951736,1952749,2,1.8204784532536746,0.5,9,0.6666666666666666,1.0,3,-1
1951739,1952366,8,3.640956906507349,0.8,81,0.8888888888888891,1.0,9,-1
1951739,1952772,8,3.640956906507349,0.8,81,0.8888888888888891,1.0,9,-1
1951746,1951748,13,5.368971763675772,0.8666666666666667,196,1.157142857142857,1.0,25,1
1951746,1951754,13,5.368971763675772,0.8666666666666667,196,1.157142857142857,1.0,25,1
1951746,1952411,13,5.368971763675772,0.8666666666666667,196,1.157142857142857,1.0,25,1
1951746,1952413,9,3.5764225358494635,0.6,140,0.7285714285714284,1.0,19,-1
1951746,1952415,13,5.368971763675772,0.8666666666666667,196,1.157142857142857,1.0,25,1
1951746,1952417,9,3.5764225358494626,0.6,140,0.7285714285714284,1.0,19,1
1951746,1952429,9,3.5764225358494626,0.6,140,0.7285714285714284,1.0,19,1
1951748,1951754,13,5.368971763675772,0.8666666666666667,196,1.157142857142857,1.0,25,1
1951748,1952411,13,5.368971763675772,0.8666666666666667,196,1.157142857142857,1.0,25,1
1951748,1952413,9,3.5764225358494635,0.6,140,0.7285714285714284,1.0,19,-1
1951748,1952415,13,5.368971763675772,0.8666666666666667,196,1.157142857142857,1.0,25,1
1951748,1952417,9,3.5764225358494626,0.6,140,0.7285714285714284,1.0,19,1
1951748,1952429,9,3.5764225358494626,0.6,140,0.7285714285714284,1.0,19,1
1951751,1952409,6,3.083390054218504,0.75,49,0.857142857142857,1.0,0,-1
1951751,1952420,6,3.083390054218504,0.75,49,0.857142857142857,1.0,0,-1
1951751,1952777,6,3.083390054218504,0.75,49,0.857142857142857,1.0,9,-1
1951751,1952779,6,3.083390054218504,0.75,49,0.857142857142857,1.0,9,-1
1951751,1952788,6,3.083390054218504,0.75,49,0.857142857142857,1.0,9,-1
1951754,1952411,13,5.368971763675772,0.8666666666666667,196,1.157142857142857,1.0,25,1
1951754,1952413,9,3.5764225358494635,0.6,140,0.7285714285714284,1.0,19,-1
1951754,1952415,13,5.368971763675772,0.8666666666666667,196,1.157142857142857,1.0,25,1
1951754,1952417,9,3.5764225358494626,0.6,140,0.7285714285714284,1.0,19,1
1951754,1952429,9,3.5764225358494626,0.6,140,0.7285714285714284,1.0,19,1
1951761,1952390,3,2.164042561333445,0.6,16,0.75,1.0,0,-1
1951761,1952399,3,2.164042561333445,0.6,16,0.75,1.0,6,-1
1951761,1952759,3,2.164042561333445,0.6,16,0.75,1.0,6,-1
1951780,1951782,11,4.426725648200291,0.8461538461538461,144,0.9166666666666667,1.0,21,1
1951780,1952431,11,4.426725648200291,0.8461538461538461,144,0.9166666666666667,1.0,21,1
1951780,1952437,11,4.426725648200291,0.8461538461538461,144,0.9166666666666667,1.0,21,1
1951780,2001857,11,4.426725648200291,0.8461538461538461,144,0.9166666666666667,1.0,12,-1
1951780,2001860,11,4.426725648200291,0.8461538461538461,144,0.9166666666666667,1.0,12,-1
1951780,2004268,11,4.426725648200291,0.8461538461538461,144,0.9166666666666667,1.0,12,-1
1951780,2004312,11,4.426725648200291,0.8461538461538461,144,0.9166666666666667,1.0,21,-1
1951780,2004746,11,4.426725648200291,0.8461538461538461,144,0.9166666666666667,1.0,21,-1
1951782,1952431,11,4.426725648200291,0.8461538461538461,144,0.9166666666666667,1.0,21,1
1951782,1952437,11,4.426725648200291,0.8461538461538461,144,0.9166666666666667,1.0,21,1
1951782,2001857,11,4.426725648200291,0.8461538461538461,144,0.9166666666666667,1.0,12,-1
1951782,2001860,11,4.426725648200291,0.8461538461538461,144,0.9166666666666667,1.0,12,-1
1951782,2004268,11,4.426725648200291,0.8461538461538461,144,0.9166666666666667,1.0,12,-1
1951782,2004312,11,4.426725648200291,0.8461538461538461,144,0.9166666666666667,1.0,21,-1
1951782,2004746,11,4.426725648200291,0.8461538461538461,144,0.9166666666666667,1.0,21,-1
1951891,1985661,1,0.40242960438184466,0.1111111111111111,24,0.08333333333333333,0.5,4,-1
1951891,1985669,1,0.40242960438184466,0.1111111111111111,24,0.08333333333333333,0.5,2,-1
1951891,2001070,3,1.845124645270808,0.6,16,0.5833333333333333,1.0,7,-1
1951891,2003870,3,1.845124645270808,0.6,16,0.5833333333333333,1.0,7,-1
1952273,1952717,4,2.158997815870819,0.5,35,0.6261904761904762,1.0,5,-1
1952279,1952706,4,1.9847227453961769,0.2857142857142857,65,0.5359649122807018,1.0,9,-1
1952282,1952291,5,2.7905531327562363,0.7142857142857143,36,0.8333333333333333,1.0,6,-1
1952282,1952713,5,2.7905531327562363,0.7142857142857143,36,0.8333333333333333,1.0,6,-1
1952282,1952718,5,2.7905531327562363,0.7142857142857143,36,0.8333333333333333,1.0,6,-1
1952282,1952719,5,2.7905531327562363,0.7142857142857143,36,0.8333333333333333,1.0,6,-1
1952291,1952713,5,2.7905531327562363,0.7142857142857143,36,0.8333333333333333,1.0,11,-1
1952291,1952718,5,2.7905531327562363,0.7142857142857143,36,0.8333333333333333,1.0,11,-1
1952291,1952719,5,2.7905531327562363,0.7142857142857143,36,0.8333333333333333,1.0,11,-1
1952299,1952301,13,4.926001361969367,0.8666666666666667,196,0.9285714285714283,1.0,13,-1
1952299,1952303,13,4.926001361969367,0.8666666666666667,196,0.9285714285714283,1.0,13,-1
1952299,1952308,13,4.926001361969367,0.8666666666666667,196,0.9285714285714283,1.0,13,-1
1952299,1952310,13,4.926001361969367,0.8666666666666667,196,0.9285714285714283,1.0,14,-1
1952299,1952709,13,4.926001361969367,0.8666666666666667,196,0.9285714285714283,1.0,13,-1
1952299,1952723,13,4.926001361969367,0.8666666666666667,196,0.9285714285714283,1.0,13,-1
1952301,1952303,13,4.926001361969367,0.8666666666666667,196,0.9285714285714283,1.0,24,-1
1952301,1952308,13,4.926001361969367,0.8666666666666667,196,0.9285714285714283,1.0,24,-1
1952301,1952310,13,4.926001361969367,0.8666666666666667,196,0.9285714285714283,1.0,13,-1
1952301,1952709,13,4.926001361969367,0.8666666666666667,196,0.9285714285714283,1.0,24,-1
1952301,1952723,13,4.926001361969367,0.8666666666666667,196,0.9285714285714283,1.0,24,-1
1952303,1952308,13,4.926001361969367,0.8666666666666667,196,0.9285714285714283,1.0,24,-1
1952303,1952310,13,4.926001361969367,0.8666666666666667,196,0.9285714285714283,1.0,13,-1
1952303,1952709,13,4.926001361969367,0.8666666666666667,196,0.9285714285714283,1.0,24,-1
1952303,1952723,13,4.926001361969367,0.8666666666666667,196,0.9285714285714283,1.0,24,-1
1952305,1952313,7,3.366288428740915,0.7777777777777778,64,0.875,1.0,6,-1
1952305,1952316,7,3.366288428740915,0.7777777777777778,64,0.875,1.0,0,-1
1952305,1952324,7,3.366288428740915,0.7777777777777778,64,0.875,1.0,6,-1
1952305,1952383,7,3.366288428740915,0.7777777777777778,64,0.875,1.0,6,-1
1952305,1952729,7,3.366288428740915,0.7777777777777778,64,0.875,1.0,6,-1
1952305,1952740,7,3.366288428740915,0.7777777777777778,64,0.875,1.0,6,-1
1952308,1952310,13,4.926001361969367,0.8666666666666667,196,0.9285714285714283,1.0,13,-1
1952308,1952709,13,4.926001361969367,0.8666666666666667,196,0.9285714285714283,1.0,24,-1
1952308,1952723,13,4.926001361969367,0.8666666666666667,196,0.9285714285714283,1.0,24,-1
1952310,1952709,13,4.926001361969367,0.8666666666666667,196,0.9285714285714283,1.0,13,-1
1952310,1952723,13,4.926001361969367,0.8666666666666667,196,0.9285714285714283,1.0,13,-1
1952313,1952316,7,3.366288428740915,0.7777777777777778,64,0.875,1.0,0,-1
1952313,1952324,7,3.366288428740915,0.7777777777777778,64,0.875,1.0,9,-1
1952313,1952383,7,3.366288428740915,0.7777777777777778,64,0.875,1.0,6,-1
1952313,1952729,7,3.366288428740915,0.7777777777777778,64,0.875,1.0,6,-1
1952313,1952740,7,3.366288428740915,0.7777777777777778,64,0.875,1.0,9,-1
1952316,1952324,7,3.366288428740915,0.7777777777777778,64,0.875,1.0,0,-1
1952316,1952383,7,3.366288428740915,0.7777777777777778,64,0.875,1.0,0,-1
1952316,1952729,7,3.366288428740915,0.7777777777777778,64,0.875,1.0,0,-1
1952316,1952740,7,3.366288428740915,0.7777777777777778,64,0.875,1.0,0,-1
1952319,1952334,8,3.640956906507349,0.8,81,0.8888888888888891,1.0,10,-1
1952321,1952726,4,2.4853397382384474,0.6666666666666666,25,0.8,1.0,5,-1
1952321,1952731,4,2.4853397382384474,0.6666666666666666,25,0.8,1.0,5,-1
1952324,1952383,7,3.366288428740915,0.7777777777777778,64,0.875,1.0,6,-1
1952324,1952729,7,3.366288428740915,0.7777777777777778,64,0.875,1.0,6,-1
1952324,1952740,7,3.366288428740915,0.7777777777777778,64,0.875,1.0,9,-1
1952327,1952331,11,4.073895825884729,0.8461538461538461,144,0.7494824016563147,1.0,12,1
1952327,1952337,11,4.157396441362772,0.4583333333333333,276,0.7893374741200829,1.0,12,1
1952331,1952337,11,4.157396441362772,0.4583333333333333,276,0.7893374741200829,1.0,12,1
1952339,1952354,4,2.4853397382384474,0.6666666666666666,25,0.8,1.0,9,-1
1952339,1952358,4,2.4853397382384474,0.6666666666666666,25,0.8,1.0,9,-1
1952343,1952346,7,3.366288428740915,0.7777777777777778,64,0.875,1.0,8,-1
1952343,1952350,7,3.366288428740915,0.7777777777777778,64,0.875,1.0,8,-1
1952343,1952754,7,3.366288428740915,0.7777777777777778,64,0.875,1.0,8,-1
1952345,1983395,5,2.5429208434602453,0.7142857142857143,36,0.7,1.0,6,-1
1952345,1984450,5,2.5429208434602453,0.7142857142857143,36,0.7,1.0,9,-1
1952346,1952350,7,3.366288428740915,0.7777777777777778,64,0.875,1.0,13,-1
1952346,1952754,7,3.366288428740915,0.7777777777777778,64,0.875,1.0,13,-1
1952350,1952754,7,3.366288428740915,0.7777777777777778,64,0.875,1.0,13,-1
1952354,1952358,4,2.4853397382384474,0.6666666666666666,25,0.8,1.0,9,-1
1952361,1952746,3,1.8978146542023822,0.6,16,0.6111111111111112,1.0,4,-1
1952361,1965682,1,0.45511961331341866,0.125,20,0.1111111111111111,0.5,2,-1
1952361,1971386,1,0.45511961331341866,0.125,20,0.1111111111111111,0.5,2,-1
1952361,1982475,1,0.45511961331341866,0.125,20,0.1111111111111111,0.5,2,-1
1952363,1952375,5,2.7905531327562363,0.7142857142857143,36,0.8333333333333333,1.0,12,-1
1952363,1952769,5,2.7905531327562363,0.7142857142857143,36,0.8333333333333333,1.0,12,-1
1952366,1952772,8,3.640956906507349,0.8,81,0.8888888888888891,1.0,9,-1
1952368,1952749,2,1.8204784532536746,0.5,9,0.6666666666666666,1.0,3,-1
1952371,1952756,10,4.170323914242463,0.8333333333333334,121,0.9090909090909093,1.0,0,-1
1952371,1952757,10,4.170323914242463,0.8333333333333334,121,0.9090909090909093,1.0,14,-1
1952371,1952762,10,4.170323914242463,0.8333333333333334,121,0.9090909090909093,1.0,14,-1
1952375,1952769,5,2.7905531327562363,0.7142857142857143,36,0.8333333333333333,1.0,12,-1
1952379,1952407,5,2.7905531327562363,0.7142857142857143,36,0.8333333333333333,1.0,11,-1
1952379,1952765,5,2.7905531327562363,0.7142857142857143,36,0.8333333333333333,1.0,11,-1
1952379,1952773,5,2.7905531327562363,0.7142857142857143,36,0.8333333333333333,1.0,11,-1
1952383,1952729,7,3.366288428740915,0.7777777777777778,64,0.875,1.0,6,-1
1952383,1952740,7,3.366288428740915,0.7777777777777778,64,0.875,1.0,6,-1
1952385,1952776,1,1.4426950408889634,0.3333333333333333,4,0.5,1.0,3,-1
1952388,1952396,1,1.4426950408889634,0.3333333333333333,4,0.5,1.0,2,-1
1952390,1952399,3,2.164042561333445,0.6,16,0.75,1.0,0,-1
1952390,1952759,3,2.164042561333445,0.6,16,0.75,1.0,0,-1
1952399,1952759,3,2.164042561333445,0.6,16,0.75,1.0,6,-1
1952403,1952774,3,2.164042561333445,0.6,16,0.75,1.0,4,-1
1952403,1952782,3,2.164042561333445,0.6,16,0.75,1.0,7,-1
1952403,1952785,3,2.164042561333445,0.6,16,0.75,1.0,7,-1
1952407,1952765,5,2.7905531327562363,0.7142857142857143,36,0.8333333333333333,1.0,11,-1
1952407,1952773,5,2.7905531327562363,0.7142857142857143,36,0.8333333333333333,1.0,11,-1
1952409,1952420,6,3.083390054218504,0.75,49,0.857142857142857,1.0,2,-1
1952409,1952777,6,3.083390054218504,0.75,49,0.857142857142857,1.0,0,-1
1952409,1952779,6,3.083390054218504,0.75,49,0.857142857142857,1.0,0,-1
1952409,1952788,6,3.083390054218504,0.75,49,0.857142857142857,1.0,0,-1
1952411,1952413,9,3.5764225358494626,0.6,140,0.7285714285714284,1.0,19,-1
1952411,1952415,13,5.368971763675772,0.8666666666666667,196,1.157142857142857,1.0,25,1
1952411,1952417,9,3.5764225358494626,0.6,140,0.7285714285714284,1.0,19,1
1952411,1952429,9,3.5764225358494626,0.6,140,0.7285714285714284,1.0,19,1
1952413,1952415,9,3.5764225358494626,0.6,140,0.7285714285714284,1.0,19,-1
1952413,1952417,9,3.521051235636162,0.8181818181818182,100,0.6999999999999998,1.0,19,-1
1952413,1952429,9,3.521051235636162,0.8181818181818182,100,0.6999999999999998,1.0,19,-1
1952415,1952417,9,3.5764225358494626,0.6,140,0.7285714285714284,1.0,19,1
1952415,1952429,9,3.5764225358494626,0.6,140,0.7285714285714284,1.0,19,1
1952417,1952429,9,3.521051235636162,0.8181818181818182,100,0.6999999999999998,1.0,19,1
1952420,1952777,6,3.083390054218504,0.75,49,0.857142857142857,1.0,0,-1
1952420,1952779,6,3.083390054218504,0.75,49,0.857142857142857,1.0,0,-1
1952420,1952788,6,3.083390054218504,0.75,49,0.857142857142857,1.0,0,-1
1952426,2017078,8,3.5196454938892643,0.8,81,0.827777777777778,1.0,0,-1
1952426,2019874,8,3.5196454938892643,0.8,81,0.827777777777778,1.0,14,-1
1952426,2019891,8,3.5196454938892643,0.8,81,0.827777777777778,1.0,14,-1
1952426,2019895,8,3.5196454938892643,0.8,81,0.827777777777778,1.0,0,-1
1952426,2024448,8,3.5196454938892643,0.8,81,0.827777777777778,1.0,14,-1
1952426,2024451,8,3.5196454938892643,0.8,81,0.827777777777778,1.0,14,-1
1952431,1952437,11,4.426725648200291,0.8461538461538461,144,0.9166666666666667,1.0,21,1
1952431,2001857,11,4.426725648200291,0.8461538461538461,144,0.9166666666666667,1.0,12,-1
1952431,2001860,11,4.426725648200291,0.8461538461538461,144,0.9166666666666667,1.0,12,-1
1952431,2004268,11,4.426725648200291,0.8461538461538461,144,0.9166666666666667,1.0,12,-1
1952431,2004312,11,4.426725648200291,0.8461538461538461,144,0.9166666666666667,1.0,21,-1
1952431,2004746,11,4.426725648200291,0.8461538461538461,144,0.9166666666666667,1.0,21,-1
1952437,2001857,11,4.426725648200291,0.8461538461538461,144,0.9166666666666667,1.0,12,-1
1952437,2001860,11,4.426725648200291,0.8461538461538461,144,0.9166666666666667,1.0,12,-1
1952437,2004268,11,4.426725648200291,0.8461538461538461,144,0.9166666666666667,1.0,12,-1
1952437,2004312,11,4.426725648200291,0.8461538461538461,144,0.9166666666666667,1.0,21,-1
1952437,2004746,11,4.426725648200291,0.8461538461538461,144,0.9166666666666667,1.0,21,-1
1952685,1952687,0,0.0,0.0,1,0.0,1.0,2,-1
1952709,1952723,13,4.926001361969367,0.8666666666666667,196,0.9285714285714283,1.0,24,-1
1952713,1952718,5,2.7905531327562363,0.7142857142857143,36,0.8333333333333333,1.0,11,-1
1952713,1952719,5,2.7905531327562363,0.7142857142857143,36,0.8333333333333333,1.0,11,-1
1952718,1952719,5,2.7905531327562363,0.7142857142857143,36,0.8333333333333333,1.0,11,-1
1952726,1952731,4,2.4853397382384474,0.6666666666666666,25,0.8,1.0,8,-1
1952729,1952740,7,3.366288428740915,0.7777777777777778,64,0.875,1.0,6,-1
1952734,1953153,15,5.4101064033336135,0.8823529411764706,256,0.9375,1.0,28,1
1952734,1967777,15,5.4101064033336135,0.8823529411764706,256,0.9375,1.0,28,1
1952734,1971418,15,5.4101064033336135,0.8823529411764706,256,0.9375,1.0,16,1
1952734,1971421,15,5.4101064033336135,0.8823529411764706,256,0.9375,1.0,28,1
1952735,1952737,2,1.8204784532536746,0.5,9,0.6666666666666666,1.0,6,-1
1952744,1952752,3,2.164042561333445,0.6,16,0.75,1.0,4,-1
1952746,1965682,1,0.45511961331341866,0.125,20,0.1111111111111111,0.5,2,-1
1952746,1971386,1,0.45511961331341866,0.125,20,0.1111111111111111,0.5,2,-1
1952746,1982475,1,0.45511961331341866,0.125,20,0.1111111111111111,0.5,2,-1
1952756,1952757,10,4.170323914242463,0.8333333333333334,121,0.9090909090909093,1.0,0,-1
1952756,1952762,10,4.170323914242463,0.8333333333333334,121,0.9090909090909093,1.0,0,-1
1952757,1952762,10,4.170323914242463,0.8333333333333334,121,0.9090909090909093,1.0,14,-1
1952765,1952773,5,2.7905531327562363,0.7142857142857143,36,0.8333333333333333,1.0,11,-1
1952774,1952782,3,2.164042561333445,0.6,16,0.75,1.0,4,-1
1952774,1952785,3,2.164042561333445,0.6,16,0.75,1.0,4,-1
1952777,1952779,6,3.083390054218504,0.75,49,0.857142857142857,1.0,9,-1
1952777,1952788,6,3.083390054218504,0.75,49,0.857142857142857,1.0,9,-1
1952779,1952788,6,3.083390054218504,0.75,49,0.857142857142857,1.0,9,-1
1952782,1952785,3,2.164042561333445,0.6,16,0.75,1.0,7,-1
1952789,1983875,4,2.152909095746061,0.6666666666666666,25,0.6222222222222222,1.0,10,-1
1952789,1983923,4,2.152909095746061,0.6666666666666666,25,0.6222222222222222,1.0,10,-1
1952789,1986699,4,2.152909095746061,0.6666666666666666,25,0.6222222222222222,1.0,10,-1
1952864,1952874,2,1.8204784532536746,0.5,9,0.6666666666666666,1.0,4,1
1952864,1966551,2,1.8204784532536746,0.5,9,0.6666666666666666,1.0,3,-1
1952864,1984687,2,1.8204784532536746,0.5,9,0.6666666666666666,1.0,3,-1
1952874,1966551,2,1.8204784532536746,0.5,9,0.6666666666666666,1.0,3,-1
1952874,1984687,2,1.8204784532536746,0.5,9,0.6666666666666666,1.0,3,-1
1953145,1953183,8,3.640956906507349,0.8,81,0.8888888888888891,1.0,16,1
1953145,1953433,8,3.640956906507349,0.8,81,0.8888888888888891,1.0,16,1
1953145,1953744,8,3.640956906507349,0.8,81,0.8888888888888891,1.0,16,1
1953145,1954653,8,3.640956906507349,0.8,81,0.8888888888888891,1.0,9,1
1953145,1954658,8,3.640956906507349,0.8,81,0.8888888888888891,1.0,9,1
1953145,1970553,8,3.640956906507349,0.8,81,0.8888888888888891,1.0,16,-1
1953145,1971644,8,3.640956906507349,0.8,81,0.8888888888888891,1.0,16,-1
1953145,1971661,8,3.640956906507349,0.8,81,0.8888888888888891,1.0,16,-1
1953145,1977945,8,3.640956906507349,0.8,81,0.8888888888888891,1.0,16,-1
1953153,1967777,15,5.4101064033336135,0.8823529411764706,256,0.9375,1.0,28,1
1953153,1971418,15,5.4101064033336135,0.8823529411764706,256,0.9375,1.0,16,1
1953153,1971421,15,5.4101064033336135,0.8823529411764706,256,0.9375,1.0,28,1
1953183,1953433,8,3.640956906507349,0.8,81,0.8888888888888891,1.0,16,1
1953183,1953744,8,3.640956906507349,0.8,81,0.8888888888888891,1.0,16,1
1953183,1954653,8,3.640956906507349,0.8,81,0.8888888888888891,1.0,9,1
1953183,1954658,8,3.640956906507349,0.8,81,0.8888888888888891,1.0,9,1
1953183,1970553,8,3.640956906507349,0.8,81,0.8888888888888891,1.0,16,-1
1953183,1971644,8,3.640956906507349,0.8,81,0.8888888888888891,1.0,16,-1
1953183,1971661,8,3.640956906507349,0.8,81,0.8888888888888891,1.0,16,-1
1953183,1977945,8,3.640956906507349,0.8,81,0.8888888888888891,1.0,16,-1
1953338,1977917,6,3.083390054218504,0.75,49,0.857142857142857,1.0,10,-1
1953338,1977919,6,3.083390054218504,0.75,49,0.857142857142857,1.0,10,-1
1953338,1989690,6,3.083390054218504,0.75,49,0.857142857142857,1.0,0,-1
1953338,1989694,6,3.083390054218504,0.75,49,0.857142857142857,1.0,0,-1
1953338,1994644,6,3.083390054218504,0.75,49,0.857142857142857,1.0,10,-1
1953433,1953744,8,3.640956906507349,0.8,81,0.8888888888888891,1.0,16,1
1953433,1954653,8,3.640956906507349,0.8,81,0.8888888888888891,1.0,9,1
1953433,1954658,8,3.640956906507349,0.8,81,0.8888888888888891,1.0,9,1
1953433,1970553,8,3.640956906507349,0.8,81,0.8888888888888891,1.0,16,-1
1953433,1971644,8,3.640956906507349,0.8,81,0.8888888888888891,1.0,16,-1
1953433,1971661,8,3.640956906507349,0.8,81,0.8888888888888891,1.0,16,-1
1953433,1977945,8,3.640956906507349,0.8,81,0.8888888888888891,1.0,16,-1
1953501,1954097,4,3.2116160268434992,0.6666666666666666,25,1.125,1.0,8,1
1953501,1955695,2,1.531574161186449,0.3333333333333333,15,0.5333333333333333,1.0,5,1
1953501,2000612,2,1.531574161186449,0.3333333333333333,15,0.5333333333333333,1.0,3,-1
1953744,1954653,8,3.640956906507349,0.8,81,0.8888888888888891,1.0,9,1
1953744,1954658,8,3.640956906507349,0.8,81,0.8888888888888891,1.0,9,1
1953744,1970553,8,3.640956906507349,0.8,81,0.8888888888888891,1.0,16,-1
1953744,1971644,8,3.640956906507349,0.8,81,0.8888888888888891,1.0,16,-1
1953744,1971661,8,3.640956906507349,0.8,81,0.8888888888888891,1.0,16,-1
1953744,1977945,8,3.640956906507349,0.8,81,0.8888888888888891,1.0,16,-1
1953807,1954169,4,2.4853397382384474,0.6666666666666666,25,0.8,1.0,5,1
1953807,1979431,4,2.4853397382384474,0.6666666666666666,25,0.8,1.0,8,-1
1953807,1984561,4,2.4853397382384474,0.6666666666666666,25,0.8,1.0,5,-1
1953887,1970565,6,3.083390054218504,0.75,49,0.857142857142857,1.0,7,-1
1953887,1979954,6,3.083390054218504,0.75,49,0.857142857142857,1.0,7,-1
1953887,1979969,6,3.083390054218504,0.75,49,0.857142857142857,1.0,7,-1
1953887,2000490,6,3.083390054218504,0.75,49,0.857142857142857,1.0,7,-1
1953887,2000644,6,3.083390054218504,0.75,49,0.857142857142857,1.0,7,-1
1953887,2000654,6,3.083390054218504,0.75,49,0.857142857142857,1.0,7,-1
1953887,2000677,6,3.083390054218504,0.75,49,0.857142857142857,1.0,7,-1
1954012,1954013,12,5.0623148681171335,0.75,195,1.124875124875125,1.0,23,1
1954012,1954021,12,5.062314868117133,0.75,195,1.124875124875125,1.0,13,1
1954012,1954893,12,5.0623148681171335,0.75,195,1.124875124875125,1.0,23,1
1954012,1954895,12,5.0623148681171335,0.75,195,1.124875124875125,1.0,23,1
1954012,1965019,10,4.007357037204666,0.625,165,0.8251748251748252,1.0,19,1
1954012,1968341,10,4.007357037204666,0.625,165,0.8251748251748252,1.0,19,1
1954012,1974244,10,4.007357037204666,0.625,165,0.8251748251748252,1.0,19,1
1954012,1975035,12,5.854996636631307,0.75,195,1.5058275058275052,1.0,22,1
1954012,1977009,10,4.007357037204666,0.625,165,0.8251748251748252,1.0,11,-1
1954012,1992112,10,4.007357037204666,0.625,165,0.8251748251748252,1.0,19,1
1954013,1954021,12,5.041712995934708,0.8571428571428571,169,1.1146187146187148,1.0,13,1
1954013,1954893,12,5.0417129959347085,0.8571428571428571,169,1.1146187146187148,1.0,23,1
1954013,1954895,12,5.0417129959347085,0.8571428571428571,169,1.1146187146187148,1.0,23,1
1954013,1965019,10,3.9867551650222404,0.7142857142857143,143,0.814918414918415,1.0,19,1
1954013,1968341,10,3.9867551650222404,0.7142857142857143,143,0.814918414918415,1.0,19,1
1954013,1974244,10,3.9867551650222404,0.7142857142857143,143,0.814918414918415,1.0,19,1
1954013,1975035,10,4.0139163111952065,0.625,169,0.828904428904429,1.0,19,-1
1954013,1977009,10,3.9867551650222404,0.7142857142857143,143,0.814918414918415,1.0,11,-1
1954013,1992112,10,3.9867551650222404,0.7142857142857143,143,0.814918414918415,1.0,19,1
1954021,1954893,12,5.041712995934708,0.8571428571428571,169,1.1146187146187145,1.0,13,1
1954021,1954895,12,5.041712995934708,0.8571428571428571,169,1.1146187146187145,1.0,13,1
1954021,1965019,10,3.9867551650222404,0.7142857142857143,143,0.814918414918415,1.0,11,-1
1954021,1968341,10,3.9867551650222404,0.7142857142857143,143,0.814918414918415,1.0,11,1
1954021,1974244,10,3.9867551650222404,0.7142857142857143,143,0.814918414918415,1.0,11,-1
1954021,1975035,10,4.0139163111952065,0.625,169,0.828904428904429,1.0,11,-1
1954021,1977009,10,3.9867551650222404,0.7142857142857143,143,0.814918414918415,1.0,11,-1
1954021,1992112,10,3.9867551650222404,0.7142857142857143,143,0.814918414918415,1.0,11,-1
1954097,1955695,2,1.531574161186449,0.3333333333333333,15,0.5333333333333333,1.0,5,1
1954097,2000612,2,1.531574161186449,0.3333333333333333,15,0.5333333333333333,1.0,3,-1
1954169,1979431,4,2.4853397382384474,0.6666666666666666,25,0.8,1.0,5,-1
1954169,1984561,4,2.4853397382384474,0.6666666666666666,25,0.8,1.0,6,-1
1954635,1983092,8,3.5387934170586917,0.4444444444444444,153,0.8366013071895426,1.0,9,-1
1954635,1985893,8,3.5387934170586917,0.4444444444444444,153,0.8366013071895426,1.0,9,-1
1954635,1985898,8,3.5387934170586917,0.4444444444444444,153,0.8366013071895426,1.0,9,-1
1954635,2002936,8,3.5387934170586917,0.4444444444444444,153,0.8366013071895426,1.0,11,-1
1954635,2002958,8,3.5387934170586917,0.4444444444444444,153,0.8366013071895426,1.0,9,-1
1954635,2002986,8,3.5387934170586917,0.4444444444444444,153,0.8366013071895426,1.0,9,-1
1954635,2003304,8,3.5387934170586917,0.4444444444444444,153,0.8366013071895426,1.0,9,-1
1954635,2003317,8,3.5387934170586917,0.4444444444444444,153,0.8366013071895426,1.0,9,-1
1954653,1954658,8,3.640956906507349,0.8,81,0.8888888888888891,1.0,9,1
1954653,1970553,8,3.640956906507349,0.8,81,0.8888888888888891,1.0,9,-1
1954653,1971644,8,3.640956906507349,0.8,81,0.8888888888888891,1.0,9,-1
1954653,1971661,8,3.640956906507349,0.8,81,0.8888888888888891,1.0,9,-1
1954653,1977945,8,3.640956906507349,0.8,81,0.8888888888888891,1.0,9,-1
1954658,1970553,8,3.640956906507349,0.8,81,0.8888888888888891,1.0,9,-1
1954658,1971644,8,3.640956906507349,0.8,81,0.8888888888888891,1.0,9,-1
1954658,1971661,8,3.640956906507349,0.8,81,0.8888888888888891,1.0,9,-1
1954658,1977945,8,3.640956906507349,0.8,81,0.8888888888888891,1.0,9,-1
1954893,1954895,12,5.0417129959347085,0.8571428571428571,169,1.1146187146187145,1.0,23,1
1954893,1965019,10,3.9867551650222404,0.7142857142857143,143,0.814918414918415,1.0,19,1
1954893,1968341,10,3.9867551650222404,0.7142857142857143,143,0.814918414918415,1.0,19,1
1954893,1974244,10,3.9867551650222404,0.7142857142857143,143,0.814918414918415,1.0,19,1
1954893,1975035,10,4.0139163111952065,0.625,169,0.828904428904429,1.0,19,-1
1954893,1977009,10,3.9867551650222404,0.7142857142857143,143,0.814918414918415,1.0,11,-1
1954893,1992112,10,3.9867551650222404,0.7142857142857143,143,0.814918414918415,1.0,19,1
1954895,1965019,10,3.9867551650222404,0.7142857142857143,143,0.814918414918415,1.0,19,1
1954895,1968341,10,3.9867551650222404,0.7142857142857143,143,0.814918414918415,1.0,19,1
1954895,1974244,10,3.9867551650222404,0.7142857142857143,143,0.814918414918415,1.0,19,1
1954895,1975035,10,4.0139163111952065,0.625,169,0.828904428904429,1.0,19,-1
1954895,1977009,10,3.9867551650222404,0.7142857142857143,143,0.814918414918415,1.0,11,-1
1954895,1992112,10,3.9867551650222404,0.7142857142857143,143,0.814918414918415,1.0,19,1
1955098,1984960,5,2.7905531327562363,0.7142857142857143,36,0.8333333333333333,1.0,2,-1
1955098,1984969,5,2.7905531327562363,0.7142857142857143,36,0.8333333333333333,1.0,2,1
1955098,2004733,5,2.7905531327562363,0.7142857142857143,36,0.8333333333333333,1.0,0,-1
1955098,2004757,5,2.7905531327562363,0.7142857142857143,36,0.8333333333333333,1.0,0,-1
1955157,1970555,4,2.4853397382384474,0.6666666666666666,25,0.8,1.0,9,-1
1955157,1971658,4,2.4853397382384474,0.6666666666666666,25,0.8,1.0,9,-1
1955157,1971665,4,2.4853397382384474,0.6666666666666666,25,0.8,1.0,9,-1
1955157,1989733,4,2.4853397382384474,0.6666666666666666,25,0.8,1.0,5,-1
1955157,1989746,4,2.4853397382384474,0.6666666666666666,25,0.8,1.0,9,-1
1955177,1955437,17,7.95628196588852,0.8947368421052632,324,2.009920634920635,1.0,21,1
1955177,1966467,11,4.816438563549365,0.5789473684210527,216,1.1250000000000002,1.0,11,-1
1955177,1971764,8,3.321053513728828,0.42105263157894735,162,0.7222222222222221,1.0,8,-1
1955177,1971767,8,3.321053513728828,0.42105263157894735,162,0.7222222222222221,1.0,8,-1
1955177,1973000,8,3.321053513728828,0.42105263157894735,162,0.7222222222222223,1.0,8,-1
1955177,1973004,11,4.816438563549365,0.5789473684210527,216,1.125,1.0,11,-1
1955177,1973007,11,4.816438563549365,0.5789473684210527,216,1.125,1.0,0,-1
1955177,2002499,7,2.917491367714548,0.3684210526315789,144,0.6388888888888888,1.0,7,-1
1955177,2029219,7,2.917491367714548,0.3684210526315789,144,0.6388888888888888,1.0,7,-1
1955177,2037484,7,2.9174913677145478,0.3684210526315789,144,0.6388888888888888,1.0,7,-1
1955437,1966467,11,4.816438563549365,0.5789473684210527,216,1.1250000000000002,1.0,11,-1
1955437,1971764,8,3.321053513728828,0.42105263157894735,162,0.7222222222222223,1.0,8,-1
1955437,1971767,8,3.321053513728828,0.42105263157894735,162,0.7222222222222223,1.0,8,-1
1955437,1973000,8,3.321053513728828,0.42105263157894735,162,0.7222222222222221,1.0,8,-1
1955437,1973004,11,4.816438563549365,0.5789473684210527,216,1.125,1.0,11,-1
1955437,1973007,11,4.816438563549365,0.5789473684210527,216,1.125,1.0,0,-1
1955437,2002499,7,2.917491367714548,0.3684210526315789,144,0.638888888888889,1.0,7,-1
1955437,2029219,7,2.917491367714548,0.3684210526315789,144,0.638888888888889,1.0,7,-1
1955437,2037484,7,2.9174913677145478,0.3684210526315789,144,0.638888888888889,1.0,7,-1
1955695,2000612,2,1.2426698691192237,0.5,9,0.4,1.0,3,-1
1956263,2004420,1,1.4426950408889634,0.3333333333333333,4,0.5,1.0,3,-1
1957285,1970270,4,2.4853397382384474,0.6666666666666666,25,0.8,1.0,5,-1
1957285,1972599,4,2.4853397382384474,0.6666666666666666,25,0.8,1.0,5,-1
1957285,1984136,4,2.4853397382384474,0.6666666666666666,25,0.8,1.0,5,-1
1958142,1958474,8,3.640956906507349,0.8,81,0.8888888888888891,1.0,9,1
1958142,1964289,8,3.640956906507349,0.8,81,0.8888888888888891,1.0,16,1
1958142,1976191,8,3.640956906507349,0.8,81,0.8888888888888891,1.0,16,1
1958142,1985488,8,3.640956906507349,0.8,81,0.8888888888888891,1.0,16,-1
1958142,1985882,8,3.640956906507349,0.8,81,0.8888888888888891,1.0,16,1
1958142,2002558,8,3.640956906507349,0.8,81,0.8888888888888891,1.0,16,-1
1958474,1964289,8,3.640956906507349,0.8,81,0.8888888888888891,1.0,9,1
1958474,1976191,8,3.640956906507349,0.8,81,0.8888888888888891,1.0,9,1
1958474,1985488,8,3.640956906507349,0.8,81,0.8888888888888891,1.0,9,-1
1958474,1985882,8,3.640956906507349,0.8,81,0.8888888888888891,1.0,9,1
1958474,2002558,8,3.640956906507349,0.8,81,0.8888888888888891,1.0,9,-1
1958680,1984830,5,2.7905531327562363,0.7142857142857143,36,0.8333333333333333,1.0,6,-1
1958680,1984853,5,2.7905531327562363,0.7142857142857143,36,0.8333333333333333,1.0,10,-1
1958680,2004659,5,2.7905531327562363,0.7142857142857143,36,0.8333333333333333,1.0,10,-1
1958680,2004663,5,2.7905531327562363,0.7142857142857143,36,0.8333333333333333,1.0,6,-1
1958680,2005041,5,2.7905531327562363,0.7142857142857143,36,0.8333333333333333,1.0,10,-1
1958680,2005055,5,2.7905531327562363,0.7142857142857143,36,0.8333333333333333,1.0,10,-1
1959138,1959147,6,3.083390054218504,0.5,77,0.857142857142857,1.0,14,-1
1959138,1961966,6,3.083390054218504,0.5,77,0.857142857142857,1.0,14,-1
1959138,1983139,3,2.164042561333445,0.25,44,0.75,1.0,8,-1
1959138,1985090,6,3.083390054218504,0.5,77,0.857142857142857,1.0,14,-1
1959138,1985986,3,2.164042561333445,0.25,44,0.75,1.0,8,-1
1959138,1997152,6,3.083390054218504,0.5,77,0.857142857142857,1.0,14,-1
1959138,2000637,3,2.164042561333445,0.25,44,0.75,1.0,8,-1
1959138,2003353,3,2.164042561333445,0.25,44,0.75,1.0,8,-1
1959138,2004852,6,3.083390054218504,0.5,77,0.857142857142857,1.0,14,-1
1959138,2004860,6,3.083390054218504,0.5,77,0.857142857142857,1.0,14,-1
1959138,2037455,6,3.083390054218504,0.5,77,0.857142857142857,1.0,14,-1
1959147,1961966,6,2.986524103273,0.75,49,0.805194805194805,1.0,14,-1
1959147,1983139,1,0.4170323914242463,0.1,28,0.09090909090909091,0.5,4,-1
1959147,1985090,6,2.986524103273,0.75,49,0.805194805194805,1.0,14,-1
1959147,1985986,1,0.4170323914242463,0.1,28,0.09090909090909091,0.5,4,-1
1959147,1997152,6,2.986524103273,0.75,49,0.805194805194805,1.0,14,-1
1959147,2000637,1,0.4170323914242463,0.1,28,0.09090909090909091,0.5,4,-1
1959147,2003353,1,0.4170323914242463,0.1,28,0.09090909090909091,0.5,4,-1
1959147,2004852,6,2.986524103273,0.75,49,0.805194805194805,1.0,14,-1
1959147,2004860,6,2.986524103273,0.75,49,0.805194805194805,1.0,14,-1
1959147,2037455,6,2.986524103273,0.75,49,0.805194805194805,1.0,14,-1
1961507,1985069,5,2.7905531327562363,0.7142857142857143,36,0.8333333333333333,1.0,12,-1
1961507,2002449,5,2.7905531327562363,0.7142857142857143,36,0.8333333333333333,1.0,12,-1
1961507,2002454,5,2.7905531327562363,0.7142857142857143,36,0.8333333333333333,1.0,12,-1
1961507,2002457,5,2.7905531327562363,0.7142857142857143,36,0.8333333333333333,1.0,12,-1
1961507,2004823,5,2.7905531327562363,0.7142857142857143,36,0.8333333333333333,1.0,12,-1
1961507,2037423,5,2.7905531327562363,0.7142857142857143,36,0.8333333333333333,1.0,12,-1
1961966,1983139,1,0.4170323914242463,0.1,28,0.09090909090909091,0.5,4,-1
1961966,1985090,6,2.986524103273,0.75,49,0.805194805194805,1.0,14,-1
1961966,1985986,1,0.4170323914242463,0.1,28,0.09090909090909091,0.5,4,-1
1961966,1997152,6,2.986524103273,0.75,49,0.805194805194805,1.0,14,-1
1961966,2000637,1,0.4170323914242463,0.1,28,0.09090909090909091,0.5,4,-1
1961966,2003353,1,0.4170323914242463,0.1,28,0.09090909090909091,0.5,4,-1
1961966,2004852,6,2.986524103273,0.75,49,0.805194805194805,1.0,14,-1
1961966,2004860,6,2.986524103273,0.75,49,0.805194805194805,1.0,14,-1
1961966,2037455,6,2.986524103273,0.75,49,0.805194805194805,1.0,14,-1
1964289,1976191,8,3.640956906507349,0.8,81,0.8888888888888891,1.0,16,1
1964289,1985488,8,3.640956906507349,0.8,81,0.8888888888888891,1.0,16,-1
1964289,1985882,8,3.640956906507349,0.8,81,0.8888888888888891,1.0,16,1
1964289,2002558,8,3.640956906507349,0.8,81,0.8888888888888891,1.0,16,-1
1964434,1965001,15,6.376761080648306,0.8823529411764706,256,1.4351449275362322,1.0,27,1
1964434,1971575,9,3.6877881720862336,0.3,368,0.7875,1.0,17,-1
1964434,1981643,15,6.376761080648306,0.8823529411764706,256,1.4351449275362322,1.0,16,1
1964434,1981886,15,6.376761080648306,0.8823529411764706,256,1.4351449275362322,1.0,27,1
1964434,1985331,9,3.572422679086783,0.5294117647058824,160,0.7309782608695652,1.0,17,-1
1964434,2000083,9,3.572422679086783,0.5294117647058824,160,0.7309782608695652,1.0,10,-1
1964434,2002461,9,3.572422679086783,0.5294117647058824,160,0.7309782608695652,1.0,17,-1
1964434,2002668,9,3.572422679086783,0.5294117647058824,160,0.7309782608695652,1.0,17,-1
1964434,2002682,9,3.572422679086783,0.5294117647058824,160,0.7309782608695652,1.0,17,-1
1964434,2002687,9,3.572422679086783,0.5294117647058824,160,0.7309782608695652,1.0,10,-1
1965001,1971575,9,3.6877881720862336,0.3,368,0.7875,1.0,17,-1
1965001,1981643,15,6.376761080648306,0.8823529411764706,256,1.4351449275362322,1.0,16,1
1965001,1981886,15,6.376761080648306,0.8823529411764706,256,1.4351449275362322,1.0,27,1
1965001,1985331,9,3.572422679086783,0.5294117647058824,160,0.7309782608695652,1.0,17,-1
1965001,2000083,9,3.572422679086783,0.5294117647058824,160,0.7309782608695652,1.0,10,-1
1965001,2002461,9,3.572422679086783,0.5294117647058824,160,0.7309782608695652,1.0,17,-1
1965001,2002668,9,3.572422679086783,0.5294117647058824,160,0.7309782608695652,1.0,17,-1
1965001,2002682,9,3.572422679086783,0.5294117647058824,160,0.7309782608695652,1.0,17,-1
1965001,2002687,9,3.572422679086783,0.5294117647058824,160,0.7309782608695652,1.0,10,-1
1965019,1968341,10,3.959594018849274,0.8333333333333334,121,0.8009324009324008,1.0,19,1
1965019,1974244,10,3.959594018849274,0.8333333333333334,121,0.8009324009324008,1.0,19,1
1965019,1975035,10,3.9867551650222404,0.7142857142857143,143,0.814918414918415,1.0,19,-1
1965019,1977009,10,3.959594018849274,0.8333333333333334,121,0.8009324009324008,1.0,11,-1
1965019,1992112,10,3.959594018849274,0.8333333333333334,121,0.8009324009324008,1.0,19,1
1965153,1970763,8,3.640956906507349,0.8,81,0.8888888888888891,1.0,0,1
1965153,1975795,8,3.640956906507349,0.8,81,0.8888888888888891,1.0,3,1
1965153,1982171,8,3.640956906507349,0.8,81,0.8888888888888891,1.0,0,1
1965239,1965247,9,3.9086503371292665,0.8181818181818182,100,0.8999999999999999,1.0,20,1
1965239,1965251,9,3.9086503371292665,0.8181818181818182,100,0.8999999999999999,1.0,20,1
1965239,1982841,9,3.9086503371292665,0.8181818181818182,100,0.8999999999999999,1.0,20,1
1965239,1988305,9,3.9086503371292665,0.8181818181818182,100,0.8999999999999999,1.0,20,1
1965239,1988408,9,3.9086503371292665,0.8181818181818182,100,0.8999999999999999,1.0,20,-1
1965239,1988413,9,3.9086503371292665,0.8181818181818182,100,0.8999999999999999,1.0,20,-1
1965239,2008340,9,3.9086503371292665,0.8181818181818182,100,0.8999999999999999,1.0,20,-1
1965239,2018138,9,3.9086503371292665,0.8181818181818182,100,0.8999999999999999,1.0,20,-1
1965247,1965251,9,3.9086503371292665,0.8181818181818182,100,0.8999999999999999,1.0,20,1
1965247,1982841,9,3.9086503371292665,0.8181818181818182,100,0.8999999999999999,1.0,20,1
1965247,1988305,9,3.9086503371292665,0.8181818181818182,100,0.8999999999999999,1.0,20,1
1965247,1988408,9,3.9086503371292665,0.8181818181818182,100,0.8999999999999999,1.0,20,-1
1965247,1988413,9,3.9086503371292665,0.8181818181818182,100,0.8999999999999999,1.0,20,-1
1965247,2008340,9,3.9086503371292665,0.8181818181818182,100,0.8999999999999999,1.0,20,-1
1965247,2018138,9,3.9086503371292665,0.8181818181818182,100,0.8999999999999999,1.0,20,-1
1965251,1982841,9,3.9086503371292665,0.8181818181818182,100,0.8999999999999999,1.0,20,1
1965251,1988305,9,3.9086503371292665,0.8181818181818182,100,0.8999999999999999,1.0,20,1
1965251,1988408,9,3.9086503371292665,0.8181818181818182,100,0.8999999999999999,1.0,20,-1
1965251,1988413,9,3.9086503371292665,0.8181818181818182,100,0.8999999999999999,1.0,20,-1
1965251,2008340,9,3.9086503371292665,0.8181818181818182,100,0.8999999999999999,1.0,20,-1
1965251,2018138,9,3.9086503371292665,0.8181818181818182,100,0.8999999999999999,1.0,20,-1
1965286,1971744,13,5.1153567105802935,0.8666666666666667,196,1.0266575529733424,1.0,23,1
1965286,1982894,13,5.1153567105802935,0.8666666666666667,196,1.0266575529733424,1.0,14,1
1965286,1982899,13,5.115356710580294,0.8666666666666667,196,1.0266575529733424,1.0,23,1
1965286,1982903,13,5.115356710580294,0.8666666666666667,196,1.0266575529733424,1.0,23,1
1965286,1984851,10,3.8261503265732597,0.6666666666666666,154,0.7344497607655502,1.0,19,-1
1965286,1988345,13,5.115356710580294,0.8666666666666667,196,1.0266575529733424,1.0,23,1
1965286,1988359,13,5.1153567105802935,0.8666666666666667,196,1.0266575529733424,1.0,23,1
1965286,2002231,10,3.8261503265732593,0.6666666666666666,154,0.7344497607655502,1.0,19,-1
1965286,2037225,10,3.8261503265732597,0.6666666666666666,154,0.7344497607655502,1.0,11,-1
1965480,1978479,4,2.4853397382384474,0.6666666666666666,25,0.8,1.0,4,1
1965480,1978489,4,2.4853397382384474,0.6666666666666666,25,0.8,1.0,4,1
1965480,1982869,4,2.4853397382384474,0.6666666666666666,25,0.8,1.0,0,-1
1965480,2003104,4,2.4853397382384474,0.6666666666666666,25,0.8,1.0,4,-1
1965682,1971386,4,2.1320839643358944,0.6666666666666666,25,0.611111111111111,1.0,5,1
1965682,1974671,1,0.43429448190325176,0.1111111111111111,25,0.1,0.5,2,-1
1965682,1975622,1,0.43429448190325176,0.1111111111111111,25,0.1,0.5,2,-1
1965682,1975626,1,0.43429448190325176,0.1111111111111111,25,0.1,0.5,2,-1
1965682,1977914,1,0.43429448190325176,0.1111111111111111,25,0.1,0.5,2,-1
1965682,1982475,4,2.1320839643358944,0.6666666666666666,25,0.611111111111111,1.0,5,1
1965922,1975216,9,4.0950657973682105,0.8181818181818182,100,0.9999999999999999,1.0,10,1
1965922,1975221,9,4.0950657973682105,0.8181818181818182,100,0.9999999999999999,1.0,15,1
1965922,1975226,9,4.0950657973682105,0.8181818181818182,100,0.9999999999999999,1.0,15,1
1965922,1975236,9,4.0950657973682105,0.8181818181818182,100,0.9999999999999999,1.0,15,1
1965922,1982557,9,4.0950657973682105,0.8181818181818182,100,0.9999999999999999,1.0,10,1
1965922,1983460,7,3.0866652383824986,0.6363636363636364,80,0.725,1.0,8,-1
1965922,1989223,9,4.0950657973682105,0.8181818181818182,100,0.9999999999999999,1.0,10,1
1965922,2003266,7,3.0866652383824986,0.6363636363636364,80,0.725,1.0,12,-1
1966006,1966013,5,2.6113656878949403,0.7142857142857143,36,0.738095238095238,1.0,7,-1
1966006,1966859,5,2.7905531327562363,0.3333333333333333,84,0.8333333333333333,1.0,6,-1
1966006,1966862,5,2.6113656878949403,0.7142857142857143,36,0.738095238095238,1.0,6,-1
1966006,1972590,5,2.6113656878949403,0.7142857142857143,36,0.738095238095238,1.0,6,-1
1966006,1988728,5,2.6113656878949403,0.7142857142857143,36,0.738095238095238,1.0,6,-1
1966010,1966851,6,3.083390054218504,0.75,49,0.857142857142857,1.0,12,-1
1966010,1971296,6,3.083390054218504,0.75,49,0.857142857142857,1.0,12,-1
1966010,1972570,6,3.083390054218504,0.75,49,0.857142857142857,1.0,12,-1
1966010,1978966,6,3.083390054218504,0.75,49,0.857142857142857,1.0,12,-1
1966010,1994313,6,3.083390054218504,0.75,49,0.857142857142857,1.0,7,-1
1966010,1994318,6,3.083390054218504,0.75,49,0.857142857142857,1.0,7,-1
1966010,1994322,6,3.083390054218504,0.75,49,0.857142857142857,1.0,12,-1
1966013,1966859,5,2.7905531327562363,0.3333333333333333,84,0.8333333333333333,1.0,6,-1
1966013,1966862,5,2.6113656878949403,0.7142857142857143,36,0.738095238095238,1.0,6,-1
1966013,1972590,5,2.6113656878949403,0.7142857142857143,36,0.738095238095238,1.0,6,-1
1966013,1988728,5,2.6113656878949403,0.7142857142857143,36,0.738095238095238,1.0,6,-1
1966228,1993482,2,1.8204784532536746,0.5,9,0.6666666666666666,1.0,6,1
1966228,2037450,2,1.8204784532536746,0.5,9,0.6666666666666666,1.0,6,-1
1966301,1966316,5,2.7905531327562363,0.7142857142857143,36,0.8333333333333333,1.0,6,-1
1966301,1966320,5,2.7905531327562363,0.7142857142857143,36,0.8333333333333333,1.0,6,-1
1966301,1971604,5,2.7905531327562363,0.7142857142857143,36,0.8333333333333333,1.0,10,-1
1966301,1971613,5,2.7905531327562363,0.7142857142857143,36,0.8333333333333333,1.0,10,-1
1966301,1979238,5,2.7905531327562363,0.7142857142857143,36,0.8333333333333333,1.0,10,-1
1966301,1989699,5,2.7905531327562363,0.7142857142857143,36,0.8333333333333333,1.0,10,-1
1966316,1966320,5,2.7905531327562363,0.7142857142857143,36,0.8333333333333333,1.0,7,-1
1966316,1971604,5,2.7905531327562363,0.7142857142857143,36,0.8333333333333333,1.0,6,-1
1966316,1971613,5,2.7905531327562363,0.7142857142857143,36,0.8333333333333333,1.0,6,-1
1966316,1979238,5,2.7905531327562363,0.7142857142857143,36,0.8333333333333333,1.0,6,-1
1966316,1989699,5,2.7905531327562363,0.7142857142857143,36,0.8333333333333333,1.0,6,-1
1966320,1971604,5,2.7905531327562363,0.7142857142857143,36,0.8333333333333333,1.0,6,-1
1966320,1971613,5,2.7905531327562363,0.7142857142857143,36,0.8333333333333333,1.0,6,-1
1966320,1979238,5,2.7905531327562363,0.7142857142857143,36,0.8333333333333333,1.0,6,-1
1966320,1989699,5,2.7905531327562363,0.7142857142857143,36,0.8333333333333333,1.0,6,-1
1966331,1967060,7,3.366288428740915,0.7777777777777778,64,0.875,1.0,8,-1
1966331,1967068,7,3.366288428740915,0.7777777777777778,64,0.875,1.0,8,-1
1966331,1974651,7,3.366288428740915,0.7777777777777778,64,0.875,1.0,8,-1
1966331,1974661,7,3.366288428740915,0.7777777777777778,64,0.875,1.0,8,-1
1966331,1974666,7,3.366288428740915,0.7777777777777778,64,0.875,1.0,8,-1
1966331,1976791,7,3.366288428740915,0.7777777777777778,64,0.875,1.0,8,-1
1966331,1984390,7,3.366288428740915,0.7777777777777778,64,0.875,1.0,8,-1
1966336,1967063,4,2.26643440806068,0.6666666666666666,25,0.6833333333333333,1.0,0,-1
1966336,1983019,4,2.26643440806068,0.6666666666666666,25,0.6833333333333333,1.0,0,-1
1966336,1983034,4,2.26643440806068,0.6666666666666666,25,0.6833333333333333,1.0,0,-1
1966341,1984434,2,1.8204784532536746,0.5,9,0.6666666666666666,1.0,3,-1
1966357,1976800,3,2.164042561333445,0.6,16,0.75,1.0,6,-1
1966357,1984216,3,2.164042561333445,0.6,16,0.75,1.0,6,-1
1966357,1989738,3,2.164042561333445,0.6,16,0.75,1.0,6,-1
1966360,1983058,2,1.1162212531024944,0.5,9,0.3333333333333333,1.0,4,-1
1966364,1967076,8,3.546511053416171,0.8,81,0.8402777777777779,1.0,7,-1
1966364,1967079,8,3.5465110534161712,0.8,81,0.8402777777777779,1.0,0,-1
1966364,1967082,8,3.5465110534161712,0.8,81,0.8402777777777779,1.0,10,-1
1966364,1967084,8,3.5465110534161712,0.8,81,0.8402777777777779,1.0,10,-1
1966364,1967087,8,3.5465110534161712,0.8,81,0.8402777777777779,1.0,0,-1
1966364,1972888,8,3.5465110534161712,0.8,81,0.8402777777777779,1.0,7,-1
1966364,1972897,8,3.546511053416171,0.8,81,0.8402777777777779,1.0,10,-1
1966364,1984202,8,3.640956906507349,0.47058823529411764,144,0.8888888888888891,1.0,7,-1
1966364,1984219,8,3.5465110534161712,0.8,81,0.8402777777777779,1.0,7,-1
1966370,1967113,9,3.8028145939790656,0.8181818181818182,100,0.8476190476190476,1.0,10,-1
1966370,1972900,9,3.8028145939790656,0.8181818181818182,100,0.8476190476190476,1.0,10,-1
1966370,1972904,9,3.8028145939790656,0.8181818181818182,100,0.8476190476190476,1.0,10,-1
1966370,1974709,9,3.9086503371292665,0.4090909090909091,210,0.8999999999999999,1.0,10,-1
1966370,1974724,9,3.8028145939790656,0.8181818181818182,100,0.8476190476190476,1.0,10,-1
1966370,1974728,9,3.8028145939790656,0.8181818181818182,100,0.8476190476190476,1.0,10,-1
1966370,1984462,9,3.8028145939790656,0.8181818181818182,100,0.8476190476190476,1.0,12,-1
1966370,1984466,9,3.8028145939790656,0.8181818181818182,100,0.8476190476190476,1.0,12,-1
1966370,1984479,9,3.8028145939790656,0.8181818181818182,100,0.8476190476190475,1.0,10,-1
1966370,1985079,1,0.3284587387530511,0.05,110,0.047619047619047616,0.5,2,-1
1966370,1985087,1,0.3284587387530511,0.05,110,0.047619047619047616,0.5,2,-1
1966370,1986562,1,0.3284587387530511,0.05,110,0.047619047619047616,0.5,2,-1
1966370,1994665,9,3.8028145939790656,0.8181818181818182,100,0.8476190476190476,1.0,10,-1
1966370,2004869,1,0.3284587387530511,0.05,110,0.047619047619047616,0.5,2,-1
1966370,2005331,1,0.3284587387530511,0.05,110,0.047619047619047616,0.5,2,-1
1966389,1967144,9,3.9086503371292665,0.8181818181818182,100,0.8999999999999999,1.0,0,-1
1966389,1967148,9,3.9086503371292665,0.8181818181818182,100,0.8999999999999999,1.0,16,-1
1966389,1967154,9,3.9086503371292665,0.8181818181818182,100,0.8999999999999999,1.0,16,-1
1966389,1972939,9,3.9086503371292665,0.8181818181818182,100,0.8999999999999999,1.0,16,-1
1966389,1974822,9,3.9086503371292665,0.8181818181818182,100,0.8999999999999999,1.0,16,-1
1966389,1974827,9,3.9086503371292665,0.8181818181818182,100,0.8999999999999999,1.0,16,-1
1966389,1977987,9,3.9086503371292665,0.8181818181818182,100,0.8999999999999999,1.0,16,-1
1966389,1989792,9,3.9086503371292665,0.8181818181818182,100,0.8999999999999999,1.0,0,-1
1966389,1989800,9,3.9086503371292665,0.8181818181818182,100,0.8999999999999999,1.0,16,-1
1966412,1967151,9,3.853279036915966,0.8181818181818182,100,0.8714285714285713,1.0,10,-1
1966412,1967167,9,3.853279036915966,0.8181818181818182,100,0.8714285714285713,1.0,10,-1
1966412,1970649,9,3.853279036915966,0.8181818181818182,100,0.8714285714285713,1.0,13,-1
1966412,1979343,9,3.853279036915966,0.8181818181818182,100,0.8714285714285713,1.0,10,-1
1966412,1983148,9,3.853279036915966,0.8181818181818182,100,0.8714285714285713,1.0,10,-1
1966412,1983153,9,3.853279036915966,0.8181818181818182,100,0.8714285714285713,1.0,10,-1
1966412,1983163,9,3.853279036915966,0.8181818181818182,100,0.8714285714285713,1.0,10,-1
1966412,1989833,9,3.853279036915966,0.8181818181818182,100,0.8714285714285713,1.0,13,-1
1966412,1989838,9,3.853279036915966,0.8181818181818182,100,0.8714285714285713,1.0,13,-1
1966418,1974887,9,3.9086503371292665,0.8181818181818182,100,0.8999999999999999,1.0,16,-1
1966418,1974892,9,3.9086503371292665,0.8181818181818182,100,0.8999999999999999,1.0,16,-1
1966418,1974905,9,3.9086503371292665,0.8181818181818182,100,0.8999999999999999,1.0,16,-1
1966418,1983183,9,3.9086503371292665,0.8181818181818182,100,0.8999999999999999,1.0,16,-1
1966418,1983187,9,3.9086503371292665,0.8181818181818182,100,0.8999999999999999,1.0,16,-1
1966418,1994789,9,3.9086503371292665,0.8181818181818182,100,0.8999999999999999,1.0,16,-1
1966423,1966442,5,2.7905531327562363,0.7142857142857143,36,0.8333333333333333,1.0,0,-1
1966423,1974901,5,2.7905531327562363,0.7142857142857143,36,0.8333333333333333,1.0,0,-1
1966423,1978036,5,2.7905531327562363,0.7142857142857143,36,0.8333333333333333,1.0,0,-1
1966423,1994793,5,2.7905531327562363,0.7142857142857143,36,0.8333333333333333,1.0,0,-1
1966423,1994807,5,2.7905531327562363,0.7142857142857143,36,0.8333333333333333,1.0,0,-1
1966423,1994811,5,2.7905531327562363,0.7142857142857143,36,0.8333333333333333,1.0,0,-1
1966442,1974901,5,2.7905531327562363,0.7142857142857143,36,0.8333333333333333,1.0,10,-1
1966442,1978036,5,2.7905531327562363,0.7142857142857143,36,0.8333333333333333,1.0,10,-1
1966442,1994793,5,2.7905531327562363,0.7142857142857143,36,0.8333333333333333,1.0,10,-1
1966442,1994807,5,2.7905531327562363,0.7142857142857143,36,0.8333333333333333,1.0,10,-1
1966442,1994811,5,2.7905531327562363,0.7142857142857143,36,0.8333333333333333,1.0,10,-1
1966460,1983196,9,3.9086503371292665,0.8181818181818182,100,0.8999999999999999,1.0,19,-1
1966460,1983210,9,3.9086503371292665,0.8181818181818182,100,0.8999999999999999,1.0,19,-1
1966460,1984324,9,3.9086503371292665,0.8181818181818182,100,0.8999999999999999,1.0,19,-1
1966460,1984329,9,3.9086503371292665,0.8181818181818182,100,0.8999999999999999,1.0,19,-1
1966460,1984334,9,3.9086503371292665,0.8181818181818182,100,0.8999999999999999,1.0,19,-1
1966460,1994844,9,3.9086503371292665,0.8181818181818182,100,0.8999999999999999,1.0,19,-1
1966460,1994849,9,3.9086503371292665,0.8181818181818182,100,0.8999999999999999,1.0,19,-1
1966464,1971746,3,2.164042561333445,0.6,16,0.75,1.0,4,-1
1966464,1983226,3,2.164042561333445,0.6,16,0.75,1.0,4,-1
1966464,1983236,3,2.164042561333445,0.6,16,0.75,1.0,4,-1
1966464,1994853,3,2.164042561333445,0.6,16,0.75,1.0,4,-1
1966467,1971764,8,3.264600165608177,0.6153846153846154,108,0.6944444444444444,1.0,13,-1
1966467,1971767,8,3.264600165608177,0.6153846153846154,108,0.6944444444444444,1.0,13,-1
1966467,1973000,8,3.264600165608177,0.6153846153846154,108,0.6944444444444444,1.0,13,-1
1966467,1973004,11,4.759985215428714,0.8461538461538461,144,1.0972222222222223,1.0,19,-1
1966467,1973007,11,4.759985215428714,0.8461538461538461,144,1.0972222222222223,1.0,0,-1
1966467,2002499,7,2.861038019593897,0.5384615384615384,96,0.611111111111111,1.0,12,-1
1966467,2029219,7,2.861038019593897,0.5384615384615384,96,0.611111111111111,1.0,12,-1
1966467,2037484,7,2.8610380195938965,0.5384615384615384,96,0.611111111111111,1.0,12,-1
1966533,1966535,5,2.2952885541642543,0.7142857142857143,36,0.5666666666666667,1.0,9,-1
1966533,1984651,5,2.2952885541642543,0.7142857142857143,36,0.5666666666666667,1.0,9,-1
1966535,1984651,5,2.2952885541642543,0.7142857142857143,36,0.5666666666666667,1.0,9,-1
1966551,1984687,2,1.8204784532536746,0.5,9,0.6666666666666666,1.0,3,-1
1966625,1984685,8,3.414906893251425,0.5714285714285714,117,0.7746212121212122,1.0,8,-1
1966625,1987461,8,3.414906893251425,0.5714285714285714,117,0.7746212121212122,1.0,8,-1
1966625,2004398,8,3.414906893251425,0.5714285714285714,117,0.7746212121212122,1.0,8,-1
1966625,2004403,8,3.414906893251425,0.5714285714285714,117,0.7746212121212122,1.0,0,-1
1966625,2004411,8,3.414906893251425,0.5714285714285714,117,0.7746212121212122,1.0,8,-1
1966851,1971296,6,3.083390054218504,0.75,49,0.857142857142857,1.0,12,-1
1966851,1972570,6,3.083390054218504,0.75,49,0.857142857142857,1.0,12,-1
1966851,1978966,6,3.083390054218504,0.75,49,0.857142857142857,1.0,12,-1
1966851,1994313,6,3.083390054218504,0.75,49,0.857142857142857,1.0,7,-1
1966851,1994318,6,3.083390054218504,0.75,49,0.857142857142857,1.0,7,-1
1966851,1994322,6,3.083390054218504,0.75,49,0.857142857142857,1.0,12,-1
1966854,1966857,6,2.8478942191121277,0.75,49,0.7316849816849815,1.0,7,-1
1966854,1972567,6,2.8478942191121277,0.75,49,0.7316849816849818,1.0,7,-1
1966854,1974202,6,2.8478942191121277,0.75,49,0.7316849816849818,1.0,7,-1
1966854,1978957,6,2.8478942191121277,0.75,49,0.7316849816849815,1.0,7,-1
1966857,1972567,6,2.8478942191121277,0.75,49,0.7316849816849818,1.0,7,-1
1966857,1974202,6,2.8478942191121277,0.75,49,0.7316849816849818,1.0,7,-1
1966857,1978957,6,2.8478942191121277,0.75,49,0.7316849816849815,1.0,7,-1
1966859,1966862,5,2.7905531327562363,0.3333333333333333,84,0.8333333333333333,1.0,8,-1
1966859,1972590,5,2.7905531327562363,0.3333333333333333,84,0.8333333333333333,1.0,8,-1
1966859,1988728,5,2.7905531327562363,0.3333333333333333,84,0.8333333333333333,1.0,6,-1
1966862,1972590,5,2.6113656878949403,0.7142857142857143,36,0.738095238095238,1.0,8,1
1966862,1988728,5,2.6113656878949403,0.7142857142857143,36,0.738095238095238,1.0,6,-1
1967057,1983014,0,0.0,0.0,1,0.0,1.0,2,-1
1967060,1967068,7,3.366288428740915,0.7777777777777778,64,0.875,1.0,8,-1
1967060,1974651,7,3.366288428740915,0.7777777777777778,64,0.875,1.0,8,-1
1967060,1974661,7,3.366288428740915,0.7777777777777778,64,0.875,1.0,8,-1
1967060,1974666,7,3.366288428740915,0.7777777777777778,64,0.875,1.0,8,-1
1967060,1976791,7,3.366288428740915,0.7777777777777778,64,0.875,1.0,8,-1
1967060,1984390,7,3.366288428740915,0.7777777777777778,64,0.875,1.0,8,-1
1967062,1984198,1,1.4426950408889634,0.3333333333333333,4,0.5,1.0,4,-1
1967062,1984406,1,1.4426950408889634,0.3333333333333333,4,0.5,1.0,4,-1
1967063,1983019,4,2.26643440806068,0.6666666666666666,25,0.6833333333333335,1.0,0,-1
1967063,1983034,4,2.26643440806068,0.6666666666666666,25,0.6833333333333335,1.0,0,-1
1967065,1977927,5,2.58539863006975,0.7142857142857143,36,0.7254901960784313,1.0,6,-1
1967065,1979249,5,2.58539863006975,0.7142857142857143,36,0.7254901960784313,1.0,6,-1
1967065,1989712,5,2.58539863006975,0.7142857142857143,36,0.7254901960784313,1.0,6,-1
1967065,1989724,5,2.58539863006975,0.7142857142857143,36,0.7254901960784313,1.0,6,-1
1967065,1989728,5,2.58539863006975,0.7142857142857143,36,0.7254901960784313,1.0,6,-1
1967068,1974651,7,3.366288428740915,0.7777777777777778,64,0.875,1.0,8,-1
1967068,1974661,7,3.366288428740915,0.7777777777777778,64,0.875,1.0,8,-1
1967068,1974666,7,3.366288428740915,0.7777777777777778,64,0.875,1.0,8,-1
1967068,1976791,7,3.366288428740915,0.7777777777777778,64,0.875,1.0,9,-1
1967068,1984390,7,3.366288428740915,0.7777777777777778,64,0.875,1.0,8,-1
1967076,1967079,8,3.546511053416171,0.8,81,0.8402777777777779,1.0,0,-1
1967076,1967082,8,3.546511053416171,0.8,81,0.8402777777777779,1.0,7,-1
1967076,1967084,8,3.546511053416171,0.8,81,0.8402777777777779,1.0,7,-1
1967076,1967087,8,3.546511053416171,0.8,81,0.8402777777777779,1.0,0,-1
1967076,1972888,8,3.546511053416171,0.8,81,0.8402777777777779,1.0,7,-1
1967076,1972897,8,3.546511053416171,0.8,81,0.8402777777777779,1.0,7,-1
1967076,1984202,8,3.640956906507349,0.47058823529411764,144,0.8888888888888891,1.0,7,-1
1967076,1984219,8,3.546511053416171,0.8,81,0.8402777777777779,1.0,7,-1
1967079,1967082,8,3.546511053416171,0.8,81,0.8402777777777779,1.0,0,-1
1967079,1967084,8,3.5465110534161712,0.8,81,0.8402777777777779,1.0,0,-1
1967079,1967087,8,3.5465110534161712,0.8,81,0.8402777777777779,1.0,0,-1
1967079,1972888,8,3.5465110534161712,0.8,81,0.8402777777777779,1.0,0,-1
1967079,1972897,8,3.546511053416171,0.8,81,0.8402777777777779,1.0,0,-1
1967079,1984202,8,3.640956906507349,0.47058823529411764,144,0.8888888888888891,1.0,0,-1
1967079,1984219,8,3.5465110534161712,0.8,81,0.8402777777777779,1.0,0,-1
1967082,1967084,8,3.5465110534161712,0.8,81,0.8402777777777779,1.0,10,-1
1967082,1967087,8,3.5465110534161712,0.8,81,0.8402777777777779,1.0,0,-1
1967082,1972888,8,3.5465110534161712,0.8,81,0.8402777777777779,1.0,7,-1
1967082,1972897,8,3.546511053416171,0.8,81,0.8402777777777779,1.0,10,-1
1967082,1984202,8,3.640956906507349,0.47058823529411764,144,0.8888888888888891,1.0,7,-1
1967082,1984219,8,3.5465110534161712,0.8,81,0.8402777777777779,1.0,7,-1
1967084,1967087,8,3.5465110534161712,0.8,81,0.8402777777777779,1.0,0,-1
1967084,1972888,8,3.5465110534161712,0.8,81,0.8402777777777779,1.0,7,-1
1967084,1972897,8,3.546511053416171,0.8,81,0.8402777777777779,1.0,10,-1
1967084,1984202,8,3.640956906507349,0.47058823529411764,144,0.8888888888888891,1.0,7,-1
1967084,1984219,8,3.5465110534161712,0.8,81,0.8402777777777779,1.0,7,-1
1967087,1972888,8,3.5465110534161712,0.8,81,0.8402777777777779,1.0,0,-1
1967087,1972897,8,3.546511053416171,0.8,81,0.8402777777777779,1.0,0,-1
1967087,1984202,8,3.640956906507349,0.47058823529411764,144,0.8888888888888891,1.0,0,-1
1967087,1984219,8,3.5465110534161712,0.8,81,0.8402777777777779,1.0,0,-1
1967113,1972900,9,3.8028145939790656,0.8181818181818182,100,0.8476190476190476,1.0,16,-1
1967113,1972904,9,3.8028145939790656,0.8181818181818182,100,0.8476190476190476,1.0,16,-1
1967113,1974709,9,3.9086503371292665,0.4090909090909091,210,0.8999999999999999,1.0,10,-1
1967113,1974724,9,3.8028145939790656,0.8181818181818182,100,0.8476190476190476,1.0,16,-1
1967113,1974728,9,3.8028145939790656,0.8181818181818182,100,0.8476190476190476,1.0,16,-1
1967113,1984462,9,3.8028145939790656,0.8181818181818182,100,0.8476190476190476,1.0,10,-1
1967113,1984466,9,3.8028145939790656,0.8181818181818182,100,0.8476190476190476,1.0,10,-1
1967113,1984479,9,3.8028145939790656,0.8181818181818182,100,0.8476190476190475,1.0,16,-1
1967113,1985079,1,0.3284587387530511,0.05,110,0.047619047619047616,0.5,2,-1
1967113,1985087,1,0.3284587387530511,0.05,110,0.047619047619047616,0.5,2,-1
1967113,1986562,1,0.3284587387530511,0.05,110,0.047619047619047616,0.5,2,-1
1967113,1994665,9,3.8028145939790656,0.8181818181818182,100,0.8476190476190476,1.0,16,-1
1967113,2004869,1,0.3284587387530511,0.05,110,0.047619047619047616,0.5,2,-1
1967113,2005331,1,0.3284587387530511,0.05,110,0.047619047619047616,0.5,2,-1
1967119,1970613,5,2.622313751456269,0.7142857142857143,36,0.7435897435897435,1.0,9,-1
1967119,1974778,5,2.622313751456269,0.7142857142857143,36,0.7435897435897435,1.0,9,-1
1967119,1977973,5,2.622313751456269,0.7142857142857143,36,0.7435897435897435,1.0,0,-1
1967125,1967137,5,2.7905531327562363,0.7142857142857143,36,0.8333333333333333,1.0,5,-1
1967125,1967140,5,2.7905531327562363,0.7142857142857143,36,0.8333333333333333,1.0,5,-1
1967125,1983109,5,2.7905531327562363,0.7142857142857143,36,0.8333333333333333,1.0,0,-1
1967125,1984486,5,2.7905531327562363,0.7142857142857143,36,0.8333333333333333,1.0,5,-1
1967125,1984495,5,2.7905531327562363,0.7142857142857143,36,0.8333333333333333,1.0,5,-1
1967125,1984498,5,2.7905531327562363,0.7142857142857143,36,0.8333333333333333,1.0,6,-1
1967131,1971689,4,2.4853397382384474,0.6666666666666666,25,0.8,1.0,10,-1
1967131,1979300,4,2.4853397382384474,0.6666666666666666,25,0.8,1.0,10,-1
1967131,1994687,4,2.4853397382384474,0.6666666666666666,25,0.8,1.0,10,-1
1967131,1994707,4,2.4853397382384474,0.6666666666666666,25,0.8,1.0,10,-1
1967131,1994710,4,2.4853397382384474,0.6666666666666666,25,0.8,1.0,10,-1
1967134,1979303,5,2.7905531327562363,0.7142857142857143,36,0.8333333333333333,1.0,6,-1
1967134,1983104,5,2.7905531327562363,0.7142857142857143,36,0.8333333333333333,1.0,6,-1
1967134,1983114,5,2.7905531327562363,0.7142857142857143,36,0.8333333333333333,1.0,6,-1
1967137,1967140,5,2.7905531327562363,0.7142857142857143,36,0.8333333333333333,1.0,5,-1
1967137,1983109,5,2.7905531327562363,0.7142857142857143,36,0.8333333333333333,1.0,0,-1
1967137,1984486,5,2.7905531327562363,0.7142857142857143,36,0.8333333333333333,1.0,5,-1
1967137,1984495,5,2.7905531327562363,0.7142857142857143,36,0.8333333333333333,1.0,5,-1
1967137,1984498,5,2.7905531327562363,0.7142857142857143,36,0.8333333333333333,1.0,5,-1
1967140,1983109,5,2.7905531327562363,0.7142857142857143,36,0.8333333333333333,1.0,0,-1
1967140,1984486,5,2.7905531327562363,0.7142857142857143,36,0.8333333333333333,1.0,5,-1
1967140,1984495,5,2.7905531327562363,0.7142857142857143,36,0.8333333333333333,1.0,5,-1
1967140,1984498,5,2.7905531327562363,0.7142857142857143,36,0.8333333333333333,1.0,5,-1
1967144,1967148,9,3.9086503371292665,0.8181818181818182,100,0.8999999999999999,1.0,0,-1
1967144,1967154,9,3.9086503371292665,0.8181818181818182,100,0.8999999999999999,1.0,0,-1
1967144,1972939,9,3.9086503371292665,0.8181818181818182,100,0.8999999999999999,1.0,0,-1
1967144,1974822,9,3.9086503371292665,0.8181818181818182,100,0.8999999999999999,1.0,0,-1
1967144,1974827,9,3.9086503371292665,0.8181818181818182,100,0.8999999999999999,1.0,0,-1
1967144,1977987,9,3.9086503371292665,0.8181818181818182,100,0.8999999999999999,1.0,0,-1
1967144,1989792,9,3.9086503371292665,0.8181818181818182,100,0.8999999999999999,1.0,0,-1
1967144,1989800,9,3.9086503371292665,0.8181818181818182,100,0.8999999999999999,1.0,0,-1
1967148,1967154,9,3.9086503371292665,0.8181818181818182,100,0.8999999999999999,1.0,16,-1
1967148,1972939,9,3.9086503371292665,0.8181818181818182,100,0.8999999999999999,1.0,16,-1
1967148,1974822,9,3.9086503371292665,0.8181818181818182,100,0.8999999999999999,1.0,16,-1
1967148,1974827,9,3.9086503371292665,0.8181818181818182,100,0.8999999999999999,1.0,16,-1
1967148,1977987,9,3.9086503371292665,0.8181818181818182,100,0.8999999999999999,1.0,16,-1
1967148,1989792,9,3.9086503371292665,0.8181818181818182,100,0.8999999999999999,1.0,0,-1
1967148,1989800,9,3.9086503371292665,0.8181818181818182,100,0.8999999999999999,1.0,16,-1
1967151,1967167,9,3.853279036915966,0.8181818181818182,100,0.8714285714285713,1.0,15,-1
1967151,1970649,9,3.853279036915966,0.8181818181818182,100,0.8714285714285713,1.0,10,-1
1967151,1979343,9,3.853279036915966,0.8181818181818182,100,0.8714285714285713,1.0,15,-1
1967151,1983148,9,3.853279036915966,0.8181818181818182,100,0.8714285714285713,1.0,15,-1
1967151,1983153,9,3.853279036915966,0.8181818181818182,100,0.8714285714285713,1.0,15,-1
1967151,1983163,9,3.853279036915966,0.8181818181818182,100,0.8714285714285713,1.0,15,-1
1967151,1989833,9,3.853279036915966,0.8181818181818182,100,0.8714285714285713,1.0,10,-1
1967151,1989838,9,3.853279036915966,0.8181818181818182,100,0.8714285714285713,1.0,10,-1
1967154,1972939,9,3.9086503371292665,0.8181818181818182,100,0.8999999999999999,1.0,16,-1
1967154,1974822,9,3.9086503371292665,0.8181818181818182,100,0.8999999999999999,1.0,16,-1
1967154,1974827,9,3.9086503371292665,0.8181818181818182,100,0.8999999999999999,1.0,16,-1
1967154,1977987,9,3.9086503371292665,0.8181818181818182,100,0.8999999999999999,1.0,16,-1
1967154,1989792,9,3.9086503371292665,0.8181818181818182,100,0.8999999999999999,1.0,0,-1
1967154,1989800,9,3.9086503371292665,0.8181818181818182,100,0.8999999999999999,1.0,16,-1
1967167,1970649,9,3.853279036915966,0.8181818181818182,100,0.8714285714285713,1.0,10,-1
1967167,1979343,9,3.853279036915966,0.8181818181818182,100,0.8714285714285713,1.0,15,-1
1967167,1983148,9,3.853279036915966,0.8181818181818182,100,0.8714285714285713,1.0,15,-1
1967167,1983153,9,3.853279036915966,0.8181818181818182,100,0.8714285714285713,1.0,15,-1
1967167,1983163,9,3.853279036915966,0.8181818181818182,100,0.8714285714285713,1.0,15,-1
1967167,1989833,9,3.853279036915966,0.8181818181818182,100,0.8714285714285713,1.0,10,-1
1967167,1989838,9,3.853279036915966,0.8181818181818182,100,0.8714285714285713,1.0,10,-1
1967192,1967195,15,5.380711395411519,0.8823529411764706,256,0.9236111111111112,1.0,26,-1
1967192,1967197,15,5.380711395411519,0.8823529411764706,256,0.9236111111111112,1.0,26,-1
1967192,1970718,15,5.380711395411519,0.8823529411764706,256,0.9236111111111112,1.0,26,-1
1967192,1972980,15,5.380711395411519,0.8823529411764706,256,0.9236111111111112,1.0,16,-1
1967192,1972983,15,5.380711395411519,0.8823529411764706,256,0.9236111111111112,1.0,26,-1
1967192,1972986,15,5.380711395411519,0.8823529411764706,256,0.9236111111111112,1.0,26,-1
1967192,1974927,15,5.380711395411519,0.8823529411764706,256,0.9236111111111112,1.0,16,-1
1967192,1975748,15,5.380711395411519,0.8823529411764706,256,0.9236111111111112,1.0,26,-1
1967192,1978080,15,5.380711395411519,0.8823529411764706,256,0.9236111111111112,1.0,16,-1
1967192,1979412,15,5.380711395411519,0.8823529411764706,256,0.9236111111111112,1.0,26,-1
1967192,1979416,15,5.380711395411519,0.8823529411764706,256,0.9236111111111112,1.0,26,-1
1967192,1984528,15,5.380711395411519,0.8823529411764706,256,0.9236111111111112,1.0,16,-1
1967192,1984545,15,5.380711395411519,0.8823529411764706,256,0.9236111111111112,1.0,26,-1
1967192,1984548,15,5.380711395411519,0.8823529411764706,256,0.9236111111111112,1.0,26,-1
1967195,1967197,15,5.380711395411519,0.8823529411764706,256,0.9236111111111112,1.0,26,-1
1967195,1970718,15,5.380711395411519,0.8823529411764706,256,0.9236111111111112,1.0,26,-1
1967195,1972980,15,5.380711395411519,0.8823529411764706,256,0.9236111111111112,1.0,16,-1
1967195,1972983,15,5.380711395411519,0.8823529411764706,256,0.9236111111111112,1.0,26,-1
1967195,1972986,15,5.380711395411519,0.8823529411764706,256,0.9236111111111112,1.0,26,-1
1967195,1974927,15,5.380711395411519,0.8823529411764706,256,0.9236111111111112,1.0,16,-1
1967195,1975748,15,5.380711395411519,0.8823529411764706,256,0.9236111111111112,1.0,26,-1
1967195,1978080,15,5.380711395411519,0.8823529411764706,256,0.9236111111111112,1.0,16,-1
1967195,1979412,15,5.380711395411519,0.8823529411764706,256,0.9236111111111112,1.0,26,-1
1967195,1979416,15,5.380711395411519,0.8823529411764706,256,0.9236111111111112,1.0,26,-1
1967195,1984528,15,5.380711395411519,0.8823529411764706,256,0.9236111111111112,1.0,16,-1
1967195,1984545,15,5.380711395411519,0.8823529411764706,256,0.9236111111111112,1.0,26,-1
1967195,1984548,15,5.380711395411519,0.8823529411764706,256,0.9236111111111112,1.0,26,-1
1967197,1970718,15,5.380711395411519,0.8823529411764706,256,0.9236111111111112,1.0,26,-1
1967197,1972980,15,5.380711395411519,0.8823529411764706,256,0.9236111111111112,1.0,16,-1
1967197,1972983,15,5.380711395411519,0.8823529411764706,256,0.9236111111111112,1.0,26,-1
1967197,1972986,15,5.380711395411519,0.8823529411764706,256,0.9236111111111112,1.0,26,-1
1967197,1974927,15,5.380711395411519,0.8823529411764706,256,0.9236111111111112,1.0,16,-1
1967197,1975748,15,5.380711395411519,0.8823529411764706,256,0.9236111111111112,1.0,26,-1
1967197,1978080,15,5.380711395411519,0.8823529411764706,256,0.9236111111111112,1.0,16,-1
1967197,1979412,15,5.380711395411519,0.8823529411764706,256,0.9236111111111112,1.0,26,-1
1967197,1979416,15,5.380711395411519,0.8823529411764706,256,0.9236111111111112,1.0,26,-1
1967197,1984528,15,5.380711395411519,0.8823529411764706,256,0.9236111111111112,1.0,16,-1
1967197,1984545,15,5.380711395411519,0.8823529411764706,256,0.9236111111111112,1.0,26,-1
1967197,1984548,15,5.380711395411519,0.8823529411764706,256,0.9236111111111112,1.0,26,-1
1967265,1967268,7,3.366288428740915,0.7777777777777778,64,0.875,1.0,14,-1
1967265,1978199,7,3.366288428740915,0.7777777777777778,64,0.875,1.0,14,-1
1967265,1984481,7,3.366288428740915,0.7777777777777778,64,0.875,1.0,14,-1
1967268,1978199,7,3.366288428740915,0.7777777777777778,64,0.875,1.0,14,-1
1967268,1984481,7,3.366288428740915,0.7777777777777778,64,0.875,1.0,14,-1
1967287,1967289,12,4.678454943015361,0.8571428571428571,169,0.9230769230769229,1.0,24,-1
1967287,1967291,12,4.678454943015361,0.8571428571428571,169,0.9230769230769229,1.0,24,-1
1967287,1970866,12,4.678454943015361,0.8571428571428571,169,0.9230769230769229,1.0,24,-1
1967287,1970875,12,4.678454943015361,0.8571428571428571,169,0.9230769230769229,1.0,24,-1
1967287,1970879,12,4.678454943015361,0.8571428571428571,169,0.9230769230769229,1.0,24,-1
1967287,1975074,12,4.678454943015361,0.8571428571428571,169,0.9230769230769229,1.0,24,-1
1967287,1978265,12,4.678454943015361,0.8571428571428571,169,0.9230769230769229,1.0,24,-1
1967287,1984714,12,4.678454943015361,0.8571428571428571,169,0.9230769230769229,1.0,24,-1
1967287,1995020,12,4.678454943015361,0.8571428571428571,169,0.9230769230769229,1.0,13,-1
1967287,1995024,12,4.678454943015361,0.8571428571428571,169,0.9230769230769229,1.0,24,-1
1967289,1967291,12,4.678454943015361,0.8571428571428571,169,0.9230769230769229,1.0,24,-1
1967289,1970866,12,4.678454943015361,0.8571428571428571,169,0.9230769230769229,1.0,24,-1
1967289,1970875,12,4.678454943015361,0.8571428571428571,169,0.9230769230769229,1.0,24,-1
1967289,1970879,12,4.678454943015361,0.8571428571428571,169,0.9230769230769229,1.0,24,-1
1967289,1975074,12,4.678454943015361,0.8571428571428571,169,0.9230769230769229,1.0,24,-1
1967289,1978265,12,4.678454943015361,0.8571428571428571,169,0.9230769230769229,1.0,24,-1
1967289,1984714,12,4.678454943015361,0.8571428571428571,169,0.9230769230769229,1.0,24,-1
1967289,1995020,12,4.678454943015361,0.8571428571428571,169,0.9230769230769229,1.0,13,-1
1967289,1995024,12,4.678454943015361,0.8571428571428571,169,0.9230769230769229,1.0,24,-1
1967291,1970866,12,4.678454943015361,0.8571428571428571,169,0.9230769230769229,1.0,24,-1
1967291,1970875,12,4.678454943015361,0.8571428571428571,169,0.9230769230769229,1.0,24,-1
1967291,1970879,12,4.678454943015361,0.8571428571428571,169,0.9230769230769229,1.0,24,-1
1967291,1975074,12,4.678454943015361,0.8571428571428571,169,0.9230769230769229,1.0,24,-1
1967291,1978265,12,4.678454943015361,0.8571428571428571,169,0.9230769230769229,1.0,24,-1
1967291,1984714,12,4.678454943015361,0.8571428571428571,169,0.9230769230769229,1.0,24,-1
1967291,1995020,12,4.678454943015361,0.8571428571428571,169,0.9230769230769229,1.0,13,-1
1967291,1995024,12,4.678454943015361,0.8571428571428571,169,0.9230769230769229,1.0,24,-1
1967708,1976390,4,2.4853397382384474,0.6666666666666666,25,0.8,1.0,7,1
1967708,2004794,4,2.4853397382384474,0.6666666666666666,25,0.8,1.0,5,-1
1967777,1971418,15,5.4101064033336135,0.8823529411764706,256,0.9375,1.0,16,1
1967777,1971421,15,5.4101064033336135,0.8823529411764706,256,0.9375,1.0,28,1
1968314,2000244,5,2.7905531327562363,0.2631578947368421,108,0.8333333333333333,1.0,5,-1
1968314,2002583,5,2.7905531327562363,0.2631578947368421,108,0.8333333333333333,1.0,5,-1
1968314,2002609,5,2.7905531327562363,0.2631578947368421,108,0.8333333333333333,1.0,5,-1
1968314,2002877,5,2.7905531327562363,0.2631578947368421,108,0.8333333333333333,1.0,0,-1
1968314,2002892,5,2.7905531327562363,0.2631578947368421,108,0.8333333333333333,1.0,5,-1
1968314,2002902,5,2.7905531327562363,0.2631578947368421,108,0.8333333333333333,1.0,5,-1
1968341,1974244,10,3.959594018849274,0.8333333333333334,121,0.8009324009324008,1.0,19,1
1968341,1975035,10,3.9867551650222404,0.7142857142857143,143,0.814918414918415,1.0,19,-1
1968341,1977009,10,3.959594018849274,0.8333333333333334,121,0.8009324009324008,1.0,11,-1
1968341,1992112,10,3.959594018849274,0.8333333333333334,121,0.8009324009324008,1.0,19,1
1968739,1970059,11,5.054475588849437,0.8461538461538461,144,1.25,1.0,17,1
1968739,1970854,7,3.0524134584163423,0.5384615384615384,96,0.7083333333333334,1.0,7,-1
1968739,1970871,7,3.0524134584163423,0.5384615384615384,96,0.7083333333333333,1.0,7,-1
1968739,1972551,11,5.054475588849437,0.8461538461538461,144,1.25,1.0,17,1
1968739,1975070,7,3.0524134584163423,0.5384615384615384,96,0.7083333333333334,1.0,0,-1
1968900,1973020,9,3.8350296154482555,0.5294117647058824,160,0.8624999999999999,1.0,10,-1
1968900,1973028,9,3.8350296154482555,0.5294117647058824,160,0.8624999999999999,1.0,18,-1
1968900,1973040,9,3.8350296154482555,0.5294117647058824,160,0.8624999999999999,1.0,18,-1
1968900,1976893,9,3.8350296154482555,0.5294117647058824,160,0.8624999999999999,1.0,18,-1
1968900,1976904,9,3.8350296154482555,0.5294117647058824,160,0.8624999999999999,1.0,18,-1
1968900,1984574,9,3.8350296154482555,0.5294117647058824,160,0.8624999999999999,1.0,18,-1
1968900,1984579,9,3.8350296154482555,0.5294117647058824,160,0.8624999999999999,1.0,18,-1
1969797,1972335,5,2.7905531327562363,0.7142857142857143,36,0.8333333333333333,1.0,12,1
1969797,1983785,5,2.7905531327562363,0.7142857142857143,36,0.8333333333333333,1.0,12,-1
1969797,1986553,5,2.7905531327562363,0.7142857142857143,36,0.8333333333333333,1.0,12,-1
1969797,2001078,5,2.7905531327562363,0.7142857142857143,36,0.8333333333333333,1.0,12,-1
1969797,2003594,5,2.7905531327562363,0.7142857142857143,36,0.8333333333333333,1.0,12,-1
1970059,1970854,7,3.0524134584163423,0.5384615384615384,96,0.7083333333333334,1.0,7,-1
1970059,1970871,7,3.0524134584163423,0.5384615384615384,96,0.7083333333333333,1.0,7,-1
1970059,1972551,11,5.054475588849437,0.8461538461538461,144,1.25,1.0,17,1
1970059,1975070,7,3.0524134584163423,0.5384615384615384,96,0.7083333333333334,1.0,0,-1
1970086,1971048,5,3.0802386426662,0.7142857142857143,36,0.9833333333333334,1.0,6,1
1970086,1971078,5,3.0802386426662,0.7142857142857143,36,0.9833333333333334,1.0,6,1
1970086,1971848,3,1.6743318796537416,0.42857142857142855,24,0.5,1.0,4,-1
1970086,1974030,5,3.0802386426662,0.7142857142857143,36,0.9833333333333334,1.0,6,1
1970200,1973177,3,2.164042561333445,0.6,16,0.75,1.0,8,-1
1970200,1975037,3,2.164042561333445,0.6,16,0.75,1.0,8,-1
1970200,1977014,3,2.164042561333445,0.6,16,0.75,1.0,8,-1
1970267,1977597,0,0.0,0.0,1,0.0,1.0,2,-1
1970270,1972599,4,2.4853397382384474,0.6666666666666666,25,0.8,1.0,5,-1
1970270,1984136,4,2.4853397382384474,0.6666666666666666,25,0.8,1.0,5,-1
1970277,1977587,2,1.8204784532536746,0.5,9,0.6666666666666666,1.0,6,-1
1970277,1977601,2,1.8204784532536746,0.5,9,0.6666666666666666,1.0,6,-1
1970281,1972618,4,2.4853397382384474,0.6666666666666666,25,0.8,1.0,5,-1
1970281,1974196,4,2.4853397382384474,0.6666666666666666,25,0.8,1.0,5,-1
1970281,1977604,4,2.4853397382384474,0.6666666666666666,25,0.8,1.0,5,-1
1970281,1989331,4,2.4853397382384474,0.6666666666666666,25,0.8,1.0,5,-1
1970501,1970508,8,3.640956906507349,0.8,81,0.8888888888888891,1.0,15,-1
1970501,1972870,8,3.640956906507349,0.8,81,0.8888888888888891,1.0,9,-1
1970501,1972877,8,3.640956906507349,0.8,81,0.8888888888888891,1.0,15,-1
1970501,1972879,8,3.640956906507349,0.8,81,0.8888888888888891,1.0,15,-1
1970501,1974638,8,3.640956906507349,0.8,81,0.8888888888888891,1.0,15,-1
1970501,1974642,8,3.640956906507349,0.8,81,0.8888888888888891,1.0,15,-1
1970501,1976773,8,3.640956906507349,0.8,81,0.8888888888888891,1.0,9,-1
1970501,1989649,8,3.640956906507349,0.8,81,0.8888888888888891,1.0,15,-1
1970501,1989667,8,3.640956906507349,0.8,81,0.8888888888888891,1.0,9,-1
1970505,1975613,1,1.4426950408889634,0.3333333333333333,4,0.5,1.0,2,-1
1970505,1984181,1,1.4426950408889634,0.3333333333333333,4,0.5,1.0,2,-1
1970508,1972870,8,3.640956906507349,0.8,81,0.8888888888888891,1.0,9,-1
1970508,1972877,8,3.640956906507349,0.8,81,0.8888888888888891,1.0,15,-1
1970508,1972879,8,3.640956906507349,0.8,81,0.8888888888888891,1.0,15,-1
1970508,1974638,8,3.640956906507349,0.8,81,0.8888888888888891,1.0,15,-1
1970508,1974642,8,3.640956906507349,0.8,81,0.8888888888888891,1.0,15,-1
1970508,1976773,8,3.640956906507349,0.8,81,0.8888888888888891,1.0,9,-1
1970508,1989649,8,3.640956906507349,0.8,81,0.8888888888888891,1.0,15,-1
1970508,1989667,8,3.640956906507349,0.8,81,0.8888888888888891,1.0,9,-1
1970512,1977896,3,1.923593387851951,0.6,16,0.625,1.0,8,-1
1970512,1989663,3,1.9235933878519513,0.6,16,0.625,1.0,8,-1
1970516,1971631,3,2.164042561333445,0.6,16,0.75,1.0,4,-1
1970516,1977935,3,2.164042561333445,0.6,16,0.75,1.0,4,-1
1970516,1979244,3,2.164042561333445,0.6,16,0.75,1.0,4,-1
1970525,1971627,10,4.170323914242463,0.8333333333333334,121,0.9090909090909093,1.0,10,-1
1970525,1971635,10,4.170323914242463,0.8333333333333334,121,0.9090909090909093,1.0,10,-1
1970525,1971638,10,4.170323914242463,0.8333333333333334,121,0.9090909090909093,1.0,10,-1
1970525,1972881,10,4.170323914242463,0.8333333333333334,121,0.9090909090909093,1.0,0,-1
1970525,1972884,10,4.170323914242463,0.8333333333333334,121,0.9090909090909093,1.0,10,-1
1970525,1972895,10,4.170323914242463,0.8333333333333334,121,0.9090909090909093,1.0,10,-1
1970525,1974680,10,4.170323914242463,0.8333333333333334,121,0.9090909090909093,1.0,10,-1
1970525,1974699,10,4.170323914242463,0.8333333333333334,121,0.9090909090909093,1.0,10,-1
1970525,1984417,10,4.170323914242463,0.8333333333333334,121,0.9090909090909093,1.0,10,-1
1970525,1984420,10,4.170323914242463,0.8333333333333334,121,0.9090909090909093,1.0,10,-1
1970525,1984423,10,4.170323914242463,0.8333333333333334,121,0.9090909090909093,1.0,10,-1
1970533,1989708,3,2.0008056674402104,0.6,16,0.6666666666666666,1.0,5,-1
1970533,1989716,3,2.0008056674402104,0.6,16,0.6666666666666666,1.0,0,-1
1970537,1979263,4,2.4853397382384474,0.6666666666666666,25,0.8,1.0,8,-1
1970537,1989720,4,2.4853397382384474,0.6666666666666666,25,0.8,1.0,8,-1
1970553,1971644,8,3.640956906507349,0.8,81,0.8888888888888891,1.0,16,-1
1970553,1971661,8,3.640956906507349,0.8,81,0.8888888888888891,1.0,16,-1
1970553,1977945,8,3.640956906507349,0.8,81,0.8888888888888891,1.0,16,-1
1970555,1971658,4,2.4853397382384474,0.6666666666666666,25,0.8,1.0,9,-1
1970555,1971665,4,2.4853397382384474,0.6666666666666666,25,0.8,1.0,9,-1
1970555,1989733,4,2.4853397382384474,0.6666666666666666,25,0.8,1.0,5,-1
1970555,1989746,4,2.4853397382384474,0.6666666666666666,25,0.8,1.0,9,-1
1970565,1979954,6,3.083390054218504,0.75,49,0.857142857142857,1.0,7,-1
1970565,1979969,6,3.083390054218504,0.75,49,0.857142857142857,1.0,7,-1
1970565,2000490,6,3.083390054218504,0.75,49,0.857142857142857,1.0,7,-1
1970565,2000644,6,3.083390054218504,0.75,49,0.857142857142857,1.0,7,-1
1970565,2000654,6,3.083390054218504,0.75,49,0.857142857142857,1.0,7,-1
1970565,2000677,6,3.083390054218504,0.75,49,0.857142857142857,1.0,7,-1
1970574,1984238,3,2.164042561333445,0.6,16,0.75,1.0,8,-1
1970574,1989772,3,2.164042561333445,0.6,16,0.75,1.0,8,-1
1970589,1970616,7,3.1430304809526497,0.7777777777777778,64,0.7583333333333333,1.0,8,-1
1970589,1976815,7,3.1430304809526497,0.7777777777777778,64,0.7583333333333333,1.0,8,-1
1970589,1976818,7,3.1430304809526497,0.7777777777777778,64,0.7583333333333333,1.0,8,-1
1970589,1976821,7,3.1430304809526497,0.7777777777777778,64,0.7583333333333333,1.0,10,-1
1970589,1984492,7,3.1430304809526497,0.7777777777777778,64,0.7583333333333333,1.0,8,-1
1970613,1974778,5,2.622313751456269,0.7142857142857143,36,0.7435897435897435,1.0,9,-1
1970613,1977973,5,2.622313751456269,0.7142857142857143,36,0.7435897435897435,1.0,0,-1
1970616,1976815,7,3.1430304809526497,0.7777777777777778,64,0.7583333333333333,1.0,8,-1
1970616,1976818,7,3.1430304809526497,0.7777777777777778,64,0.7583333333333333,1.0,8,-1
1970616,1976821,7,3.1430304809526497,0.7777777777777778,64,0.7583333333333333,1.0,8,-1
1970616,1984492,7,3.1430304809526497,0.7777777777777778,64,0.7583333333333333,1.0,8,-1
1970623,1970632,8,3.640956906507349,0.8,81,0.8888888888888891,1.0,11,-1
1970623,1970637,8,3.640956906507349,0.8,81,0.8888888888888891,1.0,6,-1
1970623,1970646,8,3.640956906507349,0.8,81,0.8888888888888891,1.0,0,-1
1970623,1978000,8,3.640956906507349,0.8,81,0.8888888888888891,1.0,11,-1
1970623,1979324,8,3.640956906507349,0.8,81,0.8888888888888891,1.0,11,-1
1970623,1979339,8,3.640956906507349,0.8,81,0.8888888888888891,1.0,0,-1
1970623,1994720,8,3.640956906507349,0.8,81,0.8888888888888891,1.0,0,-1
1970623,1994730,8,3.640956906507349,0.8,81,0.8888888888888891,1.0,11,-1
1970623,1994735,8,3.640956906507349,0.8,81,0.8888888888888891,1.0,11,-1
1970632,1970637,8,3.640956906507349,0.8,81,0.8888888888888891,1.0,6,-1
1970632,1970646,8,3.640956906507349,0.8,81,0.8888888888888891,1.0,0,-1
1970632,1978000,8,3.640956906507349,0.8,81,0.8888888888888891,1.0,11,-1
1970632,1979324,8,3.640956906507349,0.8,81,0.8888888888888891,1.0,11,-1
1970632,1979339,8,3.640956906507349,0.8,81,0.8888888888888891,1.0,0,-1
1970632,1994720,8,3.640956906507349,0.8,81,0.8888888888888891,1.0,0,-1
1970632,1994730,8,3.640956906507349,0.8,81,0.8888888888888891,1.0,11,-1
1970632,1994735,8,3.640956906507349,0.8,81,0.8888888888888891,1.0,11,-1
1970637,1970646,8,3.640956906507349,0.8,81,0.8888888888888891,1.0,0,-1
1970637,1978000,8,3.640956906507349,0.8,81,0.8888888888888891,1.0,6,-1
1970637,1979324,8,3.640956906507349,0.8,81,0.8888888888888891,1.0,6,-1
1970637,1979339,8,3.640956906507349,0.8,81,0.8888888888888891,1.0,0,-1
1970637,1994720,8,3.640956906507349,0.8,81,0.8888888888888891,1.0,0,-1
1970637,1994730,8,3.640956906507349,0.8,81,0.8888888888888891,1.0,6,-1
1970637,1994735,8,3.640956906507349,0.8,81,0.8888888888888891,1.0,6,-1
1970646,1978000,8,3.640956906507349,0.8,81,0.8888888888888891,1.0,0,-1
1970646,1979324,8,3.640956906507349,0.8,81,0.8888888888888891,1.0,0,-1
1970646,1979339,8,3.640956906507349,0.8,81,0.8888888888888891,1.0,0,-1
1970646,1994720,8,3.640956906507349,0.8,81,0.8888888888888891,1.0,0,-1
1970646,1994730,8,3.640956906507349,0.8,81,0.8888888888888891,1.0,0,-1
1970646,1994735,8,3.640956906507349,0.8,81,0.8888888888888891,1.0,0,-1
1970649,1979343,9,3.853279036915966,0.8181818181818182,100,0.8714285714285713,1.0,10,-1
1970649,1983148,9,3.853279036915966,0.8181818181818182,100,0.8714285714285713,1.0,10,-1
1970649,1983153,9,3.853279036915966,0.8181818181818182,100,0.8714285714285713,1.0,10,-1
1970649,1983163,9,3.853279036915966,0.8181818181818182,100,0.8714285714285713,1.0,10,-1
1970649,1989833,9,3.853279036915966,0.8181818181818182,100,0.8714285714285713,1.0,13,-1
1970649,1989838,9,3.853279036915966,0.8181818181818182,100,0.8714285714285713,1.0,13,-1
1970701,1978051,2,1.8204784532536746,0.5,9,0.6666666666666666,1.0,5,-1
1970718,1972980,15,5.380711395411519,0.8823529411764706,256,0.9236111111111112,1.0,16,-1
1970718,1972983,15,5.380711395411519,0.8823529411764706,256,0.9236111111111112,1.0,26,-1
1970718,1972986,15,5.380711395411519,0.8823529411764706,256,0.9236111111111112,1.0,26,-1
1970718,1974927,15,5.380711395411519,0.8823529411764706,256,0.9236111111111112,1.0,16,-1
1970718,1975748,15,5.380711395411519,0.8823529411764706,256,0.9236111111111112,1.0,26,-1
1970718,1978080,15,5.380711395411519,0.8823529411764706,256,0.9236111111111112,1.0,16,-1
1970718,1979412,15,5.380711395411519,0.8823529411764706,256,0.9236111111111112,1.0,26,-1
1970718,1979416,15,5.380711395411519,0.8823529411764706,256,0.9236111111111112,1.0,26,-1
1970718,1984528,15,5.380711395411519,0.8823529411764706,256,0.9236111111111112,1.0,16,-1
1970718,1984545,15,5.380711395411519,0.8823529411764706,256,0.9236111111111112,1.0,26,-1
1970718,1984548,15,5.380711395411519,0.8823529411764706,256,0.9236111111111112,1.0,26,-1
1970734,1973038,9,3.9086503371292665,0.8181818181818182,100,0.8999999999999999,1.0,17,-1
1970734,1979435,9,3.9086503371292665,0.8181818181818182,100,0.8999999999999999,1.0,17,-1
1970734,1979461,9,3.9086503371292665,0.8181818181818182,100,0.8999999999999999,1.0,0,-1
1970734,1979473,9,3.9086503371292665,0.8181818181818182,100,0.8999999999999999,1.0,17,-1
1970734,1983241,9,3.9086503371292665,0.8181818181818182,100,0.8999999999999999,1.0,17,-1
1970734,1983265,9,3.9086503371292665,0.8181818181818182,100,0.8999999999999999,1.0,17,-1
1970734,1989896,9,3.9086503371292665,0.8181818181818182,100,0.8999999999999999,1.0,17,-1
1970734,1989906,9,3.9086503371292665,0.8181818181818182,100,0.8999999999999999,1.0,17,-1
1970743,1984587,3,2.164042561333445,0.6,16,0.75,1.0,8,-1
1970763,1975795,8,3.640956906507349,0.8,81,0.8888888888888891,1.0,0,1
1970763,1982171,8,3.640956906507349,0.8,81,0.8888888888888891,1.0,0,1
1970854,1970871,7,2.973944715835199,0.7777777777777778,64,0.6666666666666666,1.0,7,-1
1970854,1972551,7,3.0524134584163423,0.5384615384615384,96,0.7083333333333334,1.0,7,-1
1970854,1975070,7,2.973944715835199,0.7777777777777778,64,0.6666666666666666,1.0,0,-1
1970866,1970875,12,4.678454943015361,0.8571428571428571,169,0.9230769230769229,1.0,24,-1
1970866,1970879,12,4.678454943015361,0.8571428571428571,169,0.9230769230769229,1.0,24,-1
1970866,1975074,12,4.678454943015361,0.8571428571428571,169,0.9230769230769229,1.0,24,-1
1970866,1978265,12,4.678454943015361,0.8571428571428571,169,0.9230769230769229,1.0,24,-1
1970866,1984714,12,4.678454943015361,0.8571428571428571,169,0.9230769230769229,1.0,24,-1
1970866,1995020,12,4.678454943015361,0.8571428571428571,169,0.9230769230769229,1.0,13,-1
1970866,1995024,12,4.678454943015361,0.8571428571428571,169,0.9230769230769229,1.0,24,-1
1970871,1972551,7,3.0524134584163423,0.5384615384615384,96,0.7083333333333333,1.0,7,-1
1970871,1975070,7,2.973944715835199,0.7777777777777778,64,0.6666666666666666,1.0,0,-1
1970875,1970879,12,4.678454943015361,0.8571428571428571,169,0.9230769230769229,1.0,24,-1
1970875,1975074,12,4.678454943015361,0.8571428571428571,169,0.9230769230769229,1.0,24,-1
1970875,1978265,12,4.678454943015361,0.8571428571428571,169,0.9230769230769229,1.0,24,-1
1970875,1984714,12,4.678454943015361,0.8571428571428571,169,0.9230769230769229,1.0,24,-1
1970875,1995020,12,4.678454943015361,0.8571428571428571,169,0.9230769230769229,1.0,13,-1
1970875,1995024,12,4.678454943015361,0.8571428571428571,169,0.9230769230769229,1.0,24,-1
1970879,1975074,12,4.678454943015361,0.8571428571428571,169,0.9230769230769229,1.0,24,-1
1970879,1978265,12,4.678454943015361,0.8571428571428571,169,0.9230769230769229,1.0,24,-1
1970879,1984714,12,4.678454943015361,0.8571428571428571,169,0.9230769230769229,1.0,24,-1
1970879,1995020,12,4.678454943015361,0.8571428571428571,169,0.9230769230769229,1.0,13,-1
1970879,1995024,12,4.678454943015361,0.8571428571428571,169,0.9230769230769229,1.0,24,-1
1971048,1971078,5,3.0802386426662,0.7142857142857143,36,0.9833333333333334,1.0,11,1
1971048,1971848,3,1.6743318796537416,0.42857142857142855,24,0.5,1.0,7,-1
1971048,1974030,5,3.0802386426662,0.7142857142857143,36,0.9833333333333334,1.0,11,1
1971078,1971848,3,1.6743318796537416,0.42857142857142855,24,0.5,1.0,7,-1
1971078,1974030,5,3.0802386426662,0.7142857142857143,36,0.9833333333333334,1.0,11,1
1971147,1983585,5,2.7905531327562363,0.7142857142857143,36,0.8333333333333333,1.0,12,-1
1971147,1986384,5,2.7905531327562363,0.7142857142857143,36,0.8333333333333333,1.0,12,-1
1971147,1986393,5,2.7905531327562363,0.7142857142857143,36,0.8333333333333333,1.0,12,-1
1971147,1990932,5,2.7905531327562363,0.7142857142857143,36,0.8333333333333333,1.0,12,-1
1971147,2003345,5,2.7905531327562363,0.7142857142857143,36,0.8333333333333333,1.0,12,-1
1971147,2003698,5,2.7905531327562363,0.7142857142857143,36,0.8333333333333333,1.0,12,-1
1971296,1972570,6,3.083390054218504,0.75,49,0.857142857142857,1.0,12,-1
1971296,1978966,6,3.083390054218504,0.75,49,0.857142857142857,1.0,12,-1
1971296,1994313,6,3.083390054218504,0.75,49,0.857142857142857,1.0,7,-1
1971296,1994318,6,3.083390054218504,0.75,49,0.857142857142857,1.0,7,-1
1971296,1994322,6,3.083390054218504,0.75,49,0.857142857142857,1.0,12,-1
1971386,1974671,1,0.43429448190325176,0.1111111111111111,25,0.1,0.5,2,-1
1971386,1975622,1,0.43429448190325176,0.1111111111111111,25,0.1,0.5,2,-1
1971386,1975626,1,0.43429448190325176,0.1111111111111111,25,0.1,0.5,2,-1
1971386,1977914,1,0.43429448190325176,0.1111111111111111,25,0.1,0.5,2,-1
1971386,1982475,4,2.1320839643358944,0.6666666666666666,25,0.611111111111111,1.0,6,1
1971418,1971421,15,5.4101064033336135,0.8823529411764706,256,0.9375,1.0,16,1
1971575,1981643,9,3.6877881720862336,0.3,368,0.7875,1.0,10,-1
1971575,1981886,9,3.6877881720862336,0.3,368,0.7874999999999999,1.0,17,-1
1971575,1985331,9,3.6141674504052226,0.375,230,0.7499999999999999,1.0,17,-1
1971575,2000083,9,3.6141674504052226,0.375,230,0.7499999999999999,1.0,10,-1
1971575,2002461,9,3.6141674504052226,0.375,230,0.7499999999999999,1.0,17,-1
1971575,2002668,9,3.6141674504052226,0.375,230,0.7499999999999999,1.0,17,-1
1971575,2002682,9,3.6141674504052226,0.375,230,0.7499999999999999,1.0,17,-1
1971575,2002687,9,3.6141674504052226,0.375,230,0.7499999999999999,1.0,10,-1
1971604,1971613,5,2.7905531327562363,0.7142857142857143,36,0.8333333333333333,1.0,10,-1
1971604,1979238,5,2.7905531327562363,0.7142857142857143,36,0.8333333333333333,1.0,10,-1
1971604,1989699,5,2.7905531327562363,0.7142857142857143,36,0.8333333333333333,1.0,10,-1
1971607,1975637,9,3.6478652264812217,0.8181818181818182,100,0.7669172932330826,1.0,10,-1
1971607,1976777,9,3.6478652264812217,0.8181818181818182,100,0.7669172932330826,1.0,10,-1
1971607,1976784,9,3.6478652264812217,0.8181818181818182,100,0.7669172932330826,1.0,10,-1
1971607,1977911,9,3.6478652264812217,0.8181818181818182,100,0.7669172932330826,1.0,10,-1
1971607,1980578,9,3.703236526694522,0.6,140,0.7954887218045111,1.0,10,-1
1971607,1994651,9,3.6478652264812217,0.8181818181818182,100,0.7669172932330826,1.0,10,-1
1971610,1975634,2,1.8204784532536746,0.5,9,0.6666666666666666,1.0,6,1
1971612,1982713,12,4.678454943015361,0.5454545454545454,273,0.9230769230769229,1.0,18,-1
1971612,1982723,12,4.678454943015361,0.5454545454545454,273,0.9230769230769229,1.0,12,-1
1971612,1985548,12,4.678454943015361,0.5454545454545454,273,0.9230769230769229,1.0,18,-1
1971612,2000264,12,4.678454943015361,0.5454545454545454,273,0.9230769230769229,1.0,12,-1
1971612,2002679,12,4.678454943015361,0.5454545454545454,273,0.9230769230769229,1.0,12,-1
1971612,2002918,12,4.678454943015361,0.5454545454545454,273,0.9230769230769229,1.0,18,-1
1971612,2002925,12,4.678454943015361,0.5454545454545454,273,0.9230769230769229,1.0,18,-1
1971612,2002929,12,4.678454943015361,0.5454545454545454,273,0.9230769230769229,1.0,0,-1
1971612,2002969,12,4.678454943015361,0.5454545454545454,273,0.9230769230769229,1.0,18,-1
1971612,2002974,12,4.678454943015361,0.5454545454545454,273,0.9230769230769229,1.0,12,-1
1971612,2002984,12,4.678454943015361,0.5454545454545454,273,0.9230769230769229,1.0,18,-1
1971613,1979238,5,2.7905531327562363,0.7142857142857143,36,0.8333333333333333,1.0,10,-1
1971613,1989699,5,2.7905531327562363,0.7142857142857143,36,0.8333333333333333,1.0,10,-1
1971627,1971635,10,4.170323914242463,0.8333333333333334,121,0.9090909090909093,1.0,16,-1
1971627,1971638,10,4.170323914242463,0.8333333333333334,121,0.9090909090909093,1.0,16,-1
1971627,1972881,10,4.170323914242463,0.8333333333333334,121,0.9090909090909093,1.0,0,-1
1971627,1972884,10,4.170323914242463,0.8333333333333334,121,0.9090909090909093,1.0,10,-1
1971627,1972895,10,4.170323914242463,0.8333333333333334,121,0.9090909090909093,1.0,16,-1
1971627,1974680,10,4.170323914242463,0.8333333333333334,121,0.9090909090909093,1.0,10,-1
1971627,1974699,10,4.170323914242463,0.8333333333333334,121,0.9090909090909093,1.0,10,-1
1971627,1984417,10,4.170323914242463,0.8333333333333334,121,0.9090909090909093,1.0,16,-1
1971627,1984420,10,4.170323914242463,0.8333333333333334,121,0.9090909090909093,1.0,16,-1
1971627,1984423,10,4.170323914242463,0.8333333333333334,121,0.9090909090909093,1.0,16,-1
1971631,1977935,3,2.164042561333445,0.6,16,0.75,1.0,4,-1
1971631,1979244,3,2.164042561333445,0.6,16,0.75,1.0,4,-1
1971635,1971638,10,4.170323914242463,0.8333333333333334,121,0.9090909090909093,1.0,16,-1
1971635,1972881,10,4.170323914242463,0.8333333333333334,121,0.9090909090909093,1.0,0,-1
1971635,1972884,10,4.170323914242463,0.8333333333333334,121,0.9090909090909093,1.0,10,-1
1971635,1972895,10,4.170323914242463,0.8333333333333334,121,0.9090909090909093,1.0,16,-1
1971635,1974680,10,4.170323914242463,0.8333333333333334,121,0.9090909090909093,1.0,10,-1
1971635,1974699,10,4.170323914242463,0.8333333333333334,121,0.9090909090909093,1.0,10,-1
1971635,1984417,10,4.170323914242463,0.8333333333333334,121,0.9090909090909093,1.0,16,-1
1971635,1984420,10,4.170323914242463,0.8333333333333334,121,0.9090909090909093,1.0,16,-1
1971635,1984423,10,4.170323914242463,0.8333333333333334,121,0.9090909090909093,1.0,16,-1
1971638,1972881,10,4.170323914242463,0.8333333333333334,121,0.9090909090909093,1.0,0,-1
1971638,1972884,10,4.170323914242463,0.8333333333333334,121,0.9090909090909093,1.0,10,-1
1971638,1972895,10,4.170323914242463,0.8333333333333334,121,0.9090909090909093,1.0,16,-1
1971638,1974680,10,4.170323914242463,0.8333333333333334,121,0.9090909090909093,1.0,10,-1
1971638,1974699,10,4.170323914242463,0.8333333333333334,121,0.9090909090909093,1.0,10,-1
1971638,1984417,10,4.170323914242463,0.8333333333333334,121,0.9090909090909093,1.0,16,-1
1971638,1984420,10,4.170323914242463,0.8333333333333334,121,0.9090909090909093,1.0,16,-1
1971638,1984423,10,4.170323914242463,0.8333333333333334,121,0.9090909090909093,1.0,16,-1
1971644,1971661,8,3.640956906507349,0.8,81,0.8888888888888891,1.0,16,-1
1971644,1977945,8,3.640956906507349,0.8,81,0.8888888888888891,1.0,16,-1
1971658,1971665,4,2.4853397382384474,0.6666666666666666,25,0.8,1.0,9,-1
1971658,1989733,4,2.4853397382384474,0.6666666666666666,25,0.8,1.0,5,-1
1971658,1989746,4,2.4853397382384474,0.6666666666666666,25,0.8,1.0,9,-1
1971661,1977945,8,3.640956906507349,0.8,81,0.8888888888888891,1.0,16,-1
1971665,1989733,4,2.4853397382384474,0.6666666666666666,25,0.8,1.0,5,-1
1971665,1989746,4,2.4853397382384474,0.6666666666666666,25,0.8,1.0,9,-1
1971686,1975667,4,2.4853397382384474,0.6666666666666666,25,0.8,1.0,5,-1
1971686,1983070,4,2.4853397382384474,0.6666666666666666,25,0.8,1.0,5,-1
1971686,1989787,4,2.4853397382384474,0.6666666666666666,25,0.8,1.0,5,-1
1971689,1979300,4,2.4853397382384474,0.6666666666666666,25,0.8,1.0,10,-1
1971689,1994687,4,2.4853397382384474,0.6666666666666666,25,0.8,1.0,10,-1
1971689,1994707,4,2.4853397382384474,0.6666666666666666,25,0.8,1.0,10,-1
1971689,1994710,4,2.4853397382384474,0.6666666666666666,25,0.8,1.0,10,-1
1971693,1971704,5,2.7905531327562363,0.7142857142857143,36,0.8333333333333333,1.0,6,-1
1971693,1971713,5,2.7905531327562363,0.7142857142857143,36,0.8333333333333333,1.0,6,-1
1971693,1979315,5,2.7905531327562363,0.7142857142857143,36,0.8333333333333333,1.0,6,-1
1971693,1979320,5,2.7905531327562363,0.7142857142857143,36,0.8333333333333333,1.0,6,-1
1971693,1983123,5,2.7905531327562363,0.7142857142857143,36,0.8333333333333333,1.0,6,-1
1971704,1971713,5,2.7905531327562363,0.7142857142857143,36,0.8333333333333333,1.0,6,1
1971704,1979315,5,2.7905531327562363,0.7142857142857143,36,0.8333333333333333,1.0,6,-1
1971704,1979320,5,2.7905531327562363,0.7142857142857143,36,0.8333333333333333,1.0,6,-1
1971704,1983123,5,2.7905531327562363,0.7142857142857143,36,0.8333333333333333,1.0,6,-1
1971710,1972921,3,2.164042561333445,0.6,16,0.75,1.0,4,-1
1971710,1972936,3,2.164042561333445,0.6,16,0.75,1.0,7,-1
1971710,1989806,3,2.164042561333445,0.6,16,0.75,1.0,7,-1
1971710,1989810,3,2.164042561333445,0.6,16,0.75,1.0,7,-1
1971713,1979315,5,2.7905531327562363,0.7142857142857143,36,0.8333333333333333,1.0,6,-1
1971713,1979320,5,2.7905531327562363,0.7142857142857143,36,0.8333333333333333,1.0,6,-1
1971713,1983123,5,2.7905531327562363,0.7142857142857143,36,0.8333333333333333,1.0,6,-1
1971740,1976845,5,2.7905531327562363,0.7142857142857143,36,0.8333333333333333,1.0,9,-1
1971740,1976848,5,2.7905531327562363,0.7142857142857143,36,0.8333333333333333,1.0,9,-1
1971740,1979365,5,2.7905531327562363,0.7142857142857143,36,0.8333333333333333,1.0,6,-1
1971740,1979384,5,2.7905531327562363,0.7142857142857143,36,0.8333333333333333,1.0,9,-1
1971740,1994774,5,2.7905531327562363,0.7142857142857143,36,0.8333333333333333,1.0,6,-1
1971744,1982894,13,5.1153567105802935,0.8666666666666667,196,1.0266575529733424,1.0,14,1
1971744,1982899,13,5.115356710580294,0.8666666666666667,196,1.0266575529733424,1.0,23,1
1971744,1982903,13,5.115356710580294,0.8666666666666667,196,1.0266575529733424,1.0,23,1
1971744,1984851,10,3.8261503265732597,0.6666666666666666,154,0.7344497607655502,1.0,19,-1
1971744,1988345,13,5.115356710580294,0.8666666666666667,196,1.0266575529733424,1.0,23,1
1971744,1988359,13,5.1153567105802935,0.8666666666666667,196,1.0266575529733424,1.0,23,1
1971744,2002231,10,3.8261503265732593,0.6666666666666666,154,0.7344497607655502,1.0,19,-1
1971744,2037225,10,3.8261503265732597,0.6666666666666666,154,0.7344497607655502,1.0,11,-1
1971746,1983226,3,2.164042561333445,0.6,16,0.75,1.0,4,-1
1971746,1983236,3,2.164042561333445,0.6,16,0.75,1.0,4,-1
1971746,1994853,3,2.164042561333445,0.6,16,0.75,1.0,4,-1
1971764,1971767,8,3.211910156676603,0.8,81,0.6666666666666667,1.0,13,-1
1971764,1973000,8,3.211910156676603,0.8,81,0.6666666666666665,1.0,13,-1
1971764,1973004,8,3.264600165608177,0.6153846153846154,108,0.6944444444444444,1.0,13,-1
1971764,1973007,8,3.2646001656081767,0.6153846153846154,108,0.6944444444444444,1.0,0,-1
1971764,2002499,6,2.3016709300497658,0.5454545454545454,72,0.44444444444444436,0.5,10,-1
1971764,2029219,6,2.3016709300497658,0.5454545454545454,72,0.44444444444444436,0.5,10,-1
1971764,2037484,6,2.3016709300497658,0.5454545454545454,72,0.44444444444444436,0.5,10,-1
1971767,1973000,8,3.211910156676603,0.8,81,0.6666666666666665,1.0,13,-1
1971767,1973004,8,3.264600165608177,0.6153846153846154,108,0.6944444444444444,1.0,13,-1
1971767,1973007,8,3.2646001656081767,0.6153846153846154,108,0.6944444444444444,1.0,0,-1
1971767,2002499,6,2.3016709300497658,0.5454545454545454,72,0.44444444444444436,0.5,10,-1
1971767,2029219,6,2.3016709300497658,0.5454545454545454,72,0.44444444444444436,0.5,10,-1
1971767,2037484,6,2.3016709300497658,0.5454545454545454,72,0.44444444444444436,0.5,10,-1
1971833,1971838,6,3.083390054218504,0.75,49,0.857142857142857,1.0,13,-1
1971833,1979572,6,3.083390054218504,0.75,49,0.857142857142857,1.0,13,-1
1971833,1984671,6,3.083390054218504,0.75,49,0.857142857142857,1.0,13,-1
1971838,1979572,6,3.083390054218504,0.75,49,0.857142857142857,1.0,13,-1
1971838,1984671,6,3.083390054218504,0.75,49,0.857142857142857,1.0,13,-1
1971841,1975862,8,3.5196454938892643,0.8,81,0.827777777777778,1.0,9,-1
1971841,1975871,8,3.5196454938892643,0.8,81,0.827777777777778,1.0,9,-1
1971841,1975880,8,3.5196454938892643,0.8,81,0.827777777777778,1.0,15,-1
1971841,1975889,8,3.5196454938892643,0.8,81,0.827777777777778,1.0,15,-1
1971841,1978170,8,3.640956906507349,0.38095238095238093,180,0.8888888888888891,1.0,9,-1
1971841,1979564,8,3.5196454938892643,0.8,81,0.827777777777778,1.0,15,-1
1971841,1979568,8,3.5196454938892643,0.8,81,0.827777777777778,1.0,15,-1
1971841,1994933,8,3.5196454938892643,0.8,81,0.827777777777778,1.0,15,-1
1971848,1974030,3,1.6743318796537416,0.42857142857142855,24,0.5,1.0,7,-1
1971894,1975061,3,2.164042561333445,0.6,16,0.75,1.0,6,-1
1971894,1983446,3,2.164042561333445,0.6,16,0.75,1.0,4,-1
1971894,1983451,3,2.164042561333445,0.6,16,0.75,1.0,4,-1
1971894,1984708,3,2.164042561333445,0.6,16,0.75,1.0,6,-1
1972335,1983785,5,2.7905531327562363,0.7142857142857143,36,0.8333333333333333,1.0,12,-1
1972335,1986553,5,2.7905531327562363,0.7142857142857143,36,0.8333333333333333,1.0,12,-1
1972335,2001078,5,2.7905531327562363,0.7142857142857143,36,0.8333333333333333,1.0,12,-1
1972335,2003594,5,2.7905531327562363,0.7142857142857143,36,0.8333333333333333,1.0,12,-1
1972551,1975070,7,3.0524134584163423,0.5384615384615384,96,0.7083333333333334,1.0,0,-1
1972567,1974202,6,2.8478942191121277,0.75,49,0.7316849816849816,1.0,7,-1
1972567,1978957,6,2.8478942191121277,0.75,49,0.7316849816849818,1.0,7,-1
1972570,1978966,6,3.083390054218504,0.75,49,0.857142857142857,1.0,12,-1
1972570,1994313,6,3.083390054218504,0.75,49,0.857142857142857,1.0,7,-1
1972570,1994318,6,3.083390054218504,0.75,49,0.857142857142857,1.0,7,-1
1972570,1994322,6,3.083390054218504,0.75,49,0.857142857142857,1.0,12,-1
1972590,1988728,5,2.6113656878949403,0.7142857142857143,36,0.738095238095238,1.0,6,-1
1972599,1984136,4,2.4853397382384474,0.6666666666666666,25,0.8,1.0,5,-1
1972605,1975368,4,2.4853397382384474,0.6666666666666666,25,0.8,1.0,4,-1
1972605,1977620,4,2.4853397382384474,0.6666666666666666,25,0.8,1.0,4,-1
1972605,1984132,4,2.4853397382384474,0.6666666666666666,25,0.8,1.0,4,-1
1972605,1984140,4,2.4853397382384474,0.6666666666666666,25,0.8,1.0,0,-1
1972605,1994338,4,2.4853397382384474,0.6666666666666666,25,0.8,1.0,4,-1
1972618,1974196,4,2.4853397382384474,0.6666666666666666,25,0.8,1.0,8,-1
1972618,1977604,4,2.4853397382384474,0.6666666666666666,25,0.8,1.0,8,-1
1972618,1989331,4,2.4853397382384474,0.6666666666666666,25,0.8,1.0,8,-1
1972862,1977889,9,3.5405467287242116,0.8181818181818182,100,0.7124999999999999,1.0,10,-1
1972862,1977899,9,3.5405467287242116,0.8181818181818182,100,0.7125,1.0,10,-1
1972862,1982145,9,3.614167450405223,0.5294117647058824,160,0.75,1.0,10,-1
1972862,1984166,9,3.5405467287242116,0.8181818181818182,100,0.7124999999999999,1.0,10,-1
1972862,1984174,9,3.5405467287242116,0.8181818181818182,100,0.7125,1.0,10,-1
1972870,1972877,8,3.640956906507349,0.8,81,0.8888888888888891,1.0,9,-1
1972870,1972879,8,3.640956906507349,0.8,81,0.8888888888888891,1.0,9,-1
1972870,1974638,8,3.640956906507349,0.8,81,0.8888888888888891,1.0,9,-1
1972870,1974642,8,3.640956906507349,0.8,81,0.8888888888888891,1.0,9,-1
1972870,1976773,8,3.640956906507349,0.8,81,0.8888888888888891,1.0,9,-1
1972870,1989649,8,3.640956906507349,0.8,81,0.8888888888888891,1.0,9,-1
1972870,1989667,8,3.640956906507349,0.8,81,0.8888888888888891,1.0,9,-1
1972875,1989675,5,2.6348721105868336,0.7142857142857143,36,0.7499999999999999,1.0,7,-1
1972875,1989685,5,2.6348721105868336,0.7142857142857143,36,0.7499999999999999,1.0,0,-1
1972877,1972879,8,3.640956906507349,0.8,81,0.8888888888888891,1.0,15,-1
1972877,1974638,8,3.640956906507349,0.8,81,0.8888888888888891,1.0,15,-1
1972877,1974642,8,3.640956906507349,0.8,81,0.8888888888888891,1.0,15,-1
1972877,1976773,8,3.640956906507349,0.8,81,0.8888888888888891,1.0,9,-1
1972877,1989649,8,3.640956906507349,0.8,81,0.8888888888888891,1.0,15,-1
1972877,1989667,8,3.640956906507349,0.8,81,0.8888888888888891,1.0,9,-1
1972879,1974638,8,3.640956906507349,0.8,81,0.8888888888888891,1.0,15,-1
1972879,1974642,8,3.640956906507349,0.8,81,0.8888888888888891,1.0,15,-1
1972879,1976773,8,3.640956906507349,0.8,81,0.8888888888888891,1.0,9,-1
1972879,1989649,8,3.640956906507349,0.8,81,0.8888888888888891,1.0,15,-1
1972879,1989667,8,3.640956906507349,0.8,81,0.8888888888888891,1.0,9,-1
1972881,1972884,10,4.170323914242463,0.8333333333333334,121,0.9090909090909093,1.0,0,-1
1972881,1972895,10,4.170323914242463,0.8333333333333334,121,0.9090909090909093,1.0,0,-1
1972881,1974680,10,4.170323914242463,0.8333333333333334,121,0.9090909090909093,1.0,0,-1
1972881,1974699,10,4.170323914242463,0.8333333333333334,121,0.9090909090909093,1.0,0,-1
1972881,1984417,10,4.170323914242463,0.8333333333333334,121,0.9090909090909093,1.0,0,-1
1972881,1984420,10,4.170323914242463,0.8333333333333334,121,0.9090909090909093,1.0,0,-1
1972881,1984423,10,4.170323914242463,0.8333333333333334,121,0.9090909090909093,1.0,0,-1
1972884,1972895,10,4.170323914242463,0.8333333333333334,121,0.9090909090909093,1.0,10,-1
1972884,1974680,10,4.170323914242463,0.8333333333333334,121,0.9090909090909093,1.0,10,-1
1972884,1974699,10,4.170323914242463,0.8333333333333334,121,0.9090909090909093,1.0,10,-1
1972884,1984417,10,4.170323914242463,0.8333333333333334,121,0.9090909090909093,1.0,10,-1
1972884,1984420,10,4.170323914242463,0.8333333333333334,121,0.9090909090909093,1.0,10,-1
1972884,1984423,10,4.170323914242463,0.8333333333333334,121,0.9090909090909093,1.0,10,-1
1972888,1972897,8,3.546511053416171,0.8,81,0.8402777777777779,1.0,7,-1
1972888,1984202,8,3.640956906507349,0.47058823529411764,144,0.8888888888888891,1.0,7,-1
1972888,1984219,8,3.5465110534161712,0.8,81,0.8402777777777779,1.0,7,-1
1972895,1974680,10,4.170323914242463,0.8333333333333334,121,0.9090909090909093,1.0,10,-1
1972895,1974699,10,4.170323914242463,0.8333333333333334,121,0.9090909090909093,1.0,10,-1
1972895,1984417,10,4.170323914242463,0.8333333333333334,121,0.9090909090909093,1.0,16,-1
1972895,1984420,10,4.170323914242463,0.8333333333333334,121,0.9090909090909093,1.0,16,-1
1972895,1984423,10,4.170323914242463,0.8333333333333334,121,0.9090909090909093,1.0,16,-1
1972897,1984202,8,3.640956906507349,0.47058823529411764,144,0.8888888888888891,1.0,7,-1
1972897,1984219,8,3.546511053416171,0.8,81,0.8402777777777779,1.0,7,-1
1972900,1972904,9,3.8028145939790656,0.8181818181818182,100,0.8476190476190476,1.0,16,-1
1972900,1974709,9,3.9086503371292665,0.4090909090909091,210,0.8999999999999999,1.0,10,-1
1972900,1974724,9,3.8028145939790656,0.8181818181818182,100,0.8476190476190476,1.0,16,-1
1972900,1974728,9,3.8028145939790656,0.8181818181818182,100,0.8476190476190476,1.0,16,-1
1972900,1984462,9,3.8028145939790656,0.8181818181818182,100,0.8476190476190476,1.0,10,-1
1972900,1984466,9,3.8028145939790656,0.8181818181818182,100,0.8476190476190476,1.0,10,-1
1972900,1984479,9,3.8028145939790656,0.8181818181818182,100,0.8476190476190475,1.0,16,-1
1972900,1985079,1,0.3284587387530511,0.05,110,0.047619047619047616,0.5,2,-1
1972900,1985087,1,0.3284587387530511,0.05,110,0.047619047619047616,0.5,2,-1
1972900,1986562,1,0.3284587387530511,0.05,110,0.047619047619047616,0.5,2,-1
1972900,1994665,9,3.8028145939790656,0.8181818181818182,100,0.8476190476190476,1.0,16,-1
1972900,2004869,1,0.3284587387530511,0.05,110,0.047619047619047616,0.5,2,-1
1972900,2005331,1,0.3284587387530511,0.05,110,0.047619047619047616,0.5,2,-1
1972904,1974709,9,3.9086503371292665,0.4090909090909091,210,0.8999999999999999,1.0,10,-1
1972904,1974724,9,3.8028145939790656,0.8181818181818182,100,0.8476190476190476,1.0,16,-1
1972904,1974728,9,3.8028145939790656,0.8181818181818182,100,0.8476190476190476,1.0,16,-1
1972904,1984462,9,3.8028145939790656,0.8181818181818182,100,0.8476190476190476,1.0,10,-1
1972904,1984466,9,3.8028145939790656,0.8181818181818182,100,0.8476190476190476,1.0,10,-1
1972904,1984479,9,3.8028145939790656,0.8181818181818182,100,0.8476190476190475,1.0,16,-1
1972904,1985079,1,0.3284587387530511,0.05,110,0.047619047619047616,0.5,2,-1
1972904,1985087,1,0.3284587387530511,0.05,110,0.047619047619047616,0.5,2,-1
1972904,1986562,1,0.3284587387530511,0.05,110,0.047619047619047616,0.5,2,-1
1972904,1994665,9,3.8028145939790656,0.8181818181818182,100,0.8476190476190476,1.0,16,-1
1972904,2004869,1,0.3284587387530511,0.05,110,0.047619047619047616,0.5,2,-1
1972904,2005331,1,0.3284587387530511,0.05,110,0.047619047619047616,0.5,2,-1
1972921,1972936,3,2.164042561333445,0.6,16,0.75,1.0,4,-1
1972921,1989806,3,2.164042561333445,0.6,16,0.75,1.0,4,-1
1972921,1989810,3,2.164042561333445,0.6,16,0.75,1.0,4,-1
1972936,1989806,3,2.164042561333445,0.6,16,0.75,1.0,7,-1
1972936,1989810,3,2.164042561333445,0.6,16,0.75,1.0,7,-1
1972939,1974822,9,3.9086503371292665,0.8181818181818182,100,0.8999999999999999,1.0,16,-1
1972939,1974827,9,3.9086503371292665,0.8181818181818182,100,0.8999999999999999,1.0,16,-1
1972939,1977987,9,3.9086503371292665,0.8181818181818182,100,0.8999999999999999,1.0,16,-1
1972939,1989792,9,3.9086503371292665,0.8181818181818182,100,0.8999999999999999,1.0,0,-1
1972939,1989800,9,3.9086503371292665,0.8181818181818182,100,0.8999999999999999,1.0,16,-1
1972980,1972983,15,5.380711395411519,0.8823529411764706,256,0.9236111111111112,1.0,16,-1
1972980,1972986,15,5.380711395411519,0.8823529411764706,256,0.9236111111111112,1.0,16,-1
1972980,1974927,15,5.380711395411519,0.8823529411764706,256,0.9236111111111112,1.0,16,-1
1972980,1975748,15,5.380711395411519,0.8823529411764706,256,0.9236111111111112,1.0,16,-1
1972980,1978080,15,5.380711395411519,0.8823529411764706,256,0.9236111111111112,1.0,18,-1
1972980,1979412,15,5.380711395411519,0.8823529411764706,256,0.9236111111111112,1.0,16,-1
1972980,1979416,15,5.380711395411519,0.8823529411764706,256,0.9236111111111112,1.0,16,-1
1972980,1984528,15,5.380711395411519,0.8823529411764706,256,0.9236111111111112,1.0,18,-1
1972980,1984545,15,5.380711395411519,0.8823529411764706,256,0.9236111111111112,1.0,16,-1
1972980,1984548,15,5.380711395411519,0.8823529411764706,256,0.9236111111111112,1.0,16,-1
1972983,1972986,15,5.380711395411519,0.8823529411764706,256,0.9236111111111112,1.0,26,-1
1972983,1974927,15,5.380711395411519,0.8823529411764706,256,0.9236111111111112,1.0,16,-1
1972983,1975748,15,5.380711395411519,0.8823529411764706,256,0.9236111111111112,1.0,26,-1
1972983,1978080,15,5.380711395411519,0.8823529411764706,256,0.9236111111111112,1.0,16,-1
1972983,1979412,15,5.380711395411519,0.8823529411764706,256,0.9236111111111112,1.0,26,-1
1972983,1979416,15,5.380711395411519,0.8823529411764706,256,0.9236111111111112,1.0,26,-1
1972983,1984528,15,5.380711395411519,0.8823529411764706,256,0.9236111111111112,1.0,16,-1
1972983,1984545,15,5.380711395411519,0.8823529411764706,256,0.9236111111111112,1.0,26,-1
1972983,1984548,15,5.380711395411519,0.8823529411764706,256,0.9236111111111112,1.0,26,-1
1972986,1974927,15,5.380711395411519,0.8823529411764706,256,0.9236111111111112,1.0,16,-1
1972986,1975748,15,5.380711395411519,0.8823529411764706,256,0.9236111111111112,1.0,26,-1
1972986,1978080,15,5.380711395411519,0.8823529411764706,256,0.9236111111111112,1.0,16,-1
1972986,1979412,15,5.380711395411519,0.8823529411764706,256,0.9236111111111112,1.0,26,-1
1972986,1979416,15,5.380711395411519,0.8823529411764706,256,0.9236111111111112,1.0,26,-1
1972986,1984528,15,5.380711395411519,0.8823529411764706,256,0.9236111111111112,1.0,16,-1
1972986,1984545,15,5.380711395411519,0.8823529411764706,256,0.9236111111111112,1.0,26,-1
1972986,1984548,15,5.380711395411519,0.8823529411764706,256,0.9236111111111112,1.0,26,-1
1972991,1976870,1,1.4426950408889634,0.3333333333333333,4,0.5,1.0,0,-1
1972991,1978226,1,1.4426950408889634,0.3333333333333333,4,0.5,1.0,0,-1
1973000,1973004,8,3.264600165608177,0.6153846153846154,108,0.6944444444444444,1.0,13,-1
1973000,1973007,8,3.264600165608177,0.6153846153846154,108,0.6944444444444444,1.0,0,-1
1973000,2002499,6,2.3016709300497658,0.5454545454545454,72,0.44444444444444436,0.5,10,-1
1973000,2029219,6,2.3016709300497658,0.5454545454545454,72,0.44444444444444436,0.5,10,-1
1973000,2037484,6,2.3016709300497658,0.5454545454545454,72,0.44444444444444436,0.5,10,-1
1973004,1973007,11,4.759985215428714,0.8461538461538461,144,1.0972222222222223,1.0,0,-1
1973004,2002499,7,2.861038019593897,0.5384615384615384,96,0.6111111111111112,1.0,12,-1
1973004,2029219,7,2.861038019593897,0.5384615384615384,96,0.6111111111111112,1.0,12,-1
1973004,2037484,7,2.8610380195938965,0.5384615384615384,96,0.6111111111111112,1.0,12,-1
1973007,2002499,7,2.861038019593897,0.5384615384615384,96,0.611111111111111,1.0,0,-1
1973007,2029219,7,2.861038019593897,0.5384615384615384,96,0.611111111111111,1.0,0,-1
1973007,2037484,7,2.8610380195938965,0.5384615384615384,96,0.6111111111111112,1.0,0,-1
1973020,1973028,9,3.7614088937672445,0.8181818181818182,100,0.825,1.0,10,-1
1973020,1973040,9,3.7614088937672445,0.8181818181818182,100,0.825,1.0,10,-1
1973020,1976893,9,3.7614088937672445,0.8181818181818182,100,0.825,1.0,10,-1
1973020,1976904,9,3.7614088937672445,0.8181818181818182,100,0.825,1.0,10,-1
1973020,1984574,9,3.7614088937672445,0.8181818181818182,100,0.825,1.0,10,-1
1973020,1984579,9,3.7614088937672445,0.8181818181818182,100,0.825,1.0,10,-1
1973028,1973040,9,3.7614088937672445,0.8181818181818182,100,0.825,1.0,18,-1
1973028,1976893,9,3.7614088937672445,0.8181818181818182,100,0.825,1.0,18,-1
1973028,1976904,9,3.7614088937672445,0.8181818181818182,100,0.825,1.0,18,-1
1973028,1984574,9,3.7614088937672445,0.8181818181818182,100,0.825,1.0,18,-1
1973028,1984579,9,3.7614088937672445,0.8181818181818182,100,0.825,1.0,18,-1
1973038,1979435,9,3.9086503371292665,0.8181818181818182,100,0.8999999999999999,1.0,17,-1
1973038,1979461,9,3.9086503371292665,0.8181818181818182,100,0.8999999999999999,1.0,0,-1
1973038,1979473,9,3.9086503371292665,0.8181818181818182,100,0.8999999999999999,1.0,17,-1
1973038,1983241,9,3.9086503371292665,0.8181818181818182,100,0.8999999999999999,1.0,17,-1
1973038,1983265,9,3.9086503371292665,0.8181818181818182,100,0.8999999999999999,1.0,17,-1
1973038,1989896,9,3.9086503371292665,0.8181818181818182,100,0.8999999999999999,1.0,17,-1
1973038,1989906,9,3.9086503371292665,0.8181818181818182,100,0.8999999999999999,1.0,17,-1
1973040,1976893,9,3.7614088937672445,0.8181818181818182,100,0.825,1.0,18,-1
1973040,1976904,9,3.7614088937672445,0.8181818181818182,100,0.825,1.0,18,-1
1973040,1984574,9,3.7614088937672445,0.8181818181818182,100,0.825,1.0,18,-1
1973040,1984579,9,3.7614088937672445,0.8181818181818182,100,0.825,1.0,18,-1
1973169,1984692,0,0.0,0.0,1,0.0,1.0,2,-1
1973177,1975037,3,2.164042561333445,0.6,16,0.75,1.0,8,-1
1973177,1977014,3,2.164042561333445,0.6,16,0.75,1.0,8,-1
1973267,1983523,5,3.2802638144359397,0.7142857142857143,36,1.0833333333333333,1.0,12,1
1973267,2009537,5,3.2802638144359397,0.7142857142857143,36,1.0833333333333333,1.0,12,1
1973267,2024409,3,1.6743318796537416,0.42857142857142855,24,0.5,1.0,8,-1
1973267,2040832,5,3.2802638144359397,0.7142857142857143,36,1.0833333333333333,1.0,12,1
1973470,1985371,6,3.083390054218504,0.75,49,0.857142857142857,1.0,8,-1
1973803,1975179,8,4.351810024632825,0.8,81,1.2669172932330826,1.0,18,1
1973803,1983824,6,2.85033625468753,0.6,63,0.7351712614870509,1.0,14,-1
1973803,1986618,6,2.85033625468753,0.6,63,0.7351712614870509,1.0,14,-1
1973803,2001107,6,2.85033625468753,0.6,63,0.7351712614870509,1.0,14,-1
1973803,2003914,6,2.85033625468753,0.6,63,0.7351712614870509,1.0,14,-1
1973953,1985123,6,3.083390054218504,0.75,49,0.857142857142857,1.0,7,-1
1973953,1986908,6,3.083390054218504,0.75,49,0.857142857142857,1.0,12,-1
1973953,2002511,6,3.083390054218504,0.75,49,0.857142857142857,1.0,12,-1
1973953,2002526,6,3.083390054218504,0.75,49,0.857142857142857,1.0,7,-1
1973953,2004946,6,3.083390054218504,0.75,49,0.857142857142857,1.0,12,-1
1973953,2004956,6,3.083390054218504,0.75,49,0.857142857142857,1.0,12,-1
1973953,2005378,6,3.083390054218504,0.75,49,0.857142857142857,1.0,12,-1
1974004,2000142,1,0.43429448190325176,0.09090909090909091,20,0.1,1.0,4,-1
1974196,1977604,4,2.4853397382384474,0.6666666666666666,25,0.8,1.0,8,-1
1974196,1989331,4,2.4853397382384474,0.6666666666666666,25,0.8,1.0,8,-1
1974202,1978957,6,2.8478942191121277,0.75,49,0.7316849816849818,1.0,10,-1
1974244,1975035,10,3.9867551650222404,0.7142857142857143,143,0.814918414918415,1.0,19,-1
1974244,1977009,10,3.959594018849274,0.8333333333333334,121,0.8009324009324008,1.0,11,-1
1974244,1992112,10,3.959594018849274,0.8333333333333334,121,0.8009324009324008,1.0,19,1
1974638,1974642,8,3.640956906507349,0.8,81,0.8888888888888891,1.0,15,-1
1974638,1976773,8,3.640956906507349,0.8,81,0.8888888888888891,1.0,9,-1
1974638,1989649,8,3.640956906507349,0.8,81,0.8888888888888891,1.0,15,-1
1974638,1989667,8,3.640956906507349,0.8,81,0.8888888888888891,1.0,9,-1
1974642,1976773,8,3.640956906507349,0.8,81,0.8888888888888891,1.0,9,-1
1974642,1989649,8,3.640956906507349,0.8,81,0.8888888888888891,1.0,15,-1
1974642,1989667,8,3.640956906507349,0.8,81,0.8888888888888891,1.0,9,-1
1974651,1974661,7,3.366288428740915,0.7777777777777778,64,0.875,1.0,8,-1
1974651,1974666,7,3.366288428740915,0.7777777777777778,64,0.875,1.0,8,-1
1974651,1976791,7,3.366288428740915,0.7777777777777778,64,0.875,1.0,8,-1
1974651,1984390,7,3.366288428740915,0.7777777777777778,64,0.875,1.0,8,-1
1974661,1974666,7,3.366288428740915,0.7777777777777778,64,0.875,1.0,8,-1
1974661,1976791,7,3.366288428740915,0.7777777777777778,64,0.875,1.0,8,-1
1974661,1984390,7,3.366288428740915,0.7777777777777778,64,0.875,1.0,8,-1
1974666,1976791,7,3.366288428740915,0.7777777777777778,64,0.875,1.0,8,-1
1974666,1984390,7,3.366288428740915,0.7777777777777778,64,0.875,1.0,8,-1
1974671,1975622,4,2.2982992855820874,0.6666666666666666,25,0.7000000000000001,1.0,7,-1
1974671,1975626,4,2.2982992855820874,0.6666666666666666,25,0.7000000000000001,1.0,5,-1
1974671,1977914,4,2.2982992855820874,0.6666666666666666,25,0.7000000000000001,1.0,7,-1
1974671,1982475,1,0.43429448190325176,0.1111111111111111,25,0.1,0.5,2,-1
1974675,1982985,3,2.164042561333445,0.6,16,0.75,1.0,8,-1
1974675,1982989,3,2.164042561333445,0.6,16,0.75,1.0,8,-1
1974680,1974699,10,4.170323914242463,0.8333333333333334,121,0.9090909090909093,1.0,10,-1
1974680,1984417,10,4.170323914242463,0.8333333333333334,121,0.9090909090909093,1.0,10,-1
1974680,1984420,10,4.170323914242463,0.8333333333333334,121,0.9090909090909093,1.0,10,-1
1974680,1984423,10,4.170323914242463,0.8333333333333334,121,0.9090909090909093,1.0,10,-1
1974699,1984417,10,4.170323914242463,0.8333333333333334,121,0.9090909090909093,1.0,10,-1
1974699,1984420,10,4.170323914242463,0.8333333333333334,121,0.9090909090909093,1.0,10,-1
1974699,1984423,10,4.170323914242463,0.8333333333333334,121,0.9090909090909093,1.0,10,-1
1974709,1974724,9,3.9086503371292665,0.4090909090909091,210,0.8999999999999999,1.0,10,-1
1974709,1974728,9,3.9086503371292665,0.4090909090909091,210,0.8999999999999999,1.0,10,-1
1974709,1984462,9,3.9086503371292665,0.4090909090909091,210,0.8999999999999999,1.0,10,-1
1974709,1984466,9,3.9086503371292665,0.4090909090909091,210,0.8999999999999999,1.0,10,-1
1974709,1984479,9,3.9086503371292665,0.4090909090909091,210,0.8999999999999999,1.0,10,-1
1974709,1985079,10,4.170323914242463,0.45454545454545453,231,0.9090909090909093,1.0,11,-1
1974709,1985087,10,4.170323914242463,0.45454545454545453,231,0.9090909090909093,1.0,11,-1
1974709,1986562,10,4.170323914242463,0.45454545454545453,231,0.9090909090909093,1.0,16,-1
1974709,1994665,9,3.9086503371292665,0.4090909090909091,210,0.8999999999999999,1.0,10,-1
1974709,2004869,10,4.170323914242463,0.45454545454545453,231,0.9090909090909093,1.0,11,-1
1974709,2005331,10,4.170323914242463,0.45454545454545453,231,0.9090909090909093,1.0,16,-1
1974724,1974728,9,3.8028145939790656,0.8181818181818182,100,0.8476190476190476,1.0,16,-1
1974724,1984462,9,3.8028145939790656,0.8181818181818182,100,0.8476190476190476,1.0,10,-1
1974724,1984466,9,3.8028145939790656,0.8181818181818182,100,0.8476190476190476,1.0,10,-1
1974724,1984479,9,3.8028145939790656,0.8181818181818182,100,0.8476190476190475,1.0,16,-1
1974724,1985079,1,0.3284587387530511,0.05,110,0.047619047619047616,0.5,2,-1
1974724,1985087,1,0.3284587387530511,0.05,110,0.047619047619047616,0.5,2,-1
1974724,1986562,1,0.3284587387530511,0.05,110,0.047619047619047616,0.5,2,-1
1974724,1994665,9,3.8028145939790656,0.8181818181818182,100,0.8476190476190476,1.0,16,-1
1974724,2004869,1,0.3284587387530511,0.05,110,0.047619047619047616,0.5,2,-1
1974724,2005331,1,0.3284587387530511,0.05,110,0.047619047619047616,0.5,2,-1
1974728,1984462,9,3.8028145939790656,0.8181818181818182,100,0.8476190476190476,1.0,10,-1
1974728,1984466,9,3.8028145939790656,0.8181818181818182,100,0.8476190476190476,1.0,10,-1
1974728,1984479,9,3.8028145939790656,0.8181818181818182,100,0.8476190476190475,1.0,16,-1
1974728,1985079,1,0.3284587387530511,0.05,110,0.047619047619047616,0.5,2,-1
1974728,1985087,1,0.3284587387530511,0.05,110,0.047619047619047616,0.5,2,-1
1974728,1986562,1,0.3284587387530511,0.05,110,0.047619047619047616,0.5,2,-1
1974728,1994665,9,3.8028145939790656,0.8181818181818182,100,0.8476190476190476,1.0,16,-1
1974728,2004869,1,0.3284587387530511,0.05,110,0.047619047619047616,0.5,2,-1
1974728,2005331,1,0.3284587387530511,0.05,110,0.047619047619047616,0.5,2,-1
1974743,1975677,6,3.083390054218504,0.75,49,0.857142857142857,1.0,7,-1
1974743,1983082,6,3.083390054218504,0.75,49,0.857142857142857,1.0,7,-1
1974743,1983086,6,3.083390054218504,0.75,49,0.857142857142857,1.0,7,-1
1974743,1984245,6,3.083390054218504,0.75,49,0.857142857142857,1.0,7,-1
1974743,1984447,6,3.083390054218504,0.75,49,0.857142857142857,1.0,7,-1
1974743,1984452,6,3.083390054218504,0.75,49,0.857142857142857,1.0,7,-1
1974778,1977973,5,2.622313751456269,0.7142857142857143,36,0.7435897435897435,1.0,0,-1
1974788,1977969,3,2.164042561333445,0.6,16,0.75,1.0,4,-1
1974788,1977980,3,2.164042561333445,0.6,16,0.75,1.0,4,-1
1974788,1984489,3,2.164042561333445,0.6,16,0.75,1.0,4,-1
1974788,1989762,3,2.164042561333445,0.6,16,0.75,1.0,4,-1
1974797,1974812,4,2.4853397382384474,0.6666666666666666,25,0.8,1.0,10,-1
1974797,1977984,4,2.4853397382384474,0.6666666666666666,25,0.8,1.0,10,-1
1974797,1977991,4,2.4853397382384474,0.6666666666666666,25,0.8,1.0,10,-1
1974797,1977995,4,2.4853397382384474,0.6666666666666666,25,0.8,1.0,10,-1
1974797,1978002,4,2.4853397382384474,0.6666666666666666,25,0.8,1.0,10,-1
1974812,1977984,4,2.4853397382384474,0.6666666666666666,25,0.8,1.0,10,-1
1974812,1977991,4,2.4853397382384474,0.6666666666666666,25,0.8,1.0,10,-1
1974812,1977995,4,2.4853397382384474,0.6666666666666666,25,0.8,1.0,10,-1
1974812,1978002,4,2.4853397382384474,0.6666666666666666,25,0.8,1.0,10,-1
1974822,1974827,9,3.9086503371292665,0.8181818181818182,100,0.8999999999999999,1.0,16,-1
1974822,1977987,9,3.9086503371292665,0.8181818181818182,100,0.8999999999999999,1.0,16,-1
1974822,1989792,9,3.9086503371292665,0.8181818181818182,100,0.8999999999999999,1.0,0,-1
1974822,1989800,9,3.9086503371292665,0.8181818181818182,100,0.8999999999999999,1.0,16,-1
1974827,1977987,9,3.9086503371292665,0.8181818181818182,100,0.8999999999999999,1.0,16,-1
1974827,1989792,9,3.9086503371292665,0.8181818181818182,100,0.8999999999999999,1.0,0,-1
1974827,1989800,9,3.9086503371292665,0.8181818181818182,100,0.8999999999999999,1.0,16,-1
1974840,1978025,2,1.8204784532536746,0.5,9,0.6666666666666666,1.0,3,-1
1974840,1979369,2,1.8204784532536746,0.5,9,0.6666666666666666,1.0,3,-1
1974840,1994769,2,1.8204784532536746,0.5,9,0.6666666666666666,1.0,3,-1
1974887,1974892,9,3.9086503371292665,0.8181818181818182,100,0.8999999999999999,1.0,16,-1
1974887,1974905,9,3.9086503371292665,0.8181818181818182,100,0.8999999999999999,1.0,16,-1
1974887,1983183,9,3.9086503371292665,0.8181818181818182,100,0.8999999999999999,1.0,16,-1
1974887,1983187,9,3.9086503371292665,0.8181818181818182,100,0.8999999999999999,1.0,16,-1
1974887,1994789,9,3.9086503371292665,0.8181818181818182,100,0.8999999999999999,1.0,16,-1
1974892,1974905,9,3.9086503371292665,0.8181818181818182,100,0.8999999999999999,1.0,16,-1
1974892,1983183,9,3.9086503371292665,0.8181818181818182,100,0.8999999999999999,1.0,16,-1
1974892,1983187,9,3.9086503371292665,0.8181818181818182,100,0.8999999999999999,1.0,16,-1
1974892,1994789,9,3.9086503371292665,0.8181818181818182,100,0.8999999999999999,1.0,16,-1
1974901,1978036,5,2.7905531327562363,0.7142857142857143,36,0.8333333333333333,1.0,10,-1
1974901,1994793,5,2.7905531327562363,0.7142857142857143,36,0.8333333333333333,1.0,10,-1
1974901,1994807,5,2.7905531327562363,0.7142857142857143,36,0.8333333333333333,1.0,10,-1
1974901,1994811,5,2.7905531327562363,0.7142857142857143,36,0.8333333333333333,1.0,10,-1
1974905,1983183,9,3.9086503371292665,0.8181818181818182,100,0.8999999999999999,1.0,16,-1
1974905,1983187,9,3.9086503371292665,0.8181818181818182,100,0.8999999999999999,1.0,16,-1
1974905,1994789,9,3.9086503371292665,0.8181818181818182,100,0.8999999999999999,1.0,16,-1
1974927,1975748,15,5.380711395411519,0.8823529411764706,256,0.9236111111111112,1.0,16,-1
1974927,1978080,15,5.380711395411519,0.8823529411764706,256,0.9236111111111112,1.0,16,-1
1974927,1979412,15,5.380711395411519,0.8823529411764706,256,0.9236111111111112,1.0,16,-1
1974927,1979416,15,5.380711395411519,0.8823529411764706,256,0.9236111111111112,1.0,16,-1
1974927,1984528,15,5.380711395411519,0.8823529411764706,256,0.9236111111111112,1.0,16,-1
1974927,1984545,15,5.380711395411519,0.8823529411764706,256,0.9236111111111112,1.0,16,-1
1974927,1984548,15,5.380711395411519,0.8823529411764706,256,0.9236111111111112,1.0,16,-1
1974931,1974935,9,3.853279036915966,0.8181818181818182,100,0.8714285714285713,1.0,18,-1
1974931,1975768,9,3.853279036915966,0.8181818181818182,100,0.8714285714285713,1.0,18,-1
1974931,1975780,9,3.853279036915966,0.8181818181818182,100,0.8714285714285713,1.0,18,-1
1974931,1978095,9,3.853279036915966,0.8181818181818182,100,0.8714285714285713,1.0,18,-1
1974931,1984541,9,3.853279036915966,0.8181818181818182,100,0.8714285714285713,1.0,18,-1
1974931,1984551,9,3.853279036915966,0.8181818181818182,100,0.8714285714285713,1.0,18,-1
1974935,1975768,9,3.853279036915966,0.8181818181818182,100,0.8714285714285713,1.0,18,-1
1974935,1975780,9,3.853279036915966,0.8181818181818182,100,0.8714285714285713,1.0,18,-1
1974935,1978095,9,3.853279036915966,0.8181818181818182,100,0.8714285714285713,1.0,18,-1
1974935,1984541,9,3.853279036915966,0.8181818181818182,100,0.8714285714285713,1.0,18,-1
1974935,1984551,9,3.853279036915966,0.8181818181818182,100,0.8714285714285713,1.0,18,-1
1974986,1976988,3,2.164042561333445,0.6,16,0.75,1.0,0,-1
1974986,1984425,3,2.164042561333445,0.6,16,0.75,1.0,0,-1
1974986,1984660,3,2.164042561333445,0.6,16,0.75,1.0,2,-1
1975035,1977009,10,3.9867551650222404,0.7142857142857143,143,0.814918414918415,1.0,11,-1
1975035,1992112,10,3.9867551650222404,0.7142857142857143,143,0.814918414918415,1.0,19,-1
1975037,1977014,3,2.164042561333445,0.6,16,0.75,1.0,8,-1
1975042,1977002,3,1.6831442143704574,0.6,16,0.5,1.0,8,-1
1975042,1977005,3,1.6831442143704574,0.6,16,0.5,1.0,8,-1
1975042,1984811,2,0.9617966939259757,0.2857142857142857,20,0.25,0.5,6,-1
1975042,1984845,2,0.9617966939259757,0.2857142857142857,20,0.25,0.5,6,-1
1975042,2002197,2,0.9617966939259757,0.2857142857142857,20,0.25,0.5,6,-1
1975042,2005022,2,0.9617966939259757,0.2857142857142857,20,0.25,0.5,6,-1
1975061,1983446,3,2.164042561333445,0.6,16,0.75,1.0,4,-1
1975061,1983451,3,2.164042561333445,0.6,16,0.75,1.0,4,-1
1975061,1984708,3,2.164042561333445,0.6,16,0.75,1.0,6,-1
1975074,1978265,12,4.678454943015361,0.8571428571428571,169,0.9230769230769229,1.0,24,-1
1975074,1984714,12,4.678454943015361,0.8571428571428571,169,0.9230769230769229,1.0,24,-1
1975074,1995020,12,4.678454943015361,0.8571428571428571,169,0.9230769230769229,1.0,13,-1
1975074,1995024,12,4.678454943015361,0.8571428571428571,169,0.9230769230769229,1.0,24,-1
1975179,1983824,6,2.85033625468753,0.6,63,0.7351712614870509,1.0,14,-1
1975179,1986618,6,2.85033625468753,0.6,63,0.7351712614870509,1.0,14,-1
1975179,2001107,6,2.85033625468753,0.6,63,0.7351712614870509,1.0,14,-1
1975179,2003914,6,2.85033625468753,0.6,63,0.7351712614870509,1.0,14,-1
1975216,1975221,9,4.0950657973682105,0.8181818181818182,100,0.9999999999999999,1.0,10,1
1975216,1975226,9,4.0950657973682105,0.8181818181818182,100,0.9999999999999999,1.0,10,1
1975216,1975236,9,4.0950657973682105,0.8181818181818182,100,0.9999999999999999,1.0,10,1
1975216,1982557,9,4.0950657973682105,0.8181818181818182,100,0.9999999999999999,1.0,10,1
1975216,1983460,7,3.0866652383824986,0.6363636363636364,80,0.725,1.0,8,-1
1975216,1989223,9,4.0950657973682105,0.8181818181818182,100,0.9999999999999999,1.0,11,1
1975216,2003266,7,3.0866652383824986,0.6363636363636364,80,0.725,1.0,8,-1
1975221,1975226,9,4.0950657973682105,0.8181818181818182,100,0.9999999999999999,1.0,15,1
1975221,1975236,9,4.0950657973682105,0.8181818181818182,100,0.9999999999999999,1.0,15,1
1975221,1982557,9,4.0950657973682105,0.8181818181818182,100,0.9999999999999999,1.0,10,1
1975221,1983460,7,3.0866652383824986,0.6363636363636364,80,0.725,1.0,8,-1
1975221,1989223,9,4.0950657973682105,0.8181818181818182,100,0.9999999999999999,1.0,10,1
1975221,2003266,7,3.0866652383824986,0.6363636363636364,80,0.725,1.0,12,-1
1975226,1975236,9,4.0950657973682105,0.8181818181818182,100,0.9999999999999999,1.0,15,1
1975226,1982557,9,4.0950657973682105,0.8181818181818182,100,0.9999999999999999,1.0,10,1
1975226,1983460,7,3.0866652383824986,0.6363636363636364,80,0.725,1.0,8,-1
1975226,1989223,9,4.0950657973682105,0.8181818181818182,100,0.9999999999999999,1.0,10,1
1975226,2003266,7,3.0866652383824986,0.6363636363636364,80,0.725,1.0,12,-1
1975236,1982557,9,4.0950657973682105,0.8181818181818182,100,0.9999999999999999,1.0,10,1
1975236,1983460,7,3.0866652383824986,0.6363636363636364,80,0.725,1.0,8,-1
1975236,1989223,9,4.0950657973682105,0.8181818181818182,100,0.9999999999999999,1.0,10,1
1975236,2003266,7,3.0866652383824986,0.6363636363636364,80,0.725,1.0,12,-1
1975368,1977620,4,2.4853397382384474,0.6666666666666666,25,0.8,1.0,4,-1
1975368,1984132,4,2.4853397382384474,0.6666666666666666,25,0.8,1.0,4,-1
1975368,1984140,4,2.4853397382384474,0.6666666666666666,25,0.8,1.0,0,-1
1975368,1994338,4,2.4853397382384474,0.6666666666666666,25,0.8,1.0,4,-1
1975613,1984181,1,1.4426950408889634,0.3333333333333333,4,0.5,1.0,2,-1
1975622,1975626,4,2.2982992855820874,0.6666666666666666,25,0.7,1.0,5,-1
1975622,1977914,4,2.2982992855820874,0.6666666666666666,25,0.7,1.0,7,-1
1975622,1982475,1,0.43429448190325176,0.1111111111111111,25,0.1,0.5,2,-1
1975626,1977914,4,2.2982992855820874,0.6666666666666666,25,0.7,1.0,5,-1
1975626,1982475,1,0.43429448190325176,0.1111111111111111,25,0.1,0.5,2,-1
1975630,1979220,3,2.164042561333445,0.6,16,0.75,1.0,8,-1
1975630,1994647,3,2.164042561333445,0.6,16,0.75,1.0,8,-1
1975637,1976777,9,3.6478652264812217,0.8181818181818182,100,0.7669172932330826,1.0,10,-1
1975637,1976784,9,3.6478652264812217,0.8181818181818182,100,0.7669172932330826,1.0,10,-1
1975637,1977911,9,3.6478652264812217,0.8181818181818182,100,0.7669172932330826,1.0,10,-1
1975637,1980578,9,3.703236526694522,0.6,140,0.7954887218045111,1.0,10,-1
1975637,1994651,9,3.6478652264812217,0.8181818181818182,100,0.7669172932330826,1.0,10,-1
1975643,1977903,4,2.4853397382384474,0.6666666666666666,25,0.8,1.0,5,-1
1975643,1982981,4,2.4853397382384474,0.6666666666666666,25,0.8,1.0,8,-1
1975643,1982993,4,2.4853397382384474,0.6666666666666666,25,0.8,1.0,5,-1
1975643,1983001,4,2.4853397382384474,0.6666666666666666,25,0.8,1.0,8,-1
1975643,1994656,4,2.4853397382384474,0.6666666666666666,25,0.8,1.0,8,-1
1975646,1975649,5,2.479191088417431,0.7142857142857143,36,0.6666666666666666,1.0,10,-1
1975646,1977950,5,2.479191088417431,0.7142857142857143,36,0.6666666666666666,1.0,10,-1
1975646,1994673,5,2.479191088417431,0.7142857142857143,36,0.6666666666666666,1.0,10,-1
1975649,1977950,5,2.479191088417431,0.7142857142857143,36,0.6666666666666666,1.0,10,-1
1975649,1994673,5,2.479191088417431,0.7142857142857143,36,0.6666666666666666,1.0,10,-1
1975663,1984223,8,3.640956906507349,0.8,81,0.8888888888888891,1.0,0,-1
1975663,1984483,8,3.640956906507349,0.8,81,0.8888888888888891,1.0,4,-1
1975663,1989782,8,3.640956906507349,0.8,81,0.8888888888888891,1.0,0,-1
1975667,1983070,4,2.4853397382384474,0.6666666666666666,25,0.8,1.0,5,-1
1975667,1989787,4,2.4853397382384474,0.6666666666666666,25,0.8,1.0,5,-1
1975677,1983082,6,3.083390054218504,0.75,49,0.857142857142857,1.0,7,-1
1975677,1983086,6,3.083390054218504,0.75,49,0.857142857142857,1.0,7,-1
1975677,1984245,6,3.083390054218504,0.75,49,0.857142857142857,1.0,7,-1
1975677,1984447,6,3.083390054218504,0.75,49,0.857142857142857,1.0,7,-1
1975677,1984452,6,3.083390054218504,0.75,49,0.857142857142857,1.0,7,-1
1975722,1989836,0,0.0,0.0,1,0.0,1.0,2,-1
1975748,1978080,15,5.380711395411519,0.8823529411764706,256,0.9236111111111112,1.0,16,-1
1975748,1979412,15,5.380711395411519,0.8823529411764706,256,0.9236111111111112,1.0,26,-1
1975748,1979416,15,5.380711395411519,0.8823529411764706,256,0.9236111111111112,1.0,26,-1
1975748,1984528,15,5.380711395411519,0.8823529411764706,256,0.9236111111111112,1.0,16,-1
1975748,1984545,15,5.380711395411519,0.8823529411764706,256,0.9236111111111112,1.0,26,-1
1975748,1984548,15,5.380711395411519,0.8823529411764706,256,0.9236111111111112,1.0,26,-1
1975753,1978076,0,0.0,0.0,1,0.0,1.0,1,-1
1975768,1975780,9,3.853279036915966,0.8181818181818182,100,0.8714285714285713,1.0,18,-1
1975768,1978095,9,3.853279036915966,0.8181818181818182,100,0.8714285714285713,1.0,18,-1
1975768,1984541,9,3.853279036915966,0.8181818181818182,100,0.8714285714285713,1.0,18,-1
1975768,1984551,9,3.853279036915966,0.8181818181818182,100,0.8714285714285713,1.0,18,-1
1975780,1978095,9,3.853279036915966,0.8181818181818182,100,0.8714285714285713,1.0,18,-1
1975780,1984541,9,3.853279036915966,0.8181818181818182,100,0.8714285714285713,1.0,18,-1
1975780,1984551,9,3.853279036915966,0.8181818181818182,100,0.8714285714285713,1.0,18,-1
1975795,1982171,8,3.640956906507349,0.8,81,0.8888888888888891,1.0,0,1
1975862,1975871,8,3.5196454938892643,0.8,81,0.827777777777778,1.0,10,-1
1975862,1975880,8,3.5196454938892643,0.8,81,0.827777777777778,1.0,9,-1
1975862,1975889,8,3.5196454938892643,0.8,81,0.827777777777778,1.0,9,-1
1975862,1978170,8,3.640956906507349,0.38095238095238093,180,0.8888888888888891,1.0,9,-1
1975862,1979564,8,3.5196454938892643,0.8,81,0.827777777777778,1.0,9,-1
1975862,1979568,8,3.5196454938892643,0.8,81,0.827777777777778,1.0,9,-1
1975862,1994933,8,3.5196454938892643,0.8,81,0.827777777777778,1.0,9,-1
1975871,1975880,8,3.5196454938892643,0.8,81,0.827777777777778,1.0,9,-1
1975871,1975889,8,3.5196454938892643,0.8,81,0.827777777777778,1.0,9,-1
1975871,1978170,8,3.640956906507349,0.38095238095238093,180,0.8888888888888891,1.0,9,-1
1975871,1979564,8,3.5196454938892643,0.8,81,0.827777777777778,1.0,9,-1
1975871,1979568,8,3.5196454938892643,0.8,81,0.827777777777778,1.0,9,-1
1975871,1994933,8,3.5196454938892643,0.8,81,0.827777777777778,1.0,9,-1
1975880,1975889,8,3.5196454938892643,0.8,81,0.827777777777778,1.0,15,-1
1975880,1978170,8,3.640956906507349,0.38095238095238093,180,0.8888888888888891,1.0,9,-1
1975880,1979564,8,3.5196454938892643,0.8,81,0.827777777777778,1.0,15,-1
1975880,1979568,8,3.5196454938892643,0.8,81,0.827777777777778,1.0,15,-1
1975880,1994933,8,3.5196454938892643,0.8,81,0.827777777777778,1.0,15,-1
1975889,1978170,8,3.640956906507349,0.38095238095238093,180,0.8888888888888891,1.0,9,-1
1975889,1979564,8,3.5196454938892643,0.8,81,0.827777777777778,1.0,15,-1
1975889,1979568,8,3.5196454938892643,0.8,81,0.827777777777778,1.0,15,-1
1975889,1994933,8,3.5196454938892643,0.8,81,0.827777777777778,1.0,15,-1
1975935,1984694,2,1.8204784532536746,0.5,9,0.6666666666666666,1.0,6,-1
1975994,1984490,3,2.164042561333445,0.6,16,0.75,1.0,0,-1
1975994,1984493,3,2.164042561333445,0.6,16,0.75,1.0,0,-1
1975994,1984500,3,2.164042561333445,0.6,16,0.75,1.0,0,-1
1975994,1984502,3,2.164042561333445,0.6,16,0.75,1.0,0,-1
1976191,1985488,8,3.640956906507349,0.8,81,0.8888888888888891,1.0,16,-1
1976191,1985882,8,3.640956906507349,0.8,81,0.8888888888888891,1.0,16,1
1976191,2002558,8,3.640956906507349,0.8,81,0.8888888888888891,1.0,16,-1
1976390,2004794,4,2.4853397382384474,0.6666666666666666,25,0.8,1.0,5,-1
1976773,1989649,8,3.640956906507349,0.8,81,0.8888888888888891,1.0,9,-1
1976773,1989667,8,3.640956906507349,0.8,81,0.8888888888888891,1.0,9,-1
1976777,1976784,9,3.6478652264812217,0.8181818181818182,100,0.7669172932330826,1.0,10,-1
1976777,1977911,9,3.6478652264812217,0.8181818181818182,100,0.7669172932330826,1.0,15,-1
1976777,1980578,9,3.703236526694522,0.6,140,0.7954887218045111,1.0,15,-1
1976777,1994651,9,3.6478652264812217,0.8181818181818182,100,0.7669172932330826,1.0,10,-1
1976784,1977911,9,3.6478652264812217,0.8181818181818182,100,0.7669172932330826,1.0,10,-1
1976784,1980578,9,3.703236526694522,0.6,140,0.7954887218045111,1.0,10,-1
1976784,1994651,9,3.6478652264812217,0.8181818181818182,100,0.7669172932330826,1.0,10,-1
1976791,1984390,7,3.366288428740915,0.7777777777777778,64,0.875,1.0,8,-1
1976800,1984216,3,2.164042561333445,0.6,16,0.75,1.0,6,-1
1976800,1989738,3,2.164042561333445,0.6,16,0.75,1.0,6,-1
1976808,1983043,6,3.083390054218504,0.75,49,0.857142857142857,1.0,10,-1
1976808,1984205,6,3.083390054218504,0.75,49,0.857142857142857,1.0,7,-1
1976808,1989758,6,3.083390054218504,0.75,49,0.857142857142857,1.0,7,-1
1976815,1976818,7,3.1430304809526497,0.7777777777777778,64,0.7583333333333333,1.0,8,-1
1976815,1976821,7,3.1430304809526497,0.7777777777777778,64,0.7583333333333333,1.0,8,-1
1976815,1984492,7,3.1430304809526497,0.7777777777777778,64,0.7583333333333333,1.0,10,-1
1976818,1976821,7,3.1430304809526497,0.7777777777777778,64,0.7583333333333333,1.0,8,-1
1976818,1984492,7,3.1430304809526497,0.7777777777777778,64,0.7583333333333333,1.0,8,-1
1976821,1984492,7,3.1430304809526497,0.7777777777777778,64,0.7583333333333333,1.0,8,-1
1976835,1976851,3,2.164042561333445,0.6,16,0.75,1.0,4,-1
1976835,1979367,3,2.164042561333445,0.6,16,0.75,1.0,4,-1
1976835,1983191,3,2.164042561333445,0.6,16,0.75,1.0,4,-1
1976835,1994759,3,2.164042561333445,0.6,16,0.75,1.0,4,-1
1976845,1976848,5,2.7905531327562363,0.7142857142857143,36,0.8333333333333333,1.0,9,-1
1976845,1979365,5,2.7905531327562363,0.7142857142857143,36,0.8333333333333333,1.0,6,-1
1976845,1979384,5,2.7905531327562363,0.7142857142857143,36,0.8333333333333333,1.0,9,-1
1976845,1994774,5,2.7905531327562363,0.7142857142857143,36,0.8333333333333333,1.0,6,-1
1976848,1979365,5,2.7905531327562363,0.7142857142857143,36,0.8333333333333333,1.0,6,-1
1976848,1979384,5,2.7905531327562363,0.7142857142857143,36,0.8333333333333333,1.0,9,-1
1976848,1994774,5,2.7905531327562363,0.7142857142857143,36,0.8333333333333333,1.0,6,-1
1976851,1979367,3,2.164042561333445,0.6,16,0.75,1.0,6,-1
1976851,1983191,3,2.164042561333445,0.6,16,0.75,1.0,6,-1
1976851,1994759,3,2.164042561333445,0.6,16,0.75,1.0,4,-1
1976868,1976875,4,2.4853397382384474,0.6666666666666666,25,0.8,1.0,5,-1
1976868,1976879,4,2.4853397382384474,0.6666666666666666,25,0.8,1.0,5,-1
1976868,1978058,4,2.4853397382384474,0.6666666666666666,25,0.8,1.0,5,-1
1976868,1978061,4,2.4853397382384474,0.6666666666666666,25,0.8,1.0,5,-1
1976868,1979407,4,2.4853397382384474,0.6666666666666666,25,0.8,1.0,5,-1
1976870,1978226,1,1.4426950408889634,0.3333333333333333,4,0.5,1.0,2,1
1976875,1976879,4,2.4853397382384474,0.6666666666666666,25,0.8,1.0,9,-1
1976875,1978058,4,2.4853397382384474,0.6666666666666666,25,0.8,1.0,9,-1
1976875,1978061,4,2.4853397382384474,0.6666666666666666,25,0.8,1.0,9,-1
1976875,1979407,4,2.4853397382384474,0.6666666666666666,25,0.8,1.0,9,-1
1976879,1978058,4,2.4853397382384474,0.6666666666666666,25,0.8,1.0,9,-1
1976879,1978061,4,2.4853397382384474,0.6666666666666666,25,0.8,1.0,9,-1
1976879,1979407,4,2.4853397382384474,0.6666666666666666,25,0.8,1.0,9,-1
1976885,1976900,2,1.8204784532536746,0.5,9,0.6666666666666666,1.0,6,-1
1976885,1979447,2,1.8204784532536746,0.5,9,0.6666666666666666,1.0,6,-1
1976885,1983231,2,1.8204784532536746,0.5,9,0.6666666666666666,1.0,6,-1
1976889,1979443,1,1.4426950408889634,0.3333333333333333,4,0.5,1.0,4,-1
1976893,1976904,9,3.7614088937672445,0.8181818181818182,100,0.825,1.0,18,-1
1976893,1984574,9,3.7614088937672445,0.8181818181818182,100,0.825,1.0,18,-1
1976893,1984579,9,3.7614088937672445,0.8181818181818182,100,0.825,1.0,18,-1
1976900,1979447,2,1.8204784532536746,0.5,9,0.6666666666666666,1.0,6,-1
1976900,1983231,2,1.8204784532536746,0.5,9,0.6666666666666666,1.0,6,-1
1976904,1984574,9,3.7614088937672445,0.8181818181818182,100,0.825,1.0,18,-1
1976904,1984579,9,3.7614088937672445,0.8181818181818182,100,0.825,1.0,18,-1
1976988,1984425,3,2.164042561333445,0.6,16,0.75,1.0,2,-1
1976988,1984660,3,2.164042561333445,0.6,16,0.75,1.0,0,-1
1977002,1977005,3,1.6831442143704574,0.6,16,0.5,1.0,8,-1
1977002,1984811,2,0.9617966939259757,0.2857142857142857,20,0.25,0.5,6,-1
1977002,1984845,2,0.9617966939259757,0.2857142857142857,20,0.25,0.5,6,-1
1977002,2002197,2,0.9617966939259757,0.2857142857142857,20,0.25,0.5,6,-1
1977002,2005022,2,0.9617966939259757,0.2857142857142857,20,0.25,0.5,6,-1
1977005,1984811,2,0.9617966939259757,0.2857142857142857,20,0.25,0.5,6,-1
1977005,1984845,2,0.9617966939259757,0.2857142857142857,20,0.25,0.5,6,-1
1977005,2002197,2,0.9617966939259757,0.2857142857142857,20,0.25,0.5,6,-1
1977005,2005022,2,0.9617966939259757,0.2857142857142857,20,0.25,0.5,6,-1
1977009,1992112,10,3.959594018849274,0.8333333333333334,121,0.8009324009324008,1.0,11,-1
1977213,2012836,8,3.170428814794791,0.8,81,0.6534002489884843,1.0,9,-1
1977213,2013351,8,3.170428814794791,0.8,81,0.6534002489884843,1.0,9,-1
1977213,2045522,8,3.170428814794791,0.8,81,0.6534002489884843,1.0,9,-1
1977315,1979104,12,4.567709578855804,0.5,299,0.8687782805429864,1.0,13,-1
1977315,1983705,12,4.567709578855804,0.5,299,0.8687782805429864,1.0,13,-1
1977315,1986510,12,4.567709578855804,0.5,299,0.8687782805429864,1.0,13,-1
1977315,1986513,12,4.567709578855804,0.5,299,0.8687782805429864,1.0,13,-1
1977315,2003484,12,4.567709578855804,0.5,299,0.8687782805429864,1.0,13,-1
1977587,1977601,2,1.8204784532536746,0.5,9,0.6666666666666666,1.0,6,-1
1977604,1989331,4,2.4853397382384474,0.6666666666666666,25,0.8,1.0,8,-1
1977620,1984132,4,2.4853397382384474,0.6666666666666666,25,0.8,1.0,4,-1
1977620,1984140,4,2.4853397382384474,0.6666666666666666,25,0.8,1.0,0,-1
1977620,1994338,4,2.4853397382384474,0.6666666666666666,25,0.8,1.0,5,-1
1977883,1977891,2,1.531574161186449,0.5,9,0.5333333333333333,1.0,0,-1
1977883,1989658,2,1.531574161186449,0.5,9,0.5333333333333333,1.0,2,-1
1977889,1977899,9,3.5405467287242116,0.8181818181818182,100,0.7124999999999999,1.0,10,-1
1977889,1982145,9,3.6141674504052226,0.5294117647058824,160,0.75,1.0,10,-1
1977889,1984166,9,3.5405467287242116,0.8181818181818182,100,0.7124999999999999,1.0,10,-1
1977889,1984174,9,3.5405467287242116,0.8181818181818182,100,0.7124999999999999,1.0,10,-1
1977891,1989658,2,1.531574161186449,0.5,9,0.5333333333333333,1.0,0,-1
1977896,1989663,3,1.923593387851951,0.6,16,0.625,1.0,8,-1
1977899,1982145,9,3.614167450405223,0.5294117647058824,160,0.75,1.0,16,-1
1977899,1984166,9,3.5405467287242116,0.8181818181818182,100,0.7124999999999999,1.0,10,-1
1977899,1984174,9,3.5405467287242116,0.8181818181818182,100,0.7125,1.0,16,-1
1977903,1982981,4,2.4853397382384474,0.6666666666666666,25,0.8,1.0,5,-1
1977903,1982993,4,2.4853397382384474,0.6666666666666666,25,0.8,1.0,5,-1
1977903,1983001,4,2.4853397382384474,0.6666666666666666,25,0.8,1.0,5,-1
1977903,1994656,4,2.4853397382384474,0.6666666666666666,25,0.8,1.0,5,-1
1977911,1980578,9,3.703236526694522,0.6,140,0.7954887218045111,1.0,15,-1
1977911,1994651,9,3.6478652264812217,0.8181818181818182,100,0.7669172932330826,1.0,10,-1
1977914,1982475,1,0.43429448190325176,0.1111111111111111,25,0.1,0.5,2,-1
1977917,1977919,6,3.083390054218504,0.75,49,0.857142857142857,1.0,10,-1
1977917,1989690,6,3.083390054218504,0.75,49,0.857142857142857,1.0,0,-1
1977917,1989694,6,3.083390054218504,0.75,49,0.857142857142857,1.0,0,-1
1977917,1994644,6,3.083390054218504,0.75,49,0.857142857142857,1.0,10,-1
1977919,1989690,6,3.083390054218504,0.75,49,0.857142857142857,1.0,0,-1
1977919,1989694,6,3.083390054218504,0.75,49,0.857142857142857,1.0,0,-1
1977919,1994644,6,3.083390054218504,0.75,49,0.857142857142857,1.0,10,-1
1977927,1979249,5,2.58539863006975,0.7142857142857143,36,0.7254901960784313,1.0,6,-1
1977927,1989712,5,2.58539863006975,0.7142857142857143,36,0.7254901960784313,1.0,6,-1
1977927,1989724,5,2.58539863006975,0.7142857142857143,36,0.7254901960784313,1.0,6,-1
1977927,1989728,5,2.58539863006975,0.7142857142857143,36,0.7254901960784313,1.0,6,-1
1977935,1979244,3,2.164042561333445,0.6,16,0.75,1.0,4,-1
1977950,1994673,5,2.479191088417431,0.7142857142857143,36,0.6666666666666666,1.0,10,-1
1977969,1977980,3,2.164042561333445,0.6,16,0.75,1.0,6,-1
1977969,1984489,3,2.164042561333445,0.6,16,0.75,1.0,6,-1
1977969,1989762,3,2.164042561333445,0.6,16,0.75,1.0,4,-1
1977980,1984489,3,2.164042561333445,0.6,16,0.75,1.0,6,-1
1977980,1989762,3,2.164042561333445,0.6,16,0.75,1.0,4,-1
1977984,1977991,4,2.4853397382384474,0.6666666666666666,25,0.8,1.0,10,-1
1977984,1977995,4,2.4853397382384474,0.6666666666666666,25,0.8,1.0,10,-1
1977984,1978002,4,2.4853397382384474,0.6666666666666666,25,0.8,1.0,10,-1
1977987,1989792,9,3.9086503371292665,0.8181818181818182,100,0.8999999999999999,1.0,0,-1
1977987,1989800,9,3.9086503371292665,0.8181818181818182,100,0.8999999999999999,1.0,16,-1
1977991,1977995,4,2.4853397382384474,0.6666666666666666,25,0.8,1.0,10,-1
1977991,1978002,4,2.4853397382384474,0.6666666666666666,25,0.8,1.0,10,-1
1977995,1978002,4,2.4853397382384474,0.6666666666666666,25,0.8,1.0,10,-1
1978000,1979324,8,3.640956906507349,0.8,81,0.8888888888888891,1.0,11,-1
1978000,1979339,8,3.640956906507349,0.8,81,0.8888888888888891,1.0,0,-1
1978000,1994720,8,3.640956906507349,0.8,81,0.8888888888888891,1.0,0,-1
1978000,1994730,8,3.640956906507349,0.8,81,0.8888888888888891,1.0,11,-1
1978000,1994735,8,3.640956906507349,0.8,81,0.8888888888888891,1.0,11,-1
1978025,1979369,2,1.8204784532536746,0.5,9,0.6666666666666666,1.0,4,-1
1978025,1994769,2,1.8204784532536746,0.5,9,0.6666666666666666,1.0,3,-1
1978036,1994793,5,2.7905531327562363,0.7142857142857143,36,0.8333333333333333,1.0,10,-1
1978036,1994807,5,2.7905531327562363,0.7142857142857143,36,0.8333333333333333,1.0,10,-1
1978036,1994811,5,2.7905531327562363,0.7142857142857143,36,0.8333333333333333,1.0,10,-1
1978058,1978061,4,2.4853397382384474,0.6666666666666666,25,0.8,1.0,9,-1
1978058,1979407,4,2.4853397382384474,0.6666666666666666,25,0.8,1.0,9,-1
1978061,1979407,4,2.4853397382384474,0.6666666666666666,25,0.8,1.0,9,-1
1978080,1979412,15,5.380711395411519,0.8823529411764706,256,0.9236111111111112,1.0,16,-1
1978080,1979416,15,5.380711395411519,0.8823529411764706,256,0.9236111111111112,1.0,16,-1
1978080,1984528,15,5.380711395411519,0.8823529411764706,256,0.9236111111111112,1.0,18,-1
1978080,1984545,15,5.380711395411519,0.8823529411764706,256,0.9236111111111112,1.0,16,-1
1978080,1984548,15,5.380711395411519,0.8823529411764706,256,0.9236111111111112,1.0,16,-1
1978095,1984541,9,3.853279036915966,0.8181818181818182,100,0.8714285714285713,1.0,18,-1
1978095,1984551,9,3.853279036915966,0.8181818181818182,100,0.8714285714285713,1.0,18,-1
1978170,1979564,8,3.640956906507349,0.38095238095238093,180,0.8888888888888891,1.0,9,-1
1978170,1979568,8,3.640956906507349,0.38095238095238093,180,0.8888888888888891,1.0,9,-1
1978170,1994933,8,3.640956906507349,0.38095238095238093,180,0.8888888888888891,1.0,9,-1
1978199,1984481,7,3.366288428740915,0.7777777777777778,64,0.875,1.0,14,-1
1978265,1984714,12,4.678454943015361,0.8571428571428571,169,0.9230769230769229,1.0,24,-1
1978265,1995020,12,4.678454943015361,0.8571428571428571,169,0.9230769230769229,1.0,13,-1
1978265,1995024,12,4.678454943015361,0.8571428571428571,169,0.9230769230769229,1.0,24,-1
1978479,1978489,4,2.4853397382384474,0.6666666666666666,25,0.8,1.0,7,1
1978479,1982869,4,2.4853397382384474,0.6666666666666666,25,0.8,1.0,0,-1
1978479,2003104,4,2.4853397382384474,0.6666666666666666,25,0.8,1.0,7,-1
1978489,1982869,4,2.4853397382384474,0.6666666666666666,25,0.8,1.0,0,-1
1978489,2003104,4,2.4853397382384474,0.6666666666666666,25,0.8,1.0,7,-1
1978677,1983048,5,2.6348721105868336,0.7142857142857143,36,0.7499999999999999,1.0,6,-1
1978677,1988934,5,2.6348721105868336,0.7142857142857143,36,0.7499999999999999,1.0,8,1
1978677,2000505,5,2.6348721105868336,0.7142857142857143,36,0.7499999999999999,1.0,6,-1
1978677,2000527,5,2.6348721105868336,0.7142857142857143,36,0.7499999999999999,1.0,6,-1
1978677,2003250,5,2.6348721105868336,0.7142857142857143,36,0.7499999999999999,1.0,8,-1
1978940,1986123,13,4.926001361969367,0.8666666666666667,196,0.9285714285714283,1.0,18,-1
1978940,1986127,13,4.926001361969367,0.8666666666666667,196,0.9285714285714283,1.0,18,-1
1978940,1989481,13,4.926001361969367,0.8666666666666667,196,0.9285714285714283,1.0,0,-1
1978940,1989498,13,4.926001361969367,0.8666666666666667,196,0.9285714285714283,1.0,10,-1
1978940,1999779,13,4.926001361969367,0.8666666666666667,196,0.9285714285714283,1.0,10,-1
1978940,2003440,13,4.926001361969367,0.8666666666666667,196,0.9285714285714283,1.0,0,-1
1978940,2005734,13,4.926001361969367,0.8666666666666667,196,0.9285714285714283,1.0,18,-1
1978940,2006254,13,4.926001361969367,0.8666666666666667,196,0.9285714285714283,1.0,18,-1
1978940,2006270,13,4.926001361969367,0.8666666666666667,196,0.9285714285714283,1.0,18,-1
1978940,2038305,13,4.926001361969367,0.8666666666666667,196,0.9285714285714283,1.0,18,-1
1978940,2038309,13,4.926001361969367,0.8666666666666667,196,0.9285714285714283,1.0,18,-1
1978966,1994313,6,3.083390054218504,0.75,49,0.857142857142857,1.0,7,-1
1978966,1994318,6,3.083390054218504,0.75,49,0.857142857142857,1.0,7,-1
1978966,1994322,6,3.083390054218504,0.75,49,0.857142857142857,1.0,12,-1
1979104,1983705,12,4.496767322508324,0.8571428571428571,169,0.8353334644894748,1.0,22,-1
1979104,1986510,12,4.496767322508325,0.8571428571428571,169,0.8353334644894748,1.0,22,-1
1979104,1986513,12,4.496767322508325,0.8571428571428571,169,0.8353334644894748,1.0,22,-1
1979104,2003484,12,4.496767322508324,0.8571428571428571,169,0.8353334644894748,1.0,22,-1
1979220,1994647,3,2.164042561333445,0.6,16,0.75,1.0,8,-1
1979238,1989699,5,2.7905531327562363,0.7142857142857143,36,0.8333333333333333,1.0,10,-1
1979249,1989712,5,2.58539863006975,0.7142857142857143,36,0.7254901960784313,1.0,6,-1
1979249,1989724,5,2.58539863006975,0.7142857142857143,36,0.7254901960784313,1.0,6,-1
1979249,1989728,5,2.58539863006975,0.7142857142857143,36,0.7254901960784313,1.0,7,-1
1979263,1989720,4,2.4853397382384474,0.6666666666666666,25,0.8,1.0,8,-1
1979300,1994687,4,2.4853397382384474,0.6666666666666666,25,0.8,1.0,10,-1
1979300,1994707,4,2.4853397382384474,0.6666666666666666,25,0.8,1.0,10,-1
1979300,1994710,4,2.4853397382384474,0.6666666666666666,25,0.8,1.0,10,-1
1979303,1983104,5,2.7905531327562363,0.7142857142857143,36,0.8333333333333333,1.0,6,-1
1979303,1983114,5,2.7905531327562363,0.7142857142857143,36,0.8333333333333333,1.0,6,-1
1979315,1979320,5,2.7905531327562363,0.7142857142857143,36,0.8333333333333333,1.0,8,-1
1979315,1983123,5,2.7905531327562363,0.7142857142857143,36,0.8333333333333333,1.0,8,-1
1979320,1983123,5,2.7905531327562363,0.7142857142857143,36,0.8333333333333333,1.0,8,-1
1979324,1979339,8,3.640956906507349,0.8,81,0.8888888888888891,1.0,0,-1
1979324,1994720,8,3.640956906507349,0.8,81,0.8888888888888891,1.0,0,-1
1979324,1994730,8,3.640956906507349,0.8,81,0.8888888888888891,1.0,11,-1
1979324,1994735,8,3.640956906507349,0.8,81,0.8888888888888891,1.0,11,-1
1979339,1994720,8,3.640956906507349,0.8,81,0.8888888888888891,1.0,1,-1
1979339,1994730,8,3.640956906507349,0.8,81,0.8888888888888891,1.0,0,-1
1979339,1994735,8,3.640956906507349,0.8,81,0.8888888888888891,1.0,0,-1
1979343,1983148,9,3.853279036915966,0.8181818181818182,100,0.8714285714285713,1.0,15,-1
1979343,1983153,9,3.853279036915966,0.8181818181818182,100,0.8714285714285713,1.0,15,-1
1979343,1983163,9,3.853279036915966,0.8181818181818182,100,0.8714285714285713,1.0,15,-1
1979343,1989833,9,3.853279036915966,0.8181818181818182,100,0.8714285714285713,1.0,10,-1
1979343,1989838,9,3.853279036915966,0.8181818181818182,100,0.8714285714285713,1.0,10,-1
1979365,1979384,5,2.7905531327562363,0.7142857142857143,36,0.8333333333333333,1.0,6,-1
1979365,1994774,5,2.7905531327562363,0.7142857142857143,36,0.8333333333333333,1.0,7,-1
1979367,1983191,3,2.164042561333445,0.6,16,0.75,1.0,6,-1
1979367,1994759,3,2.164042561333445,0.6,16,0.75,1.0,4,-1
1979369,1994769,2,1.8204784532536746,0.5,9,0.6666666666666666,1.0,3,-1
1979384,1994774,5,2.7905531327562363,0.7142857142857143,36,0.8333333333333333,1.0,6,-1
1979412,1979416,15,5.380711395411519,0.8823529411764706,256,0.9236111111111112,1.0,26,-1
1979412,1984528,15,5.380711395411519,0.8823529411764706,256,0.9236111111111112,1.0,16,-1
1979412,1984545,15,5.380711395411519,0.8823529411764706,256,0.9236111111111112,1.0,26,-1
1979412,1984548,15,5.380711395411519,0.8823529411764706,256,0.9236111111111112,1.0,26,-1
1979416,1984528,15,5.380711395411519,0.8823529411764706,256,0.9236111111111112,1.0,16,-1
1979416,1984545,15,5.380711395411519,0.8823529411764706,256,0.9236111111111112,1.0,26,-1
1979416,1984548,15,5.380711395411519,0.8823529411764706,256,0.9236111111111112,1.0,26,-1
1979431,1984561,4,2.4853397382384474,0.6666666666666666,25,0.8,1.0,5,-1
1979435,1979461,9,3.9086503371292665,0.8181818181818182,100,0.8999999999999999,1.0,0,-1
1979435,1979473,9,3.9086503371292665,0.8181818181818182,100,0.8999999999999999,1.0,17,-1
1979435,1983241,9,3.9086503371292665,0.8181818181818182,100,0.8999999999999999,1.0,17,-1
1979435,1983265,9,3.9086503371292665,0.8181818181818182,100,0.8999999999999999,1.0,17,-1
1979435,1989896,9,3.9086503371292665,0.8181818181818182,100,0.8999999999999999,1.0,17,-1
1979435,1989906,9,3.9086503371292665,0.8181818181818182,100,0.8999999999999999,1.0,17,-1
1979447,1983231,2,1.8204784532536746,0.5,9,0.6666666666666666,1.0,6,-1
1979461,1979473,9,3.9086503371292665,0.8181818181818182,100,0.8999999999999999,1.0,0,-1
1979461,1983241,9,3.9086503371292665,0.8181818181818182,100,0.8999999999999999,1.0,0,-1
1979461,1983265,9,3.9086503371292665,0.8181818181818182,100,0.8999999999999999,1.0,0,-1
1979461,1989896,9,3.9086503371292665,0.8181818181818182,100,0.8999999999999999,1.0,0,-1
1979461,1989906,9,3.9086503371292665,0.8181818181818182,100,0.8999999999999999,1.0,0,-1
1979473,1983241,9,3.9086503371292665,0.8181818181818182,100,0.8999999999999999,1.0,17,-1
1979473,1983265,9,3.9086503371292665,0.8181818181818182,100,0.8999999999999999,1.0,17,-1
1979473,1989896,9,3.9086503371292665,0.8181818181818182,100,0.8999999999999999,1.0,17,-1
1979473,1989906,9,3.9086503371292665,0.8181818181818182,100,0.8999999999999999,1.0,17,-1
1979564,1979568,8,3.5196454938892643,0.8,81,0.827777777777778,1.0,15,-1
1979564,1994933,8,3.5196454938892643,0.8,81,0.827777777777778,1.0,15,-1
1979568,1994933,8,3.5196454938892643,0.8,81,0.827777777777778,1.0,15,-1
1979572,1984671,6,3.083390054218504,0.75,49,0.857142857142857,1.0,13,-1
1979954,1979969,6,3.083390054218504,0.75,49,0.857142857142857,1.0,7,-1
1979954,2000490,6,3.083390054218504,0.75,49,0.857142857142857,1.0,7,-1
1979954,2000644,6,3.083390054218504,0.75,49,0.857142857142857,1.0,7,-1
1979954,2000654,6,3.083390054218504,0.75,49,0.857142857142857,1.0,7,-1
1979954,2000677,6,3.083390054218504,0.75,49,0.857142857142857,1.0,7,-1
1979969,2000490,6,3.083390054218504,0.75,49,0.857142857142857,1.0,8,-1
1979969,2000644,6,3.083390054218504,0.75,49,0.857142857142857,1.0,7,-1
1979969,2000654,6,3.083390054218504,0.75,49,0.857142857142857,1.0,7,-1
1979969,2000677,6,3.083390054218504,0.75,49,0.857142857142857,1.0,7,-1
1980578,1994651,9,3.703236526694522,0.6,140,0.7954887218045111,1.0,10,-1
1980919,1983537,2,0.8894140952166705,0.25,25,0.2111111111111111,0.5,0,-1
1980919,1986360,4,2.0688596563275294,0.6666666666666666,25,0.5777777777777777,1.0,9,-1
1980919,2000861,2,0.8894140952166705,0.25,25,0.2111111111111111,0.5,6,-1
1980919,2003659,2,0.8894140952166705,0.25,25,0.2111111111111111,0.5,6,-1
1980919,2003663,4,2.0688596563275294,0.6666666666666666,25,0.5777777777777777,1.0,9,-1
1981643,1981886,15,6.376761080648306,0.8823529411764706,256,1.4351449275362322,1.0,16,1
1981643,1985331,9,3.572422679086783,0.5294117647058824,160,0.7309782608695652,1.0,10,-1
1981643,2000083,9,3.572422679086783,0.5294117647058824,160,0.7309782608695652,1.0,10,-1
1981643,2002461,9,3.572422679086783,0.5294117647058824,160,0.7309782608695652,1.0,10,-1
1981643,2002668,9,3.572422679086783,0.5294117647058824,160,0.7309782608695652,1.0,10,-1
1981643,2002682,9,3.572422679086783,0.5294117647058824,160,0.7309782608695652,1.0,10,-1
1981643,2002687,9,3.572422679086783,0.5294117647058824,160,0.7309782608695652,1.0,10,-1
1981741,1984975,5,2.7905531327562363,0.7142857142857143,36,0.8333333333333333,1.0,9,-1
1981741,2004729,5,2.7905531327562363,0.7142857142857143,36,0.8333333333333333,1.0,0,-1
1981741,2004752,5,2.7905531327562363,0.7142857142857143,36,0.8333333333333333,1.0,9,-1
1981741,2005223,5,2.7905531327562363,0.7142857142857143,36,0.8333333333333333,1.0,5,-1
1981741,2005227,5,2.7905531327562363,0.7142857142857143,36,0.8333333333333333,1.0,9,1
1981741,2037361,5,2.7905531327562363,0.7142857142857143,36,0.8333333333333333,1.0,9,1
1981886,1985331,9,3.572422679086783,0.5294117647058824,160,0.7309782608695651,1.0,17,-1
1981886,2000083,9,3.572422679086783,0.5294117647058824,160,0.7309782608695651,1.0,10,-1
1981886,2002461,9,3.572422679086783,0.5294117647058824,160,0.7309782608695651,1.0,17,-1
1981886,2002668,9,3.572422679086783,0.5294117647058824,160,0.7309782608695651,1.0,17,-1
1981886,2002682,9,3.572422679086783,0.5294117647058824,160,0.7309782608695651,1.0,17,-1
1981886,2002687,9,3.572422679086783,0.5294117647058824,160,0.7309782608695651,1.0,10,-1
1982064,1984945,3,2.164042561333445,0.6,16,0.75,1.0,4,-1
1982064,1988759,3,2.164042561333445,0.6,16,0.75,1.0,4,1
1982145,1984166,9,3.6141674504052226,0.5294117647058824,160,0.75,1.0,10,-1
1982145,1984174,9,3.614167450405223,0.5294117647058824,160,0.75,1.0,16,-1
1982163,2002400,1,1.4426950408889634,0.3333333333333333,4,0.5,1.0,4,-1
1982168,1985047,7,3.366288428740915,0.7777777777777778,64,0.875,1.0,5,-1
1982168,1999799,7,3.366288428740915,0.7777777777777778,64,0.875,1.0,5,-1
1982168,1999848,7,3.366288428740915,0.7777777777777778,64,0.875,1.0,0,-1
1982168,2002222,7,3.366288428740915,0.7777777777777778,64,0.875,1.0,0,-1
1982168,2002272,7,3.366288428740915,0.7777777777777778,64,0.875,1.0,5,-1
1982168,2002418,7,3.366288428740915,0.7777777777777778,64,0.875,1.0,5,-1
1982168,2002437,7,3.366288428740915,0.7777777777777778,64,0.875,1.0,5,-1
1982210,1985092,4,2.152909095746061,0.6666666666666666,25,0.6222222222222222,1.0,5,-1
1982210,2002305,4,2.152909095746061,0.6666666666666666,25,0.6222222222222222,1.0,6,-1
1982210,2002477,4,2.152909095746061,0.6666666666666666,25,0.6222222222222222,1.0,5,-1
1982214,1985081,3,2.164042561333445,0.6,16,0.75,1.0,3,-1
1982214,1999839,3,2.164042561333445,0.6,16,0.75,1.0,3,-1
1982214,2002468,3,2.164042561333445,0.6,16,0.75,1.0,0,-1
1982224,1985114,3,2.164042561333445,0.6,16,0.75,1.0,4,-1
1982224,1985122,3,2.164042561333445,0.6,16,0.75,1.0,7,-1
1982224,2002351,3,2.164042561333445,0.6,16,0.75,1.0,7,-1
1982224,2002501,3,2.164042561333445,0.6,16,0.75,1.0,7,-1
1982245,1982263,4,2.152909095746061,0.6666666666666666,25,0.6222222222222222,1.0,9,-1
1982245,1994523,4,2.3191244169922545,0.4,45,0.711111111111111,1.0,9,-1
1982245,2002277,4,2.152909095746061,0.6666666666666666,25,0.6222222222222222,1.0,9,-1
1982263,1994523,4,2.3191244169922545,0.4,45,0.711111111111111,1.0,9,-1
1982263,2002277,4,2.152909095746061,0.6666666666666666,25,0.6222222222222222,1.0,9,-1
1982272,1982303,2,1.8204784532536746,0.5,9,0.6666666666666666,1.0,6,-1
1982272,2002324,2,1.8204784532536746,0.5,9,0.6666666666666666,1.0,6,-1
1982303,2002324,2,1.8204784532536746,0.5,9,0.6666666666666666,1.0,6,-1
1982347,1999940,3,2.164042561333445,0.6,16,0.75,1.0,8,-1
1982347,1999952,3,2.164042561333445,0.6,16,0.75,1.0,8,-1
1982347,1999961,3,2.164042561333445,0.6,16,0.75,1.0,8,-1
1982347,1999969,3,2.164042561333445,0.6,16,0.75,1.0,8,-1
1982376,1985215,4,2.4853397382384474,0.6666666666666666,25,0.8,1.0,7,-1
1982376,2002389,4,2.4853397382384474,0.6666666666666666,25,0.8,1.0,0,-1
1982376,2002563,4,2.4853397382384474,0.6666666666666666,25,0.8,1.0,4,-1
1982376,2002571,4,2.4853397382384474,0.6666666666666666,25,0.8,1.0,7,-1
1982376,2002596,4,2.4853397382384474,0.6666666666666666,25,0.8,1.0,7,-1
1982399,1985231,2,1.8204784532536746,0.5,9,0.6666666666666666,1.0,6,-1
1982399,2002398,2,1.8204784532536746,0.5,9,0.6666666666666666,1.0,6,-1
1982399,2002602,2,1.8204784532536746,0.5,9,0.6666666666666666,1.0,6,-1
1982444,1985233,9,3.9086503371292665,0.8181818181818182,100,0.8999999999999999,1.0,19,-1
1982444,1985241,9,3.9086503371292665,0.8181818181818182,100,0.8999999999999999,1.0,19,-1
1982444,1985245,9,3.9086503371292665,0.8181818181818182,100,0.8999999999999999,1.0,19,-1
1982444,1985248,9,3.9086503371292665,0.8181818181818182,100,0.8999999999999999,1.0,19,-1
1982444,1985271,9,3.9086503371292665,0.8181818181818182,100,0.8999999999999999,1.0,19,-1
1982444,1985288,9,3.9086503371292665,0.8181818181818182,100,0.8999999999999999,1.0,19,-1
1982444,2000043,9,3.9086503371292665,0.8181818181818182,100,0.8999999999999999,1.0,19,-1
1982444,2000048,9,3.9086503371292665,0.8181818181818182,100,0.8999999999999999,1.0,19,-1
1982444,2002420,9,3.9086503371292665,0.8181818181818182,100,0.8999999999999999,1.0,19,-1
1982444,2002649,9,3.9086503371292665,0.8181818181818182,100,0.8999999999999999,1.0,10,-1
1982506,1982524,6,3.083390054218504,0.75,49,0.857142857142857,1.0,14,-1
1982506,1985293,6,3.083390054218504,0.75,49,0.857142857142857,1.0,14,-1
1982506,1985336,6,3.083390054218504,0.75,49,0.857142857142857,1.0,14,-1
1982506,1985352,6,3.083390054218504,0.75,49,0.857142857142857,1.0,14,-1
1982506,1985366,6,3.083390054218504,0.75,49,0.857142857142857,1.0,14,-1
1982506,2002701,6,3.083390054218504,0.75,49,0.857142857142857,1.0,14,-1
1982506,2002715,6,3.083390054218504,0.75,49,0.857142857142857,1.0,14,-1
1982511,1982520,4,2.4853397382384474,0.6666666666666666,25,0.8,1.0,10,-1
1982511,1985349,4,2.4853397382384474,0.6666666666666666,25,0.8,1.0,10,-1
1982511,1985395,4,2.4853397382384474,0.6666666666666666,25,0.8,1.0,10,-1
1982511,2000115,4,2.4853397382384474,0.6666666666666666,25,0.8,1.0,10,-1
1982511,2002474,4,2.4853397382384474,0.6666666666666666,25,0.8,1.0,10,-1
1982512,1985393,4,2.4853397382384474,0.4,45,0.8,1.0,5,-1
1982512,2005591,4,2.4853397382384474,0.4,45,0.8,1.0,5,-1
1982512,2037726,4,2.4853397382384474,0.4,45,0.8,1.0,5,-1
1982512,2037745,4,2.4853397382384474,0.4,45,0.8,1.0,5,-1
1982520,1985349,4,2.4853397382384474,0.6666666666666666,25,0.8,1.0,10,-1
1982520,1985395,4,2.4853397382384474,0.6666666666666666,25,0.8,1.0,10,-1
1982520,2000115,4,2.4853397382384474,0.6666666666666666,25,0.8,1.0,10,-1
1982520,2002474,4,2.4853397382384474,0.6666666666666666,25,0.8,1.0,10,-1
1982524,1985293,6,3.083390054218504,0.75,49,0.857142857142857,1.0,14,-1
1982524,1985336,6,3.083390054218504,0.75,49,0.857142857142857,1.0,14,-1
1982524,1985352,6,3.083390054218504,0.75,49,0.857142857142857,1.0,14,-1
1982524,1985366,6,3.083390054218504,0.75,49,0.857142857142857,1.0,14,-1
1982524,2002701,6,3.083390054218504,0.75,49,0.857142857142857,1.0,14,-1
1982524,2002715,6,3.083390054218504,0.75,49,0.857142857142857,1.0,14,-1
1982543,1982577,8,3.640956906507349,0.8,81,0.8888888888888891,1.0,16,-1
1982543,1985429,8,3.640956906507349,0.8,81,0.8888888888888891,1.0,16,-1
1982543,1985442,8,3.640956906507349,0.8,81,0.8888888888888891,1.0,0,-1
1982543,1985449,8,3.640956906507349,0.8,81,0.8888888888888891,1.0,16,-1
1982543,1985464,8,3.640956906507349,0.8,81,0.8888888888888891,1.0,16,-1
1982543,1985483,8,3.640956906507349,0.8,81,0.8888888888888891,1.0,16,-1
1982543,2000178,8,3.640956906507349,0.8,81,0.8888888888888891,1.0,16,-1
1982543,2002833,8,3.640956906507349,0.8,81,0.8888888888888891,1.0,16,-1
1982543,2002843,8,3.640956906507349,0.8,81,0.8888888888888891,1.0,16,-1
1982553,1985390,5,2.7905531327562363,0.7142857142857143,36,0.8333333333333333,1.0,6,-1
1982553,1985402,5,2.7905531327562363,0.7142857142857143,36,0.8333333333333333,1.0,6,-1
1982553,2002493,5,2.7905531327562363,0.7142857142857143,36,0.8333333333333333,1.0,6,-1
1982553,2002525,5,2.7905531327562363,0.7142857142857143,36,0.8333333333333333,1.0,6,-1
1982553,2002784,5,2.7905531327562363,0.7142857142857143,36,0.8333333333333333,1.0,6,-1
1982553,2002807,5,2.7905531327562363,0.7142857142857143,36,0.8333333333333333,1.0,6,-1
1982557,1983460,7,3.0866652383824986,0.6363636363636364,80,0.725,1.0,8,-1
1982557,1989223,9,4.0950657973682105,0.8181818181818182,100,0.9999999999999999,1.0,10,1
1982557,2003266,7,3.0866652383824986,0.6363636363636364,80,0.725,1.0,8,-1
1982577,1985429,8,3.640956906507349,0.8,81,0.8888888888888891,1.0,16,-1
1982577,1985442,8,3.640956906507349,0.8,81,0.8888888888888891,1.0,0,-1
1982577,1985449,8,3.640956906507349,0.8,81,0.8888888888888891,1.0,16,-1
1982577,1985464,8,3.640956906507349,0.8,81,0.8888888888888891,1.0,16,-1
1982577,1985483,8,3.640956906507349,0.8,81,0.8888888888888891,1.0,16,-1
1982577,2000178,8,3.640956906507349,0.8,81,0.8888888888888891,1.0,16,-1
1982577,2002833,8,3.640956906507349,0.8,81,0.8888888888888891,1.0,16,-1
1982577,2002843,8,3.640956906507349,0.8,81,0.8888888888888891,1.0,16,-1
1982636,1982682,5,2.7905531327562363,0.7142857142857143,36,0.8333333333333333,1.0,9,-1
1982636,1982709,5,2.7905531327562363,0.7142857142857143,36,0.8333333333333333,1.0,9,-1
1982636,2000247,5,2.7905531327562363,0.7142857142857143,36,0.8333333333333333,1.0,6,-1
1982636,2002642,5,2.7905531327562363,0.7142857142857143,36,0.8333333333333333,1.0,6,-1
1982636,2002934,5,2.7905531327562363,0.7142857142857143,36,0.8333333333333333,1.0,9,-1
1982682,1982709,5,2.7905531327562363,0.7142857142857143,36,0.8333333333333333,1.0,9,-1
1982682,2000247,5,2.7905531327562363,0.7142857142857143,36,0.8333333333333333,1.0,6,-1
1982682,2002642,5,2.7905531327562363,0.7142857142857143,36,0.8333333333333333,1.0,6,-1
1982682,2002934,5,2.7905531327562363,0.7142857142857143,36,0.8333333333333333,1.0,9,-1
1982709,2000247,5,2.7905531327562363,0.7142857142857143,36,0.8333333333333333,1.0,6,-1
1982709,2002642,5,2.7905531327562363,0.7142857142857143,36,0.8333333333333333,1.0,6,-1
1982709,2002934,5,2.7905531327562363,0.7142857142857143,36,0.8333333333333333,1.0,9,-1
1982713,1982723,12,4.617042436517131,0.8571428571428571,169,0.8937728937728937,1.0,12,-1
1982713,1985548,12,4.617042436517131,0.8571428571428571,169,0.8937728937728937,1.0,18,-1
1982713,2000264,12,4.617042436517131,0.8571428571428571,169,0.8937728937728937,1.0,12,-1
1982713,2002679,12,4.617042436517131,0.8571428571428571,169,0.8937728937728937,1.0,12,-1
1982713,2002918,12,4.617042436517131,0.8571428571428571,169,0.8937728937728937,1.0,18,-1
1982713,2002925,12,4.617042436517131,0.8571428571428571,169,0.8937728937728937,1.0,18,-1
1982713,2002929,12,4.617042436517131,0.8571428571428571,169,0.8937728937728937,1.0,0,-1
1982713,2002969,12,4.617042436517131,0.8571428571428571,169,0.8937728937728937,1.0,18,-1
1982713,2002974,12,4.617042436517131,0.8571428571428571,169,0.8937728937728937,1.0,12,-1
1982713,2002984,12,4.617042436517131,0.8571428571428571,169,0.8937728937728937,1.0,18,-1
1982723,1985548,12,4.617042436517131,0.8571428571428571,169,0.8937728937728937,1.0,12,-1
1982723,2000264,12,4.617042436517131,0.8571428571428571,169,0.8937728937728937,1.0,14,-1
1982723,2002679,12,4.617042436517131,0.8571428571428571,169,0.8937728937728937,1.0,14,-1
1982723,2002918,12,4.617042436517131,0.8571428571428571,169,0.8937728937728937,1.0,12,-1
1982723,2002925,12,4.617042436517131,0.8571428571428571,169,0.8937728937728937,1.0,12,-1
1982723,2002929,12,4.617042436517131,0.8571428571428571,169,0.8937728937728937,1.0,0,-1
1982723,2002969,12,4.617042436517131,0.8571428571428571,169,0.8937728937728937,1.0,12,-1
1982723,2002974,12,4.617042436517131,0.8571428571428571,169,0.8937728937728937,1.0,12,-1
1982723,2002984,12,4.617042436517131,0.8571428571428571,169,0.8937728937728937,1.0,12,-1
1982753,1982814,9,3.9086503371292665,0.8181818181818182,100,0.8999999999999999,1.0,19,-1
1982753,1985628,9,3.9086503371292665,0.8181818181818182,100,0.8999999999999999,1.0,19,-1
1982753,1991666,9,3.9086503371292665,0.8181818181818182,100,0.8999999999999999,1.0,19,-1
1982753,2002717,9,3.9086503371292665,0.8181818181818182,100,0.8999999999999999,1.0,19,-1
1982753,2002750,9,3.9086503371292665,0.8181818181818182,100,0.8999999999999999,1.0,19,-1
1982753,2003031,9,3.9086503371292665,0.8181818181818182,100,0.8999999999999999,1.0,19,-1
1982753,2003035,9,3.9086503371292665,0.8181818181818182,100,0.8999999999999999,1.0,19,-1
1982753,2003071,9,3.9086503371292665,0.8181818181818182,100,0.8999999999999999,1.0,19,-1
1982753,2003076,9,3.9086503371292665,0.8181818181818182,100,0.8999999999999999,1.0,19,-1
1982770,1985573,3,2.164042561333445,0.6,16,0.75,1.0,8,-1
1982770,2002684,3,2.164042561333445,0.6,16,0.75,1.0,8,-1
1982770,2002957,3,2.164042561333445,0.6,16,0.75,1.0,8,-1
1982770,2002979,3,2.164042561333445,0.6,16,0.75,1.0,8,-1
1982795,1985643,3,2.164042561333445,0.6,16,0.75,1.0,7,-1
1982795,2000363,3,2.164042561333445,0.6,16,0.75,1.0,7,-1
1982795,2003040,3,2.164042561333445,0.6,16,0.75,1.0,4,-1
1982795,2003066,3,2.164042561333445,0.6,16,0.75,1.0,7,-1
1982814,1985628,9,3.9086503371292665,0.8181818181818182,100,0.8999999999999999,1.0,19,-1
1982814,1991666,9,3.9086503371292665,0.8181818181818182,100,0.8999999999999999,1.0,19,-1
1982814,2002717,9,3.9086503371292665,0.8181818181818182,100,0.8999999999999999,1.0,19,-1
1982814,2002750,9,3.9086503371292665,0.8181818181818182,100,0.8999999999999999,1.0,19,-1
1982814,2003031,9,3.9086503371292665,0.8181818181818182,100,0.8999999999999999,1.0,19,-1
1982814,2003035,9,3.9086503371292665,0.8181818181818182,100,0.8999999999999999,1.0,19,-1
1982814,2003071,9,3.9086503371292665,0.8181818181818182,100,0.8999999999999999,1.0,19,-1
1982814,2003076,9,3.9086503371292665,0.8181818181818182,100,0.8999999999999999,1.0,19,-1
1982841,1988305,9,3.9086503371292665,0.8181818181818182,100,0.8999999999999999,1.0,20,1
1982841,1988408,9,3.9086503371292665,0.8181818181818182,100,0.8999999999999999,1.0,20,-1
1982841,1988413,9,3.9086503371292665,0.8181818181818182,100,0.8999999999999999,1.0,20,-1
1982841,2008340,9,3.9086503371292665,0.8181818181818182,100,0.8999999999999999,1.0,20,-1
1982841,2018138,9,3.9086503371292665,0.8181818181818182,100,0.8999999999999999,1.0,20,-1
1982869,2003104,4,2.4853397382384474,0.6666666666666666,25,0.8,1.0,0,-1
1982878,1982888,2,1.8204784532536746,0.5,9,0.6666666666666666,1.0,3,-1
1982878,2003139,2,1.8204784532536746,0.5,9,0.6666666666666666,1.0,3,-1
1982888,2003139,2,1.8204784532536746,0.5,9,0.6666666666666666,1.0,5,-1
1982894,1982899,13,5.115356710580294,0.8666666666666667,196,1.0266575529733424,1.0,14,1
1982894,1982903,13,5.115356710580294,0.8666666666666667,196,1.0266575529733424,1.0,14,1
1982894,1984851,10,3.8261503265732597,0.6666666666666666,154,0.7344497607655502,1.0,11,-1
1982894,1988345,13,5.115356710580294,0.8666666666666667,196,1.0266575529733424,1.0,14,1
1982894,1988359,13,5.1153567105802935,0.8666666666666667,196,1.0266575529733424,1.0,14,1
1982894,2002231,10,3.8261503265732593,0.6666666666666666,154,0.7344497607655502,1.0,11,-1
1982894,2037225,10,3.8261503265732597,0.6666666666666666,154,0.7344497607655502,1.0,11,-1
1982898,1996906,2,1.8204784532536746,0.5,9,0.6666666666666666,1.0,5,-1
1982898,2030051,2,1.8204784532536746,0.5,9,0.6666666666666666,1.0,3,-1
1982899,1982903,13,5.115356710580294,0.8666666666666667,196,1.0266575529733424,1.0,23,1
1982899,1984851,10,3.8261503265732597,0.6666666666666666,154,0.7344497607655501,1.0,19,-1
1982899,1988345,13,5.115356710580294,0.8666666666666667,196,1.0266575529733424,1.0,23,1
1982899,1988359,13,5.115356710580294,0.8666666666666667,196,1.0266575529733424,1.0,23,1
1982899,2002231,10,3.82615032657326,0.6666666666666666,154,0.7344497607655501,1.0,19,-1
1982899,2037225,10,3.8261503265732597,0.6666666666666666,154,0.7344497607655501,1.0,11,-1
1982903,1984851,10,3.8261503265732593,0.6666666666666666,154,0.7344497607655501,1.0,19,-1
1982903,1988345,13,5.115356710580294,0.8666666666666667,196,1.0266575529733424,1.0,23,1
1982903,1988359,13,5.115356710580294,0.8666666666666667,196,1.0266575529733424,1.0,23,1
1982903,2002231,10,3.8261503265732593,0.6666666666666666,154,0.7344497607655501,1.0,19,-1
1982903,2037225,10,3.8261503265732593,0.6666666666666666,154,0.7344497607655502,1.0,11,-1
1982906,1982923,9,3.9086503371292665,0.8181818181818182,100,0.8999999999999999,1.0,9,-1
1982906,1982959,9,3.9086503371292665,0.8181818181818182,100,0.8999999999999999,1.0,9,-1
1982906,1985697,9,3.9086503371292665,0.8181818181818182,100,0.8999999999999999,1.0,0,-1
1982906,1985705,9,3.9086503371292665,0.8181818181818182,100,0.8999999999999999,1.0,9,-1
1982906,1985713,9,3.9086503371292665,0.8181818181818182,100,0.8999999999999999,1.0,9,-1
1982906,2002805,9,3.9086503371292665,0.8181818181818182,100,0.8999999999999999,1.0,9,-1
1982906,2002821,9,3.9086503371292665,0.8181818181818182,100,0.8999999999999999,1.0,9,-1
1982906,2003120,9,3.9086503371292665,0.8181818181818182,100,0.8999999999999999,1.0,9,-1
1982906,2003143,9,3.9086503371292665,0.8181818181818182,100,0.8999999999999999,1.0,9,-1
1982923,1982959,9,3.9086503371292665,0.8181818181818182,100,0.8999999999999999,1.0,9,-1
1982923,1985697,9,3.9086503371292665,0.8181818181818182,100,0.8999999999999999,1.0,0,-1
1982923,1985705,9,3.9086503371292665,0.8181818181818182,100,0.8999999999999999,1.0,9,-1
1982923,1985713,9,3.9086503371292665,0.8181818181818182,100,0.8999999999999999,1.0,12,-1
1982923,2002805,9,3.9086503371292665,0.8181818181818182,100,0.8999999999999999,1.0,9,-1
1982923,2002821,9,3.9086503371292665,0.8181818181818182,100,0.8999999999999999,1.0,12,-1
1982923,2003120,9,3.9086503371292665,0.8181818181818182,100,0.8999999999999999,1.0,9,-1
1982923,2003143,9,3.9086503371292665,0.8181818181818182,100,0.8999999999999999,1.0,9,-1
1982959,1985697,9,3.9086503371292665,0.8181818181818182,100,0.8999999999999999,1.0,0,-1
1982959,1985705,9,3.9086503371292665,0.8181818181818182,100,0.8999999999999999,1.0,9,-1
1982959,1985713,9,3.9086503371292665,0.8181818181818182,100,0.8999999999999999,1.0,9,-1
1982959,2002805,9,3.9086503371292665,0.8181818181818182,100,0.8999999999999999,1.0,9,-1
1982959,2002821,9,3.9086503371292665,0.8181818181818182,100,0.8999999999999999,1.0,9,-1
1982959,2003120,9,3.9086503371292665,0.8181818181818182,100,0.8999999999999999,1.0,9,-1
1982959,2003143,9,3.9086503371292665,0.8181818181818182,100,0.8999999999999999,1.0,9,-1
1982981,1982993,4,2.4853397382384474,0.6666666666666666,25,0.8,1.0,5,-1
1982981,1983001,4,2.4853397382384474,0.6666666666666666,25,0.8,1.0,8,-1
1982981,1994656,4,2.4853397382384474,0.6666666666666666,25,0.8,1.0,8,-1
1982985,1982989,3,2.164042561333445,0.6,16,0.75,1.0,8,-1
1982993,1983001,4,2.4853397382384474,0.6666666666666666,25,0.8,1.0,5,-1
1982993,1994656,4,2.4853397382384474,0.6666666666666666,25,0.8,1.0,5,-1
1983001,1994656,4,2.4853397382384474,0.6666666666666666,25,0.8,1.0,8,-1
1983002,1985786,4,2.4853397382384474,0.6666666666666666,25,0.8,1.0,10,-1
1983002,2000483,4,2.4853397382384474,0.6666666666666666,25,0.8,1.0,10,-1
1983002,2000487,4,2.4853397382384474,0.6666666666666666,25,0.8,1.0,10,-1
1983002,2003217,4,2.4853397382384474,0.6666666666666666,25,0.8,1.0,10,-1
1983019,1983034,4,2.26643440806068,0.6666666666666666,25,0.6833333333333333,1.0,6,-1
1983029,1984195,3,1.4634003967214348,0.6,16,0.38596491228070173,1.0,6,-1
1983035,2000531,3,2.164042561333445,0.6,16,0.75,1.0,6,-1
1983035,2002889,3,2.164042561333445,0.6,16,0.75,1.0,6,-1
1983035,2002894,3,2.164042561333445,0.6,16,0.75,1.0,6,-1
1983035,2003264,3,2.164042561333445,0.6,16,0.75,1.0,0,-1
1983043,1984205,6,3.083390054218504,0.75,49,0.857142857142857,1.0,7,-1
1983043,1989758,6,3.083390054218504,0.75,49,0.857142857142857,1.0,7,-1
1983048,1988934,5,2.6348721105868336,0.7142857142857143,36,0.7499999999999999,1.0,6,-1
1983048,2000505,5,2.6348721105868336,0.7142857142857143,36,0.7499999999999999,1.0,6,-1
1983048,2000527,5,2.6348721105868336,0.7142857142857143,36,0.7499999999999999,1.0,6,-1
1983048,2003250,5,2.6348721105868336,0.7142857142857143,36,0.7499999999999999,1.0,6,-1
1983070,1989787,4,2.4853397382384474,0.6666666666666666,25,0.8,1.0,5,-1
1983071,1983079,3,2.164042561333445,0.6,16,0.75,1.0,7,-1
1983071,1983087,3,2.164042561333445,0.6,16,0.75,1.0,7,-1
1983071,2002913,3,2.164042561333445,0.6,16,0.75,1.0,7,-1
1983071,2002951,3,2.164042561333445,0.6,16,0.75,1.0,4,-1
1983079,1983087,3,2.164042561333445,0.6,16,0.75,1.0,7,-1
1983079,2002913,3,2.164042561333445,0.6,16,0.75,1.0,7,-1
1983079,2002951,3,2.164042561333445,0.6,16,0.75,1.0,4,-1
1983082,1983086,6,3.083390054218504,0.75,49,0.857142857142857,1.0,12,-1
1983082,1984245,6,3.083390054218504,0.75,49,0.857142857142857,1.0,12,-1
1983082,1984447,6,3.083390054218504,0.75,49,0.857142857142857,1.0,12,-1
1983082,1984452,6,3.083390054218504,0.75,49,0.857142857142857,1.0,12,-1
1983086,1984245,6,3.083390054218504,0.75,49,0.857142857142857,1.0,12,-1
1983086,1984447,6,3.083390054218504,0.75,49,0.857142857142857,1.0,12,-1
1983086,1984452,6,3.083390054218504,0.75,49,0.857142857142857,1.0,12,-1
1983087,2002913,3,2.164042561333445,0.6,16,0.75,1.0,7,-1
1983087,2002951,3,2.164042561333445,0.6,16,0.75,1.0,4,-1
1983092,1985893,8,3.436629927610034,0.8,81,0.7843137254901962,1.0,9,-1
1983092,1985898,8,3.436629927610034,0.8,81,0.7843137254901962,1.0,9,-1
1983092,2002936,8,3.436629927610034,0.8,81,0.7843137254901962,1.0,9,-1
1983092,2002958,8,3.436629927610034,0.8,81,0.7843137254901962,1.0,9,-1
1983092,2002986,8,3.436629927610034,0.8,81,0.7843137254901962,1.0,9,-1
1983092,2003304,8,3.436629927610034,0.8,81,0.7843137254901962,1.0,9,-1
1983092,2003317,8,3.436629927610034,0.8,81,0.7843137254901962,1.0,9,-1
1983104,1983114,5,2.7905531327562363,0.7142857142857143,36,0.8333333333333333,1.0,8,-1
1983109,1984486,5,2.7905531327562363,0.7142857142857143,36,0.8333333333333333,1.0,0,-1
1983109,1984495,5,2.7905531327562363,0.7142857142857143,36,0.8333333333333333,1.0,0,-1
1983109,1984498,5,2.7905531327562363,0.7142857142857143,36,0.8333333333333333,1.0,0,-1
1983139,1985090,1,0.4170323914242463,0.1,28,0.09090909090909091,0.5,4,-1
1983139,1985986,3,1.8597274323132098,0.6,16,0.5909090909090909,1.0,8,-1
1983139,1997152,1,0.4170323914242463,0.1,28,0.09090909090909091,0.5,4,-1
1983139,2000637,3,1.8597274323132096,0.6,16,0.5909090909090909,1.0,8,-1
1983139,2003353,3,1.8597274323132098,0.6,16,0.5909090909090909,1.0,8,-1
1983139,2004852,1,0.4170323914242463,0.1,28,0.09090909090909091,0.5,4,-1
1983139,2004860,1,0.4170323914242463,0.1,28,0.09090909090909091,0.5,4,-1
1983139,2037455,1,0.4170323914242463,0.1,28,0.09090909090909091,0.5,4,-1
1983148,1983153,9,3.853279036915966,0.8181818181818182,100,0.8714285714285713,1.0,15,-1
1983148,1983163,9,3.853279036915966,0.8181818181818182,100,0.8714285714285713,1.0,15,-1
1983148,1989833,9,3.853279036915966,0.8181818181818182,100,0.8714285714285713,1.0,10,-1
1983148,1989838,9,3.853279036915966,0.8181818181818182,100,0.8714285714285713,1.0,10,-1
1983153,1983163,9,3.853279036915966,0.8181818181818182,100,0.8714285714285713,1.0,15,-1
1983153,1989833,9,3.853279036915966,0.8181818181818182,100,0.8714285714285713,1.0,10,-1
1983153,1989838,9,3.853279036915966,0.8181818181818182,100,0.8714285714285713,1.0,10,-1
1983159,1985932,8,3.640956906507349,0.8,81,0.8888888888888891,1.0,17,-1
1983159,1985953,8,3.640956906507349,0.8,81,0.8888888888888891,1.0,9,-1
1983159,1985994,8,3.640956906507349,0.8,81,0.8888888888888891,1.0,17,-1
1983159,1986002,8,3.640956906507349,0.8,81,0.8888888888888891,1.0,17,-1
1983159,1986005,8,3.640956906507349,0.8,81,0.8888888888888891,1.0,17,-1
1983159,2000585,8,3.640956906507349,0.8,81,0.8888888888888891,1.0,17,-1
1983159,2000604,8,3.640956906507349,0.8,81,0.8888888888888891,1.0,17,-1
1983159,2003004,8,3.640956906507349,0.8,81,0.8888888888888891,1.0,17,-1
1983159,2003013,8,3.640956906507349,0.8,81,0.8888888888888891,1.0,17,-1
1983163,1989833,9,3.853279036915966,0.8181818181818182,100,0.8714285714285713,1.0,10,-1
1983163,1989838,9,3.853279036915966,0.8181818181818182,100,0.8714285714285713,1.0,10,-1
1983183,1983187,9,3.9086503371292665,0.8181818181818182,100,0.8999999999999999,1.0,16,-1
1983183,1994789,9,3.9086503371292665,0.8181818181818182,100,0.8999999999999999,1.0,16,-1
1983187,1994789,9,3.9086503371292665,0.8181818181818182,100,0.8999999999999999,1.0,16,-1
1983191,1994759,3,2.164042561333445,0.6,16,0.75,1.0,4,-1
1983196,1983210,9,3.9086503371292665,0.8181818181818182,100,0.8999999999999999,1.0,19,-1
1983196,1984324,9,3.9086503371292665,0.8181818181818182,100,0.8999999999999999,1.0,19,-1
1983196,1984329,9,3.9086503371292665,0.8181818181818182,100,0.8999999999999999,1.0,19,-1
1983196,1984334,9,3.9086503371292665,0.8181818181818182,100,0.8999999999999999,1.0,19,-1
1983196,1994844,9,3.9086503371292665,0.8181818181818182,100,0.8999999999999999,1.0,19,-1
1983196,1994849,9,3.9086503371292665,0.8181818181818182,100,0.8999999999999999,1.0,19,-1
1983201,1986030,6,3.083390054218504,0.75,49,0.857142857142857,1.0,13,-1
1983201,1986034,6,3.083390054218504,0.75,49,0.857142857142857,1.0,13,-1
1983201,2002759,6,3.083390054218504,0.75,49,0.857142857142857,1.0,13,-1
1983201,2003380,6,3.083390054218504,0.75,49,0.857142857142857,1.0,7,-1
1983210,1984324,9,3.9086503371292665,0.8181818181818182,100,0.8999999999999999,1.0,19,-1
1983210,1984329,9,3.9086503371292665,0.8181818181818182,100,0.8999999999999999,1.0,19,-1
1983210,1984334,9,3.9086503371292665,0.8181818181818182,100,0.8999999999999999,1.0,19,-1
1983210,1994844,9,3.9086503371292665,0.8181818181818182,100,0.8999999999999999,1.0,19,-1
1983210,1994849,9,3.9086503371292665,0.8181818181818182,100,0.8999999999999999,1.0,19,-1
1983226,1983236,3,2.164042561333445,0.6,16,0.75,1.0,4,-1
1983226,1994853,3,2.164042561333445,0.6,16,0.75,1.0,4,-1
1983236,1994853,3,2.164042561333445,0.6,16,0.75,1.0,4,-1
1983241,1983265,9,3.9086503371292665,0.8181818181818182,100,0.8999999999999999,1.0,17,-1
1983241,1989896,9,3.9086503371292665,0.8181818181818182,100,0.8999999999999999,1.0,17,-1
1983241,1989906,9,3.9086503371292665,0.8181818181818182,100,0.8999999999999999,1.0,17,-1
1983242,1983246,2,1.8204784532536746,0.5,9,0.6666666666666666,1.0,6,-1
1983242,2003083,2,1.8204784532536746,0.5,9,0.6666666666666666,1.0,6,-1
1983242,2031528,2,1.8204784532536746,0.5,9,0.6666666666666666,1.0,6,-1
1983246,2003083,2,1.8204784532536746,0.5,9,0.6666666666666666,1.0,6,-1
1983246,2031528,2,1.8204784532536746,0.5,9,0.6666666666666666,1.0,6,-1
1983265,1989896,9,3.9086503371292665,0.8181818181818182,100,0.8999999999999999,1.0,17,-1
1983265,1989906,9,3.9086503371292665,0.8181818181818182,100,0.8999999999999999,1.0,17,-1
1983284,2003437,5,2.7905531327562363,0.7142857142857143,36,0.8333333333333333,1.0,10,-1
1983293,1986121,3,2.164042561333445,0.6,16,0.75,1.0,4,-1
1983293,2003407,3,2.164042561333445,0.6,16,0.75,1.0,5,-1
1983293,2003422,3,2.164042561333445,0.6,16,0.75,1.0,4,-1
1983343,1986140,4,2.4853397382384474,0.6666666666666666,25,0.8,1.0,5,-1
1983343,1986181,4,2.4853397382384474,0.6666666666666666,25,0.8,1.0,8,-1
1983343,2003148,4,2.4853397382384474,0.6666666666666666,25,0.8,1.0,8,-1
1983343,2003514,4,2.4853397382384474,0.6666666666666666,25,0.8,1.0,8,-1
1983368,1983400,9,3.9086503371292665,0.8181818181818182,100,0.8999999999999999,1.0,18,-1
1983368,1986171,9,3.9086503371292665,0.8181818181818182,100,0.8999999999999999,1.0,18,-1
1983368,1986189,9,3.9086503371292665,0.8181818181818182,100,0.8999999999999999,1.0,18,-1
1983368,1986193,9,3.9086503371292665,0.8181818181818182,100,0.8999999999999999,1.0,18,-1
1983368,1986203,9,3.9086503371292665,0.8181818181818182,100,0.8999999999999999,1.0,10,-1
1983368,1986232,9,3.9086503371292665,0.8181818181818182,100,0.8999999999999999,1.0,18,-1
1983368,2000749,9,3.9086503371292665,0.8181818181818182,100,0.8999999999999999,1.0,18,-1
1983368,2003153,9,3.9086503371292665,0.8181818181818182,100,0.8999999999999999,1.0,18,-1
1983368,2003504,9,3.9086503371292665,0.8181818181818182,100,0.8999999999999999,1.0,10,-1
1983368,2003553,9,3.9086503371292665,0.8181818181818182,100,0.8999999999999999,1.0,18,-1
1983391,2003593,1,1.4426950408889634,0.3333333333333333,4,0.5,1.0,0,-1
1983391,2028305,1,1.4426950408889634,0.3333333333333333,4,0.5,1.0,2,-1
1983395,1984450,5,2.5429208434602453,0.7142857142857143,36,0.7,1.0,6,-1
1983400,1986171,9,3.9086503371292665,0.8181818181818182,100,0.8999999999999999,1.0,18,-1
1983400,1986189,9,3.9086503371292665,0.8181818181818182,100,0.8999999999999999,1.0,18,-1
1983400,1986193,9,3.9086503371292665,0.8181818181818182,100,0.8999999999999999,1.0,18,-1
1983400,1986203,9,3.9086503371292665,0.8181818181818182,100,0.8999999999999999,1.0,10,-1
1983400,1986232,9,3.9086503371292665,0.8181818181818182,100,0.8999999999999999,1.0,18,-1
1983400,2000749,9,3.9086503371292665,0.8181818181818182,100,0.8999999999999999,1.0,18,-1
1983400,2003153,9,3.9086503371292665,0.8181818181818182,100,0.8999999999999999,1.0,18,-1
1983400,2003504,9,3.9086503371292665,0.8181818181818182,100,0.8999999999999999,1.0,10,-1
1983400,2003553,9,3.9086503371292665,0.8181818181818182,100,0.8999999999999999,1.0,18,-1
1983425,1983447,5,2.7905531327562363,0.7142857142857143,36,0.8333333333333333,1.0,6,-1
1983425,2003224,5,2.7905531327562363,0.7142857142857143,36,0.8333333333333333,1.0,9,-1
1983425,2003229,5,2.7905531327562363,0.7142857142857143,36,0.8333333333333333,1.0,9,-1
1983425,2003632,5,2.7905531327562363,0.7142857142857143,36,0.8333333333333333,1.0,6,-1
1983446,1983451,3,2.164042561333445,0.6,16,0.75,1.0,4,-1
1983446,1984708,3,2.164042561333445,0.6,16,0.75,1.0,4,-1
1983447,2003224,5,2.7905531327562363,0.7142857142857143,36,0.8333333333333333,1.0,6,-1
1983447,2003229,5,2.7905531327562363,0.7142857142857143,36,0.8333333333333333,1.0,6,-1
1983447,2003632,5,2.7905531327562363,0.7142857142857143,36,0.8333333333333333,1.0,6,-1
1983451,1984708,3,2.164042561333445,0.6,16,0.75,1.0,4,-1
1983460,1989223,7,3.0866652383824986,0.6363636363636364,80,0.725,1.0,8,-1
1983460,2003266,7,3.0400613733227626,0.7777777777777778,64,0.7,1.0,8,-1
1983463,1984505,4,2.4853397382384474,0.6666666666666666,25,0.8,1.0,7,-1
1983476,1986260,4,2.4853397382384474,0.6666666666666666,25,0.8,1.0,5,-1
1983476,2000847,4,2.4853397382384474,0.6666666666666666,25,0.8,1.0,6,-1
1983523,2009537,5,3.2802638144359397,0.7142857142857143,36,1.0833333333333333,1.0,12,1
1983523,2024409,3,1.6743318796537416,0.42857142857142855,24,0.5,1.0,8,-1
1983523,2040832,5,3.2802638144359397,0.7142857142857143,36,1.0833333333333333,1.0,12,1
1983537,1986360,2,0.8894140952166705,0.25,25,0.2111111111111111,0.5,0,-1
1983537,2000861,4,2.132083964335894,0.6666666666666666,25,0.6111111111111112,1.0,0,-1
1983537,2003659,4,2.132083964335894,0.6666666666666666,25,0.6111111111111112,1.0,0,-1
1983537,2003663,2,0.8894140952166705,0.25,25,0.2111111111111111,0.5,0,-1
1983585,1986384,5,2.7905531327562363,0.7142857142857143,36,0.8333333333333333,1.0,12,-1
1983585,1986393,5,2.7905531327562363,0.7142857142857143,36,0.8333333333333333,1.0,12,-1
1983585,1990932,5,2.7905531327562363,0.7142857142857143,36,0.8333333333333333,1.0,12,-1
1983585,2003345,5,2.7905531327562363,0.7142857142857143,36,0.8333333333333333,1.0,12,-1
1983585,2003698,5,2.7905531327562363,0.7142857142857143,36,0.8333333333333333,1.0,12,-1
1983620,1986365,1,1.4426950408889634,0.3333333333333333,4,0.5,1.0,0,-1
1983650,1986466,7,3.366288428740915,0.7777777777777778,64,0.875,1.0,8,-1
1983650,2000972,7,3.366288428740915,0.7777777777777778,64,0.875,1.0,13,-1
1983650,2000977,7,3.366288428740915,0.7777777777777778,64,0.875,1.0,8,-1
1983650,2000982,7,3.366288428740915,0.7777777777777778,64,0.875,1.0,13,-1
1983650,2003746,7,3.366288428740915,0.7777777777777778,64,0.875,1.0,13,-1
1983650,2003795,7,3.366288428740915,0.7777777777777778,64,0.875,1.0,13,-1
1983650,2003804,7,3.366288428740915,0.7777777777777778,64,0.875,1.0,8,-1
1983675,1986421,8,3.640956906507349,0.8,81,0.8888888888888891,1.0,18,-1
1983675,1986436,8,3.640956906507349,0.8,81,0.8888888888888891,1.0,18,-1
1983675,2000951,8,3.640956906507349,0.8,81,0.8888888888888891,1.0,18,-1
1983675,2003350,8,3.640956906507349,0.8,81,0.8888888888888891,1.0,18,-1
1983675,2003363,8,3.640956906507349,0.8,81,0.8888888888888891,1.0,18,-1
1983675,2003372,8,3.640956906507349,0.8,81,0.8888888888888891,1.0,18,-1
1983675,2003725,8,3.640956906507349,0.8,81,0.8888888888888891,1.0,18,-1
1983675,2003733,8,3.640956906507349,0.8,81,0.8888888888888891,1.0,18,-1
1983675,2003764,8,3.640956906507349,0.8,81,0.8888888888888891,1.0,18,-1
1983697,1983701,7,3.366288428740915,0.7777777777777778,64,0.875,1.0,8,-1
1983697,1983709,7,3.366288428740915,0.7777777777777778,64,0.875,1.0,8,-1
1983697,1983713,7,3.366288428740915,0.7777777777777778,64,0.875,1.0,8,-1
1983697,1999974,7,3.366288428740915,0.7777777777777778,64,0.875,1.0,8,-1
1983697,2000999,7,3.366288428740915,0.7777777777777778,64,0.875,1.0,8,-1
1983697,2003434,7,3.366288428740915,0.7777777777777778,64,0.875,1.0,8,-1
1983697,2003453,7,3.366288428740915,0.7777777777777778,64,0.875,1.0,8,-1
1983697,2003816,7,3.366288428740915,0.7777777777777778,64,0.875,1.0,8,-1
1983701,1983709,7,3.366288428740915,0.7777777777777778,64,0.875,1.0,13,-1
1983701,1983713,7,3.366288428740915,0.7777777777777778,64,0.875,1.0,13,-1
1983701,1999974,7,3.366288428740915,0.7777777777777778,64,0.875,1.0,8,-1
1983701,2000999,7,3.366288428740915,0.7777777777777778,64,0.875,1.0,13,-1
1983701,2003434,7,3.366288428740915,0.7777777777777778,64,0.875,1.0,13,-1
1983701,2003453,7,3.366288428740915,0.7777777777777778,64,0.875,1.0,8,-1
1983701,2003816,7,3.366288428740915,0.7777777777777778,64,0.875,1.0,13,-1
1983705,1986510,12,4.496767322508324,0.8571428571428571,169,0.8353334644894748,1.0,22,-1
1983705,1986513,12,4.496767322508324,0.8571428571428571,169,0.8353334644894748,1.0,22,-1
1983705,2003484,12,4.496767322508324,0.8571428571428571,169,0.8353334644894748,1.0,22,-1
1983709,1983713,7,3.366288428740915,0.7777777777777778,64,0.875,1.0,13,-1
1983709,1999974,7,3.366288428740915,0.7777777777777778,64,0.875,1.0,8,-1
1983709,2000999,7,3.366288428740915,0.7777777777777778,64,0.875,1.0,13,-1
1983709,2003434,7,3.366288428740915,0.7777777777777778,64,0.875,1.0,13,-1
1983709,2003453,7,3.366288428740915,0.7777777777777778,64,0.875,1.0,8,-1
1983709,2003816,7,3.366288428740915,0.7777777777777778,64,0.875,1.0,13,-1
1983713,1999974,7,3.366288428740915,0.7777777777777778,64,0.875,1.0,8,-1
1983713,2000999,7,3.366288428740915,0.7777777777777778,64,0.875,1.0,13,-1
1983713,2003434,7,3.366288428740915,0.7777777777777778,64,0.875,1.0,13,-1
1983713,2003453,7,3.366288428740915,0.7777777777777778,64,0.875,1.0,8,-1
1983713,2003816,7,3.366288428740915,0.7777777777777778,64,0.875,1.0,13,-1
1983747,1986543,3,2.164042561333445,0.6,16,0.75,1.0,8,-1
1983747,2001074,3,2.164042561333445,0.6,16,0.75,1.0,8,-1
1983747,2003516,3,2.164042561333445,0.6,16,0.75,1.0,8,-1
1983747,2003526,3,2.164042561333445,0.6,16,0.75,1.0,8,-1
1983781,1983820,2,1.8204784532536746,0.5,9,0.6666666666666666,1.0,6,-1
1983781,2003545,2,1.8204784532536746,0.5,9,0.6666666666666666,1.0,6,-1
1983781,2003590,2,1.8204784532536746,0.5,9,0.6666666666666666,1.0,6,-1
1983785,1986553,5,2.7905531327562363,0.7142857142857143,36,0.8333333333333333,1.0,12,-1
1983785,2001078,5,2.7905531327562363,0.7142857142857143,36,0.8333333333333333,1.0,12,-1
1983785,2003594,5,2.7905531327562363,0.7142857142857143,36,0.8333333333333333,1.0,12,-1
1983796,1986610,5,2.7905531327562363,0.7142857142857143,36,0.8333333333333333,1.0,6,-1
1983796,1986622,5,2.7905531327562363,0.7142857142857143,36,0.8333333333333333,1.0,4,-1
1983796,1986629,5,2.7905531327562363,0.7142857142857143,36,0.8333333333333333,1.0,0,-1
1983796,2003922,5,2.7905531327562363,0.7142857142857143,36,0.8333333333333333,1.0,4,-1
1983796,2003936,5,2.7905531327562363,0.7142857142857143,36,0.8333333333333333,1.0,6,-1
1983820,2003545,2,1.8204784532536746,0.5,9,0.6666666666666666,1.0,6,-1
1983820,2003590,2,1.8204784532536746,0.5,9,0.6666666666666666,1.0,6,-1
1983824,1986618,6,2.791557525631198,0.75,49,0.7034252297410191,1.0,14,-1
1983824,2001107,6,2.791557525631198,0.75,49,0.7034252297410191,1.0,14,-1
1983824,2003914,6,2.791557525631198,0.75,49,0.7034252297410191,1.0,14,-1
1983849,1983859,7,3.366288428740915,0.7777777777777778,64,0.875,1.0,8,-1
1983849,1986672,7,3.366288428740915,0.7777777777777778,64,0.875,1.0,8,-1
1983849,2001127,7,3.366288428740915,0.7777777777777778,64,0.875,1.0,8,-1
1983849,2001132,7,3.366288428740915,0.7777777777777778,64,0.875,1.0,8,-1
1983849,2001141,7,3.366288428740915,0.7777777777777778,64,0.875,1.0,8,-1
1983849,2003621,7,3.366288428740915,0.7777777777777778,64,0.875,1.0,8,-1
1983849,2003665,7,3.366288428740915,0.7777777777777778,64,0.875,1.0,8,-1
1983849,2003669,7,3.366288428740915,0.7777777777777778,64,0.875,1.0,8,-1
1983859,1986672,7,3.366288428740915,0.7777777777777778,64,0.875,1.0,15,-1
1983859,2001127,7,3.366288428740915,0.7777777777777778,64,0.875,1.0,15,-1
1983859,2001132,7,3.366288428740915,0.7777777777777778,64,0.875,1.0,15,-1
1983859,2001141,7,3.366288428740915,0.7777777777777778,64,0.875,1.0,15,-1
1983859,2003621,7,3.366288428740915,0.7777777777777778,64,0.875,1.0,15,-1
1983859,2003665,7,3.366288428740915,0.7777777777777778,64,0.875,1.0,15,-1
1983859,2003669,7,3.366288428740915,0.7777777777777778,64,0.875,1.0,15,-1
1983875,1983923,4,2.152909095746061,0.6666666666666666,25,0.6222222222222222,1.0,10,-1
1983875,1986699,4,2.152909095746061,0.6666666666666666,25,0.6222222222222222,1.0,10,-1
1983879,1983891,5,2.7905531327562363,0.7142857142857143,36,0.8333333333333333,1.0,12,-1
1983879,1986663,5,2.7905531327562363,0.7142857142857143,36,0.8333333333333333,1.0,12,-1
1983879,1986668,5,2.7905531327562363,0.7142857142857143,36,0.8333333333333333,1.0,12,-1
1983879,1986708,5,2.7905531327562363,0.7142857142857143,36,0.8333333333333333,1.0,12,-1
1983879,2001160,5,2.7905531327562363,0.7142857142857143,36,0.8333333333333333,1.0,12,-1
1983879,2004029,5,2.7905531327562363,0.7142857142857143,36,0.8333333333333333,1.0,12,-1
1983891,1986663,5,2.7905531327562363,0.7142857142857143,36,0.8333333333333333,1.0,12,-1
1983891,1986668,5,2.7905531327562363,0.7142857142857143,36,0.8333333333333333,1.0,12,-1
1983891,1986708,5,2.7905531327562363,0.7142857142857143,36,0.8333333333333333,1.0,12,-1
1983891,2001160,5,2.7905531327562363,0.7142857142857143,36,0.8333333333333333,1.0,12,-1
1983891,2004029,5,2.7905531327562363,0.7142857142857143,36,0.8333333333333333,1.0,12,-1
1983923,1986699,4,2.152909095746061,0.6666666666666666,25,0.6222222222222222,1.0,10,-1
1983934,1983946,5,2.666736988108241,0.7142857142857143,36,0.7666666666666666,1.0,0,-1
1983934,1986705,5,2.666736988108241,0.7142857142857143,36,0.7666666666666666,1.0,0,-1
1983934,2001194,5,2.666736988108241,0.7142857142857143,36,0.7666666666666666,1.0,0,-1
1983934,2003681,5,2.666736988108241,0.7142857142857143,36,0.7666666666666666,1.0,0,-1
1983934,2003691,5,2.666736988108241,0.7142857142857143,36,0.7666666666666666,1.0,0,-1
1983946,1986705,5,2.666736988108241,0.7142857142857143,36,0.7666666666666666,1.0,10,-1
1983946,2001194,5,2.666736988108241,0.7142857142857143,36,0.7666666666666666,1.0,10,-1
1983946,2003681,5,2.666736988108241,0.7142857142857143,36,0.7666666666666666,1.0,10,-1
1983946,2003691,5,2.666736988108241,0.7142857142857143,36,0.7666666666666666,1.0,10,-1
1984132,1984140,4,2.4853397382384474,0.6666666666666666,25,0.8,1.0,0,-1
1984132,1994338,4,2.4853397382384474,0.6666666666666666,25,0.8,1.0,4,-1
1984140,1994338,4,2.4853397382384474,0.6666666666666666,25,0.8,1.0,0,-1
1984166,1984174,9,3.5405467287242116,0.8181818181818182,100,0.7124999999999999,1.0,10,-1
1984198,1984406,1,1.4426950408889634,0.3333333333333333,4,0.5,1.0,4,-1
1984202,1984219,8,3.640956906507349,0.47058823529411764,144,0.8888888888888891,1.0,7,-1
1984205,1989758,6,3.083390054218504,0.75,49,0.857142857142857,1.0,7,-1
1984216,1989738,3,2.164042561333445,0.6,16,0.75,1.0,6,-1
1984223,1984483,8,3.640956906507349,0.8,81,0.8888888888888891,1.0,0,-1
1984223,1989782,8,3.640956906507349,0.8,81,0.8888888888888891,1.0,11,-1
1984238,1989772,3,2.164042561333445,0.6,16,0.75,1.0,8,-1
1984245,1984447,6,3.083390054218504,0.75,49,0.857142857142857,1.0,12,-1
1984245,1984452,6,3.083390054218504,0.75,49,0.857142857142857,1.0,12,-1
1984324,1984329,9,3.9086503371292665,0.8181818181818182,100,0.8999999999999999,1.0,19,-1
1984324,1984334,9,3.9086503371292665,0.8181818181818182,100,0.8999999999999999,1.0,19,-1
1984324,1994844,9,3.9086503371292665,0.8181818181818182,100,0.8999999999999999,1.0,19,-1
1984324,1994849,9,3.9086503371292665,0.8181818181818182,100,0.8999999999999999,1.0,19,-1
1984329,1984334,9,3.9086503371292665,0.8181818181818182,100,0.8999999999999999,1.0,19,-1
1984329,1994844,9,3.9086503371292665,0.8181818181818182,100,0.8999999999999999,1.0,19,-1
1984329,1994849,9,3.9086503371292665,0.8181818181818182,100,0.8999999999999999,1.0,19,-1
1984334,1994844,9,3.9086503371292665,0.8181818181818182,100,0.8999999999999999,1.0,19,-1
1984334,1994849,9,3.9086503371292665,0.8181818181818182,100,0.8999999999999999,1.0,19,-1
1984417,1984420,10,4.170323914242463,0.8333333333333334,121,0.9090909090909093,1.0,16,-1
1984417,1984423,10,4.170323914242463,0.8333333333333334,121,0.9090909090909093,1.0,16,-1
1984420,1984423,10,4.170323914242463,0.8333333333333334,121,0.9090909090909093,1.0,16,-1
1984425,1984660,3,2.164042561333445,0.6,16,0.75,1.0,0,-1
1984447,1984452,6,3.083390054218504,0.75,49,0.857142857142857,1.0,12,-1
1984462,1984466,9,3.8028145939790656,0.8181818181818182,100,0.8476190476190476,1.0,12,-1
1984462,1984479,9,3.8028145939790656,0.8181818181818182,100,0.8476190476190475,1.0,10,-1
1984462,1985079,1,0.3284587387530511,0.05,110,0.047619047619047616,0.5,2,-1
1984462,1985087,1,0.3284587387530511,0.05,110,0.047619047619047616,0.5,2,-1
1984462,1986562,1,0.3284587387530511,0.05,110,0.047619047619047616,0.5,2,-1
1984462,1994665,9,3.8028145939790656,0.8181818181818182,100,0.8476190476190476,1.0,10,-1
1984462,2004869,1,0.3284587387530511,0.05,110,0.047619047619047616,0.5,2,-1
1984462,2005331,1,0.3284587387530511,0.05,110,0.047619047619047616,0.5,2,-1
1984466,1984479,9,3.8028145939790656,0.8181818181818182,100,0.8476190476190475,1.0,10,-1
1984466,1985079,1,0.3284587387530511,0.05,110,0.047619047619047616,0.5,2,-1
1984466,1985087,1,0.3284587387530511,0.05,110,0.047619047619047616,0.5,2,-1
1984466,1986562,1,0.3284587387530511,0.05,110,0.047619047619047616,0.5,2,-1
1984466,1994665,9,3.8028145939790656,0.8181818181818182,100,0.8476190476190476,1.0,10,-1
1984466,2004869,1,0.3284587387530511,0.05,110,0.047619047619047616,0.5,2,-1
1984466,2005331,1,0.3284587387530511,0.05,110,0.047619047619047616,0.5,2,-1
1984479,1985079,1,0.3284587387530511,0.05,110,0.047619047619047616,0.5,2,-1
1984479,1985087,1,0.3284587387530511,0.05,110,0.047619047619047616,0.5,2,-1
1984479,1986562,1,0.3284587387530511,0.05,110,0.047619047619047616,0.5,2,-1
1984479,1994665,9,3.8028145939790656,0.8181818181818182,100,0.8476190476190475,1.0,16,-1
1984479,2004869,1,0.3284587387530511,0.05,110,0.047619047619047616,0.5,2,-1
1984479,2005331,1,0.3284587387530511,0.05,110,0.047619047619047616,0.5,2,-1
1984483,1989782,8,3.640956906507349,0.8,81,0.8888888888888891,1.0,0,-1
1984486,1984495,5,2.7905531327562363,0.7142857142857143,36,0.8333333333333333,1.0,5,-1
1984486,1984498,5,2.7905531327562363,0.7142857142857143,36,0.8333333333333333,1.0,5,-1
1984489,1989762,3,2.164042561333445,0.6,16,0.75,1.0,4,-1
1984490,1984493,3,2.164042561333445,0.6,16,0.75,1.0,6,-1
1984490,1984500,3,2.164042561333445,0.6,16,0.75,1.0,6,-1
1984490,1984502,3,2.164042561333445,0.6,16,0.75,1.0,6,-1
1984493,1984500,3,2.164042561333445,0.6,16,0.75,1.0,6,-1
1984493,1984502,3,2.164042561333445,0.6,16,0.75,1.0,6,-1
1984495,1984498,5,2.7905531327562363,0.7142857142857143,36,0.8333333333333333,1.0,5,-1
1984500,1984502,3,2.164042561333445,0.6,16,0.75,1.0,6,-1
1984528,1984545,15,5.380711395411519,0.8823529411764706,256,0.9236111111111112,1.0,16,-1
1984528,1984548,15,5.380711395411519,0.8823529411764706,256,0.9236111111111112,1.0,16,-1
1984541,1984551,9,3.853279036915966,0.8181818181818182,100,0.8714285714285713,1.0,18,-1
1984545,1984548,15,5.380711395411519,0.8823529411764706,256,0.9236111111111112,1.0,26,-1
1984566,1987298,7,3.366288428740915,0.7777777777777778,64,0.875,1.0,8,-1
1984566,1987323,7,3.366288428740915,0.7777777777777778,64,0.875,1.0,8,-1
1984566,1987348,7,3.366288428740915,0.7777777777777778,64,0.875,1.0,8,-1
1984566,2001839,7,3.366288428740915,0.7777777777777778,64,0.875,1.0,8,-1
1984566,2001869,7,3.366288428740915,0.7777777777777778,64,0.875,1.0,8,-1
1984566,2001879,7,3.366288428740915,0.7777777777777778,64,0.875,1.0,8,-1
1984566,2004705,7,3.366288428740915,0.7777777777777778,64,0.875,1.0,8,-1
1984566,2004709,7,3.366288428740915,0.7777777777777778,64,0.875,1.0,8,-1
1984571,1984572,7,3.366288428740915,0.7777777777777778,64,0.875,1.0,8,-1
1984571,1987271,7,3.366288428740915,0.7777777777777778,64,0.875,1.0,8,-1
1984571,2001785,7,3.366288428740915,0.7777777777777778,64,0.875,1.0,8,-1
1984571,2001804,7,3.366288428740915,0.7777777777777778,64,0.875,1.0,8,-1
1984571,2001829,7,3.366288428740915,0.7777777777777778,64,0.875,1.0,9,-1
1984571,2001844,7,3.366288428740915,0.7777777777777778,64,0.875,1.0,8,-1
1984571,2004669,7,3.366288428740915,0.7777777777777778,64,0.875,1.0,8,-1
1984571,2004677,7,3.366288428740915,0.7777777777777778,64,0.875,1.0,8,-1
1984572,1987271,7,3.366288428740915,0.7777777777777778,64,0.875,1.0,14,-1
1984572,2001785,7,3.366288428740915,0.7777777777777778,64,0.875,1.0,14,-1
1984572,2001804,7,3.366288428740915,0.7777777777777778,64,0.875,1.0,14,-1
1984572,2001829,7,3.366288428740915,0.7777777777777778,64,0.875,1.0,8,-1
1984572,2001844,7,3.366288428740915,0.7777777777777778,64,0.875,1.0,14,-1
1984572,2004669,7,3.366288428740915,0.7777777777777778,64,0.875,1.0,14,-1
1984572,2004677,7,3.366288428740915,0.7777777777777778,64,0.875,1.0,14,-1
1984574,1984579,9,3.7614088937672445,0.8181818181818182,100,0.825,1.0,18,-1
1984685,1987461,8,3.3496585251892865,0.8,81,0.7404331779331779,1.0,8,-1
1984685,2004398,8,3.3496585251892865,0.8,81,0.7404331779331779,1.0,8,-1
1984685,2004403,8,3.3496585251892865,0.8,81,0.7404331779331779,1.0,0,-1
1984685,2004411,8,3.3496585251892865,0.8,81,0.7404331779331779,1.0,8,-1
1984714,1995020,12,4.678454943015361,0.8571428571428571,169,0.9230769230769229,1.0,13,-1
1984714,1995024,12,4.678454943015361,0.8571428571428571,169,0.9230769230769229,1.0,24,-1
1984724,1987483,7,3.366288428740915,0.7777777777777778,64,0.875,1.0,0,-1
1984724,1987493,7,3.366288428740915,0.7777777777777778,64,0.875,1.0,11,-1
1984724,1987507,7,3.366288428740915,0.7777777777777778,64,0.875,1.0,11,-1
1984724,2002049,7,3.366288428740915,0.7777777777777778,64,0.875,1.0,11,-1
1984724,2004428,7,3.366288428740915,0.7777777777777778,64,0.875,1.0,0,-1
1984724,2004456,7,3.366288428740915,0.7777777777777778,64,0.875,1.0,6,-1
1984724,2004497,7,3.366288428740915,0.7777777777777778,64,0.875,1.0,11,-1
1984774,2002134,2,1.8204784532536746,0.5,9,0.6666666666666666,1.0,3,-1
1984774,2004571,2,1.8204784532536746,0.5,9,0.6666666666666666,1.0,3,-1
1984774,2004949,2,1.8204784532536746,0.5,9,0.6666666666666666,1.0,3,-1
1984811,1984845,4,2.2044665630451994,0.6666666666666666,25,0.65,1.0,10,-1
1984811,2002197,4,2.2044665630451994,0.6666666666666666,25,0.65,1.0,10,-1
1984811,2005022,4,2.2044665630451994,0.6666666666666666,25,0.65,1.0,10,-1
1984830,1984853,5,2.7905531327562363,0.7142857142857143,36,0.8333333333333333,1.0,6,-1
1984830,2004659,5,2.7905531327562363,0.7142857142857143,36,0.8333333333333333,1.0,6,-1
1984830,2004663,5,2.7905531327562363,0.7142857142857143,36,0.8333333333333333,1.0,6,-1
1984830,2005041,5,2.7905531327562363,0.7142857142857143,36,0.8333333333333333,1.0,6,-1
1984830,2005055,5,2.7905531327562363,0.7142857142857143,36,0.8333333333333333,1.0,6,-1
1984845,2002197,4,2.2044665630451994,0.6666666666666666,25,0.65,1.0,10,-1
1984845,2005022,4,2.2044665630451994,0.6666666666666666,25,0.65,1.0,10,-1
1984851,1988345,10,3.8261503265732597,0.6666666666666666,154,0.7344497607655501,1.0,19,-1
1984851,1988359,10,3.8261503265732597,0.6666666666666666,154,0.7344497607655502,1.0,19,-1
1984851,2002231,10,3.788041116838965,0.8333333333333334,121,0.7149692412850306,1.0,19,-1
1984851,2037225,10,3.7880411168389645,0.8333333333333334,121,0.7149692412850307,1.0,11,-1
1984853,2004659,5,2.7905531327562363,0.7142857142857143,36,0.8333333333333333,1.0,10,-1
1984853,2004663,5,2.7905531327562363,0.7142857142857143,36,0.8333333333333333,1.0,6,-1
1984853,2005041,5,2.7905531327562363,0.7142857142857143,36,0.8333333333333333,1.0,10,-1
1984853,2005055,5,2.7905531327562363,0.7142857142857143,36,0.8333333333333333,1.0,10,-1
1984935,2002278,6,3.083390054218504,0.75,49,0.857142857142857,1.0,7,-1
1984935,2002282,6,3.083390054218504,0.75,49,0.857142857142857,1.0,7,-1
1984935,2002292,6,3.083390054218504,0.75,49,0.857142857142857,1.0,11,-1
1984935,2002316,6,3.083390054218504,0.75,49,0.857142857142857,1.0,7,-1
1984935,2004713,6,3.083390054218504,0.75,49,0.857142857142857,1.0,11,-1
1984935,2004738,6,3.083390054218504,0.75,49,0.857142857142857,1.0,11,-1
1984935,2037275,6,3.083390054218504,0.75,49,0.857142857142857,1.0,11,-1
1984945,1988759,3,2.164042561333445,0.6,16,0.75,1.0,7,-1
1984960,1984969,5,2.7905531327562363,0.7142857142857143,36,0.8333333333333333,1.0,2,-1
1984960,2004733,5,2.7905531327562363,0.7142857142857143,36,0.8333333333333333,1.0,0,-1
1984960,2004757,5,2.7905531327562363,0.7142857142857143,36,0.8333333333333333,1.0,0,-1
1984969,2004733,5,2.7905531327562363,0.7142857142857143,36,0.8333333333333333,1.0,0,-1
1984969,2004757,5,2.7905531327562363,0.7142857142857143,36,0.8333333333333333,1.0,0,-1
1984975,2004729,5,2.7905531327562363,0.7142857142857143,36,0.8333333333333333,1.0,0,-1
1984975,2004752,5,2.7905531327562363,0.7142857142857143,36,0.8333333333333333,1.0,9,-1
1984975,2005223,5,2.7905531327562363,0.7142857142857143,36,0.8333333333333333,1.0,5,-1
1984975,2005227,5,2.7905531327562363,0.7142857142857143,36,0.8333333333333333,1.0,9,-1
1984975,2037361,5,2.7905531327562363,0.7142857142857143,36,0.8333333333333333,1.0,9,-1
1985004,1985064,6,3.083390054218504,0.75,49,0.857142857142857,1.0,7,-1
1985004,1999780,6,3.083390054218504,0.75,49,0.857142857142857,1.0,7,-1
1985004,1999812,6,3.083390054218504,0.75,49,0.857142857142857,1.0,7,-1
1985004,2002388,6,3.083390054218504,0.75,49,0.857142857142857,1.0,7,-1
1985004,2002408,6,3.083390054218504,0.75,49,0.857142857142857,1.0,7,-1
1985044,2002426,5,2.6875621195184074,0.7142857142857143,36,0.7777777777777777,1.0,10,-1
1985044,2037379,5,2.6875621195184074,0.7142857142857143,36,0.7777777777777777,1.0,10,-1
1985047,1999799,7,3.366288428740915,0.7777777777777778,64,0.875,1.0,7,-1
1985047,1999848,7,3.366288428740915,0.7777777777777778,64,0.875,1.0,0,-1
1985047,2002222,7,3.366288428740915,0.7777777777777778,64,0.875,1.0,0,-1
1985047,2002272,7,3.366288428740915,0.7777777777777778,64,0.875,1.0,5,-1
1985047,2002418,7,3.366288428740915,0.7777777777777778,64,0.875,1.0,5,-1
1985047,2002437,7,3.366288428740915,0.7777777777777778,64,0.875,1.0,7,-1
1985064,1999780,6,3.083390054218504,0.75,49,0.857142857142857,1.0,7,-1
1985064,1999812,6,3.083390054218504,0.75,49,0.857142857142857,1.0,7,-1
1985064,2002388,6,3.083390054218504,0.75,49,0.857142857142857,1.0,7,-1
1985064,2002408,6,3.083390054218504,0.75,49,0.857142857142857,1.0,7,-1
1985069,2002449,5,2.7905531327562363,0.7142857142857143,36,0.8333333333333333,1.0,12,-1
1985069,2002454,5,2.7905531327562363,0.7142857142857143,36,0.8333333333333333,1.0,12,-1
1985069,2002457,5,2.7905531327562363,0.7142857142857143,36,0.8333333333333333,1.0,12,-1
1985069,2004823,5,2.7905531327562363,0.7142857142857143,36,0.8333333333333333,1.0,12,-1
1985069,2037423,5,2.7905531327562363,0.7142857142857143,36,0.8333333333333333,1.0,12,-1
1985079,1985087,10,4.081750261571267,0.8333333333333334,121,0.865800865800866,1.0,11,-1
1985079,1986562,10,4.081750261571267,0.8333333333333334,121,0.8658008658008659,1.0,11,-1
1985079,1994665,1,0.3284587387530511,0.05,110,0.047619047619047616,0.5,2,-1
1985079,2004869,10,4.081750261571267,0.8333333333333334,121,0.8658008658008659,1.0,11,-1
1985079,2005331,10,4.081750261571267,0.8333333333333334,121,0.8658008658008659,1.0,11,-1
1985081,1999839,3,2.164042561333445,0.6,16,0.75,1.0,3,-1
1985081,2002468,3,2.164042561333445,0.6,16,0.75,1.0,0,-1
1985087,1986562,10,4.081750261571267,0.8333333333333334,121,0.8658008658008659,1.0,11,-1
1985087,1994665,1,0.3284587387530511,0.05,110,0.047619047619047616,0.5,2,-1
1985087,2004869,10,4.081750261571267,0.8333333333333334,121,0.8658008658008659,1.0,11,-1
1985087,2005331,10,4.081750261571267,0.8333333333333334,121,0.8658008658008659,1.0,11,-1
1985090,1985986,1,0.4170323914242463,0.1,28,0.09090909090909091,0.5,4,-1
1985090,1997152,6,2.986524103273,0.75,49,0.805194805194805,1.0,14,-1
1985090,2000637,1,0.4170323914242463,0.1,28,0.09090909090909091,0.5,4,-1
1985090,2003353,1,0.4170323914242463,0.1,28,0.09090909090909091,0.5,4,-1
1985090,2004852,6,2.986524103273,0.75,49,0.805194805194805,1.0,14,-1
1985090,2004860,6,2.986524103273,0.75,49,0.805194805194805,1.0,14,-1
1985090,2037455,6,2.986524103273,0.75,49,0.805194805194805,1.0,14,-1
1985092,2002305,4,2.152909095746061,0.6666666666666666,25,0.6222222222222222,1.0,5,-1
1985092,2002477,4,2.152909095746061,0.6666666666666666,25,0.6222222222222222,1.0,7,-1
1985114,1985122,3,2.164042561333445,0.6,16,0.75,1.0,4,-1
1985114,2002351,3,2.164042561333445,0.6,16,0.75,1.0,4,-1
1985114,2002501,3,2.164042561333445,0.6,16,0.75,1.0,4,-1
1985122,2002351,3,2.164042561333445,0.6,16,0.75,1.0,7,-1
1985122,2002501,3,2.164042561333445,0.6,16,0.75,1.0,7,-1
1985123,1986908,6,3.083390054218504,0.75,49,0.857142857142857,1.0,7,-1
1985123,2002511,6,3.083390054218504,0.75,49,0.857142857142857,1.0,7,-1
1985123,2002526,6,3.083390054218504,0.75,49,0.857142857142857,1.0,8,-1
1985123,2004946,6,3.083390054218504,0.75,49,0.857142857142857,1.0,7,-1
1985123,2004956,6,3.083390054218504,0.75,49,0.857142857142857,1.0,7,-1
1985123,2005378,6,3.083390054218504,0.75,49,0.857142857142857,1.0,7,-1
1985139,1985153,4,2.4853397382384474,0.6666666666666666,25,0.8,1.0,5,-1
1985139,1985165,4,2.4853397382384474,0.6666666666666666,25,0.8,1.0,9,-1
1985139,2002344,4,2.4853397382384474,0.6666666666666666,25,0.8,1.0,9,-1
1985139,2002505,4,2.4853397382384474,0.6666666666666666,25,0.8,1.0,9,-1
1985153,1985165,4,2.4853397382384474,0.6666666666666666,25,0.8,1.0,5,-1
1985153,2002344,4,2.4853397382384474,0.6666666666666666,25,0.8,1.0,5,-1
1985153,2002505,4,2.4853397382384474,0.6666666666666666,25,0.8,1.0,5,-1
1985165,2002344,4,2.4853397382384474,0.6666666666666666,25,0.8,1.0,9,-1
1985165,2002505,4,2.4853397382384474,0.6666666666666666,25,0.8,1.0,9,-1
1985182,2002394,1,1.4426950408889634,0.3333333333333333,4,0.5,1.0,4,-1
1985182,2002553,1,1.4426950408889634,0.3333333333333333,4,0.5,1.0,4,-1
1985215,2002389,4,2.4853397382384474,0.6666666666666666,25,0.8,1.0,0,-1
1985215,2002563,4,2.4853397382384474,0.6666666666666666,25,0.8,1.0,4,-1
1985215,2002571,4,2.4853397382384474,0.6666666666666666,25,0.8,1.0,7,-1
1985215,2002596,4,2.4853397382384474,0.6666666666666666,25,0.8,1.0,7,-1
1985231,2002398,2,1.8204784532536746,0.5,9,0.6666666666666666,1.0,6,-1
1985231,2002602,2,1.8204784532536746,0.5,9,0.6666666666666666,1.0,6,-1
1985233,1985241,9,3.9086503371292665,0.8181818181818182,100,0.8999999999999999,1.0,19,-1
1985233,1985245,9,3.9086503371292665,0.8181818181818182,100,0.8999999999999999,1.0,19,-1
1985233,1985248,9,3.9086503371292665,0.8181818181818182,100,0.8999999999999999,1.0,19,-1
1985233,1985271,9,3.9086503371292665,0.8181818181818182,100,0.8999999999999999,1.0,19,-1
1985233,1985288,9,3.9086503371292665,0.8181818181818182,100,0.8999999999999999,1.0,19,-1
1985233,2000043,9,3.9086503371292665,0.8181818181818182,100,0.8999999999999999,1.0,19,-1
1985233,2000048,9,3.9086503371292665,0.8181818181818182,100,0.8999999999999999,1.0,19,-1
1985233,2002420,9,3.9086503371292665,0.8181818181818182,100,0.8999999999999999,1.0,19,-1
1985233,2002649,9,3.9086503371292665,0.8181818181818182,100,0.8999999999999999,1.0,10,-1
1985241,1985245,9,3.9086503371292665,0.8181818181818182,100,0.8999999999999999,1.0,19,-1
1985241,1985248,9,3.9086503371292665,0.8181818181818182,100,0.8999999999999999,1.0,19,-1
1985241,1985271,9,3.9086503371292665,0.8181818181818182,100,0.8999999999999999,1.0,19,-1
1985241,1985288,9,3.9086503371292665,0.8181818181818182,100,0.8999999999999999,1.0,19,-1
1985241,2000043,9,3.9086503371292665,0.8181818181818182,100,0.8999999999999999,1.0,19,-1
1985241,2000048,9,3.9086503371292665,0.8181818181818182,100,0.8999999999999999,1.0,19,-1
1985241,2002420,9,3.9086503371292665,0.8181818181818182,100,0.8999999999999999,1.0,19,-1
1985241,2002649,9,3.9086503371292665,0.8181818181818182,100,0.8999999999999999,1.0,10,-1
1985245,1985248,9,3.9086503371292665,0.8181818181818182,100,0.8999999999999999,1.0,19,-1
1985245,1985271,9,3.9086503371292665,0.8181818181818182,100,0.8999999999999999,1.0,19,-1
1985245,1985288,9,3.9086503371292665,0.8181818181818182,100,0.8999999999999999,1.0,19,-1
1985245,2000043,9,3.9086503371292665,0.8181818181818182,100,0.8999999999999999,1.0,19,-1
1985245,2000048,9,3.9086503371292665,0.8181818181818182,100,0.8999999999999999,1.0,19,-1
1985245,2002420,9,3.9086503371292665,0.8181818181818182,100,0.8999999999999999,1.0,19,-1
1985245,2002649,9,3.9086503371292665,0.8181818181818182,100,0.8999999999999999,1.0,10,-1
1985248,1985271,9,3.9086503371292665,0.8181818181818182,100,0.8999999999999999,1.0,19,-1
1985248,1985288,9,3.9086503371292665,0.8181818181818182,100,0.8999999999999999,1.0,19,-1
1985248,2000043,9,3.9086503371292665,0.8181818181818182,100,0.8999999999999999,1.0,19,-1
1985248,2000048,9,3.9086503371292665,0.8181818181818182,100,0.8999999999999999,1.0,19,-1
1985248,2002420,9,3.9086503371292665,0.8181818181818182,100,0.8999999999999999,1.0,19,-1
1985248,2002649,9,3.9086503371292665,0.8181818181818182,100,0.8999999999999999,1.0,10,-1
1985271,1985288,9,3.9086503371292665,0.8181818181818182,100,0.8999999999999999,1.0,19,-1
1985271,2000043,9,3.9086503371292665,0.8181818181818182,100,0.8999999999999999,1.0,19,-1
1985271,2000048,9,3.9086503371292665,0.8181818181818182,100,0.8999999999999999,1.0,19,-1
1985271,2002420,9,3.9086503371292665,0.8181818181818182,100,0.8999999999999999,1.0,19,-1
1985271,2002649,9,3.9086503371292665,0.8181818181818182,100,0.8999999999999999,1.0,10,-1
1985281,2000028,0,0.0,0.0,1,0.0,1.0,1,-1
1985282,2002694,6,3.083390054218504,0.75,49,0.857142857142857,1.0,11,-1
1985282,2005124,6,3.083390054218504,0.75,49,0.857142857142857,1.0,7,-1
1985282,2005551,6,3.083390054218504,0.75,49,0.857142857142857,1.0,7,-1
1985282,2037626,6,3.083390054218504,0.75,49,0.857142857142857,1.0,11,-1
1985282,2037647,6,3.083390054218504,0.75,49,0.857142857142857,1.0,7,-1
1985282,2037659,6,3.083390054218504,0.75,49,0.857142857142857,1.0,11,-1
1985288,2000043,9,3.9086503371292665,0.8181818181818182,100,0.8999999999999999,1.0,19,-1
1985288,2000048,9,3.9086503371292665,0.8181818181818182,100,0.8999999999999999,1.0,19,-1
1985288,2002420,9,3.9086503371292665,0.8181818181818182,100,0.8999999999999999,1.0,19,-1
1985288,2002649,9,3.9086503371292665,0.8181818181818182,100,0.8999999999999999,1.0,10,-1
1985293,1985336,6,3.083390054218504,0.75,49,0.857142857142857,1.0,14,-1
1985293,1985352,6,3.083390054218504,0.75,49,0.857142857142857,1.0,14,-1
1985293,1985366,6,3.083390054218504,0.75,49,0.857142857142857,1.0,14,-1
1985293,2002701,6,3.083390054218504,0.75,49,0.857142857142857,1.0,14,-1
1985293,2002715,6,3.083390054218504,0.75,49,0.857142857142857,1.0,14,-1
1985327,2000038,6,3.083390054218504,0.75,49,0.857142857142857,1.0,7,-1
1985327,2002691,6,3.083390054218504,0.75,49,0.857142857142857,1.0,7,-1
1985331,2000083,9,3.498801957405772,0.8181818181818182,100,0.6934782608695651,1.0,10,-1
1985331,2002461,9,3.498801957405772,0.8181818181818182,100,0.6934782608695651,1.0,17,-1
1985331,2002668,9,3.498801957405772,0.8181818181818182,100,0.6934782608695651,1.0,17,-1
1985331,2002682,9,3.498801957405772,0.8181818181818182,100,0.6934782608695651,1.0,17,-1
1985331,2002687,9,3.498801957405772,0.8181818181818182,100,0.6934782608695651,1.0,10,-1
1985336,1985352,6,3.083390054218504,0.75,49,0.857142857142857,1.0,14,-1
1985336,1985366,6,3.083390054218504,0.75,49,0.857142857142857,1.0,14,-1
1985336,2002701,6,3.083390054218504,0.75,49,0.857142857142857,1.0,14,-1
1985336,2002715,6,3.083390054218504,0.75,49,0.857142857142857,1.0,14,-1
1985349,1985395,4,2.4853397382384474,0.6666666666666666,25,0.8,1.0,10,-1
1985349,2000115,4,2.4853397382384474,0.6666666666666666,25,0.8,1.0,10,-1
1985349,2002474,4,2.4853397382384474,0.6666666666666666,25,0.8,1.0,10,-1
1985352,1985366,6,3.083390054218504,0.75,49,0.857142857142857,1.0,14,-1
1985352,2002701,6,3.083390054218504,0.75,49,0.857142857142857,1.0,14,-1
1985352,2002715,6,3.083390054218504,0.75,49,0.857142857142857,1.0,14,-1
1985366,2002701,6,3.083390054218504,0.75,49,0.857142857142857,1.0,14,-1
1985366,2002715,6,3.083390054218504,0.75,49,0.857142857142857,1.0,14,-1
1985378,1985388,3,2.164042561333445,0.6,16,0.75,1.0,6,-1
1985378,2002806,3,2.164042561333445,0.6,16,0.75,1.0,6,-1
1985378,2037731,3,2.164042561333445,0.6,16,0.75,1.0,0,-1
1985378,2037760,3,2.164042561333445,0.6,16,0.75,1.0,6,-1
1985388,2002806,3,2.164042561333445,0.6,16,0.75,1.0,6,-1
1985388,2037731,3,2.164042561333445,0.6,16,0.75,1.0,0,-1
1985388,2037760,3,2.164042561333445,0.6,16,0.75,1.0,6,-1
1985390,1985402,5,2.7905531327562363,0.7142857142857143,36,0.8333333333333333,1.0,6,-1
1985390,2002493,5,2.7905531327562363,0.7142857142857143,36,0.8333333333333333,1.0,6,-1
1985390,2002525,5,2.7905531327562363,0.7142857142857143,36,0.8333333333333333,1.0,6,-1
1985390,2002784,5,2.7905531327562363,0.7142857142857143,36,0.8333333333333333,1.0,7,-1
1985390,2002807,5,2.7905531327562363,0.7142857142857143,36,0.8333333333333333,1.0,6,-1
1985393,2005591,4,2.3191244169922545,0.6666666666666666,25,0.711111111111111,1.0,5,-1
1985393,2037726,4,2.3191244169922545,0.6666666666666666,25,0.711111111111111,1.0,5,-1
1985393,2037745,4,2.3191244169922545,0.6666666666666666,25,0.711111111111111,1.0,5,-1
1985395,2000115,4,2.4853397382384474,0.6666666666666666,25,0.8,1.0,10,-1
1985395,2002474,4,2.4853397382384474,0.6666666666666666,25,0.8,1.0,10,-1
1985402,2002493,5,2.7905531327562363,0.7142857142857143,36,0.8333333333333333,1.0,6,-1
1985402,2002525,5,2.7905531327562363,0.7142857142857143,36,0.8333333333333333,1.0,7,-1
1985402,2002784,5,2.7905531327562363,0.7142857142857143,36,0.8333333333333333,1.0,6,-1
1985402,2002807,5,2.7905531327562363,0.7142857142857143,36,0.8333333333333333,1.0,6,-1
1985429,1985442,8,3.640956906507349,0.8,81,0.8888888888888891,1.0,0,-1
1985429,1985449,8,3.640956906507349,0.8,81,0.8888888888888891,1.0,16,-1
1985429,1985464,8,3.640956906507349,0.8,81,0.8888888888888891,1.0,16,-1
1985429,1985483,8,3.640956906507349,0.8,81,0.8888888888888891,1.0,16,-1
1985429,2000178,8,3.640956906507349,0.8,81,0.8888888888888891,1.0,16,-1
1985429,2002833,8,3.640956906507349,0.8,81,0.8888888888888891,1.0,16,-1
1985429,2002843,8,3.640956906507349,0.8,81,0.8888888888888891,1.0,16,-1
1985442,1985449,8,3.640956906507349,0.8,81,0.8888888888888891,1.0,0,-1
1985442,1985464,8,3.640956906507349,0.8,81,0.8888888888888891,1.0,0,-1
1985442,1985483,8,3.640956906507349,0.8,81,0.8888888888888891,1.0,0,-1
1985442,2000178,8,3.640956906507349,0.8,81,0.8888888888888891,1.0,0,-1
1985442,2002833,8,3.640956906507349,0.8,81,0.8888888888888891,1.0,0,-1
1985442,2002843,8,3.640956906507349,0.8,81,0.8888888888888891,1.0,0,-1
1985449,1985464,8,3.640956906507349,0.8,81,0.8888888888888891,1.0,16,-1
1985449,1985483,8,3.640956906507349,0.8,81,0.8888888888888891,1.0,16,-1
1985449,2000178,8,3.640956906507349,0.8,81,0.8888888888888891,1.0,16,-1
1985449,2002833,8,3.640956906507349,0.8,81,0.8888888888888891,1.0,16,-1
1985449,2002843,8,3.640956906507349,0.8,81,0.8888888888888891,1.0,16,-1
1985459,1985474,6,3.083390054218504,0.75,49,0.857142857142857,1.0,12,-1
1985459,2000200,6,3.083390054218504,0.75,49,0.857142857142857,1.0,12,-1
1985459,2002560,6,3.083390054218504,0.75,49,0.857142857142857,1.0,12,-1
1985459,2002573,6,3.083390054218504,0.75,49,0.857142857142857,1.0,0,-1
1985459,2002838,6,3.083390054218504,0.75,49,0.857142857142857,1.0,12,-1
1985459,2027565,6,3.083390054218504,0.75,49,0.857142857142857,1.0,12,-1
1985459,2035927,6,3.083390054218504,0.75,49,0.857142857142857,1.0,12,-1
1985464,1985483,8,3.640956906507349,0.8,81,0.8888888888888891,1.0,16,-1
1985464,2000178,8,3.640956906507349,0.8,81,0.8888888888888891,1.0,16,-1
1985464,2002833,8,3.640956906507349,0.8,81,0.8888888888888891,1.0,16,-1
1985464,2002843,8,3.640956906507349,0.8,81,0.8888888888888891,1.0,16,-1
1985474,2000200,6,3.083390054218504,0.75,49,0.857142857142857,1.0,12,-1
1985474,2002560,6,3.083390054218504,0.75,49,0.857142857142857,1.0,12,-1
1985474,2002573,6,3.083390054218504,0.75,49,0.857142857142857,1.0,0,-1
1985474,2002838,6,3.083390054218504,0.75,49,0.857142857142857,1.0,12,-1
1985474,2027565,6,3.083390054218504,0.75,49,0.857142857142857,1.0,12,-1
1985474,2035927,6,3.083390054218504,0.75,49,0.857142857142857,1.0,12,-1
1985483,2000178,8,3.640956906507349,0.8,81,0.8888888888888891,1.0,16,-1
1985483,2002833,8,3.640956906507349,0.8,81,0.8888888888888891,1.0,16,-1
1985483,2002843,8,3.640956906507349,0.8,81,0.8888888888888891,1.0,16,-1
1985488,1985882,8,3.640956906507349,0.8,81,0.8888888888888891,1.0,16,-1
1985488,2002558,8,3.640956906507349,0.8,81,0.8888888888888891,1.0,16,-1
1985548,2000264,12,4.617042436517131,0.8571428571428571,169,0.8937728937728937,1.0,12,-1
1985548,2002679,12,4.617042436517131,0.8571428571428571,169,0.8937728937728937,1.0,12,-1
1985548,2002918,12,4.617042436517131,0.8571428571428571,169,0.8937728937728937,1.0,18,-1
1985548,2002925,12,4.617042436517131,0.8571428571428571,169,0.8937728937728937,1.0,18,-1
1985548,2002929,12,4.617042436517131,0.8571428571428571,169,0.8937728937728937,1.0,0,-1
1985548,2002969,12,4.617042436517131,0.8571428571428571,169,0.8937728937728937,1.0,18,-1
1985548,2002974,12,4.617042436517131,0.8571428571428571,169,0.8937728937728937,1.0,12,-1
1985548,2002984,12,4.617042436517131,0.8571428571428571,169,0.8937728937728937,1.0,18,-1
1985573,2002684,3,2.164042561333445,0.6,16,0.75,1.0,8,-1
1985573,2002957,3,2.164042561333445,0.6,16,0.75,1.0,8,-1
1985573,2002979,3,2.164042561333445,0.6,16,0.75,1.0,8,-1
1985599,1994410,4,2.3191244169922545,0.4,45,0.711111111111111,1.0,0,-1
1985599,2000302,4,2.152909095746061,0.6666666666666666,25,0.6222222222222222,1.0,6,-1
1985599,2000311,4,2.152909095746061,0.6666666666666666,25,0.6222222222222222,1.0,6,-1
1985599,2002989,4,2.152909095746061,0.6666666666666666,25,0.6222222222222222,1.0,4,-1
1985628,1991666,9,3.9086503371292665,0.8181818181818182,100,0.8999999999999999,1.0,19,-1
1985628,2002717,9,3.9086503371292665,0.8181818181818182,100,0.8999999999999999,1.0,19,-1
1985628,2002750,9,3.9086503371292665,0.8181818181818182,100,0.8999999999999999,1.0,19,-1
1985628,2003031,9,3.9086503371292665,0.8181818181818182,100,0.8999999999999999,1.0,19,-1
1985628,2003035,9,3.9086503371292665,0.8181818181818182,100,0.8999999999999999,1.0,19,-1
1985628,2003071,9,3.9086503371292665,0.8181818181818182,100,0.8999999999999999,1.0,19,-1
1985628,2003076,9,3.9086503371292665,0.8181818181818182,100,0.8999999999999999,1.0,19,-1
1985643,2000363,3,2.164042561333445,0.6,16,0.75,1.0,7,-1
1985643,2003040,3,2.164042561333445,0.6,16,0.75,1.0,4,-1
1985643,2003066,3,2.164042561333445,0.6,16,0.75,1.0,7,-1
1985661,1985669,5,2.6348721105868336,0.7142857142857143,36,0.75,1.0,6,-1
1985661,2001070,1,0.40242960438184466,0.1111111111111111,24,0.08333333333333333,0.5,4,-1
1985661,2003870,1,0.40242960438184466,0.1111111111111111,24,0.08333333333333333,0.5,4,-1
1985669,2001070,1,0.40242960438184466,0.1111111111111111,24,0.08333333333333333,0.5,2,-1
1985669,2003870,1,0.40242960438184466,0.1111111111111111,24,0.08333333333333333,0.5,2,-1
1985697,1985705,9,3.9086503371292665,0.8181818181818182,100,0.8999999999999999,1.0,0,-1
1985697,1985713,9,3.9086503371292665,0.8181818181818182,100,0.8999999999999999,1.0,0,-1
1985697,2002805,9,3.9086503371292665,0.8181818181818182,100,0.8999999999999999,1.0,0,-1
1985697,2002821,9,3.9086503371292665,0.8181818181818182,100,0.8999999999999999,1.0,0,-1
1985697,2003120,9,3.9086503371292665,0.8181818181818182,100,0.8999999999999999,1.0,0,-1
1985697,2003143,9,3.9086503371292665,0.8181818181818182,100,0.8999999999999999,1.0,0,-1
1985705,1985713,9,3.9086503371292665,0.8181818181818182,100,0.8999999999999999,1.0,9,-1
1985705,2002805,9,3.9086503371292665,0.8181818181818182,100,0.8999999999999999,1.0,9,-1
1985705,2002821,9,3.9086503371292665,0.8181818181818182,100,0.8999999999999999,1.0,9,-1
1985705,2003120,9,3.9086503371292665,0.8181818181818182,100,0.8999999999999999,1.0,9,-1
1985705,2003143,9,3.9086503371292665,0.8181818181818182,100,0.8999999999999999,1.0,9,-1
1985713,2002805,9,3.9086503371292665,0.8181818181818182,100,0.8999999999999999,1.0,9,-1
1985713,2002821,9,3.9086503371292665,0.8181818181818182,100,0.8999999999999999,1.0,12,-1
1985713,2003120,9,3.9086503371292665,0.8181818181818182,100,0.8999999999999999,1.0,9,-1
1985713,2003143,9,3.9086503371292665,0.8181818181818182,100,0.8999999999999999,1.0,9,-1
1985722,1985736,6,3.083390054218504,0.75,49,0.857142857142857,1.0,7,-1
1985722,1985751,6,3.083390054218504,0.75,49,0.857142857142857,1.0,12,-1
1985722,1985778,6,3.083390054218504,0.75,49,0.857142857142857,1.0,12,-1
1985722,2002840,6,3.083390054218504,0.75,49,0.857142857142857,1.0,12,-1
1985736,1985751,6,3.083390054218504,0.75,49,0.857142857142857,1.0,7,-1
1985736,1985778,6,3.083390054218504,0.75,49,0.857142857142857,1.0,7,-1
1985736,2002840,6,3.083390054218504,0.75,49,0.857142857142857,1.0,7,-1
1985751,1985778,6,3.083390054218504,0.75,49,0.857142857142857,1.0,12,-1
1985751,2002840,6,3.083390054218504,0.75,49,0.857142857142857,1.0,12,-1
1985778,2002840,6,3.083390054218504,0.75,49,0.857142857142857,1.0,12,-1
1985786,2000483,4,2.4853397382384474,0.6666666666666666,25,0.8,1.0,10,-1
1985786,2000487,4,2.4853397382384474,0.6666666666666666,25,0.8,1.0,10,-1
1985786,2003217,4,2.4853397382384474,0.6666666666666666,25,0.8,1.0,10,-1
1985801,1985817,5,2.666736988108241,0.7142857142857143,36,0.7666666666666666,1.0,6,-1
1985801,1985822,5,2.666736988108241,0.7142857142857143,36,0.7666666666666666,1.0,6,-1
1985801,2000491,5,2.666736988108241,0.7142857142857143,36,0.7666666666666666,1.0,6,-1
1985801,2002869,5,2.666736988108241,0.7142857142857143,36,0.7666666666666666,1.0,6,-1
1985817,1985822,5,2.666736988108241,0.7142857142857143,36,0.7666666666666666,1.0,6,-1
1985817,2000491,5,2.666736988108241,0.7142857142857143,36,0.7666666666666666,1.0,6,-1
1985817,2002869,5,2.666736988108241,0.7142857142857143,36,0.7666666666666666,1.0,6,-1
1985822,2000491,5,2.666736988108241,0.7142857142857143,36,0.7666666666666666,1.0,9,-1
1985822,2002869,5,2.666736988108241,0.7142857142857143,36,0.7666666666666666,1.0,9,-1
1985853,2002909,1,1.4426950408889634,0.3333333333333333,4,0.5,1.0,4,-1
1985853,2003269,1,1.4426950408889634,0.3333333333333333,4,0.5,1.0,4,-1
1985872,2003331,2,1.8204784532536746,0.5,9,0.6666666666666666,1.0,6,-1
1985882,2002558,8,3.640956906507349,0.8,81,0.8888888888888891,1.0,16,-1
1985893,1985898,8,3.436629927610034,0.8,81,0.7843137254901962,1.0,9,-1
1985893,2002936,8,3.436629927610034,0.8,81,0.7843137254901962,1.0,9,-1
1985893,2002958,8,3.436629927610034,0.8,81,0.7843137254901962,1.0,11,-1
1985893,2002986,8,3.436629927610034,0.8,81,0.7843137254901962,1.0,11,-1
1985893,2003304,8,3.436629927610034,0.8,81,0.7843137254901962,1.0,9,-1
1985893,2003317,8,3.436629927610034,0.8,81,0.7843137254901962,1.0,9,-1
1985898,2002936,8,3.436629927610034,0.8,81,0.7843137254901962,1.0,9,-1
1985898,2002958,8,3.436629927610034,0.8,81,0.7843137254901962,1.0,9,-1
1985898,2002986,8,3.436629927610034,0.8,81,0.7843137254901962,1.0,9,-1
1985898,2003304,8,3.436629927610034,0.8,81,0.7843137254901962,1.0,9,-1
1985898,2003317,8,3.436629927610034,0.8,81,0.7843137254901962,1.0,10,-1
1985932,1985953,8,3.640956906507349,0.8,81,0.8888888888888891,1.0,9,-1
1985932,1985994,8,3.640956906507349,0.8,81,0.8888888888888891,1.0,17,-1
1985932,1986002,8,3.640956906507349,0.8,81,0.8888888888888891,1.0,17,-1
1985932,1986005,8,3.640956906507349,0.8,81,0.8888888888888891,1.0,17,-1
1985932,2000585,8,3.640956906507349,0.8,81,0.8888888888888891,1.0,17,-1
1985932,2000604,8,3.640956906507349,0.8,81,0.8888888888888891,1.0,17,-1
1985932,2003004,8,3.640956906507349,0.8,81,0.8888888888888891,1.0,17,-1
1985932,2003013,8,3.640956906507349,0.8,81,0.8888888888888891,1.0,17,-1
1985936,2002976,3,2.164042561333445,0.6,16,0.75,1.0,8,-1
1985936,2002981,3,2.164042561333445,0.6,16,0.75,1.0,8,-1
1985936,2002999,3,2.164042561333445,0.6,16,0.75,1.0,8,-1
1985936,2003335,3,2.164042561333445,0.6,16,0.75,1.0,8,-1
1985953,1985994,8,3.640956906507349,0.8,81,0.8888888888888891,1.0,9,-1
1985953,1986002,8,3.640956906507349,0.8,81,0.8888888888888891,1.0,9,-1
1985953,1986005,8,3.640956906507349,0.8,81,0.8888888888888891,1.0,9,-1
1985953,2000585,8,3.640956906507349,0.8,81,0.8888888888888891,1.0,9,-1
1985953,2000604,8,3.640956906507349,0.8,81,0.8888888888888891,1.0,9,-1
1985953,2003004,8,3.640956906507349,0.8,81,0.8888888888888891,1.0,9,-1
1985953,2003013,8,3.640956906507349,0.8,81,0.8888888888888891,1.0,9,-1
1985968,1986502,1,1.4426950408889634,0.3333333333333333,4,0.5,1.0,4,-1
1985969,1985978,5,2.7905531327562363,0.7142857142857143,36,0.8333333333333333,1.0,12,-1
1985969,1986014,5,2.7905531327562363,0.7142857142857143,36,0.8333333333333333,1.0,12,-1
1985969,1986039,5,2.7905531327562363,0.7142857142857143,36,0.8333333333333333,1.0,12,-1
1985969,2000617,5,2.7905531327562363,0.7142857142857143,36,0.8333333333333333,1.0,12,-1
1985969,2000642,5,2.7905531327562363,0.7142857142857143,36,0.8333333333333333,1.0,12,-1
1985969,2003054,5,2.7905531327562363,0.7142857142857143,36,0.8333333333333333,1.0,12,-1
1985978,1986014,5,2.7905531327562363,0.7142857142857143,36,0.8333333333333333,1.0,12,-1
1985978,1986039,5,2.7905531327562363,0.7142857142857143,36,0.8333333333333333,1.0,12,-1
1985978,2000617,5,2.7905531327562363,0.7142857142857143,36,0.8333333333333333,1.0,12,-1
1985978,2000642,5,2.7905531327562363,0.7142857142857143,36,0.8333333333333333,1.0,12,-1
1985978,2003054,5,2.7905531327562363,0.7142857142857143,36,0.8333333333333333,1.0,12,-1
1985986,1997152,1,0.4170323914242463,0.1,28,0.09090909090909091,0.5,4,-1
1985986,2000637,3,1.8597274323132098,0.6,16,0.5909090909090909,1.0,8,-1
1985986,2003353,3,1.8597274323132098,0.6,16,0.5909090909090909,1.0,8,-1
1985986,2004852,1,0.4170323914242463,0.1,28,0.09090909090909091,0.5,4,-1
1985986,2004860,1,0.4170323914242463,0.1,28,0.09090909090909091,0.5,4,-1
1985986,2037455,1,0.4170323914242463,0.1,28,0.09090909090909091,0.5,4,-1
1985994,1986002,8,3.640956906507349,0.8,81,0.8888888888888891,1.0,17,-1
1985994,1986005,8,3.640956906507349,0.8,81,0.8888888888888891,1.0,17,-1
1985994,2000585,8,3.640956906507349,0.8,81,0.8888888888888891,1.0,17,-1
1985994,2000604,8,3.640956906507349,0.8,81,0.8888888888888891,1.0,17,-1
1985994,2003004,8,3.640956906507349,0.8,81,0.8888888888888891,1.0,17,-1
1985994,2003013,8,3.640956906507349,0.8,81,0.8888888888888891,1.0,17,-1
1986002,1986005,8,3.640956906507349,0.8,81,0.8888888888888891,1.0,17,-1
1986002,2000585,8,3.640956906507349,0.8,81,0.8888888888888891,1.0,17,-1
1986002,2000604,8,3.640956906507349,0.8,81,0.8888888888888891,1.0,17,-1
1986002,2003004,8,3.640956906507349,0.8,81,0.8888888888888891,1.0,17,-1
1986002,2003013,8,3.640956906507349,0.8,81,0.8888888888888891,1.0,17,-1
1986005,2000585,8,3.640956906507349,0.8,81,0.8888888888888891,1.0,17,-1
1986005,2000604,8,3.640956906507349,0.8,81,0.8888888888888891,1.0,17,-1
1986005,2003004,8,3.640956906507349,0.8,81,0.8888888888888891,1.0,17,-1
1986005,2003013,8,3.640956906507349,0.8,81,0.8888888888888891,1.0,17,-1
1986014,1986039,5,2.7905531327562363,0.7142857142857143,36,0.8333333333333333,1.0,12,-1
1986014,2000617,5,2.7905531327562363,0.7142857142857143,36,0.8333333333333333,1.0,12,-1
1986014,2000642,5,2.7905531327562363,0.7142857142857143,36,0.8333333333333333,1.0,12,-1
1986014,2003054,5,2.7905531327562363,0.7142857142857143,36,0.8333333333333333,1.0,12,-1
1986030,1986034,6,3.083390054218504,0.75,49,0.857142857142857,1.0,13,-1
1986030,2002759,6,3.083390054218504,0.75,49,0.857142857142857,1.0,13,-1
1986030,2003380,6,3.083390054218504,0.75,49,0.857142857142857,1.0,7,-1
1986034,2002759,6,3.083390054218504,0.75,49,0.857142857142857,1.0,13,-1
1986034,2003380,6,3.083390054218504,0.75,49,0.857142857142857,1.0,7,-1
1986039,2000617,5,2.7905531327562363,0.7142857142857143,36,0.8333333333333333,1.0,12,-1
1986039,2000642,5,2.7905531327562363,0.7142857142857143,36,0.8333333333333333,1.0,12,-1
1986039,2003054,5,2.7905531327562363,0.7142857142857143,36,0.8333333333333333,1.0,12,-1
1986068,1986089,6,2.9593629571000335,0.75,49,0.7912087912087911,1.0,14,-1
1986068,2000656,6,2.9593629571000335,0.75,49,0.7912087912087911,1.0,14,-1
1986068,2003106,6,2.9593629571000335,0.75,49,0.7912087912087911,1.0,14,-1
1986068,2003432,6,2.9593629571000335,0.75,49,0.7912087912087911,1.0,14,-1
1986089,2000656,6,2.9593629571000335,0.75,49,0.7912087912087911,1.0,14,-1
1986089,2003106,6,2.9593629571000335,0.75,49,0.7912087912087911,1.0,14,-1
1986089,2003432,6,2.9593629571000335,0.75,49,0.7912087912087911,1.0,14,-1
1986121,2003407,3,2.164042561333445,0.6,16,0.75,1.0,4,-1
1986121,2003422,3,2.164042561333445,0.6,16,0.75,1.0,6,-1
1986123,1986127,13,4.926001361969367,0.8666666666666667,196,0.9285714285714283,1.0,18,-1
1986123,1989481,13,4.926001361969367,0.8666666666666667,196,0.9285714285714283,1.0,0,-1
1986123,1989498,13,4.926001361969367,0.8666666666666667,196,0.9285714285714283,1.0,10,-1
1986123,1999779,13,4.926001361969367,0.8666666666666667,196,0.9285714285714283,1.0,10,-1
1986123,2003440,13,4.926001361969367,0.8666666666666667,196,0.9285714285714283,1.0,0,-1
1986123,2005734,13,4.926001361969367,0.8666666666666667,196,0.9285714285714283,1.0,18,-1
1986123,2006254,13,4.926001361969367,0.8666666666666667,196,0.9285714285714283,1.0,18,-1
1986123,2006270,13,4.926001361969367,0.8666666666666667,196,0.9285714285714283,1.0,18,-1
1986123,2038305,13,4.926001361969367,0.8666666666666667,196,0.9285714285714283,1.0,18,-1
1986123,2038309,13,4.926001361969367,0.8666666666666667,196,0.9285714285714283,1.0,18,-1
1986127,1989481,13,4.926001361969367,0.8666666666666667,196,0.9285714285714283,1.0,0,-1
1986127,1989498,13,4.926001361969367,0.8666666666666667,196,0.9285714285714283,1.0,10,-1
1986127,1999779,13,4.926001361969367,0.8666666666666667,196,0.9285714285714283,1.0,10,-1
1986127,2003440,13,4.926001361969367,0.8666666666666667,196,0.9285714285714283,1.0,0,-1
1986127,2005734,13,4.926001361969367,0.8666666666666667,196,0.9285714285714283,1.0,18,-1
1986127,2006254,13,4.926001361969367,0.8666666666666667,196,0.9285714285714283,1.0,18,-1
1986127,2006270,13,4.926001361969367,0.8666666666666667,196,0.9285714285714283,1.0,18,-1
1986127,2038305,13,4.926001361969367,0.8666666666666667,196,0.9285714285714283,1.0,18,-1
1986127,2038309,13,4.926001361969367,0.8666666666666667,196,0.9285714285714283,1.0,18,-1
1986140,1986181,4,2.4853397382384474,0.6666666666666666,25,0.8,1.0,5,-1
1986140,2003148,4,2.4853397382384474,0.6666666666666666,25,0.8,1.0,5,-1
1986140,2003514,4,2.4853397382384474,0.6666666666666666,25,0.8,1.0,5,-1
1986146,2003482,6,2.8729047873910325,0.75,49,0.7513227513227512,1.0,12,-1
1986166,2000711,3,2.164042561333445,0.6,16,0.75,1.0,8,-1
1986166,2000715,3,2.164042561333445,0.6,16,0.75,1.0,8,-1
1986166,2003122,3,2.164042561333445,0.6,16,0.75,1.0,8,-1
1986166,2003127,3,2.164042561333445,0.6,16,0.75,1.0,8,-1
1986171,1986189,9,3.9086503371292665,0.8181818181818182,100,0.8999999999999999,1.0,18,-1
1986171,1986193,9,3.9086503371292665,0.8181818181818182,100,0.8999999999999999,1.0,18,-1
1986171,1986203,9,3.9086503371292665,0.8181818181818182,100,0.8999999999999999,1.0,10,-1
1986171,1986232,9,3.9086503371292665,0.8181818181818182,100,0.8999999999999999,1.0,18,-1
1986171,2000749,9,3.9086503371292665,0.8181818181818182,100,0.8999999999999999,1.0,18,-1
1986171,2003153,9,3.9086503371292665,0.8181818181818182,100,0.8999999999999999,1.0,18,-1
1986171,2003504,9,3.9086503371292665,0.8181818181818182,100,0.8999999999999999,1.0,10,-1
1986171,2003553,9,3.9086503371292665,0.8181818181818182,100,0.8999999999999999,1.0,18,-1
1986181,2003148,4,2.4853397382384474,0.6666666666666666,25,0.8,1.0,8,-1
1986181,2003514,4,2.4853397382384474,0.6666666666666666,25,0.8,1.0,8,-1
1986189,1986193,9,3.9086503371292665,0.8181818181818182,100,0.8999999999999999,1.0,18,-1
1986189,1986203,9,3.9086503371292665,0.8181818181818182,100,0.8999999999999999,1.0,10,-1
1986189,1986232,9,3.9086503371292665,0.8181818181818182,100,0.8999999999999999,1.0,18,-1
1986189,2000749,9,3.9086503371292665,0.8181818181818182,100,0.8999999999999999,1.0,18,-1
1986189,2003153,9,3.9086503371292665,0.8181818181818182,100,0.8999999999999999,1.0,18,-1
1986189,2003504,9,3.9086503371292665,0.8181818181818182,100,0.8999999999999999,1.0,10,-1
1986189,2003553,9,3.9086503371292665,0.8181818181818182,100,0.8999999999999999,1.0,18,-1
1986193,1986203,9,3.9086503371292665,0.8181818181818182,100,0.8999999999999999,1.0,10,-1
1986193,1986232,9,3.9086503371292665,0.8181818181818182,100,0.8999999999999999,1.0,18,-1
1986193,2000749,9,3.9086503371292665,0.8181818181818182,100,0.8999999999999999,1.0,18,-1
1986193,2003153,9,3.9086503371292665,0.8181818181818182,100,0.8999999999999999,1.0,18,-1
1986193,2003504,9,3.9086503371292665,0.8181818181818182,100,0.8999999999999999,1.0,10,-1
1986193,2003553,9,3.9086503371292665,0.8181818181818182,100,0.8999999999999999,1.0,18,-1
1986203,1986232,9,3.9086503371292665,0.8181818181818182,100,0.8999999999999999,1.0,10,-1
1986203,2000749,9,3.9086503371292665,0.8181818181818182,100,0.8999999999999999,1.0,10,-1
1986203,2003153,9,3.9086503371292665,0.8181818181818182,100,0.8999999999999999,1.0,10,-1
1986203,2003504,9,3.9086503371292665,0.8181818181818182,100,0.8999999999999999,1.0,10,-1
1986203,2003553,9,3.9086503371292665,0.8181818181818182,100,0.8999999999999999,1.0,10,-1
1986232,2000749,9,3.9086503371292665,0.8181818181818182,100,0.8999999999999999,1.0,18,-1
1986232,2003153,9,3.9086503371292665,0.8181818181818182,100,0.8999999999999999,1.0,18,-1
1986232,2003504,9,3.9086503371292665,0.8181818181818182,100,0.8999999999999999,1.0,10,-1
1986232,2003553,9,3.9086503371292665,0.8181818181818182,100,0.8999999999999999,1.0,18,-1
1986236,1986241,2,1.4683498531780845,0.5,9,0.5,1.0,5,-1
1986236,2003571,2,1.4683498531780845,0.5,9,0.5,1.0,3,-1
1986241,2003571,2,1.4683498531780845,0.5,9,0.5,1.0,3,-1
1986260,2000847,4,2.4853397382384474,0.6666666666666666,25,0.8,1.0,5,-1
1986290,2000832,4,2.4853397382384474,0.6666666666666666,25,0.8,1.0,8,-1
1986290,2000856,4,2.4853397382384474,0.6666666666666666,25,0.8,1.0,8,-1
1986290,2003293,4,2.4853397382384474,0.6666666666666666,25,0.8,1.0,5,-1
1986290,2003641,4,2.4853397382384474,0.6666666666666666,25,0.8,1.0,8,-1
1986290,2003650,4,2.4853397382384474,0.6666666666666666,25,0.8,1.0,5,-1
1986349,2003283,1,1.4426950408889634,0.3333333333333333,4,0.5,1.0,2,-1
1986349,2029467,1,1.4426950408889634,0.3333333333333333,4,0.5,1.0,3,-1
1986352,2003081,2,1.8204784532536746,0.5,9,0.6666666666666666,1.0,3,-1
1986352,2003099,2,1.8204784532536746,0.5,9,0.6666666666666666,1.0,5,-1
1986360,2000861,2,0.8894140952166705,0.25,25,0.2111111111111111,0.5,6,-1
1986360,2003659,2,0.8894140952166705,0.25,25,0.2111111111111111,0.5,6,-1
1986360,2003663,4,2.0688596563275294,0.6666666666666666,25,0.5777777777777777,1.0,9,-1
1986380,2000879,4,2.4853397382384474,0.6666666666666666,25,0.8,1.0,5,-1
1986380,2003333,4,2.4853397382384474,0.6666666666666666,25,0.8,1.0,5,-1
1986384,1986393,5,2.7905531327562363,0.7142857142857143,36,0.8333333333333333,1.0,12,-1
1986384,1990932,5,2.7905531327562363,0.7142857142857143,36,0.8333333333333333,1.0,12,-1
1986384,2003345,5,2.7905531327562363,0.7142857142857143,36,0.8333333333333333,1.0,12,-1
1986384,2003698,5,2.7905531327562363,0.7142857142857143,36,0.8333333333333333,1.0,12,-1
1986393,1990932,5,2.7905531327562363,0.7142857142857143,36,0.8333333333333333,1.0,12,-1
1986393,2003345,5,2.7905531327562363,0.7142857142857143,36,0.8333333333333333,1.0,12,-1
1986393,2003698,5,2.7905531327562363,0.7142857142857143,36,0.8333333333333333,1.0,12,-1
1986421,1986436,8,3.640956906507349,0.8,81,0.8888888888888891,1.0,18,-1
1986421,2000951,8,3.640956906507349,0.8,81,0.8888888888888891,1.0,18,-1
1986421,2003350,8,3.640956906507349,0.8,81,0.8888888888888891,1.0,18,-1
1986421,2003363,8,3.640956906507349,0.8,81,0.8888888888888891,1.0,18,-1
1986421,2003372,8,3.640956906507349,0.8,81,0.8888888888888891,1.0,18,-1
1986421,2003725,8,3.640956906507349,0.8,81,0.8888888888888891,1.0,18,-1
1986421,2003733,8,3.640956906507349,0.8,81,0.8888888888888891,1.0,18,-1
1986421,2003764,8,3.640956906507349,0.8,81,0.8888888888888891,1.0,18,-1
1986436,2000951,8,3.640956906507349,0.8,81,0.8888888888888891,1.0,18,-1
1986436,2003350,8,3.640956906507349,0.8,81,0.8888888888888891,1.0,18,-1
1986436,2003363,8,3.640956906507349,0.8,81,0.8888888888888891,1.0,18,-1
1986436,2003372,8,3.640956906507349,0.8,81,0.8888888888888891,1.0,18,-1
1986436,2003725,8,3.640956906507349,0.8,81,0.8888888888888891,1.0,18,-1
1986436,2003733,8,3.640956906507349,0.8,81,0.8888888888888891,1.0,18,-1
1986436,2003764,8,3.640956906507349,0.8,81,0.8888888888888891,1.0,18,-1
1986466,2000972,7,3.366288428740915,0.7777777777777778,64,0.875,1.0,8,-1
1986466,2000977,7,3.366288428740915,0.7777777777777778,64,0.875,1.0,10,-1
1986466,2000982,7,3.366288428740915,0.7777777777777778,64,0.875,1.0,8,-1
1986466,2003746,7,3.366288428740915,0.7777777777777778,64,0.875,1.0,8,-1
1986466,2003795,7,3.366288428740915,0.7777777777777778,64,0.875,1.0,8,-1
1986466,2003804,7,3.366288428740915,0.7777777777777778,64,0.875,1.0,10,-1
1986510,1986513,12,4.496767322508325,0.8571428571428571,169,0.8353334644894748,1.0,22,-1
1986510,2003484,12,4.496767322508324,0.8571428571428571,169,0.8353334644894748,1.0,22,-1
1986513,2003484,12,4.496767322508324,0.8571428571428571,169,0.8353334644894748,1.0,22,-1
1986543,2001074,3,2.164042561333445,0.6,16,0.75,1.0,8,-1
1986543,2003516,3,2.164042561333445,0.6,16,0.75,1.0,8,-1
1986543,2003526,3,2.164042561333445,0.6,16,0.75,1.0,8,-1
1986549,1986556,3,2.164042561333445,0.6,16,0.75,1.0,5,-1
1986549,2001022,3,2.164042561333445,0.6,16,0.75,1.0,4,-1
1986549,2003489,3,2.164042561333445,0.6,16,0.75,1.0,4,-1
1986553,2001078,5,2.7905531327562363,0.7142857142857143,36,0.8333333333333333,1.0,12,-1
1986553,2003594,5,2.7905531327562363,0.7142857142857143,36,0.8333333333333333,1.0,12,-1
1986556,2001022,3,2.164042561333445,0.6,16,0.75,1.0,4,-1
1986556,2003489,3,2.164042561333445,0.6,16,0.75,1.0,4,-1
1986562,1994665,1,0.3284587387530511,0.05,110,0.047619047619047616,0.5,2,-1
1986562,2004869,10,4.081750261571267,0.8333333333333334,121,0.865800865800866,1.0,11,-1
1986562,2005331,10,4.081750261571267,0.8333333333333334,121,0.865800865800866,1.0,16,-1
1986610,1986622,5,2.7905531327562363,0.7142857142857143,36,0.8333333333333333,1.0,4,-1
1986610,1986629,5,2.7905531327562363,0.7142857142857143,36,0.8333333333333333,1.0,0,-1
1986610,2003922,5,2.7905531327562363,0.7142857142857143,36,0.8333333333333333,1.0,4,-1
1986610,2003936,5,2.7905531327562363,0.7142857142857143,36,0.8333333333333333,1.0,6,-1
1986618,2001107,6,2.791557525631198,0.75,49,0.7034252297410191,1.0,14,-1
1986618,2003914,6,2.791557525631198,0.75,49,0.7034252297410191,1.0,14,-1
1986622,1986629,5,2.7905531327562363,0.7142857142857143,36,0.8333333333333333,1.0,0,-1
1986622,2003922,5,2.7905531327562363,0.7142857142857143,36,0.8333333333333333,1.0,5,-1
1986622,2003936,5,2.7905531327562363,0.7142857142857143,36,0.8333333333333333,1.0,4,-1
1986629,2003922,5,2.7905531327562363,0.7142857142857143,36,0.8333333333333333,1.0,0,-1
1986629,2003936,5,2.7905531327562363,0.7142857142857143,36,0.8333333333333333,1.0,0,-1
1986663,1986668,5,2.7905531327562363,0.7142857142857143,36,0.8333333333333333,1.0,12,-1
1986663,1986708,5,2.7905531327562363,0.7142857142857143,36,0.8333333333333333,1.0,12,-1
1986663,2001160,5,2.7905531327562363,0.7142857142857143,36,0.8333333333333333,1.0,12,-1
1986663,2004029,5,2.7905531327562363,0.7142857142857143,36,0.8333333333333333,1.0,12,-1
1986668,1986708,5,2.7905531327562363,0.7142857142857143,36,0.8333333333333333,1.0,12,-1
1986668,2001160,5,2.7905531327562363,0.7142857142857143,36,0.8333333333333333,1.0,12,-1
1986668,2004029,5,2.7905531327562363,0.7142857142857143,36,0.8333333333333333,1.0,12,-1
1986672,2001127,7,3.366288428740915,0.7777777777777778,64,0.875,1.0,15,-1
1986672,2001132,7,3.366288428740915,0.7777777777777778,64,0.875,1.0,15,-1
1986672,2001141,7,3.366288428740915,0.7777777777777778,64,0.875,1.0,15,-1
1986672,2003621,7,3.366288428740915,0.7777777777777778,64,0.875,1.0,15,-1
1986672,2003665,7,3.366288428740915,0.7777777777777778,64,0.875,1.0,15,-1
1986672,2003669,7,3.366288428740915,0.7777777777777778,64,0.875,1.0,15,-1
1986705,2001194,5,2.666736988108241,0.7142857142857143,36,0.7666666666666666,1.0,10,-1
1986705,2003681,5,2.666736988108241,0.7142857142857143,36,0.7666666666666666,1.0,10,-1
1986705,2003691,5,2.666736988108241,0.7142857142857143,36,0.7666666666666666,1.0,10,-1
1986708,2001160,5,2.7905531327562363,0.7142857142857143,36,0.8333333333333333,1.0,12,-1
1986708,2004029,5,2.7905531327562363,0.7142857142857143,36,0.8333333333333333,1.0,12,-1
1986908,2002511,6,3.083390054218504,0.75,49,0.857142857142857,1.0,12,-1
1986908,2002526,6,3.083390054218504,0.75,49,0.857142857142857,1.0,7,-1
1986908,2004946,6,3.083390054218504,0.75,49,0.857142857142857,1.0,12,-1
1986908,2004956,6,3.083390054218504,0.75,49,0.857142857142857,1.0,12,-1
1986908,2005378,6,3.083390054218504,0.75,49,0.857142857142857,1.0,12,-1
1987071,1987085,8,3.640956906507349,0.8,81,0.8888888888888891,1.0,9,-1
1987071,2001587,8,3.640956906507349,0.8,81,0.8888888888888891,1.0,9,-1
1987071,2001608,8,3.640956906507349,0.8,81,0.8888888888888891,1.0,9,-1
1987071,2004054,8,3.640956906507349,0.8,81,0.8888888888888891,1.0,9,-1
1987085,2001587,8,3.640956906507349,0.8,81,0.8888888888888891,1.0,14,-1
1987085,2001608,8,3.640956906507349,0.8,81,0.8888888888888891,1.0,9,-1
1987085,2004054,8,3.640956906507349,0.8,81,0.8888888888888891,1.0,9,-1
1987229,1987286,1,1.4426950408889634,0.3333333333333333,4,0.5,1.0,0,-1
1987229,2004685,1,1.4426950408889634,0.3333333333333333,4,0.5,1.0,1,1
1987239,2001776,7,3.1623380981948417,0.7777777777777778,64,0.7678571428571428,1.0,13,-1
1987239,2004181,7,3.1623380981948417,0.7777777777777778,64,0.7678571428571428,1.0,13,-1
1987239,2004194,7,3.1623380981948417,0.7777777777777778,64,0.7678571428571428,1.0,7,-1
1987239,2004218,7,3.1623380981948417,0.7777777777777778,64,0.7678571428571428,1.0,13,-1
1987239,2004235,7,3.1623380981948417,0.7777777777777778,64,0.7678571428571428,1.0,13,-1
1987271,2001785,7,3.366288428740915,0.7777777777777778,64,0.875,1.0,14,-1
1987271,2001804,7,3.366288428740915,0.7777777777777778,64,0.875,1.0,14,-1
1987271,2001829,7,3.366288428740915,0.7777777777777778,64,0.875,1.0,8,-1
1987271,2001844,7,3.366288428740915,0.7777777777777778,64,0.875,1.0,14,-1
1987271,2004669,7,3.366288428740915,0.7777777777777778,64,0.875,1.0,14,-1
1987271,2004677,7,3.366288428740915,0.7777777777777778,64,0.875,1.0,14,-1
1987286,2004685,1,1.4426950408889634,0.3333333333333333,4,0.5,1.0,0,-1
1987298,1987323,7,3.366288428740915,0.7777777777777778,64,0.875,1.0,15,-1
1987298,1987348,7,3.366288428740915,0.7777777777777778,64,0.875,1.0,15,-1
1987298,2001839,7,3.366288428740915,0.7777777777777778,64,0.875,1.0,15,-1
1987298,2001869,7,3.366288428740915,0.7777777777777778,64,0.875,1.0,15,-1
1987298,2001879,7,3.366288428740915,0.7777777777777778,64,0.875,1.0,15,-1
1987298,2004705,7,3.366288428740915,0.7777777777777778,64,0.875,1.0,15,-1
1987298,2004709,7,3.366288428740915,0.7777777777777778,64,0.875,1.0,15,-1
1987323,1987348,7,3.366288428740915,0.7777777777777778,64,0.875,1.0,15,-1
1987323,2001839,7,3.366288428740915,0.7777777777777778,64,0.875,1.0,15,-1
1987323,2001869,7,3.366288428740915,0.7777777777777778,64,0.875,1.0,15,-1
1987323,2001879,7,3.366288428740915,0.7777777777777778,64,0.875,1.0,15,-1
1987323,2004705,7,3.366288428740915,0.7777777777777778,64,0.875,1.0,15,-1
1987323,2004709,7,3.366288428740915,0.7777777777777778,64,0.875,1.0,15,-1
1987348,2001839,7,3.366288428740915,0.7777777777777778,64,0.875,1.0,15,-1
1987348,2001869,7,3.366288428740915,0.7777777777777778,64,0.875,1.0,15,-1
1987348,2001879,7,3.366288428740915,0.7777777777777778,64,0.875,1.0,15,-1
1987348,2004705,7,3.366288428740915,0.7777777777777778,64,0.875,1.0,15,-1
1987348,2004709,7,3.366288428740915,0.7777777777777778,64,0.875,1.0,15,-1
1987461,2004398,8,3.3496585251892865,0.8,81,0.7404331779331779,1.0,8,-1
1987461,2004403,8,3.3496585251892865,0.8,81,0.7404331779331779,1.0,0,-1
1987461,2004411,8,3.3496585251892865,0.8,81,0.7404331779331779,1.0,10,1
1987483,1987493,7,3.366288428740915,0.7777777777777778,64,0.875,1.0,0,-1
1987483,1987507,7,3.366288428740915,0.7777777777777778,64,0.875,1.0,0,-1
1987483,2002049,7,3.366288428740915,0.7777777777777778,64,0.875,1.0,0,-1
1987483,2004428,7,3.366288428740915,0.7777777777777778,64,0.875,1.0,1,-1
1987483,2004456,7,3.366288428740915,0.7777777777777778,64,0.875,1.0,0,-1
1987483,2004497,7,3.366288428740915,0.7777777777777778,64,0.875,1.0,0,-1
1987493,1987507,7,3.366288428740915,0.7777777777777778,64,0.875,1.0,11,-1
1987493,2002049,7,3.366288428740915,0.7777777777777778,64,0.875,1.0,11,-1
1987493,2004428,7,3.366288428740915,0.7777777777777778,64,0.875,1.0,0,-1
1987493,2004456,7,3.366288428740915,0.7777777777777778,64,0.875,1.0,6,-1
1987493,2004497,7,3.366288428740915,0.7777777777777778,64,0.875,1.0,11,-1
1987507,2002049,7,3.366288428740915,0.7777777777777778,64,0.875,1.0,11,-1
1987507,2004428,7,3.366288428740915,0.7777777777777778,64,0.875,1.0,0,-1
1987507,2004456,7,3.366288428740915,0.7777777777777778,64,0.875,1.0,6,-1
1987507,2004497,7,3.366288428740915,0.7777777777777778,64,0.875,1.0,11,-1
1988305,1988408,9,3.9086503371292665,0.8181818181818182,100,0.8999999999999999,1.0,20,-1
1988305,1988413,9,3.9086503371292665,0.8181818181818182,100,0.8999999999999999,1.0,20,-1
1988305,2008340,9,3.9086503371292665,0.8181818181818182,100,0.8999999999999999,1.0,20,-1
1988305,2018138,9,3.9086503371292665,0.8181818181818182,100,0.8999999999999999,1.0,20,-1
1988345,1988359,13,5.115356710580294,0.8666666666666667,196,1.0266575529733424,1.0,23,1
1988345,2002231,10,3.8261503265732593,0.6666666666666666,154,0.7344497607655501,1.0,19,-1
1988345,2037225,10,3.826150326573259,0.6666666666666666,154,0.7344497607655502,1.0,11,-1
1988359,2002231,10,3.8261503265732593,0.6666666666666666,154,0.7344497607655502,1.0,19,-1
1988359,2037225,10,3.8261503265732597,0.6666666666666666,154,0.7344497607655502,1.0,11,-1
1988408,1988413,9,3.9086503371292665,0.8181818181818182,100,0.8999999999999999,1.0,20,-1
1988408,2008340,9,3.9086503371292665,0.8181818181818182,100,0.8999999999999999,1.0,20,-1
1988408,2018138,9,3.9086503371292665,0.8181818181818182,100,0.8999999999999999,1.0,20,-1
1988413,2008340,9,3.9086503371292665,0.8181818181818182,100,0.8999999999999999,1.0,20,-1
1988413,2018138,9,3.9086503371292665,0.8181818181818182,100,0.8999999999999999,1.0,20,-1
1988429,1988432,28,8.306842526258789,0.9333333333333333,841,0.9622844827586203,1.0,35,-1
1988429,1988455,28,8.306842526258789,0.9333333333333333,841,0.9622844827586203,1.0,35,-1
1988429,1988466,28,8.306842526258789,0.9333333333333333,841,0.9622844827586203,1.0,20,-1
1988429,1988480,28,8.306842526258789,0.9333333333333333,841,0.9622844827586203,1.0,35,-1
1988429,1988494,28,8.306842526258789,0.9333333333333333,841,0.9622844827586203,1.0,35,-1
1988429,1988499,28,8.306842526258789,0.9333333333333333,841,0.9622844827586203,1.0,35,-1
1988429,1988508,28,8.306842526258789,0.9333333333333333,841,0.9622844827586203,1.0,35,-1
1988429,1988511,28,8.306842526258789,0.9333333333333333,841,0.9622844827586203,1.0,20,-1
1988429,1988530,28,8.306842526258789,0.9333333333333333,841,0.9622844827586203,1.0,0,-1
1988429,2000878,28,8.306842526258789,0.9333333333333333,841,0.9622844827586203,1.0,0,-1
1988429,2012324,28,8.306842526258789,0.9333333333333333,841,0.9622844827586203,1.0,35,-1
1988429,2018153,28,8.306842526258789,0.9333333333333333,841,0.9622844827586203,1.0,0,-1
1988429,2018160,28,8.306842526258789,0.9333333333333333,841,0.9622844827586203,1.0,35,-1
1988429,2018171,28,8.306842526258789,0.9333333333333333,841,0.9622844827586203,1.0,20,-1
1988429,2018187,28,8.306842526258789,0.9333333333333333,841,0.9622844827586203,1.0,0,-1
1988429,2018492,28,8.306842526258789,0.9333333333333333,841,0.9622844827586203,1.0,20,-1
1988429,2018507,28,8.306842526258789,0.9333333333333333,841,0.9622844827586203,1.0,0,-1
1988429,2020892,28,8.306842526258789,0.9333333333333333,841,0.9622844827586203,1.0,35,-1
1988429,2020910,28,8.306842526258789,0.9333333333333333,841,0.9622844827586203,1.0,20,-1
1988429,2020915,28,8.306842526258789,0.9333333333333333,841,0.9622844827586203,1.0,35,-1
1988429,2025714,28,8.306842526258789,0.9333333333333333,841,0.9622844827586203,1.0,35,-1
1988429,2025732,28,8.306842526258789,0.9333333333333333,841,0.9622844827586203,1.0,0,-1
1988429,2026117,28,8.306842526258789,0.9333333333333333,841,0.9622844827586203,1.0,35,-1
1988429,2026121,28,8.306842526258789,0.9333333333333333,841,0.9622844827586203,1.0,35,-1
1988429,2026125,28,8.306842526258789,0.9333333333333333,841,0.9622844827586203,1.0,35,-1
1988429,2047148,28,8.306842526258789,0.9333333333333333,841,0.9622844827586203,1.0,0,-1
1988429,2047159,28,8.306842526258789,0.9333333333333333,841,0.9622844827586203,1.0,35,-1
1988432,1988455,28,8.306842526258789,0.9333333333333333,841,0.9622844827586203,1.0,35,-1
1988432,1988466,28,8.306842526258789,0.9333333333333333,841,0.9622844827586203,1.0,20,-1
1988432,1988480,28,8.306842526258789,0.9333333333333333,841,0.9622844827586203,1.0,35,-1
1988432,1988494,28,8.306842526258789,0.9333333333333333,841,0.9622844827586203,1.0,35,-1
1988432,1988499,28,8.306842526258789,0.9333333333333333,841,0.9622844827586203,1.0,35,-1
1988432,1988508,28,8.306842526258789,0.9333333333333333,841,0.9622844827586203,1.0,35,-1
1988432,1988511,28,8.306842526258789,0.9333333333333333,841,0.9622844827586203,1.0,20,-1
1988432,1988530,28,8.306842526258789,0.9333333333333333,841,0.9622844827586203,1.0,0,-1
1988432,2000878,28,8.306842526258789,0.9333333333333333,841,0.9622844827586203,1.0,0,-1
1988432,2012324,28,8.306842526258789,0.9333333333333333,841,0.9622844827586203,1.0,35,-1
1988432,2018153,28,8.306842526258789,0.9333333333333333,841,0.9622844827586203,1.0,0,-1
1988432,2018160,28,8.306842526258789,0.9333333333333333,841,0.9622844827586203,1.0,35,-1
1988432,2018171,28,8.306842526258789,0.9333333333333333,841,0.9622844827586203,1.0,20,-1
1988432,2018187,28,8.306842526258789,0.9333333333333333,841,0.9622844827586203,1.0,0,-1
1988432,2018492,28,8.306842526258789,0.9333333333333333,841,0.9622844827586203,1.0,20,-1
1988432,2018507,28,8.306842526258789,0.9333333333333333,841,0.9622844827586203,1.0,0,-1
1988432,2020892,28,8.306842526258789,0.9333333333333333,841,0.9622844827586203,1.0,35,-1
1988432,2020910,28,8.306842526258789,0.9333333333333333,841,0.9622844827586203,1.0,20,-1
1988432,2020915,28,8.306842526258789,0.9333333333333333,841,0.9622844827586203,1.0,35,-1
1988432,2025714,28,8.306842526258789,0.9333333333333333,841,0.9622844827586203,1.0,35,-1
1988432,2025732,28,8.306842526258789,0.9333333333333333,841,0.9622844827586203,1.0,0,-1
1988432,2026117,28,8.306842526258789,0.9333333333333333,841,0.9622844827586203,1.0,35,-1
1988432,2026121,28,8.306842526258789,0.9333333333333333,841,0.9622844827586203,1.0,35,-1
1988432,2026125,28,8.306842526258789,0.9333333333333333,841,0.9622844827586203,1.0,35,-1
1988432,2047148,28,8.306842526258789,0.9333333333333333,841,0.9622844827586203,1.0,0,-1
1988432,2047159,28,8.306842526258789,0.9333333333333333,841,0.9622844827586203,1.0,35,-1
1988455,1988466,28,8.306842526258789,0.9333333333333333,841,0.9622844827586203,1.0,20,-1
1988455,1988480,28,8.306842526258789,0.9333333333333333,841,0.9622844827586203,1.0,35,-1
1988455,1988494,28,8.306842526258789,0.9333333333333333,841,0.9622844827586203,1.0,35,-1
1988455,1988499,28,8.306842526258789,0.9333333333333333,841,0.9622844827586203,1.0,35,-1
1988455,1988508,28,8.306842526258789,0.9333333333333333,841,0.9622844827586203,1.0,35,-1
1988455,1988511,28,8.306842526258789,0.9333333333333333,841,0.9622844827586203,1.0,20,-1
1988455,1988530,28,8.306842526258789,0.9333333333333333,841,0.9622844827586203,1.0,0,-1
1988455,2000878,28,8.306842526258789,0.9333333333333333,841,0.9622844827586203,1.0,0,-1
1988455,2012324,28,8.306842526258789,0.9333333333333333,841,0.9622844827586203,1.0,35,-1
1988455,2018153,28,8.306842526258789,0.9333333333333333,841,0.9622844827586203,1.0,0,-1
1988455,2018160,28,8.306842526258789,0.9333333333333333,841,0.9622844827586203,1.0,35,-1
1988455,2018171,28,8.306842526258789,0.9333333333333333,841,0.9622844827586203,1.0,20,-1
1988455,2018187,28,8.306842526258789,0.9333333333333333,841,0.9622844827586203,1.0,0,-1
1988455,2018492,28,8.306842526258789,0.9333333333333333,841,0.9622844827586203,1.0,20,-1
1988455,2018507,28,8.306842526258789,0.9333333333333333,841,0.9622844827586203,1.0,0,-1
1988455,2020892,28,8.306842526258789,0.9333333333333333,841,0.9622844827586203,1.0,35,-1
1988455,2020910,28,8.306842526258789,0.9333333333333333,841,0.9622844827586203,1.0,20,-1
1988455,2020915,28,8.306842526258789,0.9333333333333333,841,0.9622844827586203,1.0,35,-1
1988455,2025714,28,8.306842526258789,0.9333333333333333,841,0.9622844827586203,1.0,35,-1
1988455,2025732,28,8.306842526258789,0.9333333333333333,841,0.9622844827586203,1.0,0,-1
1988455,2026117,28,8.306842526258789,0.9333333333333333,841,0.9622844827586203,1.0,35,-1
1988455,2026121,28,8.306842526258789,0.9333333333333333,841,0.9622844827586203,1.0,35,-1
1988455,2026125,28,8.306842526258789,0.9333333333333333,841,0.9622844827586203,1.0,35,-1
1988455,2047148,28,8.306842526258789,0.9333333333333333,841,0.9622844827586203,1.0,0,-1
1988455,2047159,28,8.306842526258789,0.9333333333333333,841,0.9622844827586203,1.0,35,-1
1988458,2017021,1,0.45511961331341866,0.125,18,0.1111111111111111,0.5,2,-1
1988458,2018480,2,1.365358839940256,0.5,9,0.4444444444444444,1.0,4,-1
1988458,2019882,1,0.45511961331341866,0.125,18,0.1111111111111111,0.5,2,-1
1988458,2024438,1,0.45511961331341866,0.125,18,0.1111111111111111,0.5,0,-1
1988458,2047146,2,1.365358839940256,0.5,9,0.4444444444444444,1.0,3,-1
1988458,2047361,1,0.45511961331341866,0.125,18,0.1111111111111111,0.5,2,-1
1988466,1988480,28,8.306842526258789,0.9333333333333333,841,0.9622844827586203,1.0,20,-1
1988466,1988494,28,8.306842526258789,0.9333333333333333,841,0.9622844827586203,1.0,20,-1
1988466,1988499,28,8.306842526258789,0.9333333333333333,841,0.9622844827586203,1.0,20,-1
1988466,1988508,28,8.306842526258789,0.9333333333333333,841,0.9622844827586203,1.0,20,-1
1988466,1988511,28,8.306842526258789,0.9333333333333333,841,0.9622844827586203,1.0,20,-1
1988466,1988530,28,8.306842526258789,0.9333333333333333,841,0.9622844827586203,1.0,0,-1
1988466,2000878,28,8.306842526258789,0.9333333333333333,841,0.9622844827586203,1.0,0,-1
1988466,2012324,28,8.306842526258789,0.9333333333333333,841,0.9622844827586203,1.0,20,-1
1988466,2018153,28,8.306842526258789,0.9333333333333333,841,0.9622844827586203,1.0,0,-1
1988466,2018160,28,8.306842526258789,0.9333333333333333,841,0.9622844827586203,1.0,20,-1
1988466,2018171,28,8.306842526258789,0.9333333333333333,841,0.9622844827586203,1.0,21,-1
1988466,2018187,28,8.306842526258789,0.9333333333333333,841,0.9622844827586203,1.0,0,-1
1988466,2018492,28,8.306842526258789,0.9333333333333333,841,0.9622844827586203,1.0,20,-1
1988466,2018507,28,8.306842526258789,0.9333333333333333,841,0.9622844827586203,1.0,0,-1
1988466,2020892,28,8.306842526258789,0.9333333333333333,841,0.9622844827586203,1.0,20,-1
1988466,2020910,28,8.306842526258789,0.9333333333333333,841,0.9622844827586203,1.0,20,-1
1988466,2020915,28,8.306842526258789,0.9333333333333333,841,0.9622844827586203,1.0,20,-1
1988466,2025714,28,8.306842526258789,0.9333333333333333,841,0.9622844827586203,1.0,20,-1
1988466,2025732,28,8.306842526258789,0.9333333333333333,841,0.9622844827586203,1.0,0,-1
1988466,2026117,28,8.306842526258789,0.9333333333333333,841,0.9622844827586203,1.0,20,-1
1988466,2026121,28,8.306842526258789,0.9333333333333333,841,0.9622844827586203,1.0,20,-1
1988466,2026125,28,8.306842526258789,0.9333333333333333,841,0.9622844827586203,1.0,20,-1
1988466,2047148,28,8.306842526258789,0.9333333333333333,841,0.9622844827586203,1.0,0,-1
1988466,2047159,28,8.306842526258789,0.9333333333333333,841,0.9622844827586203,1.0,20,-1
1988480,1988494,28,8.306842526258789,0.9333333333333333,841,0.9622844827586203,1.0,35,-1
1988480,1988499,28,8.306842526258789,0.9333333333333333,841,0.9622844827586203,1.0,35,-1
1988480,1988508,28,8.306842526258789,0.9333333333333333,841,0.9622844827586203,1.0,35,-1
1988480,1988511,28,8.306842526258789,0.9333333333333333,841,0.9622844827586203,1.0,20,-1
1988480,1988530,28,8.306842526258789,0.9333333333333333,841,0.9622844827586203,1.0,0,-1
1988480,2000878,28,8.306842526258789,0.9333333333333333,841,0.9622844827586203,1.0,0,-1
1988480,2012324,28,8.306842526258789,0.9333333333333333,841,0.9622844827586203,1.0,35,-1
1988480,2018153,28,8.306842526258789,0.9333333333333333,841,0.9622844827586203,1.0,0,-1
1988480,2018160,28,8.306842526258789,0.9333333333333333,841,0.9622844827586203,1.0,35,-1
1988480,2018171,28,8.306842526258789,0.9333333333333333,841,0.9622844827586203,1.0,20,-1
1988480,2018187,28,8.306842526258789,0.9333333333333333,841,0.9622844827586203,1.0,0,-1
1988480,2018492,28,8.306842526258789,0.9333333333333333,841,0.9622844827586203,1.0,20,-1
1988480,2018507,28,8.306842526258789,0.9333333333333333,841,0.9622844827586203,1.0,0,-1
1988480,2020892,28,8.306842526258789,0.9333333333333333,841,0.9622844827586203,1.0,35,-1
1988480,2020910,28,8.306842526258789,0.9333333333333333,841,0.9622844827586203,1.0,20,-1
1988480,2020915,28,8.306842526258789,0.9333333333333333,841,0.9622844827586203,1.0,35,-1
1988480,2025714,28,8.306842526258789,0.9333333333333333,841,0.9622844827586203,1.0,35,-1
1988480,2025732,28,8.306842526258789,0.9333333333333333,841,0.9622844827586203,1.0,0,-1
1988480,2026117,28,8.306842526258789,0.9333333333333333,841,0.9622844827586203,1.0,35,-1
1988480,2026121,28,8.306842526258789,0.9333333333333333,841,0.9622844827586203,1.0,35,-1
1988480,2026125,28,8.306842526258789,0.9333333333333333,841,0.9622844827586203,1.0,35,-1
1988480,2047148,28,8.306842526258789,0.9333333333333333,841,0.9622844827586203,1.0,0,-1
1988480,2047159,28,8.306842526258789,0.9333333333333333,841,0.9622844827586203,1.0,35,-1
1988494,1988499,28,8.306842526258789,0.9333333333333333,841,0.9622844827586203,1.0,35,-1
1988494,1988508,28,8.306842526258789,0.9333333333333333,841,0.9622844827586203,1.0,35,-1
1988494,1988511,28,8.306842526258789,0.9333333333333333,841,0.9622844827586203,1.0,20,-1
1988494,1988530,28,8.306842526258789,0.9333333333333333,841,0.9622844827586203,1.0,0,-1
1988494,2000878,28,8.306842526258789,0.9333333333333333,841,0.9622844827586203,1.0,0,-1
1988494,2012324,28,8.306842526258789,0.9333333333333333,841,0.9622844827586203,1.0,35,-1
1988494,2018153,28,8.306842526258789,0.9333333333333333,841,0.9622844827586203,1.0,0,-1
1988494,2018160,28,8.306842526258789,0.9333333333333333,841,0.9622844827586203,1.0,35,-1
1988494,2018171,28,8.306842526258789,0.9333333333333333,841,0.9622844827586203,1.0,20,-1
1988494,2018187,28,8.306842526258789,0.9333333333333333,841,0.9622844827586203,1.0,0,-1
1988494,2018492,28,8.306842526258789,0.9333333333333333,841,0.9622844827586203,1.0,20,-1
1988494,2018507,28,8.306842526258789,0.9333333333333333,841,0.9622844827586203,1.0,0,-1
1988494,2020892,28,8.306842526258789,0.9333333333333333,841,0.9622844827586203,1.0,35,-1
1988494,2020910,28,8.306842526258789,0.9333333333333333,841,0.9622844827586203,1.0,20,-1
1988494,2020915,28,8.306842526258789,0.9333333333333333,841,0.9622844827586203,1.0,35,-1
1988494,2025714,28,8.306842526258789,0.9333333333333333,841,0.9622844827586203,1.0,35,-1
1988494,2025732,28,8.306842526258789,0.9333333333333333,841,0.9622844827586203,1.0,0,-1
1988494,2026117,28,8.306842526258789,0.9333333333333333,841,0.9622844827586203,1.0,35,-1
1988494,2026121,28,8.306842526258789,0.9333333333333333,841,0.9622844827586203,1.0,35,-1
1988494,2026125,28,8.306842526258789,0.9333333333333333,841,0.9622844827586203,1.0,35,-1
1988494,2047148,28,8.306842526258789,0.9333333333333333,841,0.9622844827586203,1.0,0,-1
1988494,2047159,28,8.306842526258789,0.9333333333333333,841,0.9622844827586203,1.0,35,-1
1988499,1988508,28,8.306842526258789,0.9333333333333333,841,0.9622844827586203,1.0,35,-1
1988499,1988511,28,8.306842526258789,0.9333333333333333,841,0.9622844827586203,1.0,20,-1
1988499,1988530,28,8.306842526258789,0.9333333333333333,841,0.9622844827586203,1.0,0,-1
1988499,2000878,28,8.306842526258789,0.9333333333333333,841,0.9622844827586203,1.0,0,-1
1988499,2012324,28,8.306842526258789,0.9333333333333333,841,0.9622844827586203,1.0,35,-1
1988499,2018153,28,8.306842526258789,0.9333333333333333,841,0.9622844827586203,1.0,0,-1
1988499,2018160,28,8.306842526258789,0.9333333333333333,841,0.9622844827586203,1.0,35,-1
1988499,2018171,28,8.306842526258789,0.9333333333333333,841,0.9622844827586203,1.0,20,-1
1988499,2018187,28,8.306842526258789,0.9333333333333333,841,0.9622844827586203,1.0,0,-1
1988499,2018492,28,8.306842526258789,0.9333333333333333,841,0.9622844827586203,1.0,20,-1
1988499,2018507,28,8.306842526258789,0.9333333333333333,841,0.9622844827586203,1.0,0,-1
1988499,2020892,28,8.306842526258789,0.9333333333333333,841,0.9622844827586203,1.0,35,-1
1988499,2020910,28,8.306842526258789,0.9333333333333333,841,0.9622844827586203,1.0,20,-1
1988499,2020915,28,8.306842526258789,0.9333333333333333,841,0.9622844827586203,1.0,35,-1
1988499,2025714,28,8.306842526258789,0.9333333333333333,841,0.9622844827586203,1.0,35,-1
1988499,2025732,28,8.306842526258789,0.9333333333333333,841,0.9622844827586203,1.0,0,-1
1988499,2026117,28,8.306842526258789,0.9333333333333333,841,0.9622844827586203,1.0,35,-1
1988499,2026121,28,8.306842526258789,0.9333333333333333,841,0.9622844827586203,1.0,35,-1
1988499,2026125,28,8.306842526258789,0.9333333333333333,841,0.9622844827586203,1.0,35,-1
1988499,2047148,28,8.306842526258789,0.9333333333333333,841,0.9622844827586203,1.0,0,-1
1988499,2047159,28,8.306842526258789,0.9333333333333333,841,0.9622844827586203,1.0,35,-1
1988508,1988511,28,8.306842526258789,0.9333333333333333,841,0.9622844827586203,1.0,20,-1
1988508,1988530,28,8.306842526258789,0.9333333333333333,841,0.9622844827586203,1.0,0,-1
1988508,2000878,28,8.306842526258789,0.9333333333333333,841,0.9622844827586203,1.0,0,-1
1988508,2012324,28,8.306842526258789,0.9333333333333333,841,0.9622844827586203,1.0,35,-1
1988508,2018153,28,8.306842526258789,0.9333333333333333,841,0.9622844827586203,1.0,0,-1
1988508,2018160,28,8.306842526258789,0.9333333333333333,841,0.9622844827586203,1.0,35,-1
1988508,2018171,28,8.306842526258789,0.9333333333333333,841,0.9622844827586203,1.0,20,-1
1988508,2018187,28,8.306842526258789,0.9333333333333333,841,0.9622844827586203,1.0,0,-1
1988508,2018492,28,8.306842526258789,0.9333333333333333,841,0.9622844827586203,1.0,20,-1
1988508,2018507,28,8.306842526258789,0.9333333333333333,841,0.9622844827586203,1.0,0,-1
1988508,2020892,28,8.306842526258789,0.9333333333333333,841,0.9622844827586203,1.0,35,-1
1988508,2020910,28,8.306842526258789,0.9333333333333333,841,0.9622844827586203,1.0,20,-1
1988508,2020915,28,8.306842526258789,0.9333333333333333,841,0.9622844827586203,1.0,35,-1
1988508,2025714,28,8.306842526258789,0.9333333333333333,841,0.9622844827586203,1.0,35,-1
1988508,2025732,28,8.306842526258789,0.9333333333333333,841,0.9622844827586203,1.0,0,-1
1988508,2026117,28,8.306842526258789,0.9333333333333333,841,0.9622844827586203,1.0,35,-1
1988508,2026121,28,8.306842526258789,0.9333333333333333,841,0.9622844827586203,1.0,35,-1
1988508,2026125,28,8.306842526258789,0.9333333333333333,841,0.9622844827586203,1.0,35,-1
1988508,2047148,28,8.306842526258789,0.9333333333333333,841,0.9622844827586203,1.0,0,-1
1988508,2047159,28,8.306842526258789,0.9333333333333333,841,0.9622844827586203,1.0,35,-1
1988511,1988530,28,8.306842526258789,0.9333333333333333,841,0.9622844827586203,1.0,0,-1
1988511,2000878,28,8.306842526258789,0.9333333333333333,841,0.9622844827586203,1.0,0,-1
1988511,2012324,28,8.306842526258789,0.9333333333333333,841,0.9622844827586203,1.0,20,-1
1988511,2018153,28,8.306842526258789,0.9333333333333333,841,0.9622844827586203,1.0,0,-1
1988511,2018160,28,8.306842526258789,0.9333333333333333,841,0.9622844827586203,1.0,20,-1
1988511,2018171,28,8.306842526258789,0.9333333333333333,841,0.9622844827586203,1.0,20,-1
1988511,2018187,28,8.306842526258789,0.9333333333333333,841,0.9622844827586203,1.0,0,-1
1988511,2018492,28,8.306842526258789,0.9333333333333333,841,0.9622844827586203,1.0,21,-1
1988511,2018507,28,8.306842526258789,0.9333333333333333,841,0.9622844827586203,1.0,0,-1
1988511,2020892,28,8.306842526258789,0.9333333333333333,841,0.9622844827586203,1.0,20,-1
1988511,2020910,28,8.306842526258789,0.9333333333333333,841,0.9622844827586203,1.0,20,-1
1988511,2020915,28,8.306842526258789,0.9333333333333333,841,0.9622844827586203,1.0,20,-1
1988511,2025714,28,8.306842526258789,0.9333333333333333,841,0.9622844827586203,1.0,20,-1
1988511,2025732,28,8.306842526258789,0.9333333333333333,841,0.9622844827586203,1.0,0,-1
1988511,2026117,28,8.306842526258789,0.9333333333333333,841,0.9622844827586203,1.0,20,-1
1988511,2026121,28,8.306842526258789,0.9333333333333333,841,0.9622844827586203,1.0,20,-1
1988511,2026125,28,8.306842526258789,0.9333333333333333,841,0.9622844827586203,1.0,20,-1
1988511,2047148,28,8.306842526258789,0.9333333333333333,841,0.9622844827586203,1.0,0,-1
1988511,2047159,28,8.306842526258789,0.9333333333333333,841,0.9622844827586203,1.0,20,-1
1988530,2000878,28,8.306842526258789,0.9333333333333333,841,0.9622844827586203,1.0,12,-1
1988530,2012324,28,8.306842526258789,0.9333333333333333,841,0.9622844827586203,1.0,0,-1
1988530,2018153,28,8.306842526258789,0.9333333333333333,841,0.9622844827586203,1.0,12,-1
1988530,2018160,28,8.306842526258789,0.9333333333333333,841,0.9622844827586203,1.0,0,-1
1988530,2018171,28,8.306842526258789,0.9333333333333333,841,0.9622844827586203,1.0,0,-1
1988530,2018187,28,8.306842526258789,0.9333333333333333,841,0.9622844827586203,1.0,12,-1
1988530,2018492,28,8.306842526258789,0.9333333333333333,841,0.9622844827586203,1.0,0,-1
1988530,2018507,28,8.306842526258789,0.9333333333333333,841,0.9622844827586203,1.0,8,-1
1988530,2020892,28,8.306842526258789,0.9333333333333333,841,0.9622844827586203,1.0,0,-1
1988530,2020910,28,8.306842526258789,0.9333333333333333,841,0.9622844827586203,1.0,0,-1
1988530,2020915,28,8.306842526258789,0.9333333333333333,841,0.9622844827586203,1.0,0,-1
1988530,2025714,28,8.306842526258789,0.9333333333333333,841,0.9622844827586203,1.0,0,-1
1988530,2025732,28,8.306842526258789,0.9333333333333333,841,0.9622844827586203,1.0,8,-1
1988530,2026117,28,8.306842526258789,0.9333333333333333,841,0.9622844827586203,1.0,0,-1
1988530,2026121,28,8.306842526258789,0.9333333333333333,841,0.9622844827586203,1.0,0,-1
1988530,2026125,28,8.306842526258789,0.9333333333333333,841,0.9622844827586203,1.0,0,-1
1988530,2047148,28,8.306842526258789,0.9333333333333333,841,0.9622844827586203,1.0,12,-1
1988530,2047159,28,8.306842526258789,0.9333333333333333,841,0.9622844827586203,1.0,0,-1
1988934,2000505,5,2.6348721105868336,0.7142857142857143,36,0.7499999999999999,1.0,6,-1
1988934,2000527,5,2.6348721105868336,0.7142857142857143,36,0.7499999999999999,1.0,6,-1
1988934,2003250,5,2.6348721105868336,0.7142857142857143,36,0.7499999999999999,1.0,8,-1
1989223,2003266,7,3.0866652383824986,0.6363636363636364,80,0.725,1.0,8,-1
1989481,1989498,13,4.926001361969367,0.8666666666666667,196,0.9285714285714283,1.0,0,-1
1989481,1999779,13,4.926001361969367,0.8666666666666667,196,0.9285714285714283,1.0,0,-1
1989481,2003440,13,4.926001361969367,0.8666666666666667,196,0.9285714285714283,1.0,0,-1
1989481,2005734,13,4.926001361969367,0.8666666666666667,196,0.9285714285714283,1.0,0,-1
1989481,2006254,13,4.926001361969367,0.8666666666666667,196,0.9285714285714283,1.0,0,-1
1989481,2006270,13,4.926001361969367,0.8666666666666667,196,0.9285714285714283,1.0,0,-1
1989481,2038305,13,4.926001361969367,0.8666666666666667,196,0.9285714285714283,1.0,0,-1
1989481,2038309,13,4.926001361969367,0.8666666666666667,196,0.9285714285714283,1.0,0,-1
1989498,1999779,13,4.926001361969367,0.8666666666666667,196,0.9285714285714283,1.0,10,-1
1989498,2003440,13,4.926001361969367,0.8666666666666667,196,0.9285714285714283,1.0,0,-1
1989498,2005734,13,4.926001361969367,0.8666666666666667,196,0.9285714285714283,1.0,10,-1
1989498,2006254,13,4.926001361969367,0.8666666666666667,196,0.9285714285714283,1.0,10,-1
1989498,2006270,13,4.926001361969367,0.8666666666666667,196,0.9285714285714283,1.0,10,-1
1989498,2038305,13,4.926001361969367,0.8666666666666667,196,0.9285714285714283,1.0,10,-1
1989498,2038309,13,4.926001361969367,0.8666666666666667,196,0.9285714285714283,1.0,10,-1
1989649,1989667,8,3.640956906507349,0.8,81,0.8888888888888891,1.0,9,-1
1989675,1989685,5,2.6348721105868336,0.7142857142857143,36,0.7499999999999999,1.0,0,-1
1989690,1989694,6,3.083390054218504,0.75,49,0.857142857142857,1.0,0,-1
1989690,1994644,6,3.083390054218504,0.75,49,0.857142857142857,1.0,0,-1
1989694,1994644,6,3.083390054218504,0.75,49,0.857142857142857,1.0,0,-1
1989708,1989716,3,2.0008056674402104,0.6,16,0.6666666666666666,1.0,0,-1
1989712,1989724,5,2.58539863006975,0.7142857142857143,36,0.7254901960784313,1.0,7,-1
1989712,1989728,5,2.58539863006975,0.7142857142857143,36,0.7254901960784313,1.0,6,-1
1989724,1989728,5,2.58539863006975,0.7142857142857143,36,0.7254901960784313,1.0,6,-1
1989733,1989746,4,2.4853397382384474,0.6666666666666666,25,0.8,1.0,5,-1
1989792,1989800,9,3.9086503371292665,0.8181818181818182,100,0.8999999999999999,1.0,0,-1
1989806,1989810,3,2.164042561333445,0.6,16,0.75,1.0,7,-1
1989833,1989838,9,3.853279036915966,0.8181818181818182,100,0.8714285714285713,1.0,13,-1
1989896,1989906,9,3.9086503371292665,0.8181818181818182,100,0.8999999999999999,1.0,17,-1
1989925,1989974,4,2.4853397382384474,0.6666666666666666,25,0.8,1.0,6,-1
1989925,2000956,4,2.4853397382384474,0.6666666666666666,25,0.8,1.0,0,-1
1989925,2000961,4,2.4853397382384474,0.6666666666666666,25,0.8,1.0,4,-1
1989925,2000969,4,2.4853397382384474,0.6666666666666666,25,0.8,1.0,4,-1
1989925,2003754,4,2.4853397382384474,0.6666666666666666,25,0.8,1.0,6,-1
1989974,2000956,4,2.4853397382384474,0.6666666666666666,25,0.8,1.0,0,-1
1989974,2000961,4,2.4853397382384474,0.6666666666666666,25,0.8,1.0,4,-1
1989974,2000969,4,2.4853397382384474,0.6666666666666666,25,0.8,1.0,4,-1
1989974,2003754,4,2.4853397382384474,0.6666666666666666,25,0.8,1.0,6,-1
1990932,2003345,5,2.7905531327562363,0.7142857142857143,36,0.8333333333333333,1.0,12,-1
1990932,2003698,5,2.7905531327562363,0.7142857142857143,36,0.8333333333333333,1.0,12,-1
1991666,2002717,9,3.9086503371292665,0.8181818181818182,100,0.8999999999999999,1.0,19,-1
1991666,2002750,9,3.9086503371292665,0.8181818181818182,100,0.8999999999999999,1.0,19,-1
1991666,2003031,9,3.9086503371292665,0.8181818181818182,100,0.8999999999999999,1.0,19,-1
1991666,2003035,9,3.9086503371292665,0.8181818181818182,100,0.8999999999999999,1.0,19,-1
1991666,2003071,9,3.9086503371292665,0.8181818181818182,100,0.8999999999999999,1.0,19,-1
1991666,2003076,9,3.9086503371292665,0.8181818181818182,100,0.8999999999999999,1.0,19,-1
1993482,2037450,2,1.8204784532536746,0.5,9,0.6666666666666666,1.0,6,-1
1993795,2004603,3,2.164042561333445,0.6,16,0.75,1.0,7,-1
1994313,1994318,6,3.083390054218504,0.75,49,0.857142857142857,1.0,7,-1
1994313,1994322,6,3.083390054218504,0.75,49,0.857142857142857,1.0,7,-1
1994318,1994322,6,3.083390054218504,0.75,49,0.857142857142857,1.0,7,-1
1994410,2000302,4,2.3191244169922545,0.4,45,0.711111111111111,1.0,0,-1
1994410,2000311,4,2.3191244169922545,0.4,45,0.711111111111111,1.0,0,-1
1994410,2002989,4,2.3191244169922545,0.4,45,0.711111111111111,1.0,0,-1
1994523,2002277,4,2.3191244169922545,0.4,45,0.711111111111111,1.0,9,-1
1994665,2004869,1,0.3284587387530511,0.05,110,0.047619047619047616,0.5,2,-1
1994665,2005331,1,0.3284587387530511,0.05,110,0.047619047619047616,0.5,2,-1
1994687,1994707,4,2.4853397382384474,0.6666666666666666,25,0.8,1.0,10,-1
1994687,1994710,4,2.4853397382384474,0.6666666666666666,25,0.8,1.0,10,-1
1994707,1994710,4,2.4853397382384474,0.6666666666666666,25,0.8,1.0,10,-1
1994720,1994730,8,3.640956906507349,0.8,81,0.8888888888888891,1.0,0,-1
1994720,1994735,8,3.640956906507349,0.8,81,0.8888888888888891,1.0,0,-1
1994730,1994735,8,3.640956906507349,0.8,81,0.8888888888888891,1.0,11,-1
1994793,1994807,5,2.7905531327562363,0.7142857142857143,36,0.8333333333333333,1.0,10,-1
1994793,1994811,5,2.7905531327562363,0.7142857142857143,36,0.8333333333333333,1.0,10,-1
1994807,1994811,5,2.7905531327562363,0.7142857142857143,36,0.8333333333333333,1.0,10,-1
1994844,1994849,9,3.9086503371292665,0.8181818181818182,100,0.8999999999999999,1.0,19,-1
1995020,1995024,12,4.678454943015361,0.8571428571428571,169,0.9230769230769229,1.0,13,-1
1995249,2002359,0,0.0,0.0,1,0.0,1.0,1,-1
1996906,2030051,2,1.8204784532536746,0.5,9,0.6666666666666666,1.0,3,-1
1997152,2000637,1,0.4170323914242463,0.1,28,0.09090909090909091,0.5,4,-1
1997152,2003353,1,0.4170323914242463,0.1,28,0.09090909090909091,0.5,4,-1
1997152,2004852,6,2.986524103273,0.75,49,0.805194805194805,1.0,14,-1
1997152,2004860,6,2.986524103273,0.75,49,0.805194805194805,1.0,14,-1
1997152,2037455,6,2.986524103273,0.75,49,0.805194805194805,1.0,14,-1
1999779,2003440,13,4.926001361969367,0.8666666666666667,196,0.9285714285714283,1.0,0,-1
1999779,2005734,13,4.926001361969367,0.8666666666666667,196,0.9285714285714283,1.0,10,-1
1999779,2006254,13,4.926001361969367,0.8666666666666667,196,0.9285714285714283,1.0,10,-1
1999779,2006270,13,4.926001361969367,0.8666666666666667,196,0.9285714285714283,1.0,10,-1
1999779,2038305,13,4.926001361969367,0.8666666666666667,196,0.9285714285714283,1.0,10,-1
1999779,2038309,13,4.926001361969367,0.8666666666666667,196,0.9285714285714283,1.0,10,-1
1999780,1999812,6,3.083390054218504,0.75,49,0.857142857142857,1.0,7,-1
1999780,2002388,6,3.083390054218504,0.75,49,0.857142857142857,1.0,7,-1
1999780,2002408,6,3.083390054218504,0.75,49,0.857142857142857,1.0,7,-1
1999799,1999848,7,3.366288428740915,0.7777777777777778,64,0.875,1.0,0,-1
1999799,2002222,7,3.366288428740915,0.7777777777777778,64,0.875,1.0,0,-1
1999799,2002272,7,3.366288428740915,0.7777777777777778,64,0.875,1.0,5,-1
1999799,2002418,7,3.366288428740915,0.7777777777777778,64,0.875,1.0,5,-1
1999799,2002437,7,3.366288428740915,0.7777777777777778,64,0.875,1.0,7,-1
1999812,2002388,6,3.083390054218504,0.75,49,0.857142857142857,1.0,7,-1
1999812,2002408,6,3.083390054218504,0.75,49,0.857142857142857,1.0,7,-1
1999839,2002468,3,2.164042561333445,0.6,16,0.75,1.0,0,-1
1999848,2002222,7,3.366288428740915,0.7777777777777778,64,0.875,1.0,2,-1
1999848,2002272,7,3.366288428740915,0.7777777777777778,64,0.875,1.0,0,-1
1999848,2002418,7,3.366288428740915,0.7777777777777778,64,0.875,1.0,0,-1
1999848,2002437,7,3.366288428740915,0.7777777777777778,64,0.875,1.0,0,-1
1999926,2002339,2,1.8204784532536746,0.5,9,0.6666666666666666,1.0,6,-1
1999926,2002528,2,1.8204784532536746,0.5,9,0.6666666666666666,1.0,6,-1
1999940,1999952,3,2.164042561333445,0.6,16,0.75,1.0,8,-1
1999940,1999961,3,2.164042561333445,0.6,16,0.75,1.0,8,-1
1999940,1999969,3,2.164042561333445,0.6,16,0.75,1.0,8,-1
1999952,1999961,3,2.164042561333445,0.6,16,0.75,1.0,8,-1
1999952,1999969,3,2.164042561333445,0.6,16,0.75,1.0,8,-1
1999961,1999969,3,2.164042561333445,0.6,16,0.75,1.0,8,-1
1999974,2000999,7,3.366288428740915,0.7777777777777778,64,0.875,1.0,8,-1
1999974,2003434,7,3.366288428740915,0.7777777777777778,64,0.875,1.0,8,-1
1999974,2003453,7,3.366288428740915,0.7777777777777778,64,0.875,1.0,9,-1
1999974,2003816,7,3.366288428740915,0.7777777777777778,64,0.875,1.0,8,-1
2000038,2002691,6,3.083390054218504,0.75,49,0.857142857142857,1.0,7,-1
2000043,2000048,9,3.9086503371292665,0.8181818181818182,100,0.8999999999999999,1.0,19,-1
2000043,2002420,9,3.9086503371292665,0.8181818181818182,100,0.8999999999999999,1.0,19,-1
2000043,2002649,9,3.9086503371292665,0.8181818181818182,100,0.8999999999999999,1.0,10,-1
2000048,2002420,9,3.9086503371292665,0.8181818181818182,100,0.8999999999999999,1.0,19,1
2000048,2002649,9,3.9086503371292665,0.8181818181818182,100,0.8999999999999999,1.0,10,1
2000083,2002461,9,3.498801957405772,0.8181818181818182,100,0.6934782608695651,1.0,10,-1
2000083,2002668,9,3.498801957405772,0.8181818181818182,100,0.6934782608695651,1.0,10,-1
2000083,2002682,9,3.498801957405772,0.8181818181818182,100,0.6934782608695651,1.0,10,-1
2000083,2002687,9,3.498801957405772,0.8181818181818182,100,0.6934782608695651,1.0,10,-1
2000115,2002474,4,2.4853397382384474,0.6666666666666666,25,0.8,1.0,10,-1
2000178,2002833,8,3.640956906507349,0.8,81,0.8888888888888891,1.0,16,-1
2000178,2002843,8,3.640956906507349,0.8,81,0.8888888888888891,1.0,16,-1
2000200,2002560,6,3.083390054218504,0.75,49,0.857142857142857,1.0,12,-1
2000200,2002573,6,3.083390054218504,0.75,49,0.857142857142857,1.0,0,-1
2000200,2002838,6,3.083390054218504,0.75,49,0.857142857142857,1.0,12,-1
2000200,2027565,6,3.083390054218504,0.75,49,0.857142857142857,1.0,12,-1
2000200,2035927,6,3.083390054218504,0.75,49,0.857142857142857,1.0,12,-1
2000244,2002583,5,2.5784187624661827,0.7142857142857143,36,0.7222222222222222,1.0,5,-1
2000244,2002609,5,2.5784187624661827,0.7142857142857143,36,0.7222222222222222,1.0,6,-1
2000244,2002877,5,2.5784187624661823,0.7142857142857143,36,0.7222222222222222,1.0,0,-1
2000244,2002892,5,2.5784187624661827,0.7142857142857143,36,0.7222222222222222,1.0,5,-1
2000244,2002902,5,2.5784187624661827,0.7142857142857143,36,0.7222222222222222,1.0,5,-1
2000247,2002642,5,2.7905531327562363,0.7142857142857143,36,0.8333333333333333,1.0,6,-1
2000247,2002934,5,2.7905531327562363,0.7142857142857143,36,0.8333333333333333,1.0,6,-1
2000264,2002679,12,4.617042436517131,0.8571428571428571,169,0.8937728937728937,1.0,14,-1
2000264,2002918,12,4.617042436517131,0.8571428571428571,169,0.8937728937728937,1.0,12,-1
2000264,2002925,12,4.617042436517131,0.8571428571428571,169,0.8937728937728937,1.0,12,-1
2000264,2002929,12,4.617042436517131,0.8571428571428571,169,0.8937728937728937,1.0,0,-1
2000264,2002969,12,4.617042436517131,0.8571428571428571,169,0.8937728937728937,1.0,12,-1
2000264,2002974,12,4.617042436517131,0.8571428571428571,169,0.8937728937728937,1.0,12,-1
2000264,2002984,12,4.617042436517131,0.8571428571428571,169,0.8937728937728937,1.0,12,-1
2000302,2000311,4,2.152909095746061,0.6666666666666666,25,0.6222222222222222,1.0,6,-1
2000302,2002989,4,2.152909095746061,0.6666666666666666,25,0.6222222222222222,1.0,4,-1
2000311,2002989,4,2.152909095746061,0.6666666666666666,25,0.6222222222222222,1.0,4,-1
2000363,2003040,3,2.164042561333445,0.6,16,0.75,1.0,4,-1
2000363,2003066,3,2.164042561333445,0.6,16,0.75,1.0,7,-1
2000406,2001992,9,3.4120294081258877,0.8181818181818182,100,0.6536119711042311,1.0,13,1
2000406,2004362,9,3.4120294081258877,0.8181818181818182,100,0.6536119711042311,1.0,13,1
2000406,2004386,9,3.4120294081258877,0.8181818181818182,100,0.6536119711042311,1.0,10,-1
2000483,2000487,4,2.4853397382384474,0.6666666666666666,25,0.8,1.0,10,-1
2000483,2003217,4,2.4853397382384474,0.6666666666666666,25,0.8,1.0,10,-1
2000487,2003217,4,2.4853397382384474,0.6666666666666666,25,0.8,1.0,10,-1
2000490,2000644,6,3.083390054218504,0.75,49,0.857142857142857,1.0,7,-1
2000490,2000654,6,3.083390054218504,0.75,49,0.857142857142857,1.0,7,-1
2000490,2000677,6,3.083390054218504,0.75,49,0.857142857142857,1.0,7,-1
2000491,2002869,5,2.666736988108241,0.7142857142857143,36,0.7666666666666666,1.0,9,-1
2000505,2000527,5,2.6348721105868336,0.7142857142857143,36,0.7499999999999999,1.0,6,-1
2000505,2003250,5,2.6348721105868336,0.7142857142857143,36,0.7499999999999999,1.0,6,-1
2000527,2003250,5,2.6348721105868336,0.7142857142857143,36,0.7499999999999999,1.0,6,-1
2000531,2002889,3,2.164042561333445,0.6,16,0.75,1.0,6,-1
2000531,2002894,3,2.164042561333445,0.6,16,0.75,1.0,6,-1
2000531,2003264,3,2.164042561333445,0.6,16,0.75,1.0,0,-1
2000585,2000604,8,3.640956906507349,0.8,81,0.8888888888888891,1.0,17,-1
2000585,2003004,8,3.640956906507349,0.8,81,0.8888888888888891,1.0,17,-1
2000585,2003013,8,3.640956906507349,0.8,81,0.8888888888888891,1.0,17,-1
2000604,2003004,8,3.640956906507349,0.8,81,0.8888888888888891,1.0,17,-1
2000604,2003013,8,3.640956906507349,0.8,81,0.8888888888888891,1.0,17,-1
2000617,2000642,5,2.7905531327562363,0.7142857142857143,36,0.8333333333333333,1.0,12,-1
2000617,2003054,5,2.7905531327562363,0.7142857142857143,36,0.8333333333333333,1.0,12,-1
2000637,2003353,3,1.8597274323132096,0.6,16,0.5909090909090909,1.0,8,-1
2000637,2004852,1,0.4170323914242463,0.1,28,0.09090909090909091,0.5,4,-1
2000637,2004860,1,0.4170323914242463,0.1,28,0.09090909090909091,0.5,4,-1
2000637,2037455,1,0.4170323914242463,0.1,28,0.09090909090909091,0.5,4,-1
2000642,2003054,5,2.7905531327562363,0.7142857142857143,36,0.8333333333333333,1.0,12,-1
2000644,2000654,6,3.083390054218504,0.75,49,0.857142857142857,1.0,9,-1
2000644,2000677,6,3.083390054218504,0.75,49,0.857142857142857,1.0,9,-1
2000654,2000677,6,3.083390054218504,0.75,49,0.857142857142857,1.0,9,-1
2000656,2003106,6,2.9593629571000335,0.75,49,0.7912087912087911,1.0,14,-1
2000656,2003432,6,2.9593629571000335,0.75,49,0.7912087912087911,1.0,14,-1
2000711,2000715,3,2.164042561333445,0.6,16,0.75,1.0,8,-1
2000711,2003122,3,2.164042561333445,0.6,16,0.75,1.0,8,-1
2000711,2003127,3,2.164042561333445,0.6,16,0.75,1.0,8,-1
2000715,2003122,3,2.164042561333445,0.6,16,0.75,1.0,8,-1
2000715,2003127,3,2.164042561333445,0.6,16,0.75,1.0,8,-1
2000749,2003153,9,3.9086503371292665,0.8181818181818182,100,0.8999999999999999,1.0,18,-1
2000749,2003504,9,3.9086503371292665,0.8181818181818182,100,0.8999999999999999,1.0,10,-1
2000749,2003553,9,3.9086503371292665,0.8181818181818182,100,0.8999999999999999,1.0,18,-1
2000793,2003195,4,2.4853397382384474,0.6666666666666666,25,0.8,1.0,7,-1
2000793,2003200,4,2.4853397382384474,0.6666666666666666,25,0.8,1.0,5,-1
2000793,2003205,4,2.4853397382384474,0.6666666666666666,25,0.8,1.0,5,-1
2000793,2003242,4,2.4853397382384474,0.6666666666666666,25,0.8,1.0,7,-1
2000793,2003597,4,2.4853397382384474,0.6666666666666666,25,0.8,1.0,5,-1
2000832,2000856,4,2.4853397382384474,0.6666666666666666,25,0.8,1.0,8,-1
2000832,2003293,4,2.4853397382384474,0.6666666666666666,25,0.8,1.0,5,-1
2000832,2003641,4,2.4853397382384474,0.6666666666666666,25,0.8,1.0,8,1
2000832,2003650,4,2.4853397382384474,0.6666666666666666,25,0.8,1.0,5,-1
2000856,2003293,4,2.4853397382384474,0.6666666666666666,25,0.8,1.0,5,-1
2000856,2003641,4,2.4853397382384474,0.6666666666666666,25,0.8,1.0,8,-1
2000856,2003650,4,2.4853397382384474,0.6666666666666666,25,0.8,1.0,5,-1
2000861,2003659,4,2.132083964335894,0.6666666666666666,25,0.6111111111111112,1.0,7,-1
2000861,2003663,2,0.8894140952166705,0.25,25,0.2111111111111111,0.5,6,-1
2000878,2012324,28,8.306842526258789,0.9333333333333333,841,0.9622844827586203,1.0,0,-1
2000878,2018153,28,8.306842526258789,0.9333333333333333,841,0.9622844827586203,1.0,12,-1
2000878,2018160,28,8.306842526258789,0.9333333333333333,841,0.9622844827586203,1.0,0,-1
2000878,2018171,28,8.306842526258789,0.9333333333333333,841,0.9622844827586203,1.0,0,-1
2000878,2018187,28,8.306842526258789,0.9333333333333333,841,0.9622844827586203,1.0,12,-1
2000878,2018492,28,8.306842526258789,0.9333333333333333,841,0.9622844827586203,1.0,0,-1
2000878,2018507,28,8.306842526258789,0.9333333333333333,841,0.9622844827586203,1.0,8,-1
2000878,2020892,28,8.306842526258789,0.9333333333333333,841,0.9622844827586203,1.0,0,-1
2000878,2020910,28,8.306842526258789,0.9333333333333333,841,0.9622844827586203,1.0,0,-1
2000878,2020915,28,8.306842526258789,0.9333333333333333,841,0.9622844827586203,1.0,0,-1
2000878,2025714,28,8.306842526258789,0.9333333333333333,841,0.9622844827586203,1.0,0,-1
2000878,2025732,28,8.306842526258789,0.9333333333333333,841,0.9622844827586203,1.0,8,-1
2000878,2026117,28,8.306842526258789,0.9333333333333333,841,0.9622844827586203,1.0,0,-1
2000878,2026121,28,8.306842526258789,0.9333333333333333,841,0.9622844827586203,1.0,0,-1
2000878,2026125,28,8.306842526258789,0.9333333333333333,841,0.9622844827586203,1.0,0,-1
2000878,2047148,28,8.306842526258789,0.9333333333333333,841,0.9622844827586203,1.0,12,-1
2000878,2047159,28,8.306842526258789,0.9333333333333333,841,0.9622844827586203,1.0,0,-1
2000879,2003333,4,2.4853397382384474,0.6666666666666666,25,0.8,1.0,5,-1
2000951,2003350,8,3.640956906507349,0.8,81,0.8888888888888891,1.0,18,-1
2000951,2003363,8,3.640956906507349,0.8,81,0.8888888888888891,1.0,18,-1
2000951,2003372,8,3.640956906507349,0.8,81,0.8888888888888891,1.0,18,-1
2000951,2003725,8,3.640956906507349,0.8,81,0.8888888888888891,1.0,18,-1
2000951,2003733,8,3.640956906507349,0.8,81,0.8888888888888891,1.0,18,-1
2000951,2003764,8,3.640956906507349,0.8,81,0.8888888888888891,1.0,18,-1
2000956,2000961,4,2.4853397382384474,0.6666666666666666,25,0.8,1.0,0,-1
2000956,2000969,4,2.4853397382384474,0.6666666666666666,25,0.8,1.0,0,-1
2000956,2003754,4,2.4853397382384474,0.6666666666666666,25,0.8,1.0,0,-1
2000961,2000969,4,2.4853397382384474,0.6666666666666666,25,0.8,1.0,5,-1
2000961,2003754,4,2.4853397382384474,0.6666666666666666,25,0.8,1.0,4,-1
2000969,2003754,4,2.4853397382384474,0.6666666666666666,25,0.8,1.0,4,-1
2000972,2000977,7,3.366288428740915,0.7777777777777778,64,0.875,1.0,8,-1
2000972,2000982,7,3.366288428740915,0.7777777777777778,64,0.875,1.0,13,-1
2000972,2003746,7,3.366288428740915,0.7777777777777778,64,0.875,1.0,13,-1
2000972,2003795,7,3.366288428740915,0.7777777777777778,64,0.875,1.0,13,-1
2000972,2003804,7,3.366288428740915,0.7777777777777778,64,0.875,1.0,8,-1
2000977,2000982,7,3.366288428740915,0.7777777777777778,64,0.875,1.0,8,-1
2000977,2003746,7,3.366288428740915,0.7777777777777778,64,0.875,1.0,8,-1
2000977,2003795,7,3.366288428740915,0.7777777777777778,64,0.875,1.0,8,-1
2000977,2003804,7,3.366288428740915,0.7777777777777778,64,0.875,1.0,10,-1
2000982,2003746,7,3.366288428740915,0.7777777777777778,64,0.875,1.0,13,-1
2000982,2003795,7,3.366288428740915,0.7777777777777778,64,0.875,1.0,13,-1
2000982,2003804,7,3.366288428740915,0.7777777777777778,64,0.875,1.0,8,-1
2000999,2003434,7,3.366288428740915,0.7777777777777778,64,0.875,1.0,13,-1
2000999,2003453,7,3.366288428740915,0.7777777777777778,64,0.875,1.0,8,-1
2000999,2003816,7,3.366288428740915,0.7777777777777778,64,0.875,1.0,13,-1
2001022,2003489,3,2.164042561333445,0.6,16,0.75,1.0,4,-1
2001070,2003870,3,1.845124645270808,0.6,16,0.5833333333333333,1.0,7,-1
2001074,2003516,3,2.164042561333445,0.6,16,0.75,1.0,8,-1
2001074,2003526,3,2.164042561333445,0.6,16,0.75,1.0,8,-1
2001078,2003594,5,2.7905531327562363,0.7142857142857143,36,0.8333333333333333,1.0,12,-1
2001107,2003914,6,2.791557525631198,0.75,49,0.7034252297410191,1.0,14,-1
2001127,2001132,7,3.366288428740915,0.7777777777777778,64,0.875,1.0,15,-1
2001127,2001141,7,3.366288428740915,0.7777777777777778,64,0.875,1.0,15,-1
2001127,2003621,7,3.366288428740915,0.7777777777777778,64,0.875,1.0,15,-1
2001127,2003665,7,3.366288428740915,0.7777777777777778,64,0.875,1.0,15,-1
2001127,2003669,7,3.366288428740915,0.7777777777777778,64,0.875,1.0,15,-1
2001132,2001141,7,3.366288428740915,0.7777777777777778,64,0.875,1.0,15,-1
2001132,2003621,7,3.366288428740915,0.7777777777777778,64,0.875,1.0,15,-1
2001132,2003665,7,3.366288428740915,0.7777777777777778,64,0.875,1.0,15,-1
2001132,2003669,7,3.366288428740915,0.7777777777777778,64,0.875,1.0,15,-1
2001141,2003621,7,3.366288428740915,0.7777777777777778,64,0.875,1.0,15,-1
2001141,2003665,7,3.366288428740915,0.7777777777777778,64,0.875,1.0,15,-1
2001141,2003669,7,3.366288428740915,0.7777777777777778,64,0.875,1.0,15,-1
2001160,2004029,5,2.7905531327562363,0.7142857142857143,36,0.8333333333333333,1.0,12,-1
2001194,2003681,5,2.666736988108241,0.7142857142857143,36,0.7666666666666666,1.0,10,-1
2001194,2003691,5,2.666736988108241,0.7142857142857143,36,0.7666666666666666,1.0,10,-1
2001587,2001608,8,3.640956906507349,0.8,81,0.8888888888888891,1.0,9,-1
2001587,2004054,8,3.640956906507349,0.8,81,0.8888888888888891,1.0,9,-1
2001608,2004054,8,3.640956906507349,0.8,81,0.8888888888888891,1.0,10,-1
2001776,2004181,7,3.1623380981948417,0.7777777777777778,64,0.7678571428571428,1.0,13,-1
2001776,2004194,7,3.1623380981948417,0.7777777777777778,64,0.7678571428571428,1.0,7,-1
2001776,2004218,7,3.1623380981948417,0.7777777777777778,64,0.7678571428571428,1.0,13,-1
2001776,2004235,7,3.1623380981948417,0.7777777777777778,64,0.7678571428571428,1.0,13,-1
2001785,2001804,7,3.366288428740915,0.7777777777777778,64,0.875,1.0,14,-1
2001785,2001829,7,3.366288428740915,0.7777777777777778,64,0.875,1.0,8,-1
2001785,2001844,7,3.366288428740915,0.7777777777777778,64,0.875,1.0,14,-1
2001785,2004669,7,3.366288428740915,0.7777777777777778,64,0.875,1.0,14,-1
2001785,2004677,7,3.366288428740915,0.7777777777777778,64,0.875,1.0,14,-1
2001804,2001829,7,3.366288428740915,0.7777777777777778,64,0.875,1.0,8,-1
2001804,2001844,7,3.366288428740915,0.7777777777777778,64,0.875,1.0,14,-1
2001804,2004669,7,3.366288428740915,0.7777777777777778,64,0.875,1.0,14,-1
2001804,2004677,7,3.366288428740915,0.7777777777777778,64,0.875,1.0,14,-1
2001829,2001844,7,3.366288428740915,0.7777777777777778,64,0.875,1.0,8,-1
2001829,2004669,7,3.366288428740915,0.7777777777777778,64,0.875,1.0,8,-1
2001829,2004677,7,3.366288428740915,0.7777777777777778,64,0.875,1.0,8,-1
2001839,2001869,7,3.366288428740915,0.7777777777777778,64,0.875,1.0,15,-1
2001839,2001879,7,3.366288428740915,0.7777777777777778,64,0.875,1.0,15,-1
2001839,2004705,7,3.366288428740915,0.7777777777777778,64,0.875,1.0,15,-1
2001839,2004709,7,3.366288428740915,0.7777777777777778,64,0.875,1.0,15,-1
2001844,2004669,7,3.366288428740915,0.7777777777777778,64,0.875,1.0,14,-1
2001844,2004677,7,3.366288428740915,0.7777777777777778,64,0.875,1.0,14,-1
2001857,2001860,11,4.426725648200291,0.8461538461538461,144,0.9166666666666667,1.0,12,-1
2001857,2004268,11,4.426725648200291,0.8461538461538461,144,0.9166666666666667,1.0,12,-1
2001857,2004312,11,4.426725648200291,0.8461538461538461,144,0.9166666666666667,1.0,12,-1
2001857,2004746,11,4.426725648200291,0.8461538461538461,144,0.9166666666666667,1.0,12,-1
2001860,2004268,11,4.426725648200291,0.8461538461538461,144,0.9166666666666667,1.0,13,-1
2001860,2004312,11,4.426725648200291,0.8461538461538461,144,0.9166666666666667,1.0,12,-1
2001860,2004746,11,4.426725648200291,0.8461538461538461,144,0.9166666666666667,1.0,12,-1
2001869,2001879,7,3.366288428740915,0.7777777777777778,64,0.875,1.0,15,-1
2001869,2004705,7,3.366288428740915,0.7777777777777778,64,0.875,1.0,15,-1
2001869,2004709,7,3.366288428740915,0.7777777777777778,64,0.875,1.0,15,-1
2001879,2004705,7,3.366288428740915,0.7777777777777778,64,0.875,1.0,15,-1
2001879,2004709,7,3.366288428740915,0.7777777777777778,64,0.875,1.0,15,-1
2001992,2004362,9,3.4120294081258877,0.8181818181818182,100,0.6536119711042311,1.0,13,1
2001992,2004386,9,3.4120294081258877,0.8181818181818182,100,0.6536119711042311,1.0,10,-1
2002049,2004428,7,3.366288428740915,0.7777777777777778,64,0.875,1.0,0,-1
2002049,2004456,7,3.366288428740915,0.7777777777777778,64,0.875,1.0,6,-1
2002049,2004497,7,3.366288428740915,0.7777777777777778,64,0.875,1.0,11,-1
2002134,2004571,2,1.8204784532536746,0.5,9,0.6666666666666666,1.0,3,-1
2002134,2004949,2,1.8204784532536746,0.5,9,0.6666666666666666,1.0,4,-1
2002139,2002143,5,2.7905531327562363,0.7142857142857143,36,0.8333333333333333,1.0,0,-1
2002139,2004930,5,2.7905531327562363,0.7142857142857143,36,0.8333333333333333,1.0,2,-1
2002139,2004938,5,2.7905531327562363,0.7142857142857143,36,0.8333333333333333,1.0,0,-1
2002139,2004941,5,2.7905531327562363,0.7142857142857143,36,0.8333333333333333,1.0,3,-1
2002143,2004930,5,2.7905531327562363,0.7142857142857143,36,0.8333333333333333,1.0,0,-1
2002143,2004938,5,2.7905531327562363,0.7142857142857143,36,0.8333333333333333,1.0,4,-1
2002143,2004941,5,2.7905531327562363,0.7142857142857143,36,0.8333333333333333,1.0,0,-1
2002189,2037121,0,0.0,0.0,1,0.0,1.0,0,-1
2002197,2005022,4,2.2044665630451994,0.6666666666666666,25,0.65,1.0,10,-1
2002222,2002272,7,3.366288428740915,0.7777777777777778,64,0.875,1.0,0,-1
2002222,2002418,7,3.366288428740915,0.7777777777777778,64,0.875,1.0,0,-1
2002222,2002437,7,3.366288428740915,0.7777777777777778,64,0.875,1.0,0,-1
2002231,2037225,10,3.788041116838964,0.8333333333333334,121,0.7149692412850307,1.0,11,-1
2002272,2002418,7,3.366288428740915,0.7777777777777778,64,0.875,1.0,5,-1
2002272,2002437,7,3.366288428740915,0.7777777777777778,64,0.875,1.0,5,-1
2002278,2002282,6,3.083390054218504,0.75,49,0.857142857142857,1.0,9,-1
2002278,2002292,6,3.083390054218504,0.75,49,0.857142857142857,1.0,7,-1
2002278,2002316,6,3.083390054218504,0.75,49,0.857142857142857,1.0,9,-1
2002278,2004713,6,3.083390054218504,0.75,49,0.857142857142857,1.0,7,-1
2002278,2004738,6,3.083390054218504,0.75,49,0.857142857142857,1.0,7,-1
2002278,2037275,6,3.083390054218504,0.75,49,0.857142857142857,1.0,7,-1
2002282,2002292,6,3.083390054218504,0.75,49,0.857142857142857,1.0,7,-1
2002282,2002316,6,3.083390054218504,0.75,49,0.857142857142857,1.0,9,-1
2002282,2004713,6,3.083390054218504,0.75,49,0.857142857142857,1.0,7,-1
2002282,2004738,6,3.083390054218504,0.75,49,0.857142857142857,1.0,7,-1
2002282,2037275,6,3.083390054218504,0.75,49,0.857142857142857,1.0,7,-1
2002292,2002316,6,3.083390054218504,0.75,49,0.857142857142857,1.0,7,-1
2002292,2004713,6,3.083390054218504,0.75,49,0.857142857142857,1.0,11,-1
2002292,2004738,6,3.083390054218504,0.75,49,0.857142857142857,1.0,11,-1
2002292,2037275,6,3.083390054218504,0.75,49,0.857142857142857,1.0,11,-1
2002305,2002477,4,2.152909095746061,0.6666666666666666,25,0.6222222222222222,1.0,5,-1
2002316,2004713,6,3.083390054218504,0.75,49,0.857142857142857,1.0,7,-1
2002316,2004738,6,3.083390054218504,0.75,49,0.857142857142857,1.0,7,-1
2002316,2037275,6,3.083390054218504,0.75,49,0.857142857142857,1.0,7,-1
2002339,2002528,2,1.8204784532536746,0.5,9,0.6666666666666666,1.0,6,-1
2002344,2002505,4,2.4853397382384474,0.6666666666666666,25,0.8,1.0,9,-1
2002351,2002501,3,2.164042561333445,0.6,16,0.75,1.0,7,-1
2002368,2002382,3,1.876989522792215,0.6,16,0.6,1.0,6,-1
2002368,2002538,3,1.876989522792215,0.6,16,0.6,1.0,6,-1
2002382,2002538,3,1.876989522792215,0.6,16,0.6,1.0,6,-1
2002388,2002408,6,3.083390054218504,0.75,49,0.857142857142857,1.0,7,-1
2002389,2002563,4,2.4853397382384474,0.6666666666666666,25,0.8,1.0,0,-1
2002389,2002571,4,2.4853397382384474,0.6666666666666666,25,0.8,1.0,0,-1
2002389,2002596,4,2.4853397382384474,0.6666666666666666,25,0.8,1.0,0,-1
2002394,2002553,1,1.4426950408889634,0.3333333333333333,4,0.5,1.0,4,-1
2002398,2002602,2,1.8204784532536746,0.5,9,0.6666666666666666,1.0,6,-1
2002418,2002437,7,3.366288428740915,0.7777777777777778,64,0.875,1.0,5,-1
2002420,2002649,9,3.9086503371292665,0.8181818181818182,100,0.8999999999999999,1.0,10,1
2002426,2037379,5,2.6875621195184074,0.7142857142857143,36,0.7777777777777777,1.0,10,-1
2002449,2002454,5,2.7905531327562363,0.7142857142857143,36,0.8333333333333333,1.0,12,-1
2002449,2002457,5,2.7905531327562363,0.7142857142857143,36,0.8333333333333333,1.0,12,-1
2002449,2004823,5,2.7905531327562363,0.7142857142857143,36,0.8333333333333333,1.0,12,-1
2002449,2037423,5,2.7905531327562363,0.7142857142857143,36,0.8333333333333333,1.0,12,-1
2002454,2002457,5,2.7905531327562363,0.7142857142857143,36,0.8333333333333333,1.0,12,-1
2002454,2004823,5,2.7905531327562363,0.7142857142857143,36,0.8333333333333333,1.0,12,-1
2002454,2037423,5,2.7905531327562363,0.7142857142857143,36,0.8333333333333333,1.0,12,-1
2002457,2004823,5,2.7905531327562363,0.7142857142857143,36,0.8333333333333333,1.0,12,-1
2002457,2037423,5,2.7905531327562363,0.7142857142857143,36,0.8333333333333333,1.0,12,-1
2002461,2002668,9,3.498801957405772,0.8181818181818182,100,0.6934782608695651,1.0,17,-1
2002461,2002682,9,3.498801957405772,0.8181818181818182,100,0.6934782608695651,1.0,17,-1
2002461,2002687,9,3.498801957405772,0.8181818181818182,100,0.6934782608695651,1.0,10,-1
2002493,2002525,5,2.7905531327562363,0.7142857142857143,36,0.8333333333333333,1.0,6,-1
2002493,2002784,5,2.7905531327562363,0.7142857142857143,36,0.8333333333333333,1.0,6,-1
2002493,2002807,5,2.7905531327562363,0.7142857142857143,36,0.8333333333333333,1.0,7,-1
2002499,2029219,7,2.7825692770127537,0.7777777777777778,64,0.5694444444444444,1.0,12,-1
2002499,2037484,7,2.7825692770127537,0.7777777777777778,64,0.5694444444444444,1.0,12,-1
2002511,2002526,6,3.083390054218504,0.75,49,0.857142857142857,1.0,7,-1
2002511,2004946,6,3.083390054218504,0.75,49,0.857142857142857,1.0,12,-1
2002511,2004956,6,3.083390054218504,0.75,49,0.857142857142857,1.0,12,-1
2002511,2005378,6,3.083390054218504,0.75,49,0.857142857142857,1.0,12,-1
2002525,2002784,5,2.7905531327562363,0.7142857142857143,36,0.8333333333333333,1.0,6,-1
2002525,2002807,5,2.7905531327562363,0.7142857142857143,36,0.8333333333333333,1.0,6,-1
2002526,2004946,6,3.083390054218504,0.75,49,0.857142857142857,1.0,7,-1
2002526,2004956,6,3.083390054218504,0.75,49,0.857142857142857,1.0,7,-1
2002526,2005378,6,3.083390054218504,0.75,49,0.857142857142857,1.0,7,-1
2002560,2002573,6,3.083390054218504,0.75,49,0.857142857142857,1.0,0,-1
2002560,2002838,6,3.083390054218504,0.75,49,0.857142857142857,1.0,12,-1
2002560,2027565,6,3.083390054218504,0.75,49,0.857142857142857,1.0,12,-1
2002560,2035927,6,3.083390054218504,0.75,49,0.857142857142857,1.0,12,-1
2002563,2002571,4,2.4853397382384474,0.6666666666666666,25,0.8,1.0,4,-1
2002563,2002596,4,2.4853397382384474,0.6666666666666666,25,0.8,1.0,4,-1
2002571,2002596,4,2.4853397382384474,0.6666666666666666,25,0.8,1.0,7,-1
2002573,2002838,6,3.083390054218504,0.75,49,0.857142857142857,1.0,0,-1
2002573,2027565,6,3.083390054218504,0.75,49,0.857142857142857,1.0,0,-1
2002573,2035927,6,3.083390054218504,0.75,49,0.857142857142857,1.0,0,-1
2002583,2002609,5,2.5784187624661827,0.7142857142857143,36,0.7222222222222222,1.0,5,-1
2002583,2002877,5,2.5784187624661823,0.7142857142857143,36,0.7222222222222222,1.0,0,-1
2002583,2002892,5,2.5784187624661827,0.7142857142857143,36,0.7222222222222222,1.0,5,-1
2002583,2002902,5,2.5784187624661827,0.7142857142857143,36,0.7222222222222222,1.0,6,-1
2002609,2002877,5,2.5784187624661823,0.7142857142857143,36,0.7222222222222222,1.0,0,-1
2002609,2002892,5,2.5784187624661827,0.7142857142857143,36,0.7222222222222222,1.0,5,-1
2002609,2002902,5,2.5784187624661827,0.7142857142857143,36,0.7222222222222222,1.0,5,-1
2002642,2002934,5,2.7905531327562363,0.7142857142857143,36,0.8333333333333333,1.0,6,-1
2002668,2002682,9,3.498801957405772,0.8181818181818182,100,0.6934782608695651,1.0,17,-1
2002668,2002687,9,3.498801957405772,0.8181818181818182,100,0.6934782608695651,1.0,10,-1
2002679,2002918,12,4.617042436517131,0.8571428571428571,169,0.8937728937728937,1.0,12,-1
2002679,2002925,12,4.617042436517131,0.8571428571428571,169,0.8937728937728937,1.0,12,-1
2002679,2002929,12,4.617042436517131,0.8571428571428571,169,0.8937728937728937,1.0,0,-1
2002679,2002969,12,4.617042436517131,0.8571428571428571,169,0.8937728937728937,1.0,12,-1
2002679,2002974,12,4.617042436517131,0.8571428571428571,169,0.8937728937728937,1.0,12,-1
2002679,2002984,12,4.617042436517131,0.8571428571428571,169,0.8937728937728937,1.0,12,-1
2002682,2002687,9,3.498801957405772,0.8181818181818182,100,0.6934782608695651,1.0,10,-1
2002684,2002957,3,2.164042561333445,0.6,16,0.75,1.0,8,-1
2002684,2002979,3,2.164042561333445,0.6,16,0.75,1.0,8,-1
2002694,2005124,6,3.083390054218504,0.75,49,0.857142857142857,1.0,7,-1
2002694,2005551,6,3.083390054218504,0.75,49,0.857142857142857,1.0,7,-1
2002694,2037626,6,3.083390054218504,0.75,49,0.857142857142857,1.0,11,-1
2002694,2037647,6,3.083390054218504,0.75,49,0.857142857142857,1.0,7,-1
2002694,2037659,6,3.083390054218504,0.75,49,0.857142857142857,1.0,11,-1
2002701,2002715,6,3.083390054218504,0.75,49,0.857142857142857,1.0,14,-1
2002704,2005120,3,2.164042561333445,0.6,16,0.75,1.0,0,-1
2002704,2037618,3,2.164042561333445,0.6,16,0.75,1.0,2,-1
2002704,2037622,3,2.164042561333445,0.6,16,0.75,1.0,2,-1
2002704,2037638,3,2.164042561333445,0.6,16,0.75,1.0,0,-1
2002717,2002750,9,3.9086503371292665,0.8181818181818182,100,0.8999999999999999,1.0,19,-1
2002717,2003031,9,3.9086503371292665,0.8181818181818182,100,0.8999999999999999,1.0,19,-1
2002717,2003035,9,3.9086503371292665,0.8181818181818182,100,0.8999999999999999,1.0,19,-1
2002717,2003071,9,3.9086503371292665,0.8181818181818182,100,0.8999999999999999,1.0,19,-1
2002717,2003076,9,3.9086503371292665,0.8181818181818182,100,0.8999999999999999,1.0,19,-1
2002750,2003031,9,3.9086503371292665,0.8181818181818182,100,0.8999999999999999,1.0,19,-1
2002750,2003035,9,3.9086503371292665,0.8181818181818182,100,0.8999999999999999,1.0,19,-1
2002750,2003071,9,3.9086503371292665,0.8181818181818182,100,0.8999999999999999,1.0,19,-1
2002750,2003076,9,3.9086503371292665,0.8181818181818182,100,0.8999999999999999,1.0,19,-1
2002759,2003380,6,3.083390054218504,0.75,49,0.857142857142857,1.0,7,-1
2002784,2002807,5,2.7905531327562363,0.7142857142857143,36,0.8333333333333333,1.0,6,-1
2002796,2002800,1,1.4426950408889634,0.3333333333333333,4,0.5,1.0,2,-1
2002796,2002808,1,1.4426950408889634,0.3333333333333333,4,0.5,1.0,2,-1
2002800,2002808,1,1.4426950408889634,0.3333333333333333,4,0.5,1.0,3,-1
2002805,2002821,9,3.9086503371292665,0.8181818181818182,100,0.8999999999999999,1.0,9,-1
2002805,2003120,9,3.9086503371292665,0.8181818181818182,100,0.8999999999999999,1.0,9,-1
2002805,2003143,9,3.9086503371292665,0.8181818181818182,100,0.8999999999999999,1.0,9,-1
2002806,2037731,3,2.164042561333445,0.6,16,0.75,1.0,0,-1
2002806,2037760,3,2.164042561333445,0.6,16,0.75,1.0,6,-1
2002821,2003120,9,3.9086503371292665,0.8181818181818182,100,0.8999999999999999,1.0,9,-1
2002821,2003143,9,3.9086503371292665,0.8181818181818182,100,0.8999999999999999,1.0,9,-1
2002833,2002843,8,3.640956906507349,0.8,81,0.8888888888888891,1.0,16,-1
2002838,2027565,6,3.083390054218504,0.75,49,0.857142857142857,1.0,12,-1
2002838,2035927,6,3.083390054218504,0.75,49,0.857142857142857,1.0,12,-1
2002877,2002892,5,2.5784187624661823,0.7142857142857143,36,0.7222222222222222,1.0,0,-1
2002877,2002902,5,2.5784187624661823,0.7142857142857143,36,0.7222222222222222,1.0,0,-1
2002889,2002894,3,2.164042561333445,0.6,16,0.75,1.0,6,-1
2002889,2003264,3,2.164042561333445,0.6,16,0.75,1.0,0,-1
2002892,2002902,5,2.5784187624661827,0.7142857142857143,36,0.7222222222222222,1.0,5,-1
2002894,2003264,3,2.164042561333445,0.6,16,0.75,1.0,0,-1
2002909,2003269,1,1.4426950408889634,0.3333333333333333,4,0.5,1.0,4,-1
2002913,2002951,3,2.164042561333445,0.6,16,0.75,1.0,4,-1
2002918,2002925,12,4.617042436517131,0.8571428571428571,169,0.8937728937728937,1.0,18,-1
2002918,2002929,12,4.617042436517131,0.8571428571428571,169,0.8937728937728937,1.0,0,-1
2002918,2002969,12,4.617042436517131,0.8571428571428571,169,0.8937728937728937,1.0,18,-1
2002918,2002974,12,4.617042436517131,0.8571428571428571,169,0.8937728937728937,1.0,12,-1
2002918,2002984,12,4.617042436517131,0.8571428571428571,169,0.8937728937728937,1.0,18,-1
2002925,2002929,12,4.617042436517131,0.8571428571428571,169,0.8937728937728937,1.0,0,-1
2002925,2002969,12,4.617042436517131,0.8571428571428571,169,0.8937728937728937,1.0,18,-1
2002925,2002974,12,4.617042436517131,0.8571428571428571,169,0.8937728937728937,1.0,12,-1
2002925,2002984,12,4.617042436517131,0.8571428571428571,169,0.8937728937728937,1.0,18,-1
2002929,2002969,12,4.617042436517131,0.8571428571428571,169,0.8937728937728937,1.0,0,-1
2002929,2002974,12,4.617042436517131,0.8571428571428571,169,0.8937728937728937,1.0,0,-1
2002929,2002984,12,4.617042436517131,0.8571428571428571,169,0.8937728937728937,1.0,0,-1
2002936,2002958,8,3.436629927610034,0.8,81,0.7843137254901962,1.0,9,-1
2002936,2002986,8,3.436629927610034,0.8,81,0.7843137254901962,1.0,9,-1
2002936,2003304,8,3.436629927610034,0.8,81,0.7843137254901962,1.0,9,-1
2002936,2003317,8,3.436629927610034,0.8,81,0.7843137254901962,1.0,9,-1
2002957,2002979,3,2.164042561333445,0.6,16,0.75,1.0,8,-1
2002958,2002986,8,3.436629927610034,0.8,81,0.7843137254901962,1.0,11,-1
2002958,2003304,8,3.436629927610034,0.8,81,0.7843137254901962,1.0,9,-1
2002958,2003317,8,3.436629927610034,0.8,81,0.7843137254901962,1.0,9,-1
2002969,2002974,12,4.617042436517132,0.8571428571428571,169,0.8937728937728937,1.0,12,-1
2002969,2002984,12,4.617042436517131,0.8571428571428571,169,0.8937728937728937,1.0,18,-1
2002974,2002984,12,4.617042436517131,0.8571428571428571,169,0.8937728937728937,1.0,12,-1
2002976,2002981,3,2.164042561333445,0.6,16,0.75,1.0,8,-1
2002976,2002999,3,2.164042561333445,0.6,16,0.75,1.0,8,-1
2002976,2003335,3,2.164042561333445,0.6,16,0.75,1.0,8,-1
2002981,2002999,3,2.164042561333445,0.6,16,0.75,1.0,8,-1
2002981,2003335,3,2.164042561333445,0.6,16,0.75,1.0,8,-1
2002986,2003304,8,3.436629927610034,0.8,81,0.7843137254901962,1.0,9,-1
2002986,2003317,8,3.436629927610034,0.8,81,0.7843137254901962,1.0,9,-1
2002999,2003335,3,2.164042561333445,0.6,16,0.75,1.0,8,-1
2003004,2003013,8,3.640956906507349,0.8,81,0.8888888888888891,1.0,17,-1
2003031,2003035,9,3.9086503371292665,0.8181818181818182,100,0.8999999999999999,1.0,19,-1
2003031,2003071,9,3.9086503371292665,0.8181818181818182,100,0.8999999999999999,1.0,19,-1
2003031,2003076,9,3.9086503371292665,0.8181818181818182,100,0.8999999999999999,1.0,19,-1
2003035,2003071,9,3.9086503371292665,0.8181818181818182,100,0.8999999999999999,1.0,19,-1
2003035,2003076,9,3.9086503371292665,0.8181818181818182,100,0.8999999999999999,1.0,19,-1
2003040,2003066,3,2.164042561333445,0.6,16,0.75,1.0,4,-1
2003071,2003076,9,3.9086503371292665,0.8181818181818182,100,0.8999999999999999,1.0,19,-1
2003081,2003099,2,1.8204784532536746,0.5,9,0.6666666666666666,1.0,3,-1
2003083,2031528,2,1.8204784532536746,0.5,9,0.6666666666666666,1.0,6,-1
2003106,2003432,6,2.9593629571000335,0.75,49,0.7912087912087911,1.0,14,-1
2003120,2003143,9,3.9086503371292665,0.8181818181818182,100,0.8999999999999999,1.0,9,-1
2003122,2003127,3,2.164042561333445,0.6,16,0.75,1.0,8,-1
2003148,2003514,4,2.4853397382384474,0.6666666666666666,25,0.8,1.0,8,-1
2003153,2003504,9,3.9086503371292665,0.8181818181818182,100,0.8999999999999999,1.0,10,-1
2003153,2003553,9,3.9086503371292665,0.8181818181818182,100,0.8999999999999999,1.0,18,-1
2003195,2003200,4,2.4853397382384474,0.6666666666666666,25,0.8,1.0,5,-1
2003195,2003205,4,2.4853397382384474,0.6666666666666666,25,0.8,1.0,5,-1
2003195,2003242,4,2.4853397382384474,0.6666666666666666,25,0.8,1.0,7,-1
2003195,2003597,4,2.4853397382384474,0.6666666666666666,25,0.8,1.0,5,-1
2003200,2003205,4,2.4853397382384474,0.6666666666666666,25,0.8,1.0,5,-1
2003200,2003242,4,2.4853397382384474,0.6666666666666666,25,0.8,1.0,5,-1
2003200,2003597,4,2.4853397382384474,0.6666666666666666,25,0.8,1.0,5,-1
2003205,2003242,4,2.4853397382384474,0.6666666666666666,25,0.8,1.0,5,-1
2003205,2003597,4,2.4853397382384474,0.6666666666666666,25,0.8,1.0,5,-1
2003224,2003229,5,2.7905531327562363,0.7142857142857143,36,0.8333333333333333,1.0,9,-1
2003224,2003632,5,2.7905531327562363,0.7142857142857143,36,0.8333333333333333,1.0,6,-1
2003229,2003632,5,2.7905531327562363,0.7142857142857143,36,0.8333333333333333,1.0,6,-1
2003242,2003597,4,2.4853397382384474,0.6666666666666666,25,0.8,1.0,5,-1
2003283,2029467,1,1.4426950408889634,0.3333333333333333,4,0.5,1.0,2,-1
2003293,2003641,4,2.4853397382384474,0.6666666666666666,25,0.8,1.0,5,-1
2003293,2003650,4,2.4853397382384474,0.6666666666666666,25,0.8,1.0,5,-1
2003304,2003317,8,3.436629927610034,0.8,81,0.7843137254901962,1.0,9,-1
2003345,2003698,5,2.7905531327562363,0.7142857142857143,36,0.8333333333333333,1.0,12,-1
2003350,2003363,8,3.640956906507349,0.8,81,0.8888888888888891,1.0,18,-1
2003350,2003372,8,3.640956906507349,0.8,81,0.8888888888888891,1.0,18,-1
2003350,2003725,8,3.640956906507349,0.8,81,0.8888888888888891,1.0,18,-1
2003350,2003733,8,3.640956906507349,0.8,81,0.8888888888888891,1.0,18,-1
2003350,2003764,8,3.640956906507349,0.8,81,0.8888888888888891,1.0,18,-1
2003353,2004852,1,0.4170323914242463,0.1,28,0.09090909090909091,0.5,4,-1
2003353,2004860,1,0.4170323914242463,0.1,28,0.09090909090909091,0.5,4,-1
2003353,2037455,1,0.4170323914242463,0.1,28,0.09090909090909091,0.5,4,-1
2003363,2003372,8,3.640956906507349,0.8,81,0.8888888888888891,1.0,18,-1
2003363,2003725,8,3.640956906507349,0.8,81,0.8888888888888891,1.0,18,-1
2003363,2003733,8,3.640956906507349,0.8,81,0.8888888888888891,1.0,18,-1
2003363,2003764,8,3.640956906507349,0.8,81,0.8888888888888891,1.0,18,-1
2003372,2003725,8,3.640956906507349,0.8,81,0.8888888888888891,1.0,18,-1
2003372,2003733,8,3.640956906507349,0.8,81,0.8888888888888891,1.0,18,-1
2003372,2003764,8,3.640956906507349,0.8,81,0.8888888888888891,1.0,18,-1
2003407,2003422,3,2.164042561333445,0.6,16,0.75,1.0,4,-1
2003434,2003453,7,3.366288428740915,0.7777777777777778,64,0.875,1.0,8,-1
2003434,2003816,7,3.366288428740915,0.7777777777777778,64,0.875,1.0,13,-1
2003440,2005734,13,4.926001361969367,0.8666666666666667,196,0.9285714285714283,1.0,0,-1
2003440,2006254,13,4.926001361969367,0.8666666666666667,196,0.9285714285714283,1.0,0,-1
2003440,2006270,13,4.926001361969367,0.8666666666666667,196,0.9285714285714283,1.0,0,-1
2003440,2038305,13,4.926001361969367,0.8666666666666667,196,0.9285714285714283,1.0,0,-1
2003440,2038309,13,4.926001361969367,0.8666666666666667,196,0.9285714285714283,1.0,0,-1
2003453,2003816,7,3.366288428740915,0.7777777777777778,64,0.875,1.0,8,-1
2003504,2003553,9,3.9086503371292665,0.8181818181818182,100,0.8999999999999999,1.0,10,-1
2003516,2003526,3,2.164042561333445,0.6,16,0.75,1.0,8,-1
2003545,2003590,2,1.8204784532536746,0.5,9,0.6666666666666666,1.0,6,-1
2003593,2028305,1,1.4426950408889634,0.3333333333333333,4,0.5,1.0,0,-1
2003621,2003665,7,3.366288428740915,0.7777777777777778,64,0.875,1.0,15,-1
2003621,2003669,7,3.366288428740915,0.7777777777777778,64,0.875,1.0,15,-1
2003641,2003650,4,2.4853397382384474,0.6666666666666666,25,0.8,1.0,5,-1
2003659,2003663,2,0.8894140952166705,0.25,25,0.2111111111111111,0.5,6,-1
2003665,2003669,7,3.366288428740915,0.7777777777777778,64,0.875,1.0,15,-1
2003681,2003691,5,2.666736988108241,0.7142857142857143,36,0.7666666666666666,1.0,10,-1
2003725,2003733,8,3.640956906507349,0.8,81,0.8888888888888891,1.0,18,-1
2003725,2003764,8,3.640956906507349,0.8,81,0.8888888888888891,1.0,18,-1
2003733,2003764,8,3.640956906507349,0.8,81,0.8888888888888891,1.0,18,-1
2003746,2003795,7,3.366288428740915,0.7777777777777778,64,0.875,1.0,13,-1
2003746,2003804,7,3.366288428740915,0.7777777777777778,64,0.875,1.0,8,-1
2003795,2003804,7,3.366288428740915,0.7777777777777778,64,0.875,1.0,8,-1
2003922,2003936,5,2.7905531327562363,0.7142857142857143,36,0.8333333333333333,1.0,4,-1
2004181,2004194,7,3.1623380981948417,0.7777777777777778,64,0.7678571428571428,1.0,7,-1
2004181,2004218,7,3.1623380981948417,0.7777777777777778,64,0.7678571428571428,1.0,13,-1
2004181,2004235,7,3.1623380981948417,0.7777777777777778,64,0.7678571428571428,1.0,13,-1
2004194,2004218,7,3.1623380981948417,0.7777777777777778,64,0.7678571428571428,1.0,7,-1
2004194,2004235,7,3.1623380981948417,0.7777777777777778,64,0.7678571428571428,1.0,7,-1
2004218,2004235,7,3.1623380981948417,0.7777777777777778,64,0.7678571428571428,1.0,13,-1
2004268,2004312,11,4.426725648200291,0.8461538461538461,144,0.9166666666666667,1.0,12,-1
2004268,2004746,11,4.426725648200291,0.8461538461538461,144,0.9166666666666667,1.0,12,-1
2004312,2004746,11,4.426725648200291,0.8461538461538461,144,0.9166666666666667,1.0,21,-1
2004362,2004386,9,3.4120294081258877,0.8181818181818182,100,0.6536119711042311,1.0,10,-1
2004398,2004403,8,3.3496585251892865,0.8,81,0.7404331779331779,1.0,0,-1
2004398,2004411,8,3.3496585251892865,0.8,81,0.7404331779331779,1.0,8,-1
2004403,2004411,8,3.3496585251892865,0.8,81,0.7404331779331779,1.0,0,-1
2004428,2004456,7,3.366288428740915,0.7777777777777778,64,0.875,1.0,0,-1
2004428,2004497,7,3.366288428740915,0.7777777777777778,64,0.875,1.0,0,-1
2004456,2004497,7,3.366288428740915,0.7777777777777778,64,0.875,1.0,6,-1
2004521,2004542,6,3.083390054218504,0.75,49,0.857142857142857,1.0,7,-1
2004521,2004580,6,3.083390054218504,0.75,49,0.857142857142857,1.0,7,-1
2004521,2020771,6,3.083390054218504,0.75,49,0.857142857142857,1.0,7,-1
2004521,2020779,6,3.083390054218504,0.75,49,0.857142857142857,1.0,7,-1
2004521,2020804,6,3.083390054218504,0.75,49,0.857142857142857,1.0,7,-1
2004521,2020812,6,3.083390054218504,0.75,49,0.857142857142857,1.0,7,-1
2004521,2045256,6,3.083390054218504,0.75,49,0.857142857142857,1.0,7,-1
2004542,2004580,6,3.083390054218504,0.75,49,0.857142857142857,1.0,7,-1
2004542,2020771,6,3.083390054218504,0.75,49,0.857142857142857,1.0,7,-1
2004542,2020779,6,3.083390054218504,0.75,49,0.857142857142857,1.0,9,-1
2004542,2020804,6,3.083390054218504,0.75,49,0.857142857142857,1.0,9,-1
2004542,2020812,6,3.083390054218504,0.75,49,0.857142857142857,1.0,7,-1
2004542,2045256,6,3.083390054218504,0.75,49,0.857142857142857,1.0,7,-1
2004571,2004949,2,1.8204784532536746,0.5,9,0.6666666666666666,1.0,3,-1
2004580,2020771,6,3.083390054218504,0.75,49,0.857142857142857,1.0,7,-1
2004580,2020779,6,3.083390054218504,0.75,49,0.857142857142857,1.0,7,-1
2004580,2020804,6,3.083390054218504,0.75,49,0.857142857142857,1.0,7,-1
2004580,2020812,6,3.083390054218504,0.75,49,0.857142857142857,1.0,7,-1
2004580,2045256,6,3.083390054218504,0.75,49,0.857142857142857,1.0,7,-1
2004633,2005026,1,1.4426950408889634,0.3333333333333333,4,0.5,1.0,4,-1
2004633,2005036,1,1.4426950408889634,0.3333333333333333,4,0.5,1.0,4,-1
2004659,2004663,5,2.7905531327562363,0.7142857142857143,36,0.8333333333333333,1.0,6,-1
2004659,2005041,5,2.7905531327562363,0.7142857142857143,36,0.8333333333333333,1.0,10,-1
2004659,2005055,5,2.7905531327562363,0.7142857142857143,36,0.8333333333333333,1.0,10,-1
2004663,2005041,5,2.7905531327562363,0.7142857142857143,36,0.8333333333333333,1.0,6,-1
2004663,2005055,5,2.7905531327562363,0.7142857142857143,36,0.8333333333333333,1.0,6,-1
2004669,2004677,7,3.366288428740915,0.7777777777777778,64,0.875,1.0,14,-1
2004705,2004709,7,3.366288428740915,0.7777777777777778,64,0.875,1.0,15,-1
2004713,2004738,6,3.083390054218504,0.75,49,0.857142857142857,1.0,11,-1
2004713,2037275,6,3.083390054218504,0.75,49,0.857142857142857,1.0,11,-1
2004729,2004752,5,2.7905531327562363,0.7142857142857143,36,0.8333333333333333,1.0,0,-1
2004729,2005223,5,2.7905531327562363,0.7142857142857143,36,0.8333333333333333,1.0,0,-1
2004729,2005227,5,2.7905531327562363,0.7142857142857143,36,0.8333333333333333,1.0,0,-1
2004729,2037361,5,2.7905531327562363,0.7142857142857143,36,0.8333333333333333,1.0,0,-1
2004733,2004757,5,2.7905531327562363,0.7142857142857143,36,0.8333333333333333,1.0,4,-1
2004738,2037275,6,3.083390054218504,0.75,49,0.857142857142857,1.0,11,-1
2004752,2005223,5,2.7905531327562363,0.7142857142857143,36,0.8333333333333333,1.0,5,-1
2004752,2005227,5,2.7905531327562363,0.7142857142857143,36,0.8333333333333333,1.0,9,-1
2004752,2037361,5,2.7905531327562363,0.7142857142857143,36,0.8333333333333333,1.0,9,-1
2004823,2037423,5,2.7905531327562363,0.7142857142857143,36,0.8333333333333333,1.0,12,-1
2004852,2004860,6,2.986524103273,0.75,49,0.805194805194805,1.0,14,-1
2004852,2037455,6,2.986524103273,0.75,49,0.805194805194805,1.0,14,-1
2004860,2037455,6,2.986524103273,0.75,49,0.805194805194805,1.0,14,-1
2004869,2005331,10,4.081750261571267,0.8333333333333334,121,0.865800865800866,1.0,11,-1
2004930,2004938,5,2.7905531327562363,0.7142857142857143,36,0.8333333333333333,1.0,0,-1
2004930,2004941,5,2.7905531327562363,0.7142857142857143,36,0.8333333333333333,1.0,2,-1
2004938,2004941,5,2.7905531327562363,0.7142857142857143,36,0.8333333333333333,1.0,0,-1
2004946,2004956,6,3.083390054218504,0.75,49,0.857142857142857,1.0,12,-1
2004946,2005378,6,3.083390054218504,0.75,49,0.857142857142857,1.0,12,-1
2004956,2005378,6,3.083390054218504,0.75,49,0.857142857142857,1.0,12,-1
2004987,2004997,1,1.4426950408889634,0.3333333333333333,4,0.5,1.0,4,-1
2004987,2037143,1,1.4426950408889634,0.3333333333333333,4,0.5,1.0,4,-1
2004997,2037143,1,1.4426950408889634,0.3333333333333333,4,0.5,1.0,4,-1
2005026,2005036,1,1.4426950408889634,0.3333333333333333,4,0.5,1.0,4,-1
2005041,2005055,5,2.7905531327562363,0.7142857142857143,36,0.8333333333333333,1.0,10,-1
2005120,2037618,3,2.164042561333445,0.6,16,0.75,1.0,0,-1
2005120,2037622,3,2.164042561333445,0.6,16,0.75,1.0,0,-1
2005120,2037638,3,2.164042561333445,0.6,16,0.75,1.0,2,1
2005124,2005551,6,3.083390054218504,0.75,49,0.857142857142857,1.0,7,-1
2005124,2037626,6,3.083390054218504,0.75,49,0.857142857142857,1.0,7,-1
2005124,2037647,6,3.083390054218504,0.75,49,0.857142857142857,1.0,7,-1
2005124,2037659,6,3.083390054218504,0.75,49,0.857142857142857,1.0,7,-1
2005223,2005227,5,2.7905531327562363,0.7142857142857143,36,0.8333333333333333,1.0,5,-1
2005223,2037361,5,2.7905531327562363,0.7142857142857143,36,0.8333333333333333,1.0,5,-1
2005227,2037361,5,2.7905531327562363,0.7142857142857143,36,0.8333333333333333,1.0,9,1
2005244,2005257,2,1.8204784532536746,0.5,9,0.6666666666666666,1.0,2,-1
2005244,2005265,2,1.8204784532536746,0.5,9,0.6666666666666666,1.0,0,-1
2005244,2037343,2,1.8204784532536746,0.5,9,0.6666666666666666,1.0,2,-1
2005257,2005265,2,1.8204784532536746,0.5,9,0.6666666666666666,1.0,0,-1
2005257,2037343,2,1.8204784532536746,0.5,9,0.6666666666666666,1.0,2,-1
2005265,2037343,2,1.8204784532536746,0.5,9,0.6666666666666666,1.0,0,-1
2005551,2037626,6,3.083390054218504,0.75,49,0.857142857142857,1.0,7,-1
2005551,2037647,6,3.083390054218504,0.75,49,0.857142857142857,1.0,7,-1
2005551,2037659,6,3.083390054218504,0.75,49,0.857142857142857,1.0,7,-1
2005591,2037726,4,2.3191244169922545,0.6666666666666666,25,0.711111111111111,1.0,8,-1
2005591,2037745,4,2.3191244169922545,0.6666666666666666,25,0.711111111111111,1.0,8,-1
2005734,2006254,13,4.926001361969367,0.8666666666666667,196,0.9285714285714283,1.0,18,-1
2005734,2006270,13,4.926001361969367,0.8666666666666667,196,0.9285714285714283,1.0,18,-1
2005734,2038305,13,4.926001361969367,0.8666666666666667,196,0.9285714285714283,1.0,18,-1
2005734,2038309,13,4.926001361969367,0.8666666666666667,196,0.9285714285714283,1.0,18,-1
2006254,2006270,13,4.926001361969367,0.8666666666666667,196,0.9285714285714283,1.0,18,-1
2006254,2038305,13,4.926001361969367,0.8666666666666667,196,0.9285714285714283,1.0,18,-1
2006254,2038309,13,4.926001361969367,0.8666666666666667,196,0.9285714285714283,1.0,18,-1
2006270,2038305,13,4.926001361969367,0.8666666666666667,196,0.9285714285714283,1.0,18,-1
2006270,2038309,13,4.926001361969367,0.8666666666666667,196,0.9285714285714283,1.0,18,-1
2008340,2018138,9,3.9086503371292665,0.8181818181818182,100,0.8999999999999999,1.0,20,-1
2009215,2011118,5,2.7905531327562363,0.7142857142857143,36,0.8333333333333333,1.0,9,-1
2009215,2047263,5,2.7905531327562363,0.7142857142857143,36,0.8333333333333333,1.0,9,-1
2009215,2047266,5,2.7905531327562363,0.7142857142857143,36,0.8333333333333333,1.0,9,-1
2009537,2024409,3,1.6743318796537416,0.42857142857142855,24,0.5,1.0,8,-1
2009537,2040832,5,3.2802638144359397,0.7142857142857143,36,1.0833333333333333,1.0,12,1
2011118,2047263,5,2.7905531327562363,0.7142857142857143,36,0.8333333333333333,1.0,9,-1
2011118,2047266,5,2.7905531327562363,0.7142857142857143,36,0.8333333333333333,1.0,9,-1
2011200,2017032,4,2.4853397382384474,0.6666666666666666,25,0.8,1.0,5,-1
2011200,2017036,4,2.4853397382384474,0.6666666666666666,25,0.8,1.0,5,-1
2011200,2024812,4,2.4853397382384474,0.6666666666666666,25,0.8,1.0,5,-1
2011200,2045261,4,2.4853397382384474,0.6666666666666666,25,0.8,1.0,5,-1
2011200,2045273,4,2.4853397382384474,0.6666666666666666,25,0.8,1.0,5,-1
2011227,2011244,6,3.083390054218504,0.75,49,0.857142857142857,1.0,7,-1
2011227,2045278,6,3.083390054218504,0.75,49,0.857142857142857,1.0,7,-1
2011227,2045290,6,3.083390054218504,0.75,49,0.857142857142857,1.0,7,-1
2011227,2045304,6,3.083390054218504,0.75,49,0.857142857142857,1.0,7,-1
2011227,2045307,6,3.083390054218504,0.75,49,0.857142857142857,1.0,7,-1
2011227,2047410,6,3.083390054218504,0.75,49,0.857142857142857,1.0,7,-1
2011244,2045278,6,3.083390054218504,0.75,49,0.857142857142857,1.0,7,-1
2011244,2045290,6,3.083390054218504,0.75,49,0.857142857142857,1.0,7,-1
2011244,2045304,6,3.083390054218504,0.75,49,0.857142857142857,1.0,7,-1
2011244,2045307,6,3.083390054218504,0.75,49,0.857142857142857,1.0,7,-1
2011244,2047410,6,3.083390054218504,0.75,49,0.857142857142857,1.0,7,-1
2012318,2015529,1,1.4426950408889634,0.3333333333333333,4,0.5,1.0,2,-1
2012318,2018118,1,1.4426950408889634,0.3333333333333333,4,0.5,1.0,2,-1
2012324,2018153,28,8.306842526258789,0.9333333333333333,841,0.9622844827586203,1.0,0,-1
2012324,2018160,28,8.306842526258789,0.9333333333333333,841,0.9622844827586203,1.0,35,-1
2012324,2018171,28,8.306842526258789,0.9333333333333333,841,0.9622844827586203,1.0,20,-1
2012324,2018187,28,8.306842526258789,0.9333333333333333,841,0.9622844827586203,1.0,0,-1
2012324,2018492,28,8.306842526258789,0.9333333333333333,841,0.9622844827586203,1.0,20,-1
2012324,2018507,28,8.306842526258789,0.9333333333333333,841,0.9622844827586203,1.0,0,-1
2012324,2020892,28,8.306842526258789,0.9333333333333333,841,0.9622844827586203,1.0,35,-1
2012324,2020910,28,8.306842526258789,0.9333333333333333,841,0.9622844827586203,1.0,20,-1
2012324,2020915,28,8.306842526258789,0.9333333333333333,841,0.9622844827586203,1.0,35,-1
2012324,2025714,28,8.306842526258789,0.9333333333333333,841,0.9622844827586203,1.0,35,-1
2012324,2025732,28,8.306842526258789,0.9333333333333333,841,0.9622844827586203,1.0,0,-1
2012324,2026117,28,8.306842526258789,0.9333333333333333,841,0.9622844827586203,1.0,35,-1
2012324,2026121,28,8.306842526258789,0.9333333333333333,841,0.9622844827586203,1.0,35,-1
2012324,2026125,28,8.306842526258789,0.9333333333333333,841,0.9622844827586203,1.0,35,-1
2012324,2047148,28,8.306842526258789,0.9333333333333333,841,0.9622844827586203,1.0,0,-1
2012324,2047159,28,8.306842526258789,0.9333333333333333,841,0.9622844827586203,1.0,35,-1
2012836,2013351,8,3.170428814794791,0.8,81,0.6534002489884843,1.0,17,-1
2012836,2045522,8,3.170428814794791,0.8,81,0.6534002489884843,1.0,17,-1
2013351,2045522,8,3.170428814794791,0.8,81,0.6534002489884843,1.0,17,-1
2015529,2018118,1,1.4426950408889634,0.3333333333333333,4,0.5,1.0,2,-1
2016845,2019839,5,2.713340853167977,0.7142857142857143,36,0.7916666666666665,1.0,6,-1
2016845,2020874,1,0.48089834696298783,0.14285714285714285,12,0.125,0.5,0,-1
2016845,2045176,5,2.713340853167977,0.7142857142857143,36,0.7916666666666665,1.0,7,-1
2016845,2045178,5,2.713340853167977,0.7142857142857143,36,0.7916666666666666,1.0,6,-1
2016845,2045180,5,2.713340853167977,0.7142857142857143,36,0.7916666666666665,1.0,6,-1
2016845,2045185,5,2.713340853167977,0.7142857142857143,36,0.7916666666666665,1.0,6,-1
2016969,2019842,12,4.323743661277966,0.8571428571428571,169,0.7558528428093645,1.0,26,-1
2016969,2024394,12,4.323743661277966,0.8571428571428571,169,0.7558528428093645,1.0,26,-1
2016969,2024398,12,4.323743661277966,0.8571428571428571,169,0.7558528428093645,1.0,26,-1
2016969,2045212,12,4.323743661277966,0.8571428571428571,169,0.7558528428093645,1.0,26,-1
2016969,2046316,12,4.394685917625445,0.5,299,0.7892976588628762,1.0,26,-1
2016969,2047275,12,4.394685917625445,0.5,299,0.7892976588628762,1.0,26,-1
2017021,2018480,1,0.45511961331341866,0.125,18,0.1111111111111111,0.5,2,-1
2017021,2019882,5,2.563745974870412,0.7142857142857143,36,0.7111111111111111,1.0,5,-1
2017021,2024438,5,2.563745974870412,0.7142857142857143,36,0.7111111111111111,1.0,0,-1
2017021,2047146,1,0.45511961331341866,0.125,18,0.1111111111111111,0.5,2,-1
2017021,2047361,5,2.563745974870412,0.7142857142857143,36,0.7111111111111111,1.0,5,-1
2017032,2017036,4,2.4853397382384474,0.6666666666666666,25,0.8,1.0,9,-1
2017032,2024812,4,2.4853397382384474,0.6666666666666666,25,0.8,1.0,9,-1
2017032,2045261,4,2.4853397382384474,0.6666666666666666,25,0.8,1.0,9,-1
2017032,2045273,4,2.4853397382384474,0.6666666666666666,25,0.8,1.0,9,-1
2017036,2024812,4,2.4853397382384474,0.6666666666666666,25,0.8,1.0,9,-1
2017036,2045261,4,2.4853397382384474,0.6666666666666666,25,0.8,1.0,9,-1
2017036,2045273,4,2.4853397382384474,0.6666666666666666,25,0.8,1.0,9,-1
2017078,2019874,8,3.5196454938892643,0.8,81,0.827777777777778,1.0,0,-1
2017078,2019891,8,3.5196454938892643,0.8,81,0.827777777777778,1.0,0,-1
2017078,2019895,8,3.5196454938892643,0.8,81,0.827777777777778,1.0,2,-1
2017078,2024448,8,3.5196454938892643,0.8,81,0.827777777777778,1.0,0,-1
2017078,2024451,8,3.5196454938892643,0.8,81,0.827777777777778,1.0,0,-1
2018153,2018160,28,8.306842526258789,0.9333333333333333,841,0.9622844827586203,1.0,0,-1
2018153,2018171,28,8.306842526258789,0.9333333333333333,841,0.9622844827586203,1.0,0,-1
2018153,2018187,28,8.306842526258789,0.9333333333333333,841,0.9622844827586203,1.0,12,-1
2018153,2018492,28,8.306842526258789,0.9333333333333333,841,0.9622844827586203,1.0,0,-1
2018153,2018507,28,8.306842526258789,0.9333333333333333,841,0.9622844827586203,1.0,8,-1
2018153,2020892,28,8.306842526258789,0.9333333333333333,841,0.9622844827586203,1.0,0,-1
2018153,2020910,28,8.306842526258789,0.9333333333333333,841,0.9622844827586203,1.0,0,-1
2018153,2020915,28,8.306842526258789,0.9333333333333333,841,0.9622844827586203,1.0,0,-1
2018153,2025714,28,8.306842526258789,0.9333333333333333,841,0.9622844827586203,1.0,0,-1
2018153,2025732,28,8.306842526258789,0.9333333333333333,841,0.9622844827586203,1.0,8,-1
2018153,2026117,28,8.306842526258789,0.9333333333333333,841,0.9622844827586203,1.0,0,-1
2018153,2026121,28,8.306842526258789,0.9333333333333333,841,0.9622844827586203,1.0,0,-1
2018153,2026125,28,8.306842526258789,0.9333333333333333,841,0.9622844827586203,1.0,0,-1
2018153,2047148,28,8.306842526258789,0.9333333333333333,841,0.9622844827586203,1.0,12,-1
2018153,2047159,28,8.306842526258789,0.9333333333333333,841,0.9622844827586203,1.0,0,-1
2018160,2018171,28,8.306842526258789,0.9333333333333333,841,0.9622844827586203,1.0,20,-1
2018160,2018187,28,8.306842526258789,0.9333333333333333,841,0.9622844827586203,1.0,0,-1
2018160,2018492,28,8.306842526258789,0.9333333333333333,841,0.9622844827586203,1.0,20,-1
2018160,2018507,28,8.306842526258789,0.9333333333333333,841,0.9622844827586203,1.0,0,-1
2018160,2020892,28,8.306842526258789,0.9333333333333333,841,0.9622844827586203,1.0,35,-1
2018160,2020910,28,8.306842526258789,0.9333333333333333,841,0.9622844827586203,1.0,20,-1
2018160,2020915,28,8.306842526258789,0.9333333333333333,841,0.9622844827586203,1.0,35,-1
2018160,2025714,28,8.306842526258789,0.9333333333333333,841,0.9622844827586203,1.0,35,-1
2018160,2025732,28,8.306842526258789,0.9333333333333333,841,0.9622844827586203,1.0,0,-1
2018160,2026117,28,8.306842526258789,0.9333333333333333,841,0.9622844827586203,1.0,35,-1
2018160,2026121,28,8.306842526258789,0.9333333333333333,841,0.9622844827586203,1.0,35,-1
2018160,2026125,28,8.306842526258789,0.9333333333333333,841,0.9622844827586203,1.0,35,-1
2018160,2047148,28,8.306842526258789,0.9333333333333333,841,0.9622844827586203,1.0,0,-1
2018160,2047159,28,8.306842526258789,0.9333333333333333,841,0.9622844827586203,1.0,35,-1
2018171,2018187,28,8.306842526258789,0.9333333333333333,841,0.9622844827586203,1.0,0,-1
2018171,2018492,28,8.306842526258789,0.9333333333333333,841,0.9622844827586203,1.0,20,-1
2018171,2018507,28,8.306842526258789,0.9333333333333333,841,0.9622844827586203,1.0,0,-1
2018171,2020892,28,8.306842526258789,0.9333333333333333,841,0.9622844827586203,1.0,20,-1
2018171,2020910,28,8.306842526258789,0.9333333333333333,841,0.9622844827586203,1.0,20,-1
2018171,2020915,28,8.306842526258789,0.9333333333333333,841,0.9622844827586203,1.0,20,-1
2018171,2025714,28,8.306842526258789,0.9333333333333333,841,0.9622844827586203,1.0,20,-1
2018171,2025732,28,8.306842526258789,0.9333333333333333,841,0.9622844827586203,1.0,0,-1
2018171,2026117,28,8.306842526258789,0.9333333333333333,841,0.9622844827586203,1.0,20,-1
2018171,2026121,28,8.306842526258789,0.9333333333333333,841,0.9622844827586203,1.0,20,-1
2018171,2026125,28,8.306842526258789,0.9333333333333333,841,0.9622844827586203,1.0,20,-1
2018171,2047148,28,8.306842526258789,0.9333333333333333,841,0.9622844827586203,1.0,0,-1
2018171,2047159,28,8.306842526258789,0.9333333333333333,841,0.9622844827586203,1.0,20,-1
2018187,2018492,28,8.306842526258789,0.9333333333333333,841,0.9622844827586203,1.0,0,-1
2018187,2018507,28,8.306842526258789,0.9333333333333333,841,0.9622844827586203,1.0,8,-1
2018187,2020892,28,8.306842526258789,0.9333333333333333,841,0.9622844827586203,1.0,0,-1
2018187,2020910,28,8.306842526258789,0.9333333333333333,841,0.9622844827586203,1.0,0,-1
2018187,2020915,28,8.306842526258789,0.9333333333333333,841,0.9622844827586203,1.0,0,-1
2018187,2025714,28,8.306842526258789,0.9333333333333333,841,0.9622844827586203,1.0,0,-1
2018187,2025732,28,8.306842526258789,0.9333333333333333,841,0.9622844827586203,1.0,8,-1
2018187,2026117,28,8.306842526258789,0.9333333333333333,841,0.9622844827586203,1.0,0,-1
2018187,2026121,28,8.306842526258789,0.9333333333333333,841,0.9622844827586203,1.0,0,-1
2018187,2026125,28,8.306842526258789,0.9333333333333333,841,0.9622844827586203,1.0,0,-1
2018187,2047148,28,8.306842526258789,0.9333333333333333,841,0.9622844827586203,1.0,12,-1
2018187,2047159,28,8.306842526258789,0.9333333333333333,841,0.9622844827586203,1.0,0,-1
2018480,2019882,1,0.45511961331341866,0.125,18,0.1111111111111111,0.5,2,-1
2018480,2024438,1,0.45511961331341866,0.125,18,0.1111111111111111,0.5,0,-1
2018480,2047146,2,1.365358839940256,0.5,9,0.4444444444444444,1.0,3,-1
2018480,2047361,1,0.45511961331341866,0.125,18,0.1111111111111111,0.5,2,-1
2018492,2018507,28,8.306842526258789,0.9333333333333333,841,0.9622844827586203,1.0,0,-1
2018492,2020892,28,8.306842526258789,0.9333333333333333,841,0.9622844827586203,1.0,20,-1
2018492,2020910,28,8.306842526258789,0.9333333333333333,841,0.9622844827586203,1.0,20,-1
2018492,2020915,28,8.306842526258789,0.9333333333333333,841,0.9622844827586203,1.0,20,-1
2018492,2025714,28,8.306842526258789,0.9333333333333333,841,0.9622844827586203,1.0,20,-1
2018492,2025732,28,8.306842526258789,0.9333333333333333,841,0.9622844827586203,1.0,0,-1
2018492,2026117,28,8.306842526258789,0.9333333333333333,841,0.9622844827586203,1.0,20,-1
2018492,2026121,28,8.306842526258789,0.9333333333333333,841,0.9622844827586203,1.0,20,-1
2018492,2026125,28,8.306842526258789,0.9333333333333333,841,0.9622844827586203,1.0,20,-1
2018492,2047148,28,8.306842526258789,0.9333333333333333,841,0.9622844827586203,1.0,0,-1
2018492,2047159,28,8.306842526258789,0.9333333333333333,841,0.9622844827586203,1.0,20,-1
2018507,2020892,28,8.306842526258789,0.9333333333333333,841,0.9622844827586203,1.0,0,-1
2018507,2020910,28,8.306842526258789,0.9333333333333333,841,0.9622844827586203,1.0,0,-1
2018507,2020915,28,8.306842526258789,0.9333333333333333,841,0.9622844827586203,1.0,0,-1
2018507,2025714,28,8.306842526258789,0.9333333333333333,841,0.9622844827586203,1.0,0,-1
2018507,2025732,28,8.306842526258789,0.9333333333333333,841,0.9622844827586203,1.0,10,-1
2018507,2026117,28,8.306842526258789,0.9333333333333333,841,0.9622844827586203,1.0,0,-1
2018507,2026121,28,8.306842526258789,0.9333333333333333,841,0.9622844827586203,1.0,0,-1
2018507,2026125,28,8.306842526258789,0.9333333333333333,841,0.9622844827586203,1.0,0,-1
2018507,2047148,28,8.306842526258789,0.9333333333333333,841,0.9622844827586203,1.0,8,-1
2018507,2047159,28,8.306842526258789,0.9333333333333333,841,0.9622844827586203,1.0,0,-1
2019839,2020874,1,0.48089834696298783,0.14285714285714285,12,0.125,0.5,0,-1
2019839,2045176,5,2.713340853167977,0.7142857142857143,36,0.7916666666666665,1.0,6,-1
2019839,2045178,5,2.713340853167977,0.7142857142857143,36,0.7916666666666666,1.0,10,-1
2019839,2045180,5,2.713340853167977,0.7142857142857143,36,0.7916666666666665,1.0,10,-1
2019839,2045185,5,2.713340853167977,0.7142857142857143,36,0.7916666666666665,1.0,10,-1
2019842,2024394,12,4.323743661277966,0.8571428571428571,169,0.7558528428093645,1.0,26,-1
2019842,2024398,12,4.323743661277966,0.8571428571428571,169,0.7558528428093645,1.0,26,-1
2019842,2045212,12,4.323743661277966,0.8571428571428571,169,0.7558528428093645,1.0,26,-1
2019842,2046316,12,4.394685917625445,0.5,299,0.7892976588628762,1.0,26,-1
2019842,2047275,12,4.394685917625445,0.5,299,0.7892976588628762,1.0,26,-1
2019874,2019891,8,3.5196454938892643,0.8,81,0.827777777777778,1.0,14,-1
2019874,2019895,8,3.5196454938892643,0.8,81,0.827777777777778,1.0,0,-1
2019874,2024448,8,3.5196454938892643,0.8,81,0.827777777777778,1.0,14,-1
2019874,2024451,8,3.5196454938892643,0.8,81,0.827777777777778,1.0,14,-1
2019882,2024438,5,2.563745974870412,0.7142857142857143,36,0.711111111111111,1.0,0,-1
2019882,2047146,1,0.45511961331341866,0.125,18,0.1111111111111111,0.5,2,-1
2019882,2047361,5,2.563745974870412,0.7142857142857143,36,0.711111111111111,1.0,6,-1
2019891,2019895,8,3.5196454938892643,0.8,81,0.827777777777778,1.0,0,-1
2019891,2024448,8,3.5196454938892643,0.8,81,0.827777777777778,1.0,14,-1
2019891,2024451,8,3.5196454938892643,0.8,81,0.827777777777778,1.0,14,-1
2019895,2024448,8,3.5196454938892643,0.8,81,0.827777777777778,1.0,0,-1
2019895,2024451,8,3.5196454938892643,0.8,81,0.827777777777778,1.0,0,-1
2020771,2020779,6,3.083390054218504,0.75,49,0.857142857142857,1.0,7,-1
2020771,2020804,6,3.083390054218504,0.75,49,0.857142857142857,1.0,7,-1
2020771,2020812,6,3.083390054218504,0.75,49,0.857142857142857,1.0,7,-1
2020771,2045256,6,3.083390054218504,0.75,49,0.857142857142857,1.0,7,-1
2020779,2020804,6,3.083390054218504,0.75,49,0.857142857142857,1.0,9,-1
2020779,2020812,6,3.083390054218504,0.75,49,0.857142857142857,1.0,7,-1
2020779,2045256,6,3.083390054218504,0.75,49,0.857142857142857,1.0,7,-1
2020804,2020812,6,3.083390054218504,0.75,49,0.857142857142857,1.0,7,-1
2020804,2045256,6,3.083390054218504,0.75,49,0.857142857142857,1.0,7,-1
2020812,2045256,6,3.083390054218504,0.75,49,0.857142857142857,1.0,7,-1
2020874,2045176,1,0.48089834696298783,0.14285714285714285,12,0.125,0.5,0,-1
2020874,2045178,1,0.48089834696298783,0.14285714285714285,12,0.125,0.5,0,-1
2020874,2045180,1,0.48089834696298783,0.14285714285714285,12,0.125,0.5,0,-1
2020874,2045185,1,0.48089834696298783,0.14285714285714285,12,0.125,0.5,0,-1
2020892,2020910,28,8.306842526258789,0.9333333333333333,841,0.9622844827586203,1.0,20,-1
2020892,2020915,28,8.306842526258789,0.9333333333333333,841,0.9622844827586203,1.0,35,-1
2020892,2025714,28,8.306842526258789,0.9333333333333333,841,0.9622844827586203,1.0,35,-1
2020892,2025732,28,8.306842526258789,0.9333333333333333,841,0.9622844827586203,1.0,0,-1
2020892,2026117,28,8.306842526258789,0.9333333333333333,841,0.9622844827586203,1.0,35,-1
2020892,2026121,28,8.306842526258789,0.9333333333333333,841,0.9622844827586203,1.0,35,-1
2020892,2026125,28,8.306842526258789,0.9333333333333333,841,0.9622844827586203,1.0,35,-1
2020892,2047148,28,8.306842526258789,0.9333333333333333,841,0.9622844827586203,1.0,0,-1
2020892,2047159,28,8.306842526258789,0.9333333333333333,841,0.9622844827586203,1.0,35,-1
2020910,2020915,28,8.306842526258789,0.9333333333333333,841,0.9622844827586203,1.0,20,-1
2020910,2025714,28,8.306842526258789,0.9333333333333333,841,0.9622844827586203,1.0,20,-1
2020910,2025732,28,8.306842526258789,0.9333333333333333,841,0.9622844827586203,1.0,0,-1
2020910,2026117,28,8.306842526258789,0.9333333333333333,841,0.9622844827586203,1.0,20,-1
2020910,2026121,28,8.306842526258789,0.9333333333333333,841,0.9622844827586203,1.0,20,-1
2020910,2026125,28,8.306842526258789,0.9333333333333333,841,0.9622844827586203,1.0,20,-1
2020910,2047148,28,8.306842526258789,0.9333333333333333,841,0.9622844827586203,1.0,0,-1
2020910,2047159,28,8.306842526258789,0.9333333333333333,841,0.9622844827586203,1.0,20,-1
2020915,2025714,28,8.306842526258789,0.9333333333333333,841,0.9622844827586203,1.0,35,-1
2020915,2025732,28,8.306842526258789,0.9333333333333333,841,0.9622844827586203,1.0,0,-1
2020915,2026117,28,8.306842526258789,0.9333333333333333,841,0.9622844827586203,1.0,35,-1
2020915,2026121,28,8.306842526258789,0.9333333333333333,841,0.9622844827586203,1.0,35,-1
2020915,2026125,28,8.306842526258789,0.9333333333333333,841,0.9622844827586203,1.0,35,-1
2020915,2047148,28,8.306842526258789,0.9333333333333333,841,0.9622844827586203,1.0,0,-1
2020915,2047159,28,8.306842526258789,0.9333333333333333,841,0.9622844827586203,1.0,35,-1
2024394,2024398,12,4.323743661277966,0.8571428571428571,169,0.7558528428093645,1.0,26,-1
2024394,2045212,12,4.323743661277966,0.8571428571428571,169,0.7558528428093645,1.0,26,-1
2024394,2046316,12,4.394685917625445,0.5,299,0.7892976588628762,1.0,26,-1
2024394,2047275,12,4.394685917625445,0.5,299,0.7892976588628762,1.0,26,-1
2024398,2045212,12,4.323743661277966,0.8571428571428571,169,0.7558528428093645,1.0,26,-1
2024398,2046316,12,4.394685917625445,0.5,299,0.7892976588628762,1.0,26,-1
2024398,2047275,12,4.394685917625445,0.5,299,0.7892976588628762,1.0,26,-1
2024409,2040832,3,1.6743318796537416,0.42857142857142855,24,0.5,1.0,8,-1
2024438,2047146,1,0.45511961331341866,0.125,18,0.1111111111111111,0.5,0,-1
2024438,2047361,5,2.563745974870412,0.7142857142857143,36,0.711111111111111,1.0,0,-1
2024448,2024451,8,3.5196454938892643,0.8,81,0.827777777777778,1.0,14,-1
2024812,2045261,4,2.4853397382384474,0.6666666666666666,25,0.8,1.0,9,-1
2024812,2045273,4,2.4853397382384474,0.6666666666666666,25,0.8,1.0,9,-1
2025714,2025732,28,8.306842526258789,0.9333333333333333,841,0.9622844827586203,1.0,0,-1
2025714,2026117,28,8.306842526258789,0.9333333333333333,841,0.9622844827586203,1.0,35,-1
2025714,2026121,28,8.306842526258789,0.9333333333333333,841,0.9622844827586203,1.0,35,-1
2025714,2026125,28,8.306842526258789,0.9333333333333333,841,0.9622844827586203,1.0,35,-1
2025714,2047148,28,8.306842526258789,0.9333333333333333,841,0.9622844827586203,1.0,0,-1
2025714,2047159,28,8.306842526258789,0.9333333333333333,841,0.9622844827586203,1.0,35,-1
2025732,2026117,28,8.306842526258789,0.9333333333333333,841,0.9622844827586203,1.0,0,-1
2025732,2026121,28,8.306842526258789,0.9333333333333333,841,0.9622844827586203,1.0,0,-1
2025732,2026125,28,8.306842526258789,0.9333333333333333,841,0.9622844827586203,1.0,0,-1
2025732,2047148,28,8.306842526258789,0.9333333333333333,841,0.9622844827586203,1.0,8,-1
2025732,2047159,28,8.306842526258789,0.9333333333333333,841,0.9622844827586203,1.0,0,-1
2026117,2026121,28,8.306842526258789,0.9333333333333333,841,0.9622844827586203,1.0,35,-1
2026117,2026125,28,8.306842526258789,0.9333333333333333,841,0.9622844827586203,1.0,35,-1
2026117,2047148,28,8.306842526258789,0.9333333333333333,841,0.9622844827586203,1.0,0,-1
2026117,2047159,28,8.306842526258789,0.9333333333333333,841,0.9622844827586203,1.0,35,-1
2026121,2026125,28,8.306842526258789,0.9333333333333333,841,0.9622844827586203,1.0,35,-1
2026121,2047148,28,8.306842526258789,0.9333333333333333,841,0.9622844827586203,1.0,0,-1
2026121,2047159,28,8.306842526258789,0.9333333333333333,841,0.9622844827586203,1.0,35,-1
2026125,2047148,28,8.306842526258789,0.9333333333333333,841,0.9622844827586203,1.0,0,-1
2026125,2047159,28,8.306842526258789,0.9333333333333333,841,0.9622844827586203,1.0,35,-1
2026163,2047219,6,3.083390054218504,0.75,49,0.857142857142857,1.0,9,-1
2026163,2047222,6,3.083390054218504,0.75,49,0.857142857142857,1.0,9,-1
2026163,2047226,6,3.083390054218504,0.75,49,0.857142857142857,1.0,5,-1
2027565,2035927,6,3.083390054218504,0.75,49,0.857142857142857,1.0,12,-1
2029219,2037484,7,2.7825692770127537,0.7777777777777778,64,0.5694444444444444,1.0,12,-1
2037618,2037622,3,2.164042561333445,0.6,16,0.75,1.0,3,-1
2037618,2037638,3,2.164042561333445,0.6,16,0.75,1.0,0,-1
2037622,2037638,3,2.164042561333445,0.6,16,0.75,1.0,0,-1
2037626,2037647,6,3.083390054218504,0.75,49,0.857142857142857,1.0,7,-1
2037626,2037659,6,3.083390054218504,0.75,49,0.857142857142857,1.0,11,-1
2037647,2037659,6,3.083390054218504,0.75,49,0.857142857142857,1.0,7,-1
2037726,2037745,4,2.3191244169922545,0.6666666666666666,25,0.711111111111111,1.0,8,-1
2037731,2037760,3,2.164042561333445,0.6,16,0.75,1.0,0,-1
2038305,2038309,13,4.926001361969367,0.8666666666666667,196,0.9285714285714283,1.0,18,-1
2045176,2045178,5,2.713340853167977,0.7142857142857143,36,0.7916666666666666,1.0,6,-1
2045176,2045180,5,2.713340853167977,0.7142857142857143,36,0.7916666666666665,1.0,6,-1
2045176,2045185,5,2.713340853167977,0.7142857142857143,36,0.7916666666666665,1.0,6,-1
2045178,2045180,5,2.713340853167977,0.7142857142857143,36,0.7916666666666666,1.0,10,-1
2045178,2045185,5,2.713340853167977,0.7142857142857143,36,0.7916666666666666,1.0,10,-1
2045180,2045185,5,2.713340853167977,0.7142857142857143,36,0.7916666666666665,1.0,10,-1
2045212,2046316,12,4.394685917625445,0.5,299,0.7892976588628762,1.0,26,-1
2045212,2047275,12,4.394685917625445,0.5,299,0.7892976588628762,1.0,26,-1
2045261,2045273,4,2.4853397382384474,0.6666666666666666,25,0.8,1.0,9,-1
2045278,2045290,6,3.083390054218504,0.75,49,0.857142857142857,1.0,7,-1
2045278,2045304,6,3.083390054218504,0.75,49,0.857142857142857,1.0,10,-1
2045278,2045307,6,3.083390054218504,0.75,49,0.857142857142857,1.0,7,-1
2045278,2047410,6,3.083390054218504,0.75,49,0.857142857142857,1.0,10,-1
2045290,2045304,6,3.083390054218504,0.75,49,0.857142857142857,1.0,7,-1
2045290,2045307,6,3.083390054218504,0.75,49,0.857142857142857,1.0,7,-1
2045290,2047410,6,3.083390054218504,0.75,49,0.857142857142857,1.0,7,-1
2045304,2045307,6,3.083390054218504,0.75,49,0.857142857142857,1.0,7,-1
2045304,2047410,6,3.083390054218504,0.75,49,0.857142857142857,1.0,10,-1
2045307,2047410,6,3.083390054218504,0.75,49,0.857142857142857,1.0,7,-1
2046316,2047275,22,8.254859990872436,0.9166666666666666,529,1.5370281892021016,1.0,46,1
2047146,2047361,1,0.45511961331341866,0.125,18,0.1111111111111111,0.5,2,-1
2047148,2047159,28,8.306842526258789,0.9333333333333333,841,0.9622844827586203,1.0,0,-1
2047219,2047222,6,3.083390054218504,0.75,49,0.857142857142857,1.0,9,-1
2047219,2047226,6,3.083390054218504,0.75,49,0.857142857142857,1.0,5,-1
2047222,2047226,6,3.083390054218504,0.75,49,0.857142857142857,1.0,5,-1
2047263,2047266,5,2.7905531327562363,0.7142857142857143,36,0.8333333333333333,1.0,9,-1
